Creator,SwallowIDs,URLs
A.G.,13575,
AJ,13575; 13884,
"Abadie, Delphine",13948,http://viaf.org/viaf/79244014
"Abalos, Byron",8961,http://viaf.org/viaf/18162060340451401226
"Abbas, Sara",12347,http://viaf.org/viaf/1141161634370310850001
"Abdellatif, Yasser",9479,
"Abdelmahmoud, Elamin",10325; 12497; 8556,http://viaf.org/viaf/47163994563601831793
"Abdi, Nur",10298,http://viaf.org/viaf/11156674991733581898
"Abdou, Angie",11260; 11365; 11545; 12552; 12612; 9931,"http://viaf.org/viaf/71156283; https://viaf.org/viaf/71156283/#Abdou,_Angie,_1969-...."
"Abdulhamid, Waleed",8984,
"Abdullah, Silmy",10173; 9451,http://viaf.org/viaf/46161209146639862024
"Abel, Jordan",10329; 10864; 10930; 11121; 11502; 12330; 7923; 8603; 9479; 9861,"http://viaf.org/viaf/305192706; http://viaf.org/viaf/4534151535373902890005; https://viaf.org/viaf/305192706/#Abel,_Jordan,_1985-"
"Aber, Aria",8517; 8807,http://viaf.org/viaf/8155343956906312369
"Abes, Trevor",13890,http://viaf.org/viaf/107378185
"Abley, Mark",8345,http://viaf.org/viaf/94007987
"Abma, Sandra",9148,
"Abraham, George",9498,https://www.wikidata.org/w/index.php?title=Q94694347&oldid=1539493857
"Abray, Tom",8168, http://viaf.org/viaf/48957111
"Ace, Cathy",11898,http://viaf.org/viaf/187117578
"Acevedo, Elizabeth",8609,http://viaf.org/viaf/171248596
"Acharya, Pushpa",11461,"https://viaf.org/viaf/302503527/#Acharya,_Pushpa_Raj_(Poet)"
"Acheson, Alison",8662; 9279,http://viaf.org/viaf/267167109
"Ackerman, Marianne",10043; 12888; 13957; 9976,http://viaf.org/viaf/44184777
"Actis, Andrea",10050; 10290; 10967; 11124," http://viaf.org/viaf/30160789816702682302; http://viaf.org/viaf/30160789816702682302; https://viaf.org/viaf/30160789816702682302/#Actis,_Andrea,_1984-"
Ada,12525,
"Adams, Adrienne",9040; 9067; 9081,
"Adams, Carrie Olivia",12102,http://viaf.org/viaf/58878947
"Adams, Christopher",12298; 12349,http://viaf.org/viaf/484166717384527150003
"Adams, Jerome",10072,http://viaf.org/viaf/61679572
"Adamson, Gil",13403; 8844,http://viaf.org/viaf/32731774
"Adbel-Samad,  Reem Fayyad",10386,
"Addario, Frank",9813,http://viaf.org/viaf/106687316
"Adderson, Caroline",10903; 11218; 11223; 11256; 8630,"http://viaf.org/viaf/22028511; http://viaf.org/viaf/5535161211922340070004; https://viaf.org/viaf/5535161211922340070004/#Adderson,_Caroline,_1963-"
"Ade-Lam, Sze-Yang",11664,
"Adedipe, Adetola",9040; 9067; 9081,
"Adedipe, Tola",13714,
"Adeleye, Yemisi",11537,
"Adjei, Randell",11573; 11947; 8829,
"Adler, Nathan",11759; 12269; 13617; 13632; 9024,http://viaf.org/viaf/298746901; http://viaf.org/viaf/5240153716416958820003
"Adlington, Lucy",9660,"https://viaf.org/viaf/232975379/#Adlington,_Lucy_J.,_1970-"
"Adolph, Valerie",13501,http://viaf.org/viaf/20990419
"Afary, Frieday",12347,
"Afework, Bethel",9081,
"Afolabi, Taiwo Okunola",10899,http://viaf.org/viaf/200147662969260551227
Afuwa,9829,
"Agger, Helen Olsen",12405,http://viaf.org/viaf/78897126
"Agnant, Marie-Célie",13926,http://viaf.org/viaf/17470529
"Agnew, Marion",8880,http://viaf.org/viaf/27156856370249602014
"Agostinelli, Gianluca",11781,
"Aguirre, Ana Ruiz",13322,
"Aguirre, Carmen",9365,http://viaf.org/viaf/55956182
"Ah-Sen, Jean Marc",10477; 12100; 12667; 9278,"http://viaf.org/viaf/317096166; https://viaf.org/viaf/317096166/#Ah-Sen,_Jean_Marc,_1987-"
"Ah-Sen, Kevin",10411,
"Ahenakew, Austin",10983; 12782,
"Ahenda, Leslie Joy",10233; 13655; 8224; 9004; 9034,
"Ahlers, Sonja",10259; 12059,http://viaf.org/viaf/106102779
"Ahmad, Aidsha",12571,
"Ahmad, Layla",10477,"https://viaf.org/viaf/12160059961635600227/#Ahmad,_Layla,_1992-"
"Ahuja, Anjana",13378,http://viaf.org/viaf/120416516
"Aidid, Shadiya",11992,
"Aiello, K.J.",8803,
"Aigen, Razielle",12093; 9089,http://viaf.org/viaf/34161935335739670089
"Ainsley, Paul",12667,
"Aitken, Neil",12782; 12959; 12977,http://viaf.org/viaf/106725816; http://viaf.org/viaf/83541090
"Ajao, Pelumi",13289,
"Ajmeri, Shaukat",10688; 10691; 8833,http://viaf.org/viaf/6157825187054061764
"Akbar, Kaveh",9567,http://viaf.org/viaf/128149842015102842768
"Akhtar, Ayad",12928; 8741,http://viaf.org/viaf/19124904
"Akintade, Peace",10808; 10866; 10982; 10986; 12720; 12957; 12960; 12971; 12977; 13313; 13697; 13705; 13802; 8724,
"Akiwenzie-Damm, Kateri",10970; 12761,http://viaf.org/viaf/117652203
"Akunyili-Parr, Chidiogo",10163; 13381,http://viaf.org/viaf/1216278119636598035; http://viaf.org/viaf/12162781196365980355
"Al Ethari, Lamees",11953,http://viaf.org/viaf/18156675108333581113
"Al Kontar, Hassan",11260,"https://viaf.org/viaf/17161573639504522383/#Al_Kontar,_Hassan,_1981-"
"Al Soua, Wafaa",12980,
"Al-Dandashi, Jassim",13605,
"Al-Salman, Yassin",8355,
"Al-Sameraie, Arwa",13605,
"Al-Solaylee, Kamal",10128; 10163; 10185; 11953; 12517; 12728; 13019; 9451,http://viaf.org/viaf/226109164
"Aladejebi, Funké",11971,"https://viaf.org/viaf/8160422846668030881/#Aladejebi,_Funk%C3%A9,_1983-"
"Alam, Tina Zafreen",8157,
"Alang, Navneet",10477; 10527,
"Alanis, Salvador",12686; 12709; 12740; 12923,
"Alapi, Zsolt",11783; 8288,http://viaf.org/viaf/58810573
"Alary, Laura",10477; 9340,"http://viaf.org/viaf/120416571; https://viaf.org/viaf/120416571/#Alary,_Laura"
"Albanese, Eleanor",9270; 9285,http://viaf.org/viaf/106047690
"Albano-Crockford, Julia",13807,
"Albert, Charles",10289,
"Albert, Jen",10296,
"Albert, Jenna Lyn",12678,http://viaf.org/viaf/21152380011401760596
"Albert, Liv",10592,http://viaf.org/viaf/24161693977015932500
"Albertalli, Becky",9612,"https://viaf.org/viaf/309821961/#Albertalli,_Becky."
"Alderson, Scott",10110,http://viaf.org/viaf/106027450
"Alduwaisan, Rasha",13573,
"Aleck, Echo",13844,
"Aleman, Daniel",8461,
"Alexander, David",8231,http://viaf.org/viaf/8150565683106252769
"Alexander, Susan",11894; 13480; 13487; 13494; 13495; 13504; 13513; 8397; 8667,http://viaf.org/viaf/2568149108446368780004; http://viaf.org/viaf/272764914; http://viaf.org/viaf/2907152932544309830002
"Alexander, Susanne",9798,
"Alexis, André",10477; 10975; 12817; 7918; 8979,"http://viaf.org/viaf/10107885; http://viaf.org/viaf/3468148269770005230007; https://viaf.org/viaf/10107885/#Alexis,_Andr%C3%A9,_1957-"
"Alfa, Ismaila",12682,
"Alhamaydeh, Haytham",13628,
"Alhjooj, Anwar",13961,
"Ali, Ahmed",11488; 9125,
"Ali, Elham",8834,
"Ali, Irfan",10322; 8404; 8732,http://viaf.org/viaf/17157581684233782131
"Ali, Kazim",12325; 9451; 9501; 9800,"http://viaf.org/viaf/38781007; https://viaf.org/viaf/38781007/#Ali,_Kazim,_1971-"
"Ali, Mohammed Abdulkarim",8450,
"Alicia, Jennifer",10391; 13818,
"Alidio, Kimberley",12108,http://viaf.org/viaf/70147662946260550997
"Alimchandani, Meenakshi",10690,
"Alkinani, Zeidon",12347,
"Alland, Sandra",10540,"https://viaf.org/viaf/51363630/#Alland,_Sandra,_1973-"
"Allard-Will, Mark",10662,http://viaf.org/viaf/13162781484465982581
"Allemano, Marina",13917,http://viaf.org/viaf/27118067
"Allen, Colleen",8740, http://viaf.org/viaf/79762490
"Allen, Jayne",13342,http://viaf.org/viaf/58160208800848622312
"Allen, Jess",12519; 13377,
"Allen, Jessica",12507; 12708; 8885,http://viaf.org/viaf/4118149108458468780002
"Allen, Lillian",10326; 13658; 13746,http://viaf.org/viaf/33686390
"Allen, Meghan Rose",8269,http://viaf.org/viaf/12151654746408282524
"Allen, Noelle",9466; 9467; 9474; 9475,
"Allen, Norman",9879,
"Allen-Shore, Lena",12922,http://viaf.org/viaf/30907004
"Allende, Isabel",12911; 9365,http://viaf.org/viaf/61556825
"Alleyne, Ainara",12393; 12395; 12397,
Allie,13884,
"Allin, Gwyn",9115,
"Allison, Thom",8797,
"Allore, John",10699; 9010,http://viaf.org/viaf/12158628234122921855
"Alluri, Hari",13633; 8230; 8437; 8575; 9844,http://viaf.org/viaf/124154981757967740645
"Alnuaimi, Hoor Ali",13573,
"Aloisio, Anita",10041; 10045; 10068; 10078,http://viaf.org/viaf/102878807
"Alook, Alyssa",11559,
"Alook, Angele",10849,http://viaf.org/viaf/9165135660600301677
"Alstad, Colleen",8374,
AltogetherLisa,13814; 13831,
"Altrows, Rona",10047; 12371; 12581; 9071; 9930,http://viaf.org/viaf/16976076
"Alwani, Sami",10237; 10522; 12426,"http://viaf.org/viaf/28160544698409982917; https://viaf.org/viaf/28160544698409982917/#Alwani,_Sami"
"Aly, Hatem",9655,"https://viaf.org/viaf/92147663044360551745/#Aly,_Hatem"
Alyssa,12500,
Alzati Stefani,10107,
"Alzati, Stefani",10108,
"Aman, Tahmima",13014,
Amani,13577,
"Amdemichael, Hannah",8834,
"Ammendolea, Dominique",8222,
"Amos, Robert",9259,http://viaf.org/viaf/94345708
"Anand, Anita",8252,http://viaf.org/viaf/314894296
"Anand, Madhur",10477; 11640; 8321; 8802; 9374,"http://viaf.org/viaf/102887482; https://viaf.org/viaf/102887482/#Anand,_Madhur,_1971-"
Ananda,10534,
"Anaquod, Courtney-Dawn",13049,
"Anastasiou, Mel",10278; 10281; 10283; 10284; 10285; 10286; 10287,http://viaf.org/viaf/64149841848602841271
"Anctil, Pierre",12890,http://viaf.org/viaf/94277635
"Anders, Charlie Jane",11705,http://viaf.org/viaf/26466367
"Andersen, Sarah",8611,http://viaf.org/viaf/189146094330700332367
"Anderson, Caroline",10402; 10591,http://viaf.org/viaf/5535161211922340070004
"Anderson, Colleen",10286; 10287,http://viaf.org/viaf/106244747
"Anderson, Emily",11946,
"Anderson, Fortner",8180,http://viaf.org/viaf/106026246
"Anderson, Suzanne",11886,http://viaf.org/viaf/1793493
"Anderson-Dargatz, Gail",11295; 11298; 13483,"http://viaf.org/viaf/61710472; https://viaf.org/viaf/61710472/#Anderson-Dargatz,_Gail,_1963-"
"Andrada, Eunice",8159,http://viaf.org/viaf/32156856239349600733
"Andres Reed, Nicasio",8293,
"Andrew, Suzanne Alyssa",10870,"https://viaf.org/viaf/310611434/#Andrew,_Suzanne_Alyssa"
"Andrews, Kelsey",11620,http://viaf.org/viaf/17163023641289361304
"Andrews, V.C.",13377,http://viaf.org/viaf/275755442
"Andrusyshyn, Larissa",7963; 8295,http://viaf.org/viaf/120416186
"Angus, Cal",10339,
"Angus, Callum",13933; 8496; 9860,http://viaf.org/viaf/12161096551829101530
"Anipare, Sifton",10327,http://viaf.org/viaf/24160422952768031219
"Anipare, Sifton Tracey",10477,"https://viaf.org/viaf/24160422952768031219/#Anipare,_Sifton_Tracey"
Annie,13887,
"Anqele, Delshan",11027,
"Ansari, Saleem",12742; 12743; 13688; 13800,
"Ansloos, Jeffrey",8982,http://viaf.org/viaf/814991245480621110
"Anslow, Alannah",10920,
"Anthony, Carlos",13911; 13915,
"Anthony, Leslie",11226; 11258; 11294,"https://viaf.org/viaf/96866333/#Anthony,_Leslie,_1957-...."
"Antipolo, Veronica",13888,
"Antle, Angela",9050,http://viaf.org/viaf/7154257773824150118
"Antoine-Meyzonnade, Cécile",11860,
"Antoniou, Helen",13943; 13965,http://viaf.org/viaf/1152561524815442003
"Antoniou, Laura",8446,http://viaf.org/viaf/271149196249774790031
"Antony, Jessica",11029; 11030; 11031; 11032,"https://viaf.org/viaf/50149233262776510380/#Antony,_Jessica"
"Antwi, Phanuel‏",10098,http://viaf.org/viaf/595146936821313782712
"Aoki, Ryka",11705,http://viaf.org/viaf/1829156811368645390005
"Apol, Lauara",11606,http://viaf.org/viaf/33832503
Apollo the Child,13712; 13727; 13730; 13749; 13751; 13753,
"Apostol, Gina",12671,http://viaf.org/viaf/53749929
"Appanah, Nathacha",13937,http://viaf.org/viaf/24821535
"Applegate, Katherine",9624,"https://viaf.org/viaf/2072149368877985980007/#Applegate,_Katherine,_1956-"
"Aquino, Eloisa",9840,"http://viaf.org/viaf/250064135/#Aquino,_Eloisa,_1970-"
"Aragon, Andrea",8928; 9295,http://viaf.org/viaf/21158367578201280525; http://viaf.org/viaf/44077624
"Arbuckle, Michelle",9050,
"Arbuthnott, Shane",10647,http://viaf.org/viaf/21147118212526341495
"Arcand, Faye",12580,
"Arcand, John",13049,http://viaf.org/viaf/41519146
"Archer, Bert",8938,http://viaf.org/viaf/18461323
"Arends, Carolyn",14138,http://viaf.org/viaf/23376520
"Arif, Samya",13640,
"Arima, Phlip",9879,http://viaf.org/viaf/16544531
"Arkorful, Faith",8525,
"Arlotto, Rosa",9581; 9608; 9619; 9706; 9712; 9722; 9725; 9733; 9772; 9897; 9906,
"Arluk, Reneltta",10246; 10248; 13147; 8957,http://viaf.org/viaf/232152939
"Armantrout, Rae",7923,http://viaf.org/viaf/311461552
"Armerding, Elizabeth",13641,
"Armstrong, Sally",10369,http://viaf.org/viaf/264927214
"Arnett, Kristen",13008,http://viaf.org/viaf/2210157226593285410003
"Arnott, Bill",10851; 11823; 13625; 8605,http://viaf.org/viaf/106524390
"Arnott, Joanne",13460; 13630; 8648; 8668,http://viaf.org/viaf/43520433
"Aronoff, Kate",10098; 13349,http://viaf.org/viaf/2156674978633581601
"Aronoff, Phyllis",10696; 8557,http://viaf.org/viaf/68540095
"Aronyk-Schell, Morgyn",9053,
"Arrow, Emily",11421,http://viaf.org/viaf/95146331823118690891
"Arsenault, Elise",9379,
"Arsenault, Marc",10386,
"Arthur, Bruce",10477,
"Arthur, Paul Michael",13831,
"Arthurson, Wayne",11118; 9392,"http://viaf.org/viaf/38765557; https://viaf.org/viaf/38765557/#Arthurson,_Wayne,_1962-...."
"Arudpragasam, Anuk",13010,http://viaf.org/viaf/20146936671213780921
"Aryal, Khem K.",11464,"https://viaf.org/viaf/56338964/#Aryal,_Khem"
"Ashby, Madeline",12568,http://viaf.org/viaf/311397379
"Ashenburg, Katherine",10208; 10333,http://viaf.org/viaf/75626353
"Ashley, Marlet",13506,
"Ashton, Jenn",11223; 11899; 9827,"http://viaf.org/viaf/1275159474250327661297; https://viaf.org/viaf/1275159474250327661297/#Ashton,_Jenn,_1963-"
"Asrani, Aaniya",9831,http://viaf.org/viaf/42156495481317562412
"Asselin, Guillaume",13954; 13991,http://viaf.org/viaf/65924517
"Assenza, Valentino",9706,http://viaf.org/viaf/53917380
"Aswany, Alaa Al",13344,http://viaf.org/viaf/69184887
"Athaide, Tina",8809; 8939,http://viaf.org/viaf/39152864082204821280
"Atkinson, Cale",11409; 11410; 11411,http://viaf.org/viaf/256453310
"Atkinson, Nathalie",10337; 12615,http://viaf.org/viaf/18157467916522322085
"Atkinson, Susan",8262,http://viaf.org/viaf/106742059
"Attrell, Chris",12367,http://viaf.org/viaf/53155767329627761132
"Atwood, Margaret",10596; 12461; 8537; 8739; 8797; 9051; 9376; 9422; 9679,http://viaf.org/viaf/109322990
"Aubin, Mathieu",12238; 12577; 12797; 12799; 12800; 12827; 13962,
Audder,9081,
"Audet, Martine",11671; 13610; 13982; 8272,http://viaf.org/viaf/8470429
"Audlaluk, Larry",11643; 11644,http://viaf.org/viaf/27158912151049770543
"Audrain, Ashley",11653; 12677; 9846,http://viaf.org/viaf/7621158070730108780004
"Auger, Karrie",9479,
"Augustine, Jude Marie",8265,
"Augustine, Judy Marie",10386,
"Aujlay, Kirthan",10528; 8453,
"Austen, Catherine",11430,http://viaf.org/viaf/102871387
"Austin, Emily R.",9449,http://viaf.org/viaf/20162478725337460885
"Austria, Jennilee",10042; 9015,
"Authier, Phil",12795,
"Authier, Philip",12820,
"Auxier, Jonathan",12383; 12809,http://viaf.org/viaf/166139844
"Avasilichioaei, Oana",13921; 8190; 8199; 8207; 8209; 8242; 8243; 9495,http://viaf.org/viaf/58498867
"Avasilichoaei, Oana",10078,
"Averett, Bronwyn",10289,
"Avery, CR",13769,http://viaf.org/viaf/102892387
"Avery, Morgan",13644,
"Avisilichioaei, Oana",13951,
Avleen Mokha,16085,http://viaf.org/viaf/3415169757872508010008
"Awad, Mona",9298; 9387; 9481,http://viaf.org/viaf/106556334
"Aweida, Ghia",8648,http://viaf.org/viaf/29151110692437060936
"Awkward-Rich, Cameron",10896; 9941,http://viaf.org/viaf/40146331768918690134
"Awumey, Edem",8557,http://viaf.org/viaf/10128923
Axis,10982; 12725,
"Ayache, Makram",10584,
"Ayed, Nahlah",13344; 13367,http://viaf.org/viaf/232220670
"Ayoub, Joey",12347,http://viaf.org/viaf/4156153834751664450002
Aysanabe,13891,
Aysanabee,13893,
"Azad, Bahareh",9565,
"Azad, Nafiza",13399,http://viaf.org/viaf/28154196801520112373
"Azadi, Anushka",9120,
"Azar, Shokoofeh",8741; 8799,http://viaf.org/viaf/20158125161214932717
"Aziz, Ammar",13642,
"Aziz, Zohal",10477,
"B, Daphné",11918,
"B-E, Lindsay",8242; 8407,http://viaf.org/viaf/101158669739727200555
"B. Elfgren, Sara",8257, http://viaf.org/viaf/170358247
"B., Britta",13910; 8990; 9026,
"B., Daphné",10288; 13934,http://viaf.org/viaf/51145541819096601716; http://viaf.org/viaf/56153124304424491231
"B.-e., Lindsay",10477; 8723; 8732,"http://viaf.org/viaf/101158669739727200555; https://viaf.org/viaf/101158669739727200555/#B.-e.,_Lindsay,_1981-"
"Babcock, Heather",8729; 8854,http://viaf.org/viaf/27158427949606062107
"Babiak, Todd",10964,http://viaf.org/viaf/70160548
"Babin, Miléna",10073,http://viaf.org/viaf/308227269
"Babstock, Ken",8259,http://viaf.org/viaf/46100839
"Babyn, André",10379,"http://viaf.org/viaf/57156130972958312044/#Babyn,_Andr%C3%A9_1986-"
"Backman, Fredrik",9396,http://viaf.org/viaf/257702201
"Bacon, Joséphine",13131; 13142; 13147; 13154; 13162; 13164; 13175; 13923,http://viaf.org/viaf/102759360
"Bacon, Katia",13166,http://viaf.org/viaf/9168286129457270690
"Bacon, Uasheshkun",13153,
"Baddiel, David",11714,"https://viaf.org/viaf/15504916/#Baddiel,_David,_1964-"
"Baden, Morgan",10376,"http://viaf.org/viaf/15154380961530291232/#Baden,_Morgan"
"Badoa, Samantha",11945,
"Badour, Britta",12683; 9379,http://viaf.org/viaf/10166290087200461061
"Baer, Larry",8837,
"Bagel, Zev",8269,
"Bagoo, Andre",11673,http://viaf.org/viaf/250755782
"Bagusche, Frauke",13036,http://viaf.org/viaf/3077156075620453980009
"Bah, Valérie",13935,http://viaf.org/viaf/10161878878933610226
"Bahraini, Naseem",13749,
"Baht, Shashi",11163,
"Baig, Bilal",8956,http://viaf.org/viaf/616158790543938850511
"Bailey Nurse, Donna",12505; 8929,http://viaf.org/viaf/38056529
"Bailey, Barry",10170,https://www.baileybookman.com/
"Bailey, Clayton",8607,http://viaf.org/viaf/48053611
"Bailey, Garvia",10131; 12502; 12510; 12735; 8477,https://www.wikidata.org/wiki/Q111033796
"Bailey, Linda",11404,http://viaf.org/viaf/11560287
"Bailey, Lynda",8357,
"Bailey, Mathis",11760,
"Bailey, Morris",13603,
"Bailey, Samantha",9371,http://viaf.org/viaf/1986160909245312870007
"Bailey, Samantha M.",8944,http://viaf.org/viaf/48156130958058311719
"Bailey, Tessa",9662,"https://viaf.org/viaf/3150516473103440411/#Bailey,_Tessa"
"Bailhache, Léonore",10386,
"Baillie, Martha",13665; 9330; 9513,http://viaf.org/viaf/79477105
"Baird, Natalie",11969,"https://viaf.org/viaf/110148704282036932869/#Baird,_Natalie"
"Baker, Carleigh",10428,"http://viaf.org/viaf/399148996133759752789/#Baker,_Carleigh."
"Baker, Emilie Zoey",8188,
"Baker, Jacqueline",10138; 10200,http://viaf.org/viaf/39061108
"Baker, Marie Annharte",13127; 13155,http://viaf.org/viaf/36969605
"Baker, Zachary M",12946,http://viaf.org/viaf/9553159478086427990008
"Bala, Sharon",10766; 12400; 8808,http://viaf.org/viaf/28146634515241932848
"Balachandran, Tharani",13820,
"Balasa, Raluca",11445; 11452,http://viaf.org/viaf/1163408940100092724
"Balasa, Raluca,",11446,http://viaf.org/viaf/1163408940100092724
"Ball, Erin",9604,
"Ball, Hilary",10294,http://viaf.org/viaf/11610356
"Ball, Jonathan",12261; 13229; 8285,http://viaf.org/viaf/63463752
"Ballantyne, Sonya",12293,https://www.wikidata.org/wiki/Q72882409
"Baltazar, Jason",8294,
"Bancheri, Salvatore",11781,http://viaf.org/viaf/43414944
"Bandukwala, Manahil",10042; 10288; 10753; 11540; 11678; 12095; 13650; 7923; 8163; 8284; 8435; 9015,"http://viaf.org/viaf/13165392151521250897; https://viaf.org/viaf/13165392151521250897/#Bandukwala,_Manahil"
"Bangs, Elly",8290,
"Baniahmadi, Baharan",12053,http://viaf.org/viaf/12164354682613002005
"Banks, Catherine",10230,http://viaf.org/viaf/31475020
"Banks, Russell",9364,http://viaf.org/viaf/66487364
"Banzhaf, Sofia",8227,http://viaf.org/viaf/1151533707002772609
"Bar, Moni",11652,
"Bar-el, Dan",11395,http://viaf.org/viaf/76267388
"Barakat, Hoda",13949,http://viaf.org/viaf/39364872
"Baranova, Ivanna",8227, http://viaf.org/viaf/20156809535545122000
"Barber, Marsha",9722,http://viaf.org/viaf/172067995
"Barbour, Dale",12396,http://viaf.org/viaf/160196080
"Barclay, Adèle",8227; 8245; 9889,http://viaf.org/viaf/18150516542503440276; http://viaf.org/viaf/3115051675800344297; http://viaf.org/viaf/31150516758003442975
"Barclay, Linwood",11298; 12758; 8913; 9367; 9516; 9856,"http://viaf.org/viaf/79565604; https://viaf.org/viaf/79565604/#Barclay,_Linwood,_1955-...."
"Bardeesy, Karim",13356,
"Bardugo, Leigh",8585,http://viaf.org/viaf/261747914
"Barduhn, Rachel",13915,
"Barger, Inali",13829,
"Barger, John Wall",9063; 9913; 9925,http://viaf.org/viaf/102897797
"Barillaro, Ali",8178,
"Barker, Keith",9552; 9553,"http://viaf.org/viaf/293177820/#Barker,_Keith_(Keith_Norman_Victor)"
"Barker, Michelle",13500; 8655,http://viaf.org/viaf/303105122
"Barkon, Beverly",8254,
"Barlett, Brian",8269,
"Barlow, Janet",9805,"https://viaf.org/viaf/106414026/#Barlow,_Janet,_1973-"
"Barlow, Maude",10477,"https://viaf.org/viaf/69145472/#Barlow,_Maude."
"Barnes, Sydney",11387,"https://viaf.org/viaf/4755159279146108160003/#Barnes,_Sydney"
"Barnett, Nathanya",9379,
"Barnier, Vannessa",10294; 10477,
"Baroud, Nathalie",13960,http://viaf.org/viaf/316997541
"Barratt, Jessica",13627,
"Barrett, Colin",8804,http://viaf.org/viaf/305372051
"Barrett, Gavin",10690; 10692; 13649; 13650; 13652; 13653; 13654; 13655; 13656; 13657; 9686; 9735,http://viaf.org/viaf/109147423003544881355
"Barris, Ted",9551,http://viaf.org/viaf/91543343
"Barry, Paddy",9674,
"Barryman, Romila",10411,
"Barss, Kate",13663,
"Bartel, Tanja",11028; 9786; 9787; 9788,"https://viaf.org/viaf/6156917172254792220/#Bartel,_Tanja,_1964-"
"Bartlett, Andrew",12674,
"Bartlett, Brian",10792; 12674; 12691; 8172,http://viaf.org/viaf/2796609
"Barton, John",10967; 8206; 8377; 8390; 8421; 8614; 8615; 8918,http://viaf.org/viaf/94378466
"Barton, Phoebe",8253,
"Bartzen, Della",13075,
"Barwin, Gary",10006; 10183; 11014; 11582; 11717; 11968; 12089; 12108; 12943; 13670; 13673; 9433; 9473; 9488; 9563; 9998,"http://viaf.org/viaf/1630902; https://viaf.org/viaf/1630902/#Barwin,_Gary"
"Basbous, Sami",10359,
"Bascaramurty, Dakshana",10005; 11218; 11223; 11255; 8662; 9373,"http://viaf.org/viaf/69156563397023240753; https://viaf.org/viaf/69156563397023240753/#Bascaramurty,_Dakshana"
"Basile, Elena",13921; 13929; 8209; 8460,http://viaf.org/viaf/144145541804096601105
"Bassnett, Madeline",13664,http://viaf.org/viaf/186912904
"Bastedo, Jamie",11879,"https://viaf.org/viaf/67939118/#Bastedo,_Jamie,_1955-"
"Batalion, Judy",12735,http://viaf.org/viaf/2212007
"Batalion, Julie",12919,http://viaf.org/viaf/2282162783903866280009
"Bateman, David",11764; 8177; 8189; 9121,http://viaf.org/viaf/236624223
"Bateman, Debbie",9071,
"Bateman, Jackie",12436,
"Bates, Margo",8698,
"Bathory, Laakkuluk Williamson",10247,http://viaf.org/viaf/11154257784224150266
"Baudot, Laure",8850,http://viaf.org/viaf/5151654660008281329
"Bauer, Grace",12674,
"Bauer, John",12674,
"Bayne, Clarence",9894,http://viaf.org/viaf/102760780
"Bayron, Kalynn",8526,http://viaf.org/viaf/14157641010038221421
"Bean, Lexie",9720,http://viaf.org/viaf/314909385
"Bear, Tracy",12761; 13038,http://viaf.org/viaf/25163753508734271462
"Bearhead, Charlene",13443,http://viaf.org/viaf/433155104041376202648
"Bearhead, Wilson",13443,"https://viaf.org/viaf/428155104006476201746/#Bearhead,_Wilson,_1958-"
Beatriz Carvalho,9334,http://viaf.org/viaf/6495160486123105180007
"Beattie, Stephen W.",8919,
"Beattie, Steven W.",13969; 9373; 9383,http://viaf.org/viaf/106709254
"Beaucage, Marjorie",12957,http://viaf.org/viaf/2370050
"Beauchesne, Nicholas",12527,
"Beaudry, Nicole",10376; 12917; 12938; 12947; 12950,
"Beaulieu, Derek",12092; 13661; 9112,http://viaf.org/viaf/71021369
"Beaulieu, Germaine",13982,http://viaf.org/viaf/65119376
"Beauregard, Alexandrine Capolla",13990,
"Beavington, Lee",8667,
"Bebenek, Jessica",8224; 9004,
"Bechdel, Alison",7967; 8590,http://viaf.org/viaf/114843374
"Bechtel, Greg",11088,"https://viaf.org/viaf/305442234/#Bechtel,_Greg,_1971-"
"Becker, Helaine",10392,"http://viaf.org/viaf/157149066572865601626/#Becker,_Helaine,_1961-"
"Beckford, Darynell",13915,
"Beckman,  Thomas",10586,
"Beckman, Joshua",12114,http://viaf.org/viaf/73444419
"Beddia, Lea",8345,
"Bednar, Vass",12520; 12762; 12997; 13003; 13013; 13018; 13019; 13030; 13385,
"Beecroft, Joan",13319,
"Beers, Shaindel",12104,http://viaf.org/viaf/86366715
"Begamudré, Ven",10634,http://viaf.org/viaf/23249178
"Bejerman, Ingrid",13938; 13942; 13950; 13955; 13970; 13974; 13983; 13992,
"Beladi, Tara",8652,
"Belcourt, Billy-Ray",8512; 8798; 9374; 9395; 9479; 9861,"http://viaf.org/viaf/26150030625510960554; https://viaf.org/viaf/26150030625510960554/#Belcourt,_Billy-Ray"
"Belcourt, Louise",8189,http://viaf.org/viaf/309814813
"Belford, Ken",12107,http://viaf.org/viaf/8961892
"Bell, Barbara",12821; 9514,"http://viaf.org/viaf/106510111/#Bell,_Barbara"
"Bell, Jillian",12978,
"Bell, Jocelyn",9277,
"Bell, Kanaar",10769,
"Bell, Melanie",8269,http://viaf.org/viaf/106557532
"Bell, Vanessa",11677; 13158; 13164,http://viaf.org/viaf/4483162669325255500002
"Bell, Wade",10037,http://viaf.org/viaf/2168148
"Bellatín, Mario",12686,http://viaf.org/viaf/42007121
"Belle, Kimberly",9626,"https://viaf.org/viaf/310724733/#Belle,_Kimberly,_1968-"
"Belleau, Janick",8244,http://viaf.org/viaf/9029945
"Bellehumeur-Allatt, Tanya",10701; 10841, http://viaf.org/viaf/317001933; http://viaf.org/viaf/317001933
"Belli, Gioconda",13938,http://viaf.org/viaf/112838535
"Belot, Ross",13665; 9466,"http://viaf.org/viaf/26543193; https://viaf.org/viaf/26543193/#Belot,_Ross"
"Beltrán, Gina",13967,
"Belyea, Michael",10794,
"Benaim, Sabrina",10157,http://viaf.org/viaf/32150516656403441672
"Benaway, Gwen",8422,http://viaf.org/viaf/296747372
"Bendavid, Marc",12257,http://viaf.org/viaf/7910159400328619620008
"Bender, Charles",13159,http://viaf.org/viaf/18152682513823311993
"Bendiy, Anna",10296,
"Benison, C. C.",13227,http://viaf.org/viaf/56208039
"Benison, C.C.",9249,http://viaf.org/viaf/56208039
"Benjamin, Chris",11045; 11049,
"Benmergui, Ralph",10094; 13671,http://viaf.org/viaf/15162544275643310649
"Bennet, John M.",12116,http://viaf.org/viaf/248438793
"Bennett, Andrea",10461; 10477; 11121; 8287,"http://viaf.org/viaf/306379146; https://viaf.org/viaf/306379146/#Bennett,_Andrea_(Andrea_Kathleen)"
"Bennett, Roxanna",13671; 8231; 9417,http://viaf.org/viaf/308751138
"Benning, Sheri",13310; 8923,http://viaf.org/viaf/33817148
"Bentley, Nicola",11224; 11287,
"Benzie, Richard",10477,"https://viaf.org/viaf/30665432/#Benzie,_Richard"
"Beresford-Kroeger, Diana",12317,http://viaf.org/viaf/55982194
"Berg, Mary",9479,"https://viaf.org/viaf/10156988901461002017/#Berg,_Mary_(Chef)"
"Berg, Stephen T.",11837; 8409,http://viaf.org/viaf/103449626
"Bergen, David",11218; 11255; 12365; 8745; 8775; 8917; 8973; 9250; 9693,"http://viaf.org/viaf/4169586; http://viaf.org/viaf/5575152502771910800001; https://viaf.org/viaf/4169586/#Bergen,_David,_1957-...."
"Berger, Tamara Faith",13365; 8305; 8853,http://viaf.org/viaf/154147266869835482232
"Bergeron, Chris",13935,http://viaf.org/viaf/5161208964639860410
"Bergeron, Jean-Philippe",11675; 9943,http://viaf.org/viaf/106435436; http://viaf.org/viaf/5063161332357852420003
"Bergeron, Patrick",10353,http://viaf.org/viaf/194620963
"Bergman, S. Bear",10477; 10479; 10519; 10526; 11761; 13335,"http://viaf.org/viaf/26494357; https://viaf.org/viaf/26494357/#Bergman,_S._Bear,_1974-"
"Bergstrom, Brian",8286,http://viaf.org/viaf/291226794
"Bergvall, Caroline",9495,https://www.wikidata.org/w/index.php?title=Q5044980&oldid=1575948188
"Berkel, Jenny",9808,"https://viaf.org/viaf/315983359/#Berkel,_Jenny,_1986-"
"Berman, Sarah",11125; 13353,"http://viaf.org/viaf/112158790655538851237; https://viaf.org/viaf/112158790655538851237/#Berman,_Sarah"
"Bernard, Mary Louise",8906,http://viaf.org/viaf/42153713828058662350
"Bernbaum, Joel",12310,http://viaf.org/viaf/33164959307624021014
"Bernhardt, Darren",12299,http://viaf.org/viaf/106676213
"Bernier-Cormier, Dominique",8248; 8671,http://viaf.org/viaf/1149233222476510025
"Bernstein, Charles",10146,http://viaf.org/viaf/106505739
"Berry, David",9007; 9479,"http://viaf.org/viaf/52157701705844221805; https://viaf.org/viaf/52157701705844221805/#Berry,_David_(David_M.),_1984-"
"Berry, Hannah",13796; 13820,
"Berry, Michelle",9489,"https://viaf.org/viaf/9154591/#Berry,_Michelle,_1968-"
"Bertelli, Mariella",10391,"http://viaf.org/viaf/52942501/#Bertelli,_Mariella,_1951-"
"Bertin, Kris",9979,http://viaf.org/viaf/94144782707718390122
"Bertram, Lillian Yvonne",13618,http://viaf.org/viaf/215968846
"Bertrand, Nahka",13151,http://viaf.org/viaf/1161028685623740313
"Besel, Donna",12444,http://viaf.org/viaf/4153893629602291209
"Besner, Neil",12302,http://viaf.org/viaf/114960528
"Besora, Max",13359,http://viaf.org/viaf/107461110
"Best, Ashley-Elizabeth",10279; 11327; 9538,http://viaf.org/viaf/77145003285061301443
"Best, Laura",10614,http://viaf.org/viaf/249670476
"Betasamosake Simpson, Leanne",8902; 8906; 9378,http://viaf.org/viaf/102794966
"Betcherman, Michael",10376,"http://viaf.org/viaf/254986285/#Betcherman,_Michael"
"Betts, Amanda",10296; 11219; 11220; 11288,"http://viaf.org/viaf/315590855; https://viaf.org/viaf/315590855/#Betts,_Amanda,_1978-"
"Bey, Marquis",10141,http://viaf.org/viaf/24154257827624150287
"Beyer, Pamela",8228,
"Bezmogis, David",8927,http://viaf.org/viaf/118810895
"Bezmozgis, David",12788; 13028,http://viaf.org/viaf/118810895
"Bhagwani, Hemant",10477; 10525,
"Bhandar, Serena",8616,
"Bhandari, Aparita",10477; 12509; 12617; 12672; 12701; 12931; 13014; 13023; 13373,
"Bhaneja, Raoul",8835,
"Bhat, Kiran",8852,https://www.wikidata.org/wiki/Q108014090
"Bhat, Shashi",10284; 11954; 11956; 8668; 9449; 9870,http://viaf.org/viaf/224459659
"Bhathena, Tanaz",13431; 9658,"http://viaf.org/viaf/14150030528710960662; https://viaf.org/viaf/14150030528710960662/#Bhathena,_Tanaz"
"Bhattacharya, Tithi",10098,http://viaf.org/viaf/19967563
"Bhattarai, Narayan",11665,
"Bickel, Barbara",9040, http://viaf.org/viaf/105587736
"Bickersteth, Bertrand",10049; 11488; 11491; 13437; 13658; 9125; 9129; 9242; 9586,http://viaf.org/viaf/16156675129833581408
"Bidinosti, Anita",8327,
"Bienvenu, Sophie",11000,"https://viaf.org/viaf/56928183/#Bienvenu,_Sophie,_1980-...."
"Bige, Tawahum",11848; 13547; 13773; 13804; 9124; 9824,"http://viaf.org/viaf/16164114530710050372; https://viaf.org/viaf/16164114530710050372/#Bige,_Tawahum"
"Bige, Tawahum Justin Peter",10585,
"Bijlani, Diksha",8931,
"Bilchik, Nadia",11334,"https://viaf.org/viaf/61306795/#Bilchik,_Nadia"
Bill Stephen,11379,"https://viaf.org/viaf/275722699/#Bill,_Stephen"
Billie the Kid,13720; 13799,
"Billingham, Mark",8747,http://viaf.org/viaf/938046
"Bilodeau, Eve",8248,http://viaf.org/viaf/6159397592119302948
"Bin Hassan, Umar",8967,http://viaf.org/viaf/279799543
"Bin, Matthew",9467; 9474,
"Bird, Alex",9272,
"Bird, Brandi",10974,
"Bird, Lawrence",12328,http://viaf.org/viaf/251144782703967104522
"Bird, Lindsay",12416,http://viaf.org/viaf/32155224410884371446
"Bird-Wilson, Lisa",10868; 10930; 11300; 12989; 13057; 13058,"http://viaf.org/viaf/171172595; https://viaf.org/viaf/171172595/#Bird-Wilson,_Lisa"
"Birdsell-Bauer, Louise",12674,http://viaf.org/viaf/3100154867598660100000
"Birmingham, Elizabeth",8882,
"Birnie, Sheldon",12409,http://viaf.org/viaf/48960617
"Birrell, Dave",11403,"https://viaf.org/viaf/46106162/#Birrell,_Dave,_1944-"
"Bisaillon, Josée",11424,http://viaf.org/viaf/121082755
"Bishop, Jennifer Dawn",13060,
"Bishop, Mary Harelkin",10813,http://viaf.org/viaf/51041374
"Bishop, Shaelin",10233,
"Biskin, Karen",12882; 12883; 12884; 12891; 12900; 12902,
"Bissett Perea, Jessica",10902,http://viaf.org/viaf/53159518044032770966
"Bissett, Bill",11969,"https://viaf.org/viaf/96127023/#Bissett,_Bill,_1939-...."
"Bitek, Otoniya J Okot",8337,http://viaf.org/viaf/106062348
"Bitek, Otoniya Juliane Okot",11673; 8715,http://viaf.org/viaf/106062348
"Bittner, Robert",8463,http://viaf.org/viaf/2868149068571865730003
"Black, Barbara",8377; 8605,http://viaf.org/viaf/7160907090012691200; http://viaf.org/viaf/76530573
"Black, Peter",12792; 12818,
"Blackburn, Kaiya Smith",8498,
"Blackman, Jeff",8151,"http://viaf.org/viaf/79147663153760552964/#Verboom,_Andy"
"Blackmore, Amy",13957,
"Blackwood, Clara",9686,http://viaf.org/viaf/71078993
"Blain, Cicely Belle",10411; 11488; 8452; 9162; 9376; 9958,"http://viaf.org/viaf/5158488667311732381; http://viaf.org/viaf/5158488667311732381/#Blain,_Cicely_Belle,_1993-"
"Blain, Janice",9067,
"Blain, Keisha N.",8556,http://viaf.org/viaf/1491145857144722922677
"Blair, Hannah",8226,
"Blair, Keisha",12727,http://viaf.org/viaf/25165322975716022645
"Blais, Marie-Claire",10389,"http://viaf.org/viaf/79020626/#Blais,_Marie-Claire,_1939-2021"
"Blake, Becky",10301; 11988,http://viaf.org/viaf/38154981745667741435
"Blanchard, Barry",10243,http://viaf.org/viaf/311580471
"Blanchard, Elizabeth",8269,http://viaf.org/viaf/10157701588844220559
"Blanchard, Jim",12349,http://viaf.org/viaf/18845725
"Blanco, Samï",11878,"https://viaf.org/viaf/35156809407845120748/#Blanco,_Sami"
"Bland, Jared",13292; 8537; 8905; 8906,http://viaf.org/viaf/168711022
"Blizzard, Gloria",13907; 13914,http://viaf.org/viaf/120554470
"Blodgett, E. D.",12321,http://viaf.org/viaf/9859160667906603560000
"Blomer, Yvonne",10739; 10969; 10973; 11893; 13464; 13469; 13533; 13539; 8374; 8377; 8414; 8573; 9120,"http://viaf.org/viaf/9277372; https://viaf.org/viaf/9277372/#Blomer,_Yvonne"
"Blondin, River",13831,
"Bloom, Myra",12805,
"Blum, Hadas",11105,http://viaf.org/viaf/51164419128820232417
"Blume, Carlie",10757,"https://viaf.org/viaf/120163510654210932431/#Blume,_Carlie"
"Blume, Judy",11333; 12461,"http://viaf.org/viaf/111750191; https://viaf.org/viaf/111750191/#Blume,_Judy."
"Blunt, Giles",9016,http://viaf.org/viaf/79514077
"Blythe, Ali",13664; 9941,http://viaf.org/viaf/315590781
"Boan, Selena",10966,
"Boan, Selina",11963; 12348; 13495; 13557; 13624; 9417; 9818; 9903,http://viaf.org/viaf/39161028872023741132
"Bobker, Danielle",12819; 13025; 9445; 9499, http://viaf.org/viaf/1127159474077927660378; http://viaf.org/viaf/1127159474077927660378
"Boccaletti, Giulio",13345,http://viaf.org/viaf/73542349
"Bociurkiw, Marusya",10359; 8450,"http://viaf.org/viaf/39262678; http://viaf.org/viaf/39262678/#Bociurkiw,_Marusya,_1958-...."
"Bock, Dennis",9559,http://viaf.org/viaf/67616651
"Boczkowski, Pablo",13970,http://viaf.org/viaf/5173262
"Boden, Andrew",10906,"https://viaf.org/viaf/17151431617456302671/#Boden,_Andrew"
"Bodger, Holly",9363,http://viaf.org/viaf/309824729
"Boehm, Heige S.",8655,http://viaf.org/viaf/13155189884082130174
"Boesveld, Sarah",12570; 13006,
"Bogard, Judith",13905,
"Bohigian, Amy",8578,http://viaf.org/viaf/12157159871378791764
"Boileau, Lou",8452,
"Boisjoli, Jean",11000,"https://viaf.org/viaf/106263143/#Boisjoli,_Jean"
"Boissoneau, Darrell",12284; 12463,
"Boisvert, MP",10339; 13959; 8598,"http://viaf.org/viaf/39150030520110960918; http://viaf.org/viaf/39150030520110960918/#Boisvert,_MP,_1987-"
"Boix Carcia, Marifé",13974,
"Bolduc, Denise",7937,http://viaf.org/viaf/146161272137047442057
"Bolduc, Mo",12823,http://viaf.org/viaf/24149233537276512399
"Bole, Michael",13889,http://viaf.org/viaf/161997901
"Bollier, David.",10098,http://viaf.org/viaf/110695726
"Bolongaro, Kait",12668,
"Bolster, Stephanie",8601,http://viaf.org/viaf/48840389
"Bombardier, Cooper Lee",10749; 10750; 10764,http://viaf.org/viaf/21147423024544881110
"Bonaparte, Jordan",10259,
"Bongco Philipzig, Mila",9479,
"Boni, Tanella",13982,http://viaf.org/viaf/44321230
"Bonneau, Tracey Kim",8710,
"Book, Shane",13654,http://viaf.org/viaf/106777909
"Boom Boom, Bianca",10540,
"Boon, Sonja",13908; 13913; 8572,http://viaf.org/viaf/170846356
"Booth, Denise",8431; 8730,http://viaf.org/viaf/311692633
"Boothby, Ian",8665,http://viaf.org/viaf/107475334
"Bopp, Columpa",8663,http://viaf.org/viaf/26155409625408740548
"Bordeleau, Virginia Pésémapéo",13401,http://viaf.org/viaf/52020206
"Borel, Michelle",11528,http://viaf.org/viaf/347159234634503372307
"Borin, Tara",10341; 13471; 13490,"http://viaf.org/viaf/292155103932376200515; http://viaf.org/viaf/292155103932376200515/#Borin,_Tara"
"Boschman, Leanne",8394; 8699,http://viaf.org/viaf/102849952
"Boschman, Robert",10816,http://viaf.org/viaf/26550731
"Bosco, Monique",13982,http://viaf.org/viaf/6004216
"Bose, Chris",8696,http://viaf.org/viaf/101530696
"Bose, Rana",7964; 8256,http://viaf.org/viaf/36241052
"Bossé, Paul",10386,http://viaf.org/viaf/2698515
"Boteju, Tanya",11254; 11777; 12656; 8632,"http://viaf.org/viaf/78153288330032651940; https://viaf.org/viaf/78153288330032651940/#Boteju,_Tanya"
"Boteyu, Tanja",10377,
"Botha, Danie",13187; 13189; 13191; 13193; 13195; 13197; 13199; 13201; 13203; 13205; 13207; 13210; 13213; 13273,http://viaf.org/viaf/12619741
"Botha, Danila",10042; 9015,http://viaf.org/viaf/103449748
"Bottomley, Jim",13462,http://viaf.org/viaf/13665137
"Boucher, Fiorella",13169; 13930,http://viaf.org/viaf/17162544222243310480
"Boucher, Marianne",12714,http://viaf.org/viaf/26156809402645120463
"Boucher, Norm",9153; 9157,http://viaf.org/viaf/12158259482102302720
"Boudel Tan, Eddy",10016; 11168,"http://viaf.org/viaf/44157467897522321340/#Boudel_Tan,_Eddy,_1983-; https://viaf.org/viaf/44157467897522321340/#Boudel_Tan,_Eddy,_1983-"
"Boulerice, Simon",10366; 9334,http://viaf.org/viaf/102804754
"Boulley, Angeline",10377,"http://viaf.org/viaf/32159105712406402827/#Boulley,_Angeline."
"Bourgeois, Ronald",12038,http://viaf.org/viaf/32195736
"Bourne, Shakirah",9977,http://viaf.org/viaf/8159234710803372593
"Bourque, Crystal",10281,http://viaf.org/viaf/309838672
"Bourque, Noel",10328,
"Bourque, Sharon",10977,
"Bourrie, Mark",9679,http://viaf.org/viaf/23873522
"Bouvier, Rita",13049; 13058,http://viaf.org/viaf/53494333
"Bouvier, Rita E.",9909,http://viaf.org/viaf/53494333
"Bow, Erin",11279; 11640; 11958; 8888,http://viaf.org/viaf/100696035; http://viaf.org/viaf/26764163
"Bowden, Angela",10793,http://viaf.org/viaf/16160544422809980548
"Bowden, Mark",8963,http://viaf.org/viaf/88081766
"Bowen, Gail",10852; 13276; 9649,http://viaf.org/viaf/10953194
"Bowen, Kelly",12320,http://viaf.org/viaf/317118104
"Bowen, Leah Simone",10323,http://viaf.org/viaf/29153713716858660050
"Bowen, Liz",8227,http://viaf.org/viaf/44150380439513370875
"Bower, Annette",10658,
"Bowering, George",11847; 9141,"http://viaf.org/viaf/34469976; https://viaf.org/viaf/34469976/#Bowering,_George,_1935-"
"Bowers, Cedar",10330; 11124; 11291,"http://viaf.org/viaf/4160604704416121534; https://viaf.org/viaf/4160604704416121534/#Bowers,_Cedar"
"Bowes, Barbara",12464,http://viaf.org/viaf/106029725
"Bowes, Matt",12425,
"Bowler, Kate",12404,http://viaf.org/viaf/268247622
"Bowles,  Vickery",12667,
"Bowles, Vickery",12739,
"Bowman, Arlene",13639,http://viaf.org/viaf/70985881
"Bowman, Norah",11935,http://viaf.org/viaf/56367533
"Boyagoda, Randy",10477; 11651; 13343; 13354; 8759; 8844; 9957,"http://viaf.org/viaf/81697350; http://viaf.org/viaf/81697350/#Boyagoda,_Randy,_1976-....; https://viaf.org/viaf/81697350/#Boyagoda,_Randy,_1976-...."
"Boychuk, Jenny",8953,http://viaf.org/viaf/19162365804625461581
"Boyd, Debbie",13317,
"Boyd, Marian Grace",9279,
"Boyle, Frances",10754; 13520; 13667; 13895; 8273; 9250; 9684,"http://viaf.org/viaf/311456985; https://viaf.org/viaf/311456985/#Boyle,_Frances,_1954-"
"Bracken, Sue",12119,http://viaf.org/viaf/192152138605010981842
"Bradasch, Robin",11116,
"Bradbury, Laura",9261,http://viaf.org/viaf/18155343962006312215
"Bradette, Marie-Ève",13128,
"Bradford, D.M.",13961,http://viaf.org/viaf/27162178699807850274
"Bradford, David",10289; 11502; 11536; 11538; 11870; 12690; 13946; 13990, http://viaf.org/viaf/27162178699807850274; http://viaf.org/viaf/27162178699807850274
"Bradley, Brian",8440, http://viaf.org/viaf/13157882981560442668
"Bradley, Cayenne",10240,
"Bradley, Gavin",9932; 9992,http://viaf.org/viaf/28163936163600831228
"Bradley, Helen Chau",8469; 8476; 8502; 8523; 8543; 8561; 8595,
"Bradley, Shaun",13294,
"Braem, Meg",9034; 9429,http://viaf.org/viaf/305192558
"Bragg, Mary Lee",9127; 9940,http://viaf.org/viaf/104308842; http://viaf.org/viaf/38640097
"Braid, Alison",10139,
"Braid, Kate",11824; 8576,http://viaf.org/viaf/23712869
"Braidek, Carla",10829,http://viaf.org/viaf/44034079
"Braley, Susan",11608,http://viaf.org/viaf/15166596671317591387
"Bramble, Fiona",8681,
"Bramer, Shannon",8304,http://viaf.org/viaf/78122658
"Brandon, Chris",11236,
"Brandt, Di",11037; 12973,"http://viaf.org/viaf/8566613; https://viaf.org/viaf/8566613/#Brandt,_Di,_1952-...."
"Brandt, Gerald",12305,http://viaf.org/viaf/159146094234700331515
"Branković, Antonia",8172,
"Brannagan Frederiksen, Melanie",11027,
"Brar, Moni",9071,
"Brask, Per",11532,http://viaf.org/viaf/12382194
"Braund, Susanna",8579,http://viaf.org/viaf/66507735
"Bray, Mark",10098,http://viaf.org/viaf/110029105
"Brayne, Sarah",13018,http://viaf.org/viaf/3130151656232908400008
"Brecken, Sue",9721,
"Breit, Nicole",10721; 13453,"http://viaf.org/viaf/250135180; https://viaf.org/viaf/250135180/#Breit,_Nicole,_1973-"
"Brent, Stephen",12669,
"Brett, Brian",13544; 8667,http://viaf.org/viaf/48179899
"Brewer, Nic",10477; 11529,"http://viaf.org/viaf/14162606619149532838; https://viaf.org/viaf/14162606619149532838/#Brewer,_Nic"
"Bridges, Switch",8238,https://versefest.ca/year/2020/poet/?id=482
"Bridgman, Rae",13266,http://viaf.org/viaf/69100588
"Brierley, Jane",13920,http://viaf.org/viaf/32714814
"Briesmaster, Allan",13542; 8384; 9685,http://viaf.org/viaf/41331582
"Brill, Emily",8227,
Britta B,13870,
"Brock, Teddie",12769,
"Brockobić, Erin",10323,
"Brockwell, Stephen",7913; 7914; 8156,http://viaf.org/viaf/63353484
"Brodoff, Ami Sands",11793; 12882; 13657,"http://viaf.org/viaf/51093005; https://viaf.org/viaf/51093005/#Brodoff,_Ami_Sands"
"Brody, Jessica",13461,http://viaf.org/viaf/26531852
"Broeckaert, Logan",11531,
"Brookes, Paul",12095,"https://viaf.org/viaf/29058850/#Brookes,_Paul,_1951-"
"Brooks, Kelsey Nichole",8188,
"Brooks, Russell",10018; 9840,"http://viaf.org/viaf/93472805/#Brooks,_Russell"
"Broom, Sarah",12510,http://viaf.org/viaf/44155707008222410304
"Brooman, Sydney Warner",11125; 11589; 8316,"http://viaf.org/viaf/13162420640032252099; https://viaf.org/viaf/13162420640032252099/#Brooman,_Sydney_Warner"
"Broomer, Stephen",9833; 9836,"http://viaf.org/viaf/317096415/#Broomer,_Stephen"
"Brossard, Nicole",10085; 10151; 7918,http://viaf.org/viaf/7387642
"Brouwer, Sigmund",11402; 11420,http://viaf.org/viaf/715830
"Brown, Andy",12425,http://viaf.org/viaf/7638176
"Brown, David",13500,
"Brown, Drew",10382,
"Brown, Hannah",13907,
"Brown, Hannah (Helen)",10298; 10302,http://viaf.org/viaf/14156372278307541009
"Brown, Janie",11226; 8746,"http://viaf.org/viaf/30157340781009922923; https://viaf.org/viaf/30157340781009922923/#Brown,_Janie_(Nurse)"
"Brown, Jay Alexander",8177,
"Brown, Jeffrey",12932,
"Brown, Jen",10538,
"Brown, Karma",10201,http://viaf.org/viaf/635154381145630292926
"Brown, Michelle Poirier",8667,
"Brown, Natasha",13023,http://viaf.org/viaf/196153061257119200704
"Brown, Nathan",10147,http://viaf.org/viaf/1380162669348055500008
"Brown, Ra'anaa",11537,
"Brown, Ron",12666,http://viaf.org/viaf/18489625
"Brown, Simon",12092; 13922; 8243,http://viaf.org/viaf/317005525
"Browne, Catherine",12724,
"Browning, Sommer",12103,http://viaf.org/viaf/17152864027304820901
"Brownlie, Jarvis",12405,
"Bruce, Katherine",10477,
"Brullemans, Pascal",8956,http://viaf.org/viaf/100988197
"Brulé, Ana",8225,
"Bruneau, Carol",8800,http://viaf.org/viaf/107786777
"Bruneau, Carole",10778,http://viaf.org/viaf/107786777
"Brunette, Alison",12698,
"Brunette-Debassige, Candace",8310,
"Brunning, Sarah",8226,
"Bruno Lobo, Marcia",9565,
"Bruno, Franklin",12102,http://viaf.org/viaf/19401630
"Brunton, Ruby",8227,
"Bryan, Ali",10377; 10858; 9060,"http://viaf.org/viaf/305933747; http://viaf.org/viaf/305933747/#Bryan,_Ali,_1978-"
"Bryan, Jay",10528,
"Bryan, Marie",9674,
"Bryant, Susan",11308,
"Bryce, Herb",11891,
"Brydges, David",11555; 11567; 9722," http://viaf.org/viaf/33484102; https://viaf.org/viaf/33484102/#Brydges,_David,_19..-...."
"Brydges, David C.",10255,
"Brydges, David Clayson",9732,http://viaf.org/viaf/102818903
"Buchanan, Rowan Hisayo",9435,http://viaf.org/viaf/175148207904400342304
"Buck, Wilfred",13120,http://viaf.org/viaf/8154257787724150553
"Buckna, Pat",11829; 11836; 11880; 11883,http://viaf.org/viaf/642160667591803560009
"Bucsis, Anastasia",12307,https://www.wikidata.org/wiki/Q1971455
"Buis, Susan",8671,http://viaf.org/viaf/88538597
"Bulckaert, Jay",11861; 11863,"https://viaf.org/viaf/21165392395521251122/#Bulckaert,_Jay"
"Bulger, Terrilee",13293,
"Bull, Julie",13279; 13284,
"Bumstead, Michael",9253,
"Bunch, Adam",10462; 12708,"http://viaf.org/viaf/74149841896702841849; http://viaf.org/viaf/74149841896702841849/#Bunch,_Adam"
"Burashko, Andrew",8797,http://viaf.org/viaf/46392313
"Burdick, Alice",13671,http://viaf.org/viaf/53816699
"Burdman, Raphael",10065,http://viaf.org/viaf/48161451460764101354
"Burelle, Julie",13138; 13139,http://viaf.org/viaf/42153288342032652165
"Burgess, Kayt",9276,http://viaf.org/viaf/305192505
"Burgess, Melvin",12345,http://viaf.org/viaf/115547666
"Burgham, Ian",9621,http://viaf.org/viaf/106669259
"Burgoyne, Keith",13296,
"Burgoyne, Sarah",10046; 11698; 9565,http://viaf.org/viaf/315171676
"Burke, Ann",9271,http://viaf.org/viaf/1322159474256427661598
"Burke, Jenn",8464,
"Burke, Kelley Jo",10651; 9000,http://viaf.org/viaf/90507326
"Burkholder Harris, Kaite",12310,
"Burkowicz, Taslim",9289,http://viaf.org/viaf/51149841933702841828
"Burley, Shane",10098,http://viaf.org/viaf/20154074475211742956
"Burman, Patrick",13602,
"Burnet, Jaime",10766,http://viaf.org/viaf/70156495279517560768
"Burnett, Richard",13390,
"Burnett, Richard Bugs",13000,
"Burnett-Wachmann, Shawna",9080,
"Burnham, Clint",10871; 12578; 12769; 12797; 9059,"http://viaf.org/viaf/37098139; https://viaf.org/viaf/37098139/#Burnham,_Clint,_1962-...."
"Burns, James A.",12264,http://viaf.org/viaf/104659516
"Burns, Megan",12097,http://viaf.org/viaf/305042343
"Burns, Melinda",10273,
"Burton, Nicole Marie",10221,http://viaf.org/viaf/4146634359241931381
"Burton, Wendy",10034; 11831,http://viaf.org/viaf/1841917; http://viaf.org/viaf/73198677
"Burton, Wilfred",10930,"https://viaf.org/viaf/106732686/#Burton,_Wilfred,_1958-"
"Busby, Brian",13928,http://viaf.org/viaf/63710843
"Busch, Akiko",12738,http://viaf.org/viaf/40763991
"Bush, Catherine",11310; 12306; 8327; 8772; 9378; 9674; 9794; 9795,"http://viaf.org/viaf/120739740; http://viaf.org/viaf/63207025; https://viaf.org/viaf/63207025/#Bush,_Catherine."
"Butala, Sharon",10488; 13305; 13308; 13497; 9036; 9041,http://viaf.org/viaf/266759895
"Butcher, Amy",8456,http://viaf.org/viaf/313488693
"Butler, Chris",11424,http://viaf.org/viaf/284359677
"Butler, Jenna",11650; 12427; 8621; 9475,"http://viaf.org/viaf/9663348; https://viaf.org/viaf/9663348/#Butler,_Jenna,_1980-"
"Butler, Sarah Louise",11495,http://viaf.org/viaf/50157340540509920162
"Buttice, Marco",8225,
"Button, Lana",10331; 12027,"http://viaf.org/viaf/102857350; https://viaf.org/viaf/102857350/#Button,_Lana,_1968-"
"Buyers, Jane",11306,http://viaf.org/viaf/29307022
"Byas, Taylor",8163,
"Bye, Clayton",8875; 8882,http://viaf.org/viaf/105613716
"Byenkya, Mugabi",10540,"https://viaf.org/viaf/5152259498916981482/#Byenkya,_Mugabi"
"Byers, Jane",10339; 13959; 8578,"http://viaf.org/viaf/306378983; http://viaf.org/viaf/306378983/#Byers,_Jane,_1966-"
"Byggdin, K. R.",10603, http://viaf.org/viaf/76164294799208410744
"Bylthe, Ali",11044, http://viaf.org/viaf/315590781
"Byrne, Anna",11836,http://viaf.org/viaf/34166002279575022089
"Byrne, Kerry C.",10296; 10299,
"Byrnes, Terence",9577,http://viaf.org/viaf/57930694
"Bátiz, Martha",10477,"https://viaf.org/viaf/48779841/#B%C3%A1tiz,_Martha"
"Béchard, Deni",11000,"https://viaf.org/viaf/66796450/#B%C3%A9chard,_Deni_Ellis,_1974-"
"Béchard, Deni Ellis",13980,http://viaf.org/viaf/66796450
"Bélanger, Jennifer",10016,"http://viaf.org/viaf/1158367504401280001/#B%C3%A9langer,_Jennifer,_1991-"
"Bélanger, Paul",10075; 10078; 13609,http://viaf.org/viaf/22444986; http://viaf.org/viaf/64104937
"Bök, Christian",7918,http://viaf.org/viaf/56843291
"C, Laurel",13560,
CRYSTALCLEAR,13606,
"Cadeau, Charmaine",10295,http://viaf.org/viaf/43701315
Cadence Weapon,10477,"https://viaf.org/viaf/85843270/#Cadence_Weapon,_1986-"
"Cader, Fathima",13010; 13348; 13386,
"Cadieux, Keith",11026; 12329,1982-; http://viaf.org/viaf/127802322
"Caesar-Chavannes, Celina",10464; 12064,"http://viaf.org/viaf/100159032581001180900; http://viaf.org/viaf/100159032581001180900/#Caesar-Chavannes,_Celina,_1974-"
"Caetano, Cody",10477,"https://viaf.org/viaf/38163088733294542893/#Caetano,_Cody"
"Cafarelli, Alex",11765; 8428; 8449; 8453,
"Cain, Noah",11027,
"Cairns, Philip",9880; 9904; 9910; 9951; 9986,
"Calder, Kathryn",10972,http://viaf.org/viaf/160175752
"Calderón, Gabe",10482,"https://viaf.org/viaf/16165135653900301488/#Caldero%CC%81n,_Gabe"
"Caldwell, Claire",11945; 12098; 9285; 9966,"http://viaf.org/viaf/310611373; https://viaf.org/viaf/310611373/#Caldwell,_Claire,_1988-"
"Callahan Henry, Patti",9667,"https://viaf.org/viaf/79551812/#Henry,_Patti_Callahan."
"Callahan, Patti",13376,ttp://viaf.org/viaf/79551812
"Callanan, Andreae",10139; 11680; 9696,http://viaf.org/viaf/15161209135439861429
"Callanan, Mark",9696; 9814,http://viaf.org/viaf/58780060
"Callender, Kacen",10377; 8541,"http://viaf.org/viaf/15150645236710622641; http://viaf.org/viaf/15150645236710622641/#Callender,_Kacen."
"Caloia, Nicolas",8178,http://viaf.org/viaf/242149066400165601059
"Caltabiano, Maria",10066; 10075; 10078; 8187; 8607,http://viaf.org/viaf/21161390598858260868
"Calvé, Nicolas",13919,http://viaf.org/viaf/103245942
"Cameron, Claire",11598,http://viaf.org/viaf/66252697
"Cameron, Ian Arthur",11049, http://viaf.org/viaf/106728181
"Cameron, Kat",9922,http://viaf.org/viaf/461156223605005400001
"Cameron, Katie",10295,http://viaf.org/viaf/66212956
"Cameron, Layla",8572,
"Cameron, Peter",12660,http://viaf.org/viaf/12330519
"Camfield, David",10098,http://viaf.org/viaf/106134121
"Camia, Shirley",13528,http://viaf.org/viaf/172016637
"Camlot, Jason",11109; 11706; 11766; 11767; 11768; 11769; 11770; 11772; 11783; 11784; 12226; 12227; 12228; 12230; 12237; 12238; 12239; 12334; 12336; 12338; 12339; 12377; 12474; 12475; 12476; 12477; 12479; 12480; 12482; 12485; 12486; 12488; 12489; 12490; 12492; 12527; 12529; 12766; 12768; 12807; 12826; 12828; 8172; 8175; 8176; 8177; 8178; 8179; 8180; 8183; 8184; 8186; 8188; 8189; 8190; 8336,http://viaf.org/viaf/9074032; http://viaf.org/viaf/90740324
"Cammy, Jeremy",11426,
"Camozzi, Lp",11698,http://viaf.org/viaf/106606673
"Camp, Kate",10085,http://viaf.org/viaf/63641866
"Campbell, Brett",10022; 9771; 9879; 9900,
"Campbell, Brian",8168; 8255; 8607,http://viaf.org/viaf/102770517
"Campbell, Chad",8951,http://viaf.org/viaf/313484884
"Campbell, Charles",11991; 8878,
"Campbell, Jessica",8278,http://viaf.org/viaf/305283730
"Campbell, Louise",11769; 8176,
"Campbell, Maria",10605; 10930; 13055,"http://viaf.org/viaf/64135396; https://viaf.org/viaf/64135396/#Campbell,_Maria,_1940-...."
"Campbell, Nicola",9884,https://viaf.org/viaf/88534105/
"Campbell, Scott",10098,
"Campbell, Shelly",9584,http://viaf.org/viaf/11159637173443112494
"Campbell, Tenille",12761,http://viaf.org/viaf/253148996092359752085
"Campbell, Tenille K",13324; 13325,http://viaf.org/viaf/253148996092359752085
"Campbell, Twyla",13341,http://viaf.org/viaf/19153893704702292066
"Campos, Isabel Sobral",12103,http://viaf.org/viaf/19154257824724150929
"Campos-Silvius, Sarah",10484,
"Canon, Ian",12965,
"Canton, Licia",11367; 11368; 11370; 11371; 11372; 11373; 11375; 11376; 11377; 11378,http://viaf.org/viaf/256705
"Cao, Jewel",10240,
"Caple, Natalee",12096,http://viaf.org/viaf/56222115
"Caprani, Francis John",8188,
"Caravecchia, Emilie Sarah",13133,
"Carbone, Eloise",8653,
"Cardinal, Cliff",8896,http://viaf.org/viaf/2148751958341200657
"Cardona, Lady Vanessa",13726,http://viaf.org/viaf/19150030573010961564
"Carew, D.B.",9153; 9155,http://viaf.org/viaf/305358816
"Carey, M.R.",9349,http://viaf.org/viaf/305836038
"Cariou, Warren",12330,http://viaf.org/viaf/19020458
"Caritas Longman, Madelaine",11694; 12213; 7886; 9572,http://viaf.org/viaf/41156219546404742676
"Carla, Funk",10973,http://viaf.org/viaf/23371776
"Carley, Glenn",10045; 10067,http://viaf.org/viaf/78580309
"Carmichael, Jacqueline",11816; 11819; 11824; 11826; 11831; 11838; 11881; 11883; 11885; 11892; 11898,http://viaf.org/viaf/15159518357132772654
"Carmichael, Jacqueline Larson",11381,"https://viaf.org/viaf/15159518357132772654/#Carmichael,_Jacqueline_Larson"
"Carmichael, Jodi",12354,http://viaf.org/viaf/304889413
"Carner, Talia",11689,"https://viaf.org/viaf/14218316/#Carner,_Talia"
"Carolan, Trevor",8679,http://viaf.org/viaf/28674674
"Caron, Julia",12712,
"Carpenter, Craig",12803,
"Carpenter, J.R.",12108; 8260,"Carpenter, J.R; http://viaf.org/viaf/102767384"
"Carr, Angela",8303,http://viaf.org/viaf/73310576
"Carranza, Leonarda",10477; 11531,"http://viaf.org/viaf/39162781480565982456; https://viaf.org/viaf/39162781480565982456/#Carranza,_Leonarda"
"Carre, Brenda",10286,
"Carrick-Varty, Joe",8951,http://viaf.org/viaf/5160208657348621801
"Carroll, Cynthia",9798,"https://viaf.org/viaf/106586511/#Carroll,_Cynthia"
"Carroll, Sean B.",8983,http://viaf.org/viaf/46941795
"Carson, Anne",11672,http://viaf.org/viaf/110404294
"Carson, Louise",8222; 8272; 9703,http://viaf.org/viaf/305358790
"Carter, Annie",13869; 13870; 13872; 13873; 13874; 13875; 13876; 13877; 13878; 13879; 13880; 13881; 13882; 13883; 13884; 13885; 13886; 13887; 13888; 13889; 13890; 13891; 13892; 13893,
"Carter, Barbara",13639,
"Carter, Evan",13892,
"Carter, Kern",10327; 13910; 13911; 13913,http://viaf.org/viaf/24160422952768031219; http://viaf.org/viaf/28163936533400832788
"Carter, Lauren",12444; 13218; 13531; 13663; 9971; 9974,http://viaf.org/viaf/106579555
"Carter, Michaela",11843,"https://viaf.org/viaf/1069159820934514000004/#Carter,_Michaela,_1967-"
"Carter, Sue",12754; 8800,
"Carter, Tania",8663,http://viaf.org/viaf/19155409710408742647
"Carter, Terry Ann",11622; 8377,http://viaf.org/viaf/67694150
"Case, Cheryll",10477,"https://viaf.org/viaf/38155767332027761488/#Case,_Cheryll,_1995-"
"Casey, Brad",8227; 8228; 9278, http://viaf.org/viaf/1151533614402771083; http://viaf.org/viaf/1151533614402771083
"Casper, Claudia",9882,http://viaf.org/viaf/79435053
"Cassidy, Sara",11387; 9030,"http://viaf.org/viaf/171016487; https://viaf.org/viaf/171016487/#Cassidy,_Sara"
"Cassidy, Sean",11430,http://viaf.org/viaf/1829233
"Cassidy, Walt",9863,"http://viaf.org/viaf/4008158735252933250003/#Cassidy,_Walt,_1972-...."
"Castañeda, Héctor",13721; 13810,
"Castillo, Ani",10391,"http://viaf.org/viaf/1153953133205560760/#Castillo,_Ani"
"Castilloux Calderon, Gabriel",9024,
"Castrillon, Jaene F.",10536; 10540,
"Castro Rodriguez, Fidel",10098,http://viaf.org/viaf/262916347
"Catalano, Francis",13610,http://viaf.org/viaf/33815220
"Caul, Kaitlin",11452,http://viaf.org/viaf/1162842127073041832
"Cawthorne, Jane",9927,http://viaf.org/viaf/122335069
"Cayer, Lori",11055,"https://viaf.org/viaf/68649026/#Cayer,_Lori"
"Cayley, Kate",11954; 9701,http://viaf.org/viaf/177317315
"Cee, Delica",8652,
"Celona, Marjorie",8944,http://viaf.org/viaf/106490839
"Cenac, Wyatt",7945,http://viaf.org/viaf/106833127
"Cercas, Javier",13942,http://viaf.org/viaf/9979439
"Cerreta, Suzanne",8357,
"Cessac, Christopher",9723,http://viaf.org/viaf/4292005
"Cha, Steph",12617,http://viaf.org/viaf/3631158005997902100003
"Chabitnoy, Abigail",10291,http://viaf.org/viaf/7153470897945081621
"Chabon, Michael",12943,http://viaf.org/viaf/49255278
"Chabot, Denis-Martin",13940,http://viaf.org/viaf/78504449
"Chacaby, Ma-Nee",8868,http://viaf.org/viaf/29145541766596601619
"Chadha, Akshi",11576,
"Chafe, Aidan",10922; 13460; 9926,"http://viaf.org/viaf/4150565503006251031; https://viaf.org/viaf/4150565503006251031/#Chafe,_Aidan,_1983-"
"Chafe, Robert",8960,"http://viaf.org/viaf/76034501/#Chafe,_Robert"
"Chai, Joylyn",10724,
"Chajes, Yossi",12935,http://viaf.org/viaf/238618969
"Chakrabarti, Jai",11717,"https://viaf.org/viaf/16150565507706250526/#Chakrabarti,_Jai"
"Chakraborty, Dilip Kumar",8738,http://viaf.org/viaf/7533816
"Chakravarthy, Ankur",10528,
"Chalifoux, Aimee",13831,
"Chambers, Chris",10292,http://viaf.org/viaf/33995026
"Chambers, Guy",11648,
"Chambers, Treena",12579; 12797,
"Champsee, Sonal",8850,
"Chan, Anto",13869; 13870; 13872; 13873; 13874; 13875; 13876; 13877; 13878; 13879; 13880; 13881; 13882; 13883; 13884; 13885; 13886; 13887; 13888; 13889; 13890; 13891; 13892; 13893,
"Chan, Crystal",10044; 8356,http://viaf.org/viaf/296975173
"Chan, Jody",8159; 8442,http://viaf.org/viaf/15161997058844431123
"Chan, Leo",12557,
"Chan, Marc-Alexandre",11767,
"Chan, Marianne",8164,
"Chan, Marty",10198; 10850; 13427,http://viaf.org/viaf/53503822
"Chan, Sharon Miki",10292,
"Chan, Wahying",8648,
"Chan, Weyman",11846; 11855; 13676; 9112," http://viaf.org/viaf/36291453; http://viaf.org/viaf/36291453; https://viaf.org/viaf/36291453/#Chan,_Weyman"
"Chan, William",8648,
"Chancy, Myriam",13342,http://viaf.org/viaf/119158299
"Chandrakanthan, A. J. V.",10695,http://viaf.org/viaf/105347042
"Chang, Alexandra",12617,http://viaf.org/viaf/46155564069313002512
"Chang, Janie",10840; 13413; 8793; 9611,"http://viaf.org/viaf/303659611; https://viaf.org/viaf/303659611/#Chang,_Janie,_1960-"
"Chang-Richardson, Ellen",10022; 10139; 10152; 10294; 10758; 12091; 13649; 13650; 13913; 9360; 9368; 9606,http://viaf.org/viaf/64171185111547772586
"Chantsev, Aleksandr",10928,"https://viaf.org/viaf/171527716/#%C4%8Cancev,_Aleksandr_Vladimirovi%C4%8D,_1978-"
"Chao, Lien",12518; 12566,http://viaf.org/viaf/54403960
"Chaouni, Layla",13978,http://viaf.org/viaf/781149294425580521674
"Chapman, Aaron",11908,http://viaf.org/viaf/273463952
"Chapman, Brenda",10132,http://viaf.org/viaf/2262162
"Chapman, Marie",9740,
"Charest, Nelson",11674; 8246,http://viaf.org/viaf/106529884
"Charland, Ben",9457; 9510; 9515,http://viaf.org/viaf/31724565
"Charlebois, Éric",13143; 8246; 8262,http://viaf.org/viaf/46135725
"Charles, Kathleen",8479,
"Charlette, Colleen",13055,
"Charlotte, Colleen",13060,
"Charnas, Dan",13382,http://viaf.org/viaf/120445324
"Chartrand, Shane",13404,https://viaf.org/viaf/25154620804044590292/
"Chatterjee, Ronjaunee",9573,http://viaf.org/viaf/8163567936816382504
"Chau Bradley, H. Felix",13933,http://viaf.org/viaf/11162781305665981546
"Chau Bradley, Helen",10128; 10359; 10477; 11711; 11760; 11830; 11833; 11870; 11913; 12456; 7956; 8228; 8496; 9858; 9955,"http://viaf.org/viaf/11162781305665981546; http://viaf.org/viaf/11162781305665981546/#Chau_Bradley,_Helen,_1986-; https://viaf.org/viaf/11162781305665981546/#Chau_Bradley,_Helen,_1986-"
"Chaulk, Mike",9406; 9583,http://viaf.org/viaf/11157467796022320044
"Chaves, Martha",9106,http://viaf.org/viaf/9162365751625461799
"Chayko, J.G.",13647,
"Chaze, Ra'i",13150,http://viaf.org/viaf/304695993
"Chen, Ching-In",7923,http://viaf.org/viaf/155148705734337080003
"Chen, Leilei",13917; 9479,"http://viaf.org/viaf/46147118187826340898; https://viaf.org/viaf/46147118187826340898/#Chen,_Leilei,_1970-"
"Chenette, Sue",10011; 9616,http://viaf.org/viaf/53925948
"Cheng, Hannia",13888,
"Chesham, Andrew",11154; 8632,"http://viaf.org/viaf/46162781482865982477; https://viaf.org/viaf/46162781482865982477/#Chesham,_Andrew"
"Cheuk, Sam",11526,http://viaf.org/viaf/166136983
"Cheung, Stanford",9708,
"Cheung, Winnie",12525,http://viaf.org/viaf/33157340542509920816
"Chiang, Sylv",12023; 12383,"http://viaf.org/viaf/30150565522906251249; https://viaf.org/viaf/30150565522906251249/#Chiang,_Sylv"
"Chiasson, Luc-Antoine",13584; 13585; 13586; 13587; 13588; 13589; 13590; 13591; 13592; 13593; 13594; 13595; 13596; 13597; 13598; 13599; 13600,http://viaf.org/viaf/5156312289102080828
"Chiderah Harris-Eze, Mirabelle",11778,
"Chilton, Eruoma Ottawa",13153,
"Chin, Staceyann",10098,http://viaf.org/viaf/24074052
"Chiu, Joanna",12763; 13027,http://viaf.org/viaf/25162178893207851812
"Cho, Allan",12558,http://viaf.org/viaf/316787273
"Cho, Lin",12557,
"Cho, Zen",13352,http://viaf.org/viaf/315172307
"Chobsky, Stephen",8560,http://viaf.org/viaf/32302874
"Choi, Ann Y. K",10095,http://viaf.org/viaf/317096148
"Choi, Ann Y. K.",10178; 12739; 9446; 9548; 9559, http://viaf.org/viaf/317096148; http://viaf.org/viaf/317096148
"Choi, Ann Y.K.",13909,http://viaf.org/viaf/317096148
"Cholette, Gabriel",10339; 13959,"http://viaf.org/viaf/4360161514247870750005; http://viaf.org/viaf/4360161514247870750005/#Cholette,_Gabriel"
"Chomichuk, GMB",12469,http://viaf.org/viaf/169245667
"Chomsky, Noam",10098,http://viaf.org/viaf/89803084
"Chomyshyn, Kate",10477; 10525,
"Chong, Kevin",12826; 8676; 9853,http://viaf.org/viaf/12519313; http://viaf.org/viaf/3081148269768505230003
"Chong, Vei",13893,
"Chong, Vivian",12667; 8567,http://viaf.org/viaf/34160725866710182588
"Chopra, Deepak",11334,"https://viaf.org/viaf/34491177/#Chopra,_Deepak,_1946-...."
"Chopra, Meena",9716; 9999, http://viaf.org/viaf/4153470965445082727; http://viaf.org/viaf/4153470965445082727
"Chow, Derrick",11761,http://viaf.org/viaf/131146331880618691622
"Choy, Wayson",8925,http://viaf.org/viaf/116852444
"Choyce, Lesley",11776,http://viaf.org/viaf/51718228
"Christakos, Margaret",11974; 8199; 8219; 9079; 9616,"http://viaf.org/viaf/34015325; https://viaf.org/viaf/34015325/#Christakos,_Margaret"
"Christensen, Andrée",8236,http://viaf.org/viaf/14934190
"Christiansen, Lisa",11300; 8193,
"Christie, Michael",8626,http://viaf.org/viaf/175707489
"Christle, Heather",10896,ttp://viaf.org/viaf/103074918
"Christmas, Jane",10006; 9747,http://viaf.org/viaf/103566636
"Christmas, Jillian",10399; 10909; 11223; 11252; 11904; 13340; 13547; 13581; 8156; 8232; 8674; 8990; 9353,"http://viaf.org/viaf/40157340760609922265; https://viaf.org/viaf/40157340760609922265/#Christmas,_Jillian,_1983-"
"Chua, Charlene",12029,http://viaf.org/viaf/43744684
"Chytra, Lesia",10077,
"Ciambella, Matteo",8226,
"Cienska, Maita",13779,
"Cindric, Dina",8172,
"Cinnamon, Bruce",9136,http://viaf.org/viaf/31153470889845082116
"Cipri, Nino",8294,http://viaf.org/viaf/102153061320719201762
"Cisneros, Domingo",13155,http://viaf.org/viaf/267385421
"Clamen, Jenn",9454, http://viaf.org/viaf/317015626
"Clanton, Ben",11412; 11418,http://viaf.org/viaf/187299489
"Clare, Kerry",12673; 13372,http://viaf.org/viaf/305933798
"Clark, Moe",12801,http://viaf.org/viaf/317024729
"Clark, Nancy Kay",8432,
"Clarke, Alison",11460; 11559; 9122,http://viaf.org/viaf/68755529
"Clarke, Austin",8785,http://viaf.org/viaf/84973273
"Clarke, Fiona Ray",8970,http://viaf.org/viaf/271329121
"Clarke, Fiona Raye",8899,http://viaf.org/viaf/271329121
"Clarke, George Elliott",10024; 10035; 10039; 10152; 10603; 10796; 11329; 11488; 11885; 12116; 13658; 9730,"http://viaf.org/viaf/60233262; https://viaf.org/viaf/60233262/#Clarke,_George_Elliott,_1960-"
"Clarke, HA",8293,
"Clarke, Paul T.",12447,http://viaf.org/viaf/41287073
"Claudia, Cornwall",11831,http://viaf.org/viaf/1722543
"Clausson, Nils",10659,http://viaf.org/viaf/18154196721720110326
"Clavelle, Karen",12302,http://viaf.org/viaf/106147306
"Clay, Adam",12096,http://viaf.org/viaf/31430344
"Clay, dl",13462,http://viaf.org/viaf/106702328
"Clayton, Conyer",10738; 12089; 13616; 13662; 8211; 8259; 8268; 9584; 9809,"http://viaf.org/viaf/39156563659223242849; https://viaf.org/viaf/39156563659223242849/#Clayton,_Conyer"
"Clayton, Dhonielle",10377,"http://viaf.org/viaf/316000454/#Clayton,_Dhonielle,_1983-"
"Clayton, Meg Waite",11843,"https://viaf.org/viaf/79553397/#Clayton,_Meg_Waite"
"Cleeves, Ann",10593; 8968,http://viaf.org/viaf/40585642
"Clement, Tanya E.",12765,http://viaf.org/viaf/335161696233716120004
"Clermont, Stéfanie",9817,http://viaf.org/viaf/1150746794216300457
"Clerson, David",13923,http://viaf.org/viaf/187575629
"Clews, Brenda",9904; 9909; 9938; 9950; 9978,http://viaf.org/viaf/301395980
"Cliff, Tony",8642,http://viaf.org/viaf/305205540
"Clifford, Mark L.",13380,http://viaf.org/viaf/114009349
"Cline, Kayleigh",11460,
"Clink, David",9582; 9614; 9879; 9988,http://viaf.org/viaf/16911904
"Cloutier, Jennifer",11771,
"Clowater, Roberta",9737; 9802,"https://viaf.org/viaf/105602623/#Clowater,_Roberta_Dawn,_1965-"
"Coady, Liam",9479,
"Coady, Lynn",10076; 12792; 9478,http://viaf.org/viaf/81079630
"Coates, Dana",13265,http://viaf.org/viaf/209907565
"Coben, Harlan",12721; 8913,http://viaf.org/viaf/116846308
"Coccia, Paul",8458,http://viaf.org/viaf/12155042772772401888
"Cockrall-King, Jennifer",10201; 13404; 9479,"http://viaf.org/viaf/186755733; https://viaf.org/viaf/186755733/#Cockrall-King,_Jennifer,_1971-....."
"Code, Margaret",10021; 9582; 9606; 9620; 9685; 9705; 9907; 9913,
"Coelho, Alexandra Lucas",13950,http://viaf.org/viaf/99209205
"Coffey, Sherry",8268,
"Coffin, Judith G.",13025,http://viaf.org/viaf/61659181
"Coffin, Shayne",12113,http://viaf.org/viaf/8154257778424150583
"Cogan, Leah",12310,
"Cognito, Ian",13625; 13846,
"Cohen, Joy",10073,http://viaf.org/viaf/100657358
"Cohen, Leamore",11791,
"Cohen, Sidney",11860,
"Cohen, Yolande",12895,http://viaf.org/viaf/54160125
"Cohn, Marianne",13982,http://viaf.org/viaf/3312039
"Cohn, Martin Regg",10477,
"Colbert, Jade",8947,http://viaf.org/viaf/250483781
"Cole, Cara Lessard",8177,
"Cole, Desmond",10203; 11944; 12667; 13415; 8670; 8901; 8902; 8905; 8970; 9048; 9479,"http://viaf.org/viaf/14154800155056190765; https://viaf.org/viaf/14154800155056190765/#Cole,_Desmond,_1982-"
"Cole, Jessica",13461,
"Cole, Megan",10294; 11124; 11887; 11902; 11908; 13456; 13458; 13468; 13482; 13499; 13507,
"Cole, Susan G.",12504; 8977; 9011; 9407; 9448,http://viaf.org/viaf/114343662
"Coleman, Bill",8795,
"Coleman, Nisha",8172,http://viaf.org/viaf/991145857125322921819
"Coles, Megan Gail",10102,http://viaf.org/viaf/102812293
"Colley, Linda",13017,http://viaf.org/viaf/108628646
"Collin, Julie",13131,
"Collin, Marie-Christine",10386,
"Collins, Cobra",9067; 9124,
"Collins, Lydia",8450; 8452,
"Collis, Stephen",11123; 13457; 13857,"http://viaf.org/viaf/61873157; https://viaf.org/viaf/61873157/#Collis,_Stephen,_1965-...."
"Colman, Rob",13663,http://viaf.org/viaf/90479007
"Colman, Robert",8213; 9966,http://viaf.org/viaf/90479007
"Comack, Elizabeth",12451,http://viaf.org/viaf/50673840
"Comeau, Melissa",8305,
"Comer, Valerie",14128,http://viaf.org/viaf/267330530
"Compton, Wayde",11488; 11893; 12434; 13680; 8630; 8668; 8670,http://viaf.org/viaf/17464408
"Comtois, Louise",11527,http://viaf.org/viaf/233085034
"Conall, Bill",12031,http://viaf.org/viaf/102894728
"Conery, Ashlee",10291,http://viaf.org/viaf/860144647710402820869
"Conklin Hutchinson, Kim",11970,
"Conlin, Christy Ann",10050; 9977,http://viaf.org/viaf/106314350
"Conlin, Christy-Ann",11993,http://viaf.org/viaf/106314350
"Conn, Heather",13453; 13900,http://viaf.org/viaf/68328546
"Connolly, Kevin",10085,http://viaf.org/viaf/38750401
"Connors, Patrick",13594,http://viaf.org/viaf/508160483759904991529
"Connors, Patrick Timothy",9772,http://viaf.org/viaf/302318161
"Conrad, Angie",8628,http://viaf.org/viaf/11671367
"Conrad, C. A.",9941,http://viaf.org/viaf/76005757
"Constam, Simon",10019,
"Constantineau, Vera",11563; 8863; 8880,"http://viaf.org/viaf/9151654651808280346; https://viaf.org/viaf/9151654651808280346/#Constantineau,_Vera,_1951-"
"Cook, Christopher",8955,
"Cook, Eileen",11219; 11827; 12436; 13455; 8632,"http://viaf.org/viaf/36346690; http://viaf.org/viaf/53753988; https://viaf.org/viaf/36346690/#Cook,_Eileen."
"Cook, Judy",13264,
"Cook, Matt W.",8444,
"Cook, Méira",10477,"https://viaf.org/viaf/97746634/#Cook,_M%C3%A9ira,_1964-"
"Cooke, Cait",9840,
"Cool, Al",11886,
"Cooley, Dennis",11082; 12110; 12282; 12283; 12302; 12403,"http://viaf.org/viaf/32011503; https://viaf.org/viaf/32011503/#Cooley,_Dennis,_1944-...."
"Cooley, Pat",13303,
"Cooper, Afua",10775; 11488; 8670; 8902; 8905,http://viaf.org/viaf/49116761
"Cooper, Paige",9691,http://viaf.org/viaf/2152329213402672291
"Cooper, Sally",9473,http://viaf.org/viaf/23958717
"Copeland, Stacey",12486; 12488; 12768; 12798,
"Cordeiro, Elizabeth",9115,
"Corey, Joshua",12114,http://viaf.org/viaf/31946359
"Corinthios, Gisele",10477,
"Corkery, Mary",9986,http://viaf.org/viaf/3148751955441200323
"Cormack, Jay",12991,
"Cormier-Larose, Catherine",10153,http://viaf.org/viaf/2145003267861300437
"Cornwall, Lecia",9109,http://viaf.org/viaf/170931642
"Cortese, Franco",11969; 9787,
"Cosgrave, Bill",8644,
"Cosma, Flavia",8168; 8272,http://viaf.org/viaf/70573765
"Costa, Paul Edward",13827; 9725; 9733,http://viaf.org/viaf/706160483899404992777
"Cote, Rachel Vorona",12326,http://viaf.org/viaf/23156760345440850290
"Cottinet, Marie-Loup",13162,
"Cotton, Shawn",13597,http://viaf.org/viaf/121814442
"Cottrill, Jeff",9615; 9621; 9716,
"Coulson, Christine",12754,http://viaf.org/viaf/13155042693572401573
"Courchene, Darren",12463,
"Cousineau Mollen, Maya",11674; 13128; 13147; 13157,http://viaf.org/viaf/1147905116579091729; http://viaf.org/viaf/3610166600433718000009
"Cousineau-Mollen, Maya",8236,http://viaf.org/viaf/1147905116579091729
"Cousins, Rose",10794,http://viaf.org/viaf/106663818
"Couture Grondin, Élise",13137,
"Couture, Christa",10005; 8760; 9407; 9479; 9996,"http://viaf.org/viaf/106667646; https://viaf.org/viaf/106667646/#Couture,_Christa,_1978-"
"Couture, Zachary",8358,
"Covell, Tim",10770,http://viaf.org/viaf/26164906118817850625
"Covello, Paul",12028,"https://viaf.org/viaf/5154257972424152550/#Covello,_Paul,_1984-"
"Cowan, Judith",10078,http://viaf.org/viaf/9378150382272113500001
"Cowan, T. L.",12797,http://viaf.org/viaf/128162365990225462765
"Cowart, Leigh",13355,http://viaf.org/viaf/4161997032644431068
"Cowie, Amber",11233; 11298,"https://viaf.org/viaf/1156988896361001956/#Cowie,_Amber"
"Cowie, Del F",13001,
"Cowper, Daniel",10283; 11904; 8667,http://viaf.org/viaf/3149233251576510289; http://viaf.org/viaf/3950159478051327990006
"Cox, Alexei Perry",11769; 9497; 9498; 9501; 9567; 9682,http://viaf.org/viaf/315590822; http://viaf.org/viaf/38781007
"Cox, Anna",9406,http://viaf.org/viaf/19160060191735602372
"Coyle, Mary",9741,
"Coyote, Ivan",10009; 11291; 11578; 11592; 11593; 11594; 11595; 11643; 11683; 8311; 8332; 8334; 8335; 8337; 8338; 8423; 8964; 9049; 9090; 9448,"http://viaf.org/viaf/31340195; https://viaf.org/viaf/31340195/#Coyote,_Ivan,_1969-"
"Craft, Aimée",12308,http://viaf.org/viaf/295303078
"Craft, Marilou",10018,"http://viaf.org/viaf/308227276/#Craft,_Marilou,_1988-...."
"Cragg, Carys",13458,http://viaf.org/viaf/4150565637406251860
"Craig, Charmaine",13348,http://viaf.org/viaf/51030726
"Craigie, Gregor",8624; 9803,"http://viaf.org/viaf/8161816281127721766; https://viaf.org/viaf/8161816281127721766/#Craigie,_Gregor"
"Cramer, David",13178; 13179; 13180; 13181; 13182; 13183; 13184; 13185; 13186; 13188; 13190; 13192; 13194; 13196; 13198; 13200; 13202; 13204; 13208; 13211,
"Cranbury, Sean",11121; 11122; 11123; 11124; 11125; 11155; 11161; 11163; 11166; 11168; 9419,
"Crane, Dede",10450; 10591,http://viaf.org/viaf/4684316
"Crangle, Claudine",10477,"https://viaf.org/viaf/106358425/#Crangle,_Claudine"
"Crangle, Fiona",9611,
"Crawford, Lucas",10929,"https://viaf.org/viaf/315595097/#Crawford,_Lucas"
"Creed, Carolyn Joy",11027,
"Crelinsten, Michael",12907,
"Crewe, Lesley",10116; 10778,http://viaf.org/viaf/51108303
"Crewe, Leslie",8909,http://viaf.org/viaf/51108303
"Crews, David",8346,
"Crier, Nautia",10980,
"Crilly, Brandon",10284,
"Crimeli, Gabe",12027,
"Cristofoli, Norman",13587; 9706,http://viaf.org/viaf/165940766
"Critch, Mark",10119,http://viaf.org/viaf/315603662
"Crocker, Eva",12417; 7956; 8521; 8782; 9945,http://viaf.org/viaf/20149414875189550029
"Crocker, Sophie",10233,http://viaf.org/viaf/27165392850221252986
"Croll, Jennifer",11219; 11220,"https://viaf.org/viaf/1426145857064422921351/#Croll,_Jennifer"
"Croll, Su",11172; 11173; 11175; 11176; 11178; 11656; 12099,"http://viaf.org/viaf/23816095; https://viaf.org/viaf/23816095/#Croll,_Su,_1961-"
"Crosfield, Linda",11621,http://viaf.org/viaf/96805091
"Cross-Blanchard, Molly",10047; 11680; 12348; 13504; 9601; 9883,http://viaf.org/viaf/10161573648604522407
"Crossfield, Maurice",10841,http://viaf.org/viaf/316981886
"Crozier, Lorna",10598; 12433; 12483; 12563; 8321; 8393; 8537; 8615; 8662; 8926; 9148; 9407; 9429; 9459; 9479; 9615," http://viaf.org/viaf/115427026; http://viaf.org/viaf/115427026; https://viaf.org/viaf/115427026/#Crozier,_Lorna,_1948-...."
"Crozman, Ingrid",8326,
"Cruikshank, Ken",9486,"https://viaf.org/viaf/112488093/#Cruikshank,_Ken,_1957-"
"Crummey, Michael",10369; 10375; 10765; 10766,http://viaf.org/viaf/74089186
"Cruz, Cynthia",12102,http://viaf.org/viaf/19108466
"Crymble, Phillip",10925; 11107,"http://viaf.org/viaf/24132439; https://viaf.org/viaf/24132439/#Crymble,_Phillip,_1967-"
"Cull, Tom",11573; 8311; 8312; 8333,http://viaf.org/viaf/306383812
"Cullen, Nancy Jo",10477; 11327; 9538,"http://viaf.org/viaf/63367907; https://viaf.org/viaf/63367907/#Cullen,_Nancy_Jo"
"Culp, Miranda",11527,
"Cummings, Ronald",10326; 9956,http://viaf.org/viaf/1924159521657233070002
"Cunningham, Darryl",8274,http://viaf.org/viaf/319161881814834100001
"Cunningham, Francine",11122; 11837; 13521; 13529; 8671; 8697; 9844,"http://viaf.org/viaf/42155830450733071462; https://viaf.org/viaf/42155830450733071462/#Cunningham,_Francine,_1984-"
"Cunningham, Haley",8532,
"Curd, Dale",10416,http://viaf.org/viaf/15157222908384972571
"Curd, David",8987,http://viaf.org/viaf/15157222908384972571
"Currie, Adrian",13870; 13873; 13874; 13875; 13876; 13877; 13878; 13879; 13880; 13881; 13882; 13883; 13884; 13885; 13886; 13887; 13888; 13889; 13890; 13891; 13892; 13893,
"Currie, Andrea",10771; 8907,
"Currie, Miranda",11873,"https://viaf.org/viaf/305358709/#Currie,_Miranda,_1980-"
"Currin, Jen",13457; 9882, http://viaf.org/viaf/63755813; http://viaf.org/viaf/63755813
"Curtis, Nathalie",12495; 12498; 12501; 12502; 12505; 12506; 12509; 12516; 12519; 12521; 12524; 12554; 12559; 12563; 12568; 12569; 12571; 12572; 12573; 12616; 12652; 12665; 12666; 12669; 12672; 12673; 12677; 12683; 12684; 12701; 12702; 12706; 12708; 12716; 12721; 12724; 12728; 12735; 12736,
"Curwin, Julie",12031; 8909,http://viaf.org/viaf/6159335299212961476
"Cushman, Rachel",12333,
"Cusmano, Domenic",11781,http://viaf.org/viaf/65236490
"Cusmano, Dominic",11376,http://viaf.org/viaf/65236490
"Cusmano, Liana",11368; 11377; 11378; 11771; 13718; 8175; 8252; 8272,http://viaf.org/viaf/4163753570134272039
"Cusmano, Liana (Luca)",8460,
"Cyca, Michelle",11642,
Cynda,12525,
"Cyr, Gail",11875,
"Cyr, Jean-François",13141,http://viaf.org/viaf/2107163411729300360004
"Czaga, Kayla",10085; 11154; 12101; 9788; 9830; 9832,"http://viaf.org/viaf/310611256; http://viaf.org/viaf/310611256/#Czaga,_Kayla; https://viaf.org/viaf/310611256/#Czaga,_Kayla"
"Czerneda, Julie E.",12305,http://viaf.org/viaf/100846784
"Côté, Jean-François",13140,http://viaf.org/viaf/27234221
"Côté, Marc",10315; 10397,
"D'Alfonso, Antonio",10033; 10039; 10066, http://viaf.org/viaf/9864509; http://viaf.org/viaf/9864509
D'Mani,13577,
"D'Oliveira, Damon",8986,http://viaf.org/viaf/106316492
"D'Onorio, Daniele",10042; 9015,
"D'Sa, Rachel",12454; 12499,
D'Scribe,13808,
"D., Missy",13646,
"DC, Shauntelle",13749,
DIJAH,8430,
DJ Luna Rosa,8346,
"Da Costa, Zach",9608,
"Daehnke, Jon Darin",12333,http://viaf.org/viaf/21817759
"Dagnino, Arianna",10066; 10069; 12580; 8653,http://viaf.org/viaf/27396305
"Daher, Anita",11776; 11778; 13215,http://viaf.org/viaf/102769797
"Dakin, Pauline",10105; 10750,http://viaf.org/viaf/18150686544812541746
"Dalby, J. Thomas",9115,
"Dale, Stephen",10061,
"Daley, Andrew",10292,
"Daley, Kelisha",9052,
"Dalton, Simone",10428,
"Dalz, Kezna",8495,http://viaf.org/viaf/73158669742827200325
"Damptey, Kojo",9990,
"Dandeneau, Louise",11000,"https://viaf.org/viaf/91145003292061300937/#Dandeneau,_Louise,_1963-"
"Dandurand, Joseph",10036; 10590,http://viaf.org/viaf/33794204
"Dandurand, Joseph A.",10477; 11815; 11837; 11849; 13525; 13654; 13754; 13755; 8388; 8640; 8649,"http://viaf.org/viaf/33794204; https://viaf.org/viaf/33794204/#Dandurand,_Joseph_A."
"Daniell, Ruth",13471; 8671; 9844,http://viaf.org/viaf/66145541765996600878
"Dann, Moira",9262,http://viaf.org/viaf/106351760
"Danticat, Edwidge",8755,http://viaf.org/viaf/32104515
"Danzinger, Matthew",13917,
"Dao, William",10588,
"Dar, Qurat",11853; 13822,
"Darlow, Stephen",11403,"https://viaf.org/viaf/161577668/#Darlow,_Stephen."
"Darsigny, Marie",10339; 13959,"http://viaf.org/viaf/1150202040403110256; http://viaf.org/viaf/1150202040403110256/#Darsigny,_Marie,_1986-"
"Das, Geeta",11223,
"Das, Nabina",10895,http://viaf.org/viaf/107318182
"Das, Rajan",11223,
"Dascher, Helge",10227,http://viaf.org/viaf/56388672
"Dashtgard, Annahid",10070; 11232; 11255; 9477,"http://viaf.org/viaf/13154620883144592693; https://viaf.org/viaf/13154620883144592693/#Dashtgard,_Annahid"
"Dasmohapatra, Soni",13339,
"Daubs, Katie",12667; 12925,http://viaf.org/viaf/83155707119822412940
"Davidson, Craig",8775,http://viaf.org/viaf/74146231
"Davidson, Sara Florence",11126,"https://viaf.org/viaf/9154257786324151162/#Davidson,_Sara_Florence,_1973-"
"Davies, Adriana",10065; 10068,http://viaf.org/viaf/4458159477759327990006
"Davies, Lynn",12674; 12676,http://viaf.org/viaf/57845010
"Davies, Nancy",13462,
"Davies, Trina",8958,http://viaf.org/viaf/71210615
"Davis Gates, Stacy",10098,
"Davis, Angela",13389,http://viaf.org/viaf/108895419
"Davis, Eleanor",7970,http://viaf.org/viaf/66040109
"Davis, Fiona",12951,http://viaf.org/viaf/82145541822796601552
"Davis, Heather",10839,http://viaf.org/viaf/23998788
"Davis, Joy",11385,"https://viaf.org/viaf/57154739807252990173/#Davis,_Joy,_1952-"
"Davis, Kate",13007,
"Davis, Lydia",13371,http://viaf.org/viaf/12431015
"Davis, Milton",10796,
"Davis, Tanya",10775; 11043; 11044; 11045, http://viaf.org/viaf/102883605; http://viaf.org/viaf/102883605
"Davis, Wade",11218; 11253; 8309; 8897; 9412,"http://viaf.org/viaf/34478021; https://viaf.org/viaf/34478021/#Davis,_Wade,_1953-....; https://viaf.org/viaf/34478021/#Davis,_Wade."
"Davy, Denis",9485,"https://viaf.org/viaf/20160789699002681499/#Davy,_Denise,_1953-"
"Davy, Denise",10006; 10523; 9981,"http://viaf.org/viaf/20160789699002681499; https://viaf.org/viaf/20160789699002681499/#Davy,_Denise,_1953-"
"Dawkins, Matthew",11576,http://viaf.org/viaf/10156675117833582695
"Dawn, Amber",10473; 10908; 8666; 9601,"http://viaf.org/viaf/106604749; https://viaf.org/viaf/106604749/#Dawn,_Amber,_1974-"
"Dawn, Jaclyn",9156,http://viaf.org/viaf/9155190000982131958
"Dawson, Nicholas",13941; 13991; 8433; 9859,"http://viaf.org/viaf/171861161; http://viaf.org/viaf/171861161/#Dawson,_Nicholas,_1982-....; http://viaf.org/viaf/7552159477925327990005"
"Day, David",9615, http://viaf.org/viaf/305415187
"Day, Julian",11085,"https://viaf.org/viaf/33164717719802090251/#Day,_Julian_(Poet)"
"De Barros, Karmella Cen Benedito",10234,
"De Bastiani, Lana",11873; 11876,
"De Boer, Tracy Wai",13649; 9927,http://viaf.org/viaf/27164717693302090285
"De Dios, Daniel",10483,
"De Giacomo, Rocco",10023; 9706,http://viaf.org/viaf/39124214
"De La Mar, Juan",10540,
"De Leon, Adrian",10465; 10693; 9017; 9489,"http://viaf.org/viaf/14153713733758660872; http://viaf.org/viaf/14153713733758660872/#De_Leon,_Adrian; https://viaf.org/viaf/14153713733758660872/#De_Leon,_Adrian"
"De Meijer, Sadiqa",12097; 8216; 9520; 9538; 9690; 9698,http://viaf.org/viaf/305275077
"De Montigny, Suzanne",8654,http://viaf.org/viaf/7710159613668341030000
"De Roller, Lauren",11770,
"De Samedi, Dana",13782; 13783,
"DeBenedet, Dayna",11499,
"DeForge, Michael",7970,http://viaf.org/viaf/6130679
"DeGaine, Lauren Elle",13530,"https://viaf.org/viaf/666164418881320231106/#DeGaine,_Lauren_Elle"
"DeGrace, Anne",8591, http://viaf.org/viaf/1830272
"DeLory, Alison",11048,http://viaf.org/viaf/228080937
"DeLuca, Marjorie (M.M.)",12326,http://viaf.org/viaf/8162721259761092408
"DeRoller, Lauren",8175,
"Dean, Leesa",10042; 12114; 9015,http://viaf.org/viaf/79903085
"Dear, Mariah",13749,
"Deen, Natasha",10190; 8888; 8945,http://viaf.org/viaf/315171373
Deep Blue Honey,10540,
"Deerchild, Rosanna",10930; 12435; 13936; 9418,"http://viaf.org/viaf/78940250; https://viaf.org/viaf/78940250/#Deerchild,_Rosanna"
"Defoge, Michael",8474,
"Degen, John",11774; 11775; 11779,http://viaf.org/viaf/106083326; http://viaf.org/viaf/280294511
"Deguire, Eric",9891,http://viaf.org/viaf/2158732793433050205
"Deibert, Amanda",11756,http://viaf.org/viaf/4148207819200341502
"Deibert, Ronald J.",9033,http://viaf.org/viaf/14215678
"Dej, Erin",13021; 9981, http://viaf.org/viaf/25159518234332771825; http://viaf.org/viaf/25159518234332771825
"Del Amo, Jean-Baptiste",8743,http://viaf.org/viaf/69263578
"Del Bucchia, Dina",11121; 11122; 11123; 11124; 11125; 11155; 11163; 11165; 11166; 11168; 8837,"http://viaf.org/viaf/296548782; https://viaf.org/viaf/296548782/#Del_Bucchia,_Dina,_1979-"
"Delaney, Trynne",8228; 8230,
"Delany, Vicki",10446,http://viaf.org/viaf/9573215
"Delisca, David",13577,
"Delisle, Guy",13433; 13445; 8610,http://viaf.org/viaf/71527764
"Delisle, Jennifer",9924; 9926,http://viaf.org/viaf/282732766
"Delisle, Jennifer Bowering",9042,http://viaf.org/viaf/282732766
"Dell Lowe, Zena",14132; 14133; 14140,"Dell Lowe, Zena Library of Congress/NACO VIAF ID: 23150170537600012175 (Personal) Permalink: ; http://viaf.org/viaf/23150170537600012175"
"Della Cioppa, Erika",8225,
Demas Corine,10108,
"Demas, Corine",10256,
"Demchuk, David",10478; 11169; 11761; 12363; 9790,"http://viaf.org/viaf/104998859; http://viaf.org/viaf/7835156133198858430000; https://viaf.org/viaf/104998859/#Demchuk,_David"
"Demers, Charles",8645; 9141,http://viaf.org/viaf/102862775
"Demers, James",9084,
"Dempster, Barry",9939,http://viaf.org/viaf/115622914
"Dennewald, Martine",13957,http://viaf.org/viaf/18273544
"Dennis, K.P",13793; 8616,
"Dennis, Michael",8152; 9054,http://viaf.org/viaf/77939119
"Denny, Kilmeny",11214; 11281; 11284,
"Dere, William Ging Wee",13979,http://viaf.org/viaf/106753047
"Derksen, Cris",10247,http://viaf.org/viaf/315610251
"Dery, Mark",12472,http://viaf.org/viaf/115731887
"Des Rochers, Arianne",8433,http://viaf.org/viaf/372148389494810712267
"Desai, Sara",10972, http://viaf.org/viaf/11157098525372552667
"Desautels, Denise",13982; 8272,http://viaf.org/viaf/119534257
"Descheneaux, Nadine",9334,http://viaf.org/viaf/71718291
"Desforges, Jaclyn",10157; 10184; 11526; 13669,http://viaf.org/viaf/19158307096506402975
"Desjarlais, Joseph",13055,
"Desmarais, Éric",11443; 11454; 11486; 11489,http://viaf.org/viaf/1162606389949531493
"Desmeules, Anne-Marie",8234,http://viaf.org/viaf/4148751973541200610
"Despatie, Stéphane",11673,http://viaf.org/viaf/24776118
"Despax, Valérie",13624,
"Deutch, Amanda",12104, http://viaf.org/viaf/107377894
Devakanthan,10695,http://viaf.org/viaf/48195689
"Deveau, Dave",9078,http://viaf.org/viaf/49156495399817561974
"Deverell, Bill",11298,
"Deverell, Rita Shelton",13908,http://viaf.org/viaf/104650000
"Deverell, William",10407,http://viaf.org/viaf/29693786
"Devin, Margaret",11649,
"Devine, Devin",13836,
"Devlin, A.J.",9135; 9139; 9153; 9155; 9244,http://viaf.org/viaf/318150323845509972128
"Dewar, Elaine",13351; 13358,http://viaf.org/viaf/65731551
"Dhaliwal, Aminder",13424; 8275; 8588,http://viaf.org/viaf/13153953186005560781
"Dhir, Poonam",10152; 9501; 9565; 9567,
"Di Cintio, Marcello",10046; 10205; 10473; 11970,"http://viaf.org/viaf/6782418; https://viaf.org/viaf/6782418/#Di_Cintio,_Marcello,_1973-"
"Di Nardo, Antony",8272,http://viaf.org/viaf/116160486066205180007
"Di Pietrantonio, Donatella",8916,http://viaf.org/viaf/170391666
"Di Placido, Sonia",10066; 12103; 9706,http://viaf.org/viaf/29290997
"Di Saverio, Marc",10030; 10066; 9723; 9976,http://viaf.org/viaf/2861160486144705180005
"Di Sciascio-Andrews, Josie",9711,http://viaf.org/viaf/78255248
"Di Sclafani, Mike",8295,http://viaf.org/viaf/163159397438819301216
"DiNovo, Cheri",10464; 10477; 11763; 8466,"http://viaf.org/viaf/43708383; http://viaf.org/viaf/43708383/#DiNovo,_Cheri,_1950-; https://viaf.org/viaf/43708383/#DiNovo,_Cheri,_1950-"
"DiRaddo, Christopher",10010; 10012; 10013; 10014; 10015; 10016; 10017; 10018; 10128; 10262; 10263; 10264; 10339; 10340; 10341; 10342; 10343; 10344; 10355; 10356; 10357; 10358; 10359; 10360; 10361; 10362; 10363; 11760; 13008; 13940; 13959; 13975; 8460; 8602; 9105; 9840; 9841; 9843; 9845; 9849; 9852; 9855; 9859; 9863; 9866; 9869; 9946," http://viaf.org/viaf/305933863; http://viaf.org/viaf/305933863; http://viaf.org/viaf/305933863/#DiRaddo,_Christopher,_1974-"
"Diaczuk, Doug",9076,http://viaf.org/viaf/185146936662313780864
"Diagne, Souleymane Bachir",13948,http://viaf.org/viaf/68962628
"Dial, Em",10585; 13572; 8162,
"Diallo, Habiba Cooper",10818; 13384,http://viaf.org/viaf/13162236603313540294
"Diamond, Alexis",8956; 8961,http://viaf.org/viaf/34154380941030290597
"Diaz, Natalie",8482,http://viaf.org/viaf/227752265
"Dickinson, Adam",13549,http://viaf.org/viaf/60903511
"Dickinson, Mary Lou",11987,http://viaf.org/viaf/43757881
"Dickinson, Zoe",8394,http://viaf.org/viaf/229147965791084081710
"Diduck, Ashton",9565,
"Diehl, Charlene",12302; 12366; 12368; 9974,http://viaf.org/viaf/123116549
"Dietrick, Linda",12295,http://viaf.org/viaf/8299159477904627990005
"Dieudonné, Adeline",12680,http://viaf.org/viaf/2537153834744264450002
"Dignard, Sara",8236,http://viaf.org/viaf/316545691
"Dilello, Ty",12407,http://viaf.org/viaf/459150323748609971241
"Dill, Khodi",10986; 13313; 13715; 13763,"http://viaf.org/viaf/25161878951733610493; https://viaf.org/viaf/25161878951733610493/#Dill,_Khodi"
"Dillon, A. B.",9126,http://viaf.org/viaf/187152138531810980367
"Dimaline, Cherie",8338; 8562; 9847,http://viaf.org/viaf/14222593
"Dimnik, Michelle",13396,
Dimorphic,11678; 8238,https://versefest.ca/year/2020/poet/?id=474
"Dineen, Trevor",12299,
"Dingle, Erin",11853,"https://viaf.org/viaf/106508903/#Dingle,_E._A._A"
"Dingwell, Patsy",13281,http://viaf.org/viaf/3160060066835601451
"Dionne, Julien",12274,
"Dirik, Dilar",10098,http://viaf.org/viaf/50148874226749620213
"Diseldorf, Ivory",8269,
"Disele, Lebogang",13339,
"Ditson, D. M.",13276,http://viaf.org/viaf/17154135702915080614
"Diverlus, Rodney",10807,http://viaf.org/viaf/49157340655909921660
"Dixon, Beau",11661,http://viaf.org/viaf/1103162368023825790001
"Dixon, Celine Caruso",10195,
"Dixon, Glenn",10170; 9434,http://viaf.org/viaf/105147411
"Dixon, Glenn,",10970,http://viaf.org/viaf/105147411
"Dixon, Sean",10327; 10477,"http://viaf.org/viaf/295943049; https://viaf.org/viaf/295943049/#Dixon,_Sean,_1964-"
"Dixon-Cooper, Hazel",8877,http://viaf.org/viaf/2990155286615287180008
"Dobbie, Dorothy",12413,
"Dobozy, Tamas",11957,http://viaf.org/viaf/31319737
"Dobson, Kit",9111,http://viaf.org/viaf/101564703
"Doctor, Farzana",10135; 10300; 10327; 10341; 10477; 10521; 10688; 11774; 11777; 13657; 13912; 8737; 8833; 8835; 9298; 9344; 9378,"http://viaf.org/viaf/4331999; http://viaf.org/viaf/4331999/#Doctor,_Farzana; https://viaf.org/viaf/4331999/#Doctor,_Farzana"
"Doctorow, Cory",10171; 10383; 8275; 9555,"http://viaf.org/viaf/12632978; http://viaf.org/viaf/12632978/#Doctorow,_Cory,_1971-...."
"Dodd, Sarah",8192,
"Doerr, Anthony",13343,http://viaf.org/viaf/79550093
"Does, Amelia",12113,
"Dogniez, Cort",10930; 11365,"https://viaf.org/viaf/25159154174411991295/#Dogniez,_Cort,_1958-"
"Doherty, Sheryl",11191,
"Doherty, Susan",12698,http://viaf.org/viaf/317026947
"Dolven, Jeff",11113,http://viaf.org/viaf/5264008
"Domet, Stephanie",10126; 9555; 9958; 9984,"http://viaf.org/viaf/106665310; http://viaf.org/viaf/106665310/#Domet,_Stephanie,_1970-"
"Domingue, Etienne",11160,
"Domini, John",10045; 10068,http://viaf.org/viaf/1354242
"Donahue, Anne T.",10074; 8915, http://viaf.org/viaf/12154257865024151635
"Donald, R.E.",11829,http://viaf.org/viaf/316544799
"Donaldson, Emily",12472; 12506; 13005; 13369; 8806,http://viaf.org/viaf/105787051
"Donaldson, Jesse",11949; 9058,"http://viaf.org/viaf/299983608; https://viaf.org/viaf/299983608/#Donaldson,_Jesse,_1982-...."
"Donaldson-Yarmey, Joan",11494,http://viaf.org/viaf/105453690
"Donawa, Wendy",11609; 11610; 11624; 11904; 13555; 13863; 8667; 9937; 9938; 9991,http://viaf.org/viaf/23815551
"Donoghue, Emma",12572; 8328; 8778; 9355; 9375; 9393; 9447; 9457; 9627; 9628," http://viaf.org/viaf/39539889; http://viaf.org/viaf/39539889; https://viaf.org/viaf/39539889/#Donoghue,_Emma,_1969-...."
"Donoghue, Michael",10278,
"Donovan, Natasha",9530,http://viaf.org/viaf/110155103918176201132
"Doolittle, Robyn",9471,http://viaf.org/viaf/306377393
"Doore, K.A.",8253,
"Dopp, Jamie",11606,http://viaf.org/viaf/73538212
"Dorion, Leah",13050,http://viaf.org/viaf/35693646
"Dorka-Fenech, Caroline",13954,http://viaf.org/viaf/80161029048223742285
"Dorsey, Candas J.",9650,http://viaf.org/viaf/106955900
"Dorsey, Candas Jane",10477; 10852; 13440; 9973,"http://viaf.org/viaf/106955900; http://viaf.org/viaf/91340653; https://viaf.org/viaf/106955900/#Dorsey,_Candas_Jane"
"Dosani, Naheed",12707,
"Doshi, Avni",10121,http://viaf.org/viaf/19159939388225251084
"Doucet, Jane",10623,http://viaf.org/viaf/129149542881600302015
"Dougherty,  C. Elizabeth",10005,
"Douglas, Angela",13484,
"Douglas, Jordy",12407,
"Douglas, Rhonda",11675; 9163; 9250; 9296; 9388; 9943,http://viaf.org/viaf/63495780
"Douglas, W. Strawn",10065,http://viaf.org/viaf/2160846315408030669
"Dow, Janis",11667,
"Dowdall, Anna",10075; 10078; 11708,http://viaf.org/viaf/16161390811358262172
"Dowling, Sarah",7931,http://viaf.org/viaf/102892394
"Down, George",13660,http://viaf.org/viaf/304974056
"Downe, Lise",8303,http://viaf.org/viaf/18918199
"Downing, Antonio Michael",11294; 11633; 8853; 9436,"http://viaf.org/viaf/147709236; https://viaf.org/viaf/147709236/#Downing,_Antonio_Michael,_1975-"
"Downing, David",13376,http://viaf.org/viaf/9932908
"Downs, Buck",12111,http://viaf.org/viaf/28792193
"Dowson, Anne Lagacé",12911; 13345,
"Doyali, Islam",8231,http://viaf.org/viaf/169379926
"Doyle Péan, Laura,",9894,http://viaf.org/viaf/4159939383125251287
"Doyle, Alan",12669,http://viaf.org/viaf/105991423
"Doyle, Brian",12033,
"Doyle, Carolyn",11571,http://viaf.org/viaf/33886242
"Doyle, Debbie J.",10977; 9115,
"Doyle, Henry",11611; 13541; 8628,http://viaf.org/viaf/314917383
"Dozlaw, Devon",10982; 12720,
"Dragland, Stan",12418; 13666; 8720,http://viaf.org/viaf/113934168
"Drai, Jenny",12117,http://viaf.org/viaf/316799198
"Drake, K. J.",8456,http://viaf.org/viaf/7160242696852430698
"Draper, Jan",11158; 11228; 11244,
"Dreaver, Audrey",9753,http://viaf.org/viaf/8154257979724152747
"Driedger, MaryLou",12340,http://viaf.org/viaf/27161390590658260276
"Driscoll, Cara Gay",10656,http://viaf.org/viaf/800149296142980670005
"Driver, Deana",10654,http://viaf.org/viaf/106426771
"Driver, Deana J.",13309,http://viaf.org/viaf/106426771
"Drobnies, Adrienne",11291; 13545; 8406; 8671; 8701; 9978,"http://viaf.org/viaf/7570160668087903560007; https://viaf.org/viaf/7570160668087903560007/#Drobnies,_Adrienne"
"Drolet, Gabrielle",8316,
"Dronyk, Dymphny",9117,http://viaf.org/viaf/4710395
"Druick, Don",11784,http://viaf.org/viaf/96543337
"Drukker, Kelly Norah",11698; 13607,http://viaf.org/viaf/33146094193500330987
"Drummond, Joanna",9067,
"Drumsta, Emily",10143,http://viaf.org/viaf/28162178750407850562
"Drybrough, Vicki",11835,
"Drystek, Nina Jane",8232; 9353,
"Du Plessis, Klara",10042; 10143; 8184; 9015; 9902,"http://viaf.org/viaf/124151352052252602758; http://viaf.org/viaf/124151352052252602758/#Du_Plessis,_Klara,_1988-"
"DuBois, Andrew",8213,http://viaf.org/viaf/101144829
"DuPuis, J.J.",10134,http://viaf.org/viaf/357157523238427030563
"Dubeau, JF",10376; 10377,
"Dubois, Jocelyne",8607,http://viaf.org/viaf/105629295
"Dubuc, Marianne",9334,http://viaf.org/viaf/100359103
"Dubé, Peter",9054; 9303; 9859,"http://viaf.org/viaf/78470462; http://viaf.org/viaf/78470462/#Dub%C3%A9,_Peter,_1962-"
"Ducharme, Justin",10241; 9877,http://viaf.org/viaf/18155914497139401429
"Ducharme, Réjean",8919,http://viaf.org/viaf/115106377
"Dueck, Cameron",12234,http://viaf.org/viaf/186804190
"Dueck, Dora",12234,http://viaf.org/viaf/9469328
"Dueck, Nathan",12255; 12283,http://viaf.org/viaf/68646005
"Duffy, Tim",12114,
"Dufour Bowes, Arnolda",10930,"https://viaf.org/viaf/6161390591758260946/#Dufour_Bowes,_Arnolda,_1974-"
"Dufour, Emanuelle",13144,http://viaf.org/viaf/1394161575658204730001
"Dugan, Jennifer",10376,"http://viaf.org/viaf/15152864165204822411/#Dugan,_Jennifer"
"Dugas, Pauline",10352,http://viaf.org/viaf/100698722
"Duggal, Sherry",13631,
"Dukelow, Alisha",9483,
"Dulai, Phinder",10400,http://viaf.org/viaf/75570299
"Dumais, Sandra",10475,"https://viaf.org/viaf/1155284717387061074/#Dumais,_Sandra,_1977-...."
"Dumitrescu, Alina",13964; 13979,http://viaf.org/viaf/305642857
"Dumont Walker, Dawn",11095,"https://viaf.org/viaf/169550397/#Dumont,_Dawn,_1978-"
"Dumont, Albert",11669; 8234,http://viaf.org/viaf/41196595
"Dumont, Dawn",10970; 13451,http://viaf.org/viaf/169550397
"Dumont, Frédéric",13922,http://viaf.org/viaf/102889264
"Dumont, Marilyn",8776,http://viaf.org/viaf/53640730
"Dunbar, Eboni",8253,
"Duncan, Carol B.",13914,http://viaf.org/viaf/78600682
"Duncan, Lynn",11214; 11215; 11216; 11282; 11285; 11286,
"Duncan, Melissa Mary",10278,
"Duncan, Nana aba",12573; 9378,https://www.wikidata.org/wiki/Q85237709
"Duncan, Rebecca",12432,
"Duncan, S.R.",13763,
"Dundas Oke, Emily",10320; 9818; 9829; 9885,http://viaf.org/viaf/26157098518272552315
"Dundas, Deb",13016,
"Dundas, Deborah",10477; 11987; 12495; 12515; 12677; 12739; 8734; 9414,"http://viaf.org/viaf/18165446430226830576; https://viaf.org/viaf/18165446430226830576/#Dundas,_Deborah"
"Dundas, Debrah",13004,
"Dunic, Leanne",11291; 13482; 9417; 9875; 9897,"http://viaf.org/viaf/19148449878815692707; https://viaf.org/viaf/19148449878815692707/#Dunic,_Leanne,_1982-"
"Dunkin, Jessica",12333,http://viaf.org/viaf/40155564115713002598
"Dunlop, Bonnie",10812,http://viaf.org/viaf/78497388
"Dunn, Maria",12274,http://viaf.org/viaf/261978928
"Dunnigan, James",13587; 8297,http://viaf.org/viaf/49155224527884372807
"Dunning, Norma",10595; 10857; 9049,http://viaf.org/viaf/1877165110744336780004; http://viaf.org/viaf/2421164423036320530008; http://viaf.org/viaf/313282891
"Dunnion, Kristyn",12672; 9308; 9691,http://viaf.org/viaf/2255956
"Dupré, Louise",10374; 13954; 13982; 8255; 8272; 8607,http://viaf.org/viaf/1089156497263417740004; http://viaf.org/viaf/2714957
"Dupuis, Jenny Kay",10393; 10420; 10645,"http://viaf.org/viaf/82146634505441932851; http://viaf.org/viaf/82146634505441932851/#Dupuis,_Jenny_Kay"
"Dupuis, Sadie",7970,
"Durand, Yves Sioui",13130,"https://viaf.org/viaf/106602157/#Picard-Sioui,_Louis-Karl,_1976-"
"Durandisse, Henri-Robert",13981,http://viaf.org/viaf/106535706
"Durnford, Robin",8179,http://viaf.org/viaf/186829801
"Dutchyshen, Gaylene",13223,
"Dutfield, Andy",13200; 13202; 13204; 13208; 13211; 13225,
"Dutt, Puneet",13650,http://viaf.org/viaf/25153182649726791208
"Dwarka, Menon",12569,
Dwennimmen,10482; 10483; 10484,https://www.denseverse.net/
"Dwennimmen (Robinson, Shima A.)",10485; 10486,https://www.denseverse.net/
"Dwivedi, Supriya",10464,
"Dyck, Eric",12661; 13423; 13424,https://www.ericdyck.com/
"Dyck, Erika",10221; 11949,"http://viaf.org/viaf/9308036; https://viaf.org/viaf/9308036/#Dyck,_Erika"
"Dyck, Maryann",13831,
"DyckFehderau, Ruth",13509; 13917,http://viaf.org/viaf/106517263
"Dyer, K. C.",12580,http://viaf.org/viaf/59041355
"Dykerman, Sarah",13280,
"Dynamites, Francheska",13436,
"Dysart, Jennifer",9836,"http://viaf.org/viaf/51487050/#Dysart,_Jennifer_E."
"Dzung, Thuy Dang",8269,
"Désil, Junie",10401; 11121; 11540; 9089,"http://viaf.org/viaf/34158428072906062993; https://viaf.org/viaf/34158428072906062993/#D%C3%A9sil,_Junie"
"Dās, Subrata Kumāra",8738,
"D’Izzia, Guglielmo",10067; 9668,
ELM,13831,
"Earl, Amanda Charlotte",10723; 12088,"http://viaf.org/viaf/102771212; https://viaf.org/viaf/102771212/#Earl,_Amanda_Charlotte"
"Early, Calvin",10098,
"Eastley, Gillian",10839,
"Eaton, Chris",10250; 10375,http://viaf.org/viaf/76018673
"Ebenstein, Joanna",8965,http://viaf.org/viaf/307306320
"Echanove, Alvaro",11770,
"Echard, Siân",9842,http://viaf.org/viaf/269852459
"Echlin, Kim",10001; 12706; 9588; 9593; 9724,http://viaf.org/viaf/13364054
"Ede, Amatoritsero",13656; 13658,http://viaf.org/viaf/102734171
"Edgar, Patti",11812,http://viaf.org/viaf/6161029023023742905
"Edim, Glory",13342,http://viaf.org/viaf/3410159478005327990000
"Edugyan, Esi",12063,http://viaf.org/viaf/11696535
"Edwards, Alanna",13633,
"Edwards, Allan",9900; 9903,
"Edwards, Bruce",11424,
"Edwards, KD",11759,
"Edwards, Leah",10236,http://viaf.org/viaf/54152380148501762917
"Edwards, Michael",10773,
"Eegeesiak, Ooleepeeka",10241; 9877,
Eekwol,13313,http://viaf.org/viaf/33155830565933072047
"Egan, Kelly",9836,
"Egan, Kieran",8419; 9244,http://viaf.org/viaf/108835144
"Ego, Catherine",13923,http://viaf.org/viaf/39508374
"Ehrentreu, Chanie",12939; 12951,
Einar Kárason,11655,http://viaf.org/viaf/85312108
"Eitizaz, Saba",10477; 13351,
"Ekelund, Torbjørn",13956; 9479,"http://viaf.org/viaf/229614016; https://viaf.org/viaf/229614016/#Ekelund,_Torbj%C3%B8rn_1971-"
"Ekoko, Beatrice",9484,
"Ekwuyasi, Francesca",10120; 10971; 11043; 11260; 12033; 8488; 8733; 8985; 9098; 9354; 9387; 9557; 9961," http://viaf.org/viaf/4158488688211732672; http://viaf.org/viaf/4158488688211732672; http://viaf.org/viaf/4158488688211732672/#Ekwuyasi,_Francesca,_1990-; https://viaf.org/viaf/4158488688211732672/#Ekwuyasi,_Francesca,_1990-"
"El Akkad, Omar",10296; 10325; 11329; 12736; 13033; 8946; 9051; 9602,"http://viaf.org/viaf/56148207895300342632; https://viaf.org/viaf/56148207895300342632/#El_Akkad,_Omar,_1982-..."
"El Bakkouri, Farah",9379,
"El Mugammar, Laila",10900; 10904,
El Toro,10540,
"El-Ghadban, Yara",13979; 13981; 13984,http://viaf.org/viaf/169854672
"El-Mohtar, Amal",10296,http://viaf.org/viaf/220478700
"Elder, Jo-Anne",8269,http://viaf.org/viaf/106593654
"Eleftherion, Melissa",12101,http://viaf.org/viaf/9152820086000681241
"Elhillo, Safia",13573,http://viaf.org/viaf/105146461554227731538
"Elias, David",12282; 13219,http://viaf.org/viaf/77988797
"Elkin, Lauren",9499,https://www.wikidata.org/w/index.php?title=Q99522711&oldid=1586048085
"Elkouri, Rima",10696,http://viaf.org/viaf/316003290
Ellen,10483,
"Ellenwood, Ray",13925,http://viaf.org/viaf/18685539
Elliot,13779,
"Elliott, Alicia",10306; 10930; 11117,"http://viaf.org/viaf/33153893705102292034; https://viaf.org/viaf/33153893705102292034/#Elliott,_Alicia"
"Elliott, Zetta",11419,http://viaf.org/viaf/250149066573265601678
"Ellis, Deborah",8934,http://viaf.org/viaf/85388767
"Ellsworth, Theo",11709,http://viaf.org/viaf/88476811
"Elmir, Sergio",12574; 12575; 12617; 12668; 12682; 12686; 12700; 12703; 12707; 12709; 12740; 12741; 12756; 12757; 12758; 12760; 12761; 12762; 12923; 12925; 12928; 12997; 12999; 13001; 13002; 13003; 13007; 13011; 13013; 13015; 13018; 13021; 13024; 13026; 13029; 13030; 13034; 13038; 13342; 13344; 13345; 13348,
"Elmslie, Susan",7963; 8288; 8297; 8721,http://viaf.org/viaf/4628858
"Elrick, Michelle",10794,http://viaf.org/viaf/21148449878815692708
"Elston, Birgit",13666,
"Elza, Daniela",10872; 13518; 8371; 8643; 8656; 8667; 9286,"http://viaf.org/viaf/102866662; https://viaf.org/viaf/102866662/#Elza,_Daniela"
"Emery, Curtis S.",12098,http://viaf.org/viaf/9496873
"Emery, Herb",9739,"https://viaf.org/viaf/657159474206627661835/#Emery,_Herb"
"Emezi, Akwaeke",8476,http://viaf.org/viaf/34150030539510960936
"Emily St. John, Mandel",10202,http://viaf.org/viaf/26544203
"Emmerton, Dorianne",11987; 8834; 8837; 8850; 8851; 8852; 8853,
"Emmett, Rik",9648,http://viaf.org/viaf/48861906
"Endicott, Marina",10200; 11218; 11221; 8758; 8903; 8905,"http://viaf.org/viaf/103357490; https://viaf.org/viaf/103357490/#Endicott,_Marina,_1958-...."
"Enfield, Tyler",9796,"https://viaf.org/viaf/316545702/#Enfield,_Tyler"
"Eng, Jean",10024,http://viaf.org/viaf/12159999528930110592
"Eng, Mercedes",13681; 9079,http://viaf.org/viaf/296403914
"Engbretson, Don",10073,
"Engebretson, Don",10073,http://viaf.org/viaf/90581180
"Engelson, Bill",13506,
"Enger, Thomas",9016,http://viaf.org/viaf/160071108
"Englander, Nathan",8804,http://viaf.org/viaf/97520065
"Englert, Síle",9808; 9809; 9810; 9832,"https://viaf.org/viaf/9161760362021641788/#Englert,_Si%CC%81le,_1980-"
"Englert, Síle",10140, http://viaf.org/viaf/9161760362021641788
"English, Sharon",12306; 9794,"http://viaf.org/viaf/43705037; https://viaf.org/viaf/43705037/#English,_Sharon,_1965-"
"Engström, Tyler",9991,http://viaf.org/viaf/230162902720077781558
"Engström, Tyler",11610; 9937; 9938,http://viaf.org/viaf/230162902720077781558
"Enns, Marlene",12525,
"Enright, Kristian",11054; 9254,http://viaf.org/viaf/260104544; https://viaf.org/viaf/260104544/
"Enright, Robert",12403,https://www.wikidata.org/wiki/Q19663261
"Ens, Sarah",10553; 11036; 11192; 11193; 12106; 12468; 13534; 9622; 9967,"http://viaf.org/viaf/390157523343027031174; https://viaf.org/viaf/390157523343027031174/#Ens,_Sarah,_1992-"
Enternet Boy,13645,
"Epp, Joanne",12262; 12332; 13222; 8414; 9960,http://viaf.org/viaf/313282801
"Epstein, Marcia Jenneth",9113,http://viaf.org/viaf/117509345
"Erasmus, Savannah",10239,
"Erdogan, Asli",13982,http://viaf.org/viaf/76472947
"Erdrich, Louise",8561,http://viaf.org/viaf/110425107
Eric,12558,
"Erickson, Bruce",12333,http://viaf.org/viaf/270729880
"Erickson, Michael",8445,
"Erregue-Sacchi, Luciana",13322; 9479,"http://viaf.org/viaf/10163088717794542634; https://viaf.org/viaf/10163088717794542634/#Erregue-Sacchi,_Luciana"
"Esonwune,  Paula",8269,
"Espada, Martín",10098,http://viaf.org/viaf/97801038
"Essery, Isis",11873,
"Estabrooks, Josef",12459; 13316,
"Estacion, Therese",13907; 13908; 13910; 8305; 9417; 9604,http://viaf.org/viaf/27161096341429100570
"Ethari, Lamees Al",11633; 13657,http://viaf.org/viaf/18156675108333581113
"Etizaz, Saba",13358,
"Ettarnichi, Ali",8270,
"Eugene, Lim",8523,http://viaf.org/viaf/5350152139992511100006
"Evanovich, Janet",12615,http://viaf.org/viaf/54180657
"Evans Shaw, Susan",13673,http://viaf.org/viaf/9280988
"Evans, Bill",9824,
"Evans, Christopher",11122,"https://viaf.org/viaf/42162781181765980040/#Evans,_Christopher_(Author_of_Nothing_could_be_further_from_the_truth)"
"Evans, Kahla",12412,
"Evans, Kellylee",9293,http://viaf.org/viaf/106693382
"Evans, Lesley-Anne",10256; 13466; 9993,http://viaf.org/viaf/21163629000223462961
"Evanson, Tanya",12722; 8553; 8566,http://viaf.org/viaf/106262394
"Evanson, Tawhida Tanya",8188; 8990,http://viaf.org/viaf/106262394
"Evaristo, Bernardine",12505,http://viaf.org/viaf/92536933
"Eve, DK",13462,
"Everest, Clay",10295,
"Everett, Sarah",10855,http://viaf.org/viaf/80147662848860550349
"Exposito, Suzy",7967,
"Eyamie, Jeffrey John",12273,http://viaf.org/viaf/1219145857083322921575
"Faber, Alyda",13897,http://viaf.org/viaf/104146634497541932610
"Fabrice, Koffy",8186,http://viaf.org/viaf/147708159
"Fadden, Robyn",9946,
"Fagan, Carrie",12699; 12713,http://viaf.org/viaf/18146857
"Fahner, Kim",10600; 12098; 9904,http://viaf.org/viaf/106008254
"Faieta, Leah",9724,
"Fairbairn, Hazel",13549,
"Faith Berger, Tamara",7918, http://viaf.org/viaf/154147266869835482232
"Falaye, Deborah",10477,"https://viaf.org/viaf/17164717675702090227/#Falaye,_Deborah"
"Fallis, Terry",10398; 11570; 12465; 12794; 13448; 8882; 8883; 9382; 9414,http://viaf.org/viaf/1117160486104805180006; http://viaf.org/viaf/88500081
"Famà, Nino",10065,http://viaf.org/viaf/102837781
"Fan, David",9377,http://viaf.org/viaf/15157159762678790893
"Fan, Eric",10477; 13426; 9046,"http://viaf.org/viaf/311462753; https://viaf.org/viaf/311462753/#Fan,_Eric."
"Fan, Kit",12759,http://viaf.org/viaf/187359368
"Fan, Terry",10477; 13426; 9046,"http://viaf.org/viaf/16144782947151387428; http://viaf.org/viaf/311462753; https://viaf.org/viaf/16144782947151387428/#Fan,_Terry."
"Fantetti, Eufemia",11531; 11782; 13907; 13908,http://viaf.org/viaf/305192678
"Farah, Safy-Hallan",12059,http://viaf.org/viaf/59164187244318201246
"Farha, Leilani",13021,http://viaf.org/viaf/48873382
"Farina, Laura",8713,http://viaf.org/viaf/78513272
"Farkas, Endre",12889; 13611; 8343,http://viaf.org/viaf/115673614
"Farley, Claire",12112,http://viaf.org/viaf/5128148876461749740009
"Farmer, Sonia",10831,http://viaf.org/viaf/1464156762898041300005
"Farnel, Amanda",9570,
"Farnsworth, Vanessa",11496,http://viaf.org/viaf/305192602
"Farrant, M. A. C.",10973,http://viaf.org/viaf/6014354
"Farrant, M.A.C",13486,http://viaf.org/viaf/6014354
"Farrant, M.A.C.",8725; 9088,http://viaf.org/viaf/6014354
Fatuma,9081,
"Faulkner, Andrew",10477,"https://viaf.org/viaf/294912759/#Faulkner,_Andrew,_1984-"
"Favro, Terri",10477; 9973,"http://viaf.org/viaf/256445452; https://viaf.org/viaf/256445452/#Favro,_Terri"
"Fawcett, Katherine",10595; 11194; 11223; 11225; 11258; 11261; 11288; 11826; 13636; 9150,"http://viaf.org/viaf/9644160486099505180009; https://viaf.org/viaf/9644160486099505180009/#Fawcett,_Katherine,_1967-"
"Faye, Terina",13888,
"Feaster, Patrick",12239; 12804,http://viaf.org/viaf/21877397
"Feeney, Elaine",9696; 9812,http://viaf.org/viaf/152865887
"Fefferman, Stanley",9608; 9725; 9733,http://viaf.org/viaf/433150323884809972438
"Fejzić, Sanita",13624,http://viaf.org/viaf/66147662815160550392
"Felicien, Perdita",12724,http://viaf.org/viaf/1022157771967848930003
"Felix, Kate",10281,
"Felix, TJ",8672,
"Fellows, Christine",8332,http://viaf.org/viaf/80230878
"Feng, Linda Rui",10095; 10178; 10477; 9446,"http://viaf.org/viaf/314908517; https://viaf.org/viaf/314908517/#Feng,_Linda_Rui,_1975-"
"Fenton, Andre",10104; 10749; 10769; 8247; 8751; 8906,http://viaf.org/viaf/3152682515723312021
"Fergus Moore, Peter",8878,http://viaf.org/viaf/102768304
"Fergus, Maureen",12272; 9337,http://viaf.org/viaf/36695963
"Ferguson, Anne",12730; 12732; 12734,
"Ferguson, Genki",11123; 9062; 9435; 9439; 9853,"http://viaf.org/viaf/42160544555409981759; https://viaf.org/viaf/42160544555409981759/#Ferguson,_Genki"
"Ferguson, Jenny",11166,"https://viaf.org/viaf/5146094138900330744/#Ferguson,_Jenny,_1985-"
"Ferguson, Joel Robert",11041; 9970,"http://viaf.org/viaf/154158185632120060929; https://viaf.org/viaf/154158185632120060929/#Ferguson,_Joel_Robert,_1985-"
"Ferguson, Susan J.",10098,http://viaf.org/viaf/21390912
"Ferguson, Will",10197; 9019; 9294; 9646,http://viaf.org/viaf/77246016
"Fernandes, Jennifer Aja",8453,
"Fernandes, Miriam",12928,
"Fernandez, Raoul",13469,
"Ferrante, Elena",8570,http://viaf.org/viaf/32103009
"Ferrante, Paola",10772,"https://viaf.org/viaf/50155707014322411556/#Ferrante,_Paola"
"Ferrier, Ian",11766; 11767; 11768; 11769; 11770; 11772; 7964; 8172; 8175; 8176; 8177; 8178; 8179; 8180; 8183; 8184; 8186; 8187; 8188; 8189; 8190; 8256; 8336; 9617,http://viaf.org/viaf/91437046
"Ferris, Joshua",13028,http://viaf.org/viaf/44616259
"Ferro Rojas, Gerardo",13967,http://viaf.org/viaf/61338273
"Ferry, Scott",8273,http://viaf.org/viaf/658159474071627660208
"Feser, Dean",11223,
"Fiati, Sedina",13754,
"Fick, Marlon",10033,http://viaf.org/viaf/8497513
"Fick, Marlon L.",12109,http://viaf.org/viaf/8497513
"Field, Dorothy",8405,http://viaf.org/viaf/105712054
"Fielding, Joy",11298,"https://viaf.org/viaf/39376957/#Fielding,_Joy,_1945-"
"Figge, Fran",9618,http://viaf.org/viaf/296762286
"Figueroa, Kathy",9906,http://viaf.org/viaf/180152138618210982137
"Filmon, Gary",12406,http://viaf.org/viaf/105725224
"Filreis, Alan",12477,http://viaf.org/viaf/97812951
"Finbow, Alexander",12331,http://viaf.org/viaf/315546738
"Finkelman, Yoel",12917,http://viaf.org/viaf/49004280
"Finlay, Triny",10477; 12688; 9786; 9804,"http://viaf.org/viaf/44016166; https://viaf.org/viaf/44016166/#Finlay,_Triny,_1976-"
"Finlayson, Claire",13453; 8580,http://viaf.org/viaf/57158669745827200906
"Fiola, Chantal",12402,http://viaf.org/viaf/311457581
"Fiore Laroche, David",13599,http://viaf.org/viaf/209159397444719301567
"Fiorito, Joe",10024; 8921,http://viaf.org/viaf/79457314
"First Rider, Sheldon",13441,
"Fisette, Alain",9337,http://viaf.org/viaf/11076800
"Fisher, Kathy",11656,
"Fishman, Lisa",12108,http://viaf.org/viaf/53431132
"Fishman, Mark",9976,http://viaf.org/viaf/317096177
"Fisseha, Rebecca",11118; 13664; 9472; 9477,"http://viaf.org/viaf/32155564071513002299; https://viaf.org/viaf/32155564071513002299/#Fisseha,_Rebecca,_1980-"
"Fiszer, Doris",11622; 9942,http://viaf.org/viaf/128159032725301182113
"Fitch, Sheree",10230; 8904; 8906; 8908; 9148,http://viaf.org/viaf/40289336
"FitzHywel, Katherine",10294,
"Fitzpatrick, Jamie",12417,http://viaf.org/viaf/171391600
"Fitzpatrick, Ryan",10477; 11163; 9089,"http://viaf.org/viaf/31781851; https://viaf.org/viaf/31781851/#Fitzpatrick,_Ryan,_1978-...."
"Fizzell, J.L.",12723,
"Flaherty, Kate Marshall",10024; 10603; 13907; 8391; 9993,http://viaf.org/viaf/2285628
"Flavien, Janice",13926,http://viaf.org/viaf/4161028861023741085
"Flavin, Francis Edward",10152,http://viaf.org/viaf/5161209148139862114
"Fleming, Ally",8265,http://viaf.org/viaf/9156674866733580802
"Fleming, Jessica Lea",12716,
"Flemmer, Kyle",10025; 12060; 9004; 9086; 9118; 9810,"http://viaf.org/viaf/10152380107601762406; https://viaf.org/viaf/10152380107601762406/#Flemmer,_Kyle,_1988-"
"Fletcher, Bill, Jr.",10098,http://viaf.org/viaf/3158149108687268780007
"Fletcher, Raquel",12710; 12823,http://viaf.org/viaf/27157467990822322322
"Flett, Julie",11423,http://viaf.org/viaf/106533964
"Flood, Cynthia",8571; 9882,http://viaf.org/viaf/31156684
"Flood, John",13293,
"Floody, David",11831,http://viaf.org/viaf/87145003284761300068
"Florence, Elinor",10193,http://viaf.org/viaf/306379166
"Flores, C. E.",13288,
"Flores, Yvette",10536,
"Flushy, Clifton",12702,
"Fly, Sofia",13568,
"Foer, Jonathan Safran",11336,"https://viaf.org/viaf/85500702/#Foer,_Jonathan_Safran,_1977-...."
"Fogarty, Catherine",11949; 9535,"http://viaf.org/viaf/106595555; https://viaf.org/viaf/106595555/#Fogarty,_Catherine"
"Foggo, Cheryl",10860; 12421; 13405; 9031,http://viaf.org/viaf/71246050
"Follett, Beth",13665,http://viaf.org/viaf/106275506
"Fonda, Nick",11170,http://viaf.org/viaf/105605696
"Fong, Deanna",12480; 12577; 12578; 12579; 12654; 12769; 12797; 12798; 12799; 12800; 13962,http://viaf.org/viaf/102855198
"Fong, Nicole Raziya",11505; 9089; 9496,http://viaf.org/viaf/8154074373611740242
"Fong, Nicole Razıya",8241,http://viaf.org/viaf/8154074373611740242
"Fong, Peg",8677,
"Fontaine, Jerry",12284; 12463,http://viaf.org/viaf/262158790764538852172; https://www.wikidata.org/wiki/Q6183593
"Fontaine, Naomi",13136; 13154,http://viaf.org/viaf/168018669
"Fontaine, Phil",12463,http://viaf.org/viaf/106109023
"Fontaine, Tim",12760,
"Foo, Stephanie",13391,http://viaf.org/viaf/31163088400794541030
"Foon, Dennis",10930,"https://viaf.org/viaf/301390676/#Foon,_Dennis,_1951-"
"Foran, Charlie",8840,http://viaf.org/viaf/58954372
"Forbes, Alexander",9979,http://viaf.org/viaf/4150030543110961533
"Forbes, Andrew",9419,http://viaf.org/viaf/314894131
"Forbes, Liz",11886,http://viaf.org/viaf/56082409
"Ford, April",11766; 13602; 8345; 9859,"http://viaf.org/viaf/309826347; http://viaf.org/viaf/309826347/#Ford,_April"
"Ford, Kelli Jo",8569,http://viaf.org/viaf/10159234413303371849
"Ford, Richard",8752,http://viaf.org/viaf/109503268
"Ford, Scott A.",12991,http://viaf.org/viaf/190152138534410980641
"Forde, Deborah",8348,
"Forget, Evelyn",12414,http://viaf.org/viaf/39492334
"Forna, Namina",10377,"http://viaf.org/viaf/6519161763132922560005/#Forna,_Namina"
"Forsyth, Janice",10806,http://viaf.org/viaf/2117393
"Forsythe, Laura",12402,http://viaf.org/viaf/66153953296305562299
"Forsythe, Matthew",9334; 9517,http://viaf.org/viaf/102832182; http://viaf.org/viaf/7608159477720127990000
"Fortier, Anne",11162,http://viaf.org/viaf/36440304
"Fortier, Ashley",13975,
"Fortier, Vincent",10016,"http://viaf.org/viaf/427159474068027661020/#Fortier,_Vincent,_1983-"
"Foss, Krista",10006; 11640; 9557; 9994,http://viaf.org/viaf/304974127
"Foss, Mark",10037; 11703; 8187,http://viaf.org/viaf/61107671
"Foster, Clarise",12213,http://viaf.org/viaf/36684884
"Foster, Dawn",10098,http://viaf.org/viaf/223145541827296601999
"Foster, Norm",8958; 8960,http://viaf.org/viaf/73883926
"Fotheringham, Avonlea",7913,
"Fournier, Jamesie",11858,"https://viaf.org/viaf/13166596385017590786/#Fournier,_Jamesie"
"Fowles, Stacey May",8782,http://viaf.org/viaf/43767131
"Fox, Bevann",10648; 11365; 11972; 12962,"http://viaf.org/viaf/32158855691644141239; https://viaf.org/viaf/32158855691644141239/#Fox,_Bevann,_1968-"
"Fox, Kim",12798,
"Fox, Lori",11166,"https://viaf.org/viaf/17163936175000831252/#Fox,_Lori"
"Foy, Michael",11698; 7964; 8345,http://viaf.org/viaf/75809483
"Fradkin, Barbara",13670,http://viaf.org/viaf/73570055
"Francis, Brian",10293; 10341; 10477; 11683; 13377; 8269; 8834; 9544; 9867,"http://viaf.org/viaf/179979998; http://viaf.org/viaf/53538854; http://viaf.org/viaf/53538854/#Francis,_Brian,_1971-; https://viaf.org/viaf/53538854/#Francis,_Brian,_1971-"
"Francis, Mayann",10750,http://viaf.org/viaf/316787219
"Frank, Marcie",9445,http://viaf.org/viaf/42072674
"Frank, Simon",12028,
"Frankson, A. Gregory",11486; 11491; 11492; 11493, http://viaf.org/viaf/86293007; http://viaf.org/viaf/86293007
Franz,13632; 13750,
"Frascà, Paolo",8460,http://viaf.org/viaf/5912157470206922640004
"Fraser, Brad",10861; 11989,http://viaf.org/viaf/100415669
"Fraser, David",10110; 10257; 11465; 11663,http://viaf.org/viaf/115066396
"Fraser, Kathleen",11787; 11914; 8471; 8499; 8512; 8530; 8552; 8584,
"Fraser, Malcolm",9956,http://viaf.org/viaf/1021148705695437080007
"Fraser, Michael",10000; 10042; 10477; 9015; 9729,"http://viaf.org/viaf/106480426; http://viaf.org/viaf/1177159474327827662233; https://viaf.org/viaf/106480426/#Fraser,_Michael,_1969-"
"Fred, Randy",11899,http://viaf.org/viaf/1150159474219927662039
"Fredsti, Dana",8874,http://viaf.org/viaf/170621764
"Freedman, Aimee",10377,
"Freedman, Ariela",12881; 7886; 8297,http://viaf.org/viaf/17456875; http://viaf.org/viaf/21036311
"Freedman, S. M.",10313,http://viaf.org/viaf/175145003304061301100
"Freedman-Lawson, Saul",10479; 10519,"https://viaf.org/viaf/44162060491551402967/#Freedman-Lawson,_Saul"
"Freeman, Daniel",8194,http://viaf.org/viaf/96724864
"Freeman, J. Marshall",8444,http://viaf.org/viaf/10161096675129102385
"Freeman, John",8978,http://viaf.org/viaf/96724864
"Freeman, Victoria",13660,http://viaf.org/viaf/7034917
"Freiman, Kate",10477,"https://viaf.org/viaf/19256548/#Freiman,_Kate"
"French, Andrew",10759; 11576; 11590,http://viaf.org/viaf/90454622
"French, Whitney",12394,http://viaf.org/viaf/24154196789220112064
"Fretwell, Katerina",10256; 11656; 11667,"http://viaf.org/viaf/20914804; https://viaf.org/viaf/20914804/#Fretwell,_Katerina_Vaughan,_1944-"
"Fretwell, Kathy",10032,http://viaf.org/viaf/20914804
"Fricker, Karen",8961,http://viaf.org/viaf/274159820932014000000
"Frid, Alejandro",13468,http://viaf.org/viaf/315983387
"Friedman, Ann",12573; 9479,"http://viaf.org/viaf/9644160310473058300008; https://viaf.org/viaf/9644160310473058300008/#Friedman,_Ann"
"Friedman, Kathy",10477,"https://viaf.org/viaf/30163810540638822131/#Friedman,_Kathy"
"Friesen Hossack, Darcie",13637; 13646,http://viaf.org/viaf/106566358
"Friesen, Aileen",12430,http://viaf.org/viaf/5151654668608281610
"Friesen, Bernice",10034; 10460,http://viaf.org/viaf/45531526
"Friesen, Eric",9511; 9603,http://viaf.org/viaf/29085098
"Friesen, Patrick",10965; 11231; 11532; 11906; 8399; 8656; 9056; 9243," http://viaf.org/viaf/13576512; http://viaf.org/viaf/13576512; https://viaf.org/viaf/13576512/#Friesen,_Patrick,_1946-"
"Froese, Nadia",11590,
"Frohman, Denice",10098,https://www.wikidata.org/w/index.php?title=Q23303018&oldid=1446266740
"Froman, Karen",12441,
"Frutkin, Mark",12887,http://viaf.org/viaf/91547337
"Fryar, Christienna",10098,
"Fréchette, Caroline",11445,Permalink: http://viaf.org/viaf/308227291
"Fréchette, Nathan",11454,http://viaf.org/viaf/308227291
"Fréchette, Nathan Caro",11450; 11486; 8441,http://viaf.org/viaf/308227291
"Fu, Kim",10477,"https://viaf.org/viaf/305193689/#Fu,_Kim,_1987-"
"Fuechtmann, Danielle",10849,
"Fuentes LaRoche, Cristina",13974,
"Fulford, Annette",11892,
"Fulford, Sarah",12514,
"Fulton, Nora",9482,"http://viaf.org/viaf/305192573/#Fulton,_Nora_Collen,_1987-"
"Fulton, Warren D.",11835,http://viaf.org/viaf/61274527
"Fung, Richard",10411; 11587,http://viaf.org/viaf/33149106222768491869
"Funk, Carla",12427; 13323; 13324; 8619,http://viaf.org/viaf/23371776
"Funk, Julie",12479,
"Furey, Andrew",12652,http://viaf.org/viaf/15158548688416351162
"Furster, Laura",13659; 9906,http://viaf.org/viaf/12154257832324151371
"Fyson, Donald",12819,http://viaf.org/viaf/14666335
"Gabb, Vanessa Jimenez",12117,http://viaf.org/viaf/305148631497130412271
"Gabbert, Elisa",9571, http://viaf.org/viaf/100766348
"Gabereau, Vicki",11253,"https://viaf.org/viaf/104844374/#Gabereau,_Vicki"
"Gabriel, Katsi'tsákwas Ellen",11525,http://viaf.org/viaf/211159397460919302111
"Gabriel, Rosemary",12371; 12581,
"Gad-Nasr, Sophia",12564,
"Gagné, Natacha",13977,http://viaf.org/viaf/106243614
"Gagné, Paul",13923,http://viaf.org/viaf/29651134
"Gaia, Sita",13480,
"Gail Coles, Megan",8906; 8907,http://viaf.org/viaf/102812293
"Gaines, Samme",10233,
"Galbraith, Bree",9888,http://viaf.org/viaf/300217976
"Galgut, Damon",13373,http://viaf.org/viaf/87451615
"Gallagher, Ben",9913,
"Gallagher, Diane",11886,http://viaf.org/viaf/165151538
"Gallant, Devon",11703; 13584; 13585; 13586; 13587; 13588; 13589; 13590; 13591; 13592; 13593; 13594; 13595; 13596; 13597; 13598; 13599; 13600; 7886; 8288,http://viaf.org/viaf/15164600306037671113
"Gallant, Janet",9108,http://viaf.org/viaf/181161272254847442988
"Gallion, Aisha",13911,
"Galloway, Matt",10426,"http://viaf.org/viaf/300243629/#Galloway,_Matt"
"Galluccio, Steve",9840,"http://viaf.org/viaf/19934639/#Galluccio,_Steve,_1960-"
"Galway, Liam",8846,
"Gamboa, Santiago",13993,http://viaf.org/viaf/117423380
"Gammon, Carolyn",12681; 12689,http://viaf.org/viaf/73069994
"Gander, Forrest",12091,http://viaf.org/viaf/17296979
"Gane, Lorraine",11605,http://viaf.org/viaf/21543712
"Ganz, Rhonda",12483; 8377,http://viaf.org/viaf/331148996078859752172
"Gaona, Angye",8237,http://viaf.org/viaf/165145541822496600272
"Garad, Timaj",13571,
"Garand, Dominique",13992,http://viaf.org/viaf/7549759
"Garber, Rachel",10839; 11171,http://viaf.org/viaf/899159474342827662702
"Garcia, Flavia",13930,http://viaf.org/viaf/105627570
"Garcia, Gabriela",12931,http://viaf.org/viaf/11160362699763501682
"Gardner, Meredith",11290,
"Garebian, Keith",10036; 13652; 9939,http://viaf.org/viaf/55521626
"Garfinkle, Samara",11119; 11767; 13611,
"Garner, Samantha",10478; 11123; 13915; 9074,"http://viaf.org/viaf/11161632331710642970; https://viaf.org/viaf/11161632331710642970/#Garner,_Samantha_(Samantha_Kaisa)"
"Garnhum, Dennis",11591,http://viaf.org/viaf/53972472
"Garniss, Marc",9439,
"Garrabrant, Karen",13773,
"Garrard, JF",12558,http://viaf.org/viaf/308227591
"Garrett, Catherine",13750; 13817,
"Garrett, Leah",11715,"https://viaf.org/viaf/54393784/#Garrett,_Leah,_1966-"
"Garrido, Monica",11763,
Garrison Gary,10107, http://viaf.org/viaf/279733473
"Garrison, Gary",11458,
"Gartner, Zsuzsi",8620; 9397,http://viaf.org/viaf/60309536
"Garvia, Bailey",12667,https://www.wikidata.org/wiki/Q111033796
"Gasparini, Len",10039; 10066,http://viaf.org/viaf/60322648
"Gastant' Aucoin, Duane",11093,
"Gatchalian, C. E.",10406; 10584; 10588,http://viaf.org/viaf/106602811
"Gatchalian, C.E.",10411,http://viaf.org/viaf/106602811
"Gates, Michael",11094,"https://viaf.org/viaf/104091115/#Gates,_Michael"
"Gatwenzi, Aurore",11125; 9910; 9950,"http://viaf.org/viaf/28162178895407851840; https://viaf.org/viaf/28162178895407851840/#Gatwenzi,_Aurore"
"Gaucher, Dominique",13982,http://viaf.org/viaf/41946684
"Gaudet, L.V.",13260,
"Gaudet-Beauregard, Julie",8270,http://viaf.org/viaf/76634027
"Gauthier, CV",11836,
"Gautreau, Kimberly",8269,
"Gay, Marie-Louise",8969,http://viaf.org/viaf/27206554
"Gay, Mary-Louise",8948,http://viaf.org/viaf/27206554
"Gay, Roxane",8455; 9492,http://viaf.org/viaf/308698170; https://www.wikidata.org/wiki/Q16202911
"Gazan, Leah",10192,
"Geary, David",13763; 8647,http://viaf.org/viaf/19193237
"Gebremichael, Shimelis",9479,
"Gebrewold, Jacob",13749,
"Geddes, Gary",11617,http://viaf.org/viaf/94290892
"Gee, Bailey",11762,
"Gehl, Lynn",12235,http://viaf.org/viaf/306379226
"Geitzler, Kayla",10229; 10386; 8269,http://viaf.org/viaf/399150323705809970037
"Geller, Danielle",10972,http://viaf.org/viaf/14161149717434941806
"Gene Penner, Hayley",12569,https://www.wikidata.org/wiki/Q99399801
"Geniza, Keet",10536; 8447; 8767,"http://viaf.org/viaf/5158548694516351176; https://viaf.org/viaf/5158548694516351176/#Geniza,_Keet,_1987-"
"George, Anasimone",8284; 8435,
"George, Kallie",11390; 11413; 11414; 11415; 11416; 8480; 8646,http://viaf.org/viaf/106468065
"George, Lee",10077,http://viaf.org/viaf/56164295083808411366
"Georges, Karoline",11000,"https://viaf.org/viaf/20005574/#Georges,_Karoline,_1970-"
"Georgescu, Ioana",13964; 9892,http://viaf.org/viaf/29254011
"Gerard Marshall, Anne",11556,
"Gerbeza, Tea",13301,
"Gereaux, Tara",13055,http://viaf.org/viaf/317096431
"Germain, Brad",13666,
"Germaine, Mary",10085,http://viaf.org/viaf/14160120615040441044
"Gernes, Ulrikka S.",11231,"https://viaf.org/viaf/102542457/#Gernes,_Ulrikka_S."
"Gervais, Marty",11945,"https://viaf.org/viaf/32108950/#Gervais,_C._H._(Charles_Henry),_1946-"
"Gessen, Masha",12704,http://viaf.org/viaf/67288841
"Gevisser, Mark",12517,http://viaf.org/viaf/41993692
"Gewirtz, Abigail",11684,"https://viaf.org/viaf/45149912328106210313/#Gewirtz,_Abigail_H."
"Ghaderay, Holly",11988,http://viaf.org/viaf/9160307374757741838
"Ghadery, Hollay",10065; 10295; 11970; 13668,"http://viaf.org/viaf/9160307374757741838; https://viaf.org/viaf/9160307374757741838/#Ghadery,_Hollay"
"Ghai, Nilambri",13656,
"Ghan, Ben Berman",10477,"https://viaf.org/viaf/16164907981317852417/#Ghan,_Ben_Berman"
"Gharib, Malaka",7945,http://viaf.org/viaf/44155707006922410701
"Ghimire, Anuja",11463; 11567,"https://viaf.org/viaf/9495216/#Ghimire,_Anuj%C4%81_1982-"
"Ghosh, Amitav",13362,http://viaf.org/viaf/261269554
"Ghosh, Jayati",13388,http://viaf.org/viaf/67309671
"Ghosh, Suparna",10023; 9583; 9605; 9714; 9728; 9902, http://viaf.org/viaf/106696328; http://viaf.org/viaf/106696328
"Gibb, Camilla",11300; 12728; 9600,"http://viaf.org/viaf/98666826; https://viaf.org/viaf/98666826/#Gibb,_Camilla,_1968-...."
"Gibson, Chantal",13513; 13555; 8200; 8697; 8715,http://viaf.org/viaf/15983355
"Giese, Rachel",12998; 8602,http://viaf.org/viaf/12392958; http://viaf.org/viaf/379152743011527731870
"Gifford, James",10763,"https://viaf.org/viaf/88503077/#Gifford,_James,_1974-...."
"Gigot, Jami",9884,http://viaf.org/viaf/179144782717284149307
"Gilbert, Kerry",9108,http://viaf.org/viaf/2044148632968430630004
"Gilbert, Sky",10033; 8955,http://viaf.org/viaf/76367901
"Gilchrist, Claire",10084,http://viaf.org/viaf/22155224529384372838
"Giles, Morgan",8606,http://viaf.org/viaf/247149365978485600095
"Gill, Lakshmi",13625,http://viaf.org/viaf/71276865
"Gill, Marie-Andrée",11000; 13148; 13153; 13154; 8843," http://viaf.org/viaf/286747134; http://viaf.org/viaf/286747134; https://viaf.org/viaf/286747134/#Gill,_Marie-Andr%C3%A9e,_1986-"
"Gill, Thom",13668,
"Gillies,  Jennifer",9556,
"Gillies, Jennifer",10006; 10094,
"Gillis, Susan",10152,http://viaf.org/viaf/66154766
"Gillmor, Alison",12324; 9252,http://viaf.org/viaf/105465945
"Gilmer, Jeremy",8269,
"Gilmer, Jeremy Thomas",11527,
"Gilmor, Don",9429,http://viaf.org/viaf/28604564
"Gilmore, Ashley",13869; 13870; 13872; 13873; 13874; 13875; 13876; 13877; 13878; 13879; 13880; 13881; 13882; 13883; 13884; 13885; 13886; 13887; 13888; 13889; 13890,
"Gilpin-Jackson, Yabome",10240,http://viaf.org/viaf/2157701590944220903
"Giovanni, Ocean",8425; 8436,
"Giovannoni, David",12804,http://viaf.org/viaf/78923774
"Gipson, Ferren",12392,http://viaf.org/viaf/31163936159100831198
"Girard, Guylaine",13919,http://viaf.org/viaf/34269616
"Girard, Pascal",8613,http://viaf.org/viaf/24906583
"Girouard, Scott Girouard",12827,
"Giroux, Hélène",9142,http://viaf.org/viaf/7608159477673827990007
"Giroux, S.",9479,
"Gismondi, Melissa",13346,
"Giuliano, David",9273; 9277,http://viaf.org/viaf/102814565
"Gizli, Mila",8222; 8225,
"Glenn, Lorri Neilsen",10775,http://viaf.org/viaf/60649535
"Glidden, Sarah",8274,http://viaf.org/viaf/159846616
"Gloom, Ennie",9565,
"Glynn, Tracy",9697,"https://viaf.org/viaf/42153713723458660637/#Glynn,_Tracy,_1977-"
"Goade, Michaela",12327,http://viaf.org/viaf/31152329238302671761
"Gobby, Jen",10098,http://viaf.org/viaf/15157882851260441129
"Godbout, Geneviève",8480,http://viaf.org/viaf/220725390
"Godbout, Patricia",13928,http://viaf.org/viaf/24011176
"Godbout, Sabryna",13144,http://viaf.org/viaf/1156563428523241378
"Goddard, James Nicholas Dumile",11771,
"Goddard, Michelle F",10285,
"Godin, Céleste",13951,http://viaf.org/viaf/7160307438257742318
"Godin, Derek",13587; 13600,
"Goentoro, Ashley Rose",10283,
"Goerz, Gillian",13423,http://viaf.org/viaf/17158259246202300393
"Goh, Kagan",11937; 13646,http://viaf.org/viaf/250454882
"Gokhale, Veena",13656,http://viaf.org/viaf/41324698
"Gold, Judy,",11337,"https://viaf.org/viaf/166336412/#Gold,_Judy,_1962-"
"Goldberg, Kim",13522; 8369,http://viaf.org/viaf/43474954
"Goldberg, Myla",11338,"https://viaf.org/viaf/70007840/#Goldberg,_Myla."
"GoldenEagle, Carol",10648,http://viaf.org/viaf/313484942
"GoldenEagle, Carol Rose",10421; 10633; 11943; 12977,"http://viaf.org/viaf/313484942; http://viaf.org/viaf/313484942/#GoldenEagle,_Carol_Rose,_1963-; https://viaf.org/viaf/313484942/#GoldenEagle,_Carol_Rose,_1963-"
"Goldeneagle, Carol Rose",8996,http://viaf.org/viaf/313484942
"Goldman, Brian",12711; 12812,http://viaf.org/viaf/73077112
"Goldring, Hugh",10221,http://viaf.org/viaf/7252154983557167860000
"Goldsborough, Gordon",12264,http://viaf.org/viaf/102839028
"Goldsky, Angelic",13771; 13841,
"Goldsmith-Reber, Trudis Elisabeth",12894; 12903; 12907,http://viaf.org/viaf/49736821
"Goldstein, Mark",13662; 8207,http://viaf.org/viaf/48704657
"Goldstone, Gabriele",12354,http://viaf.org/viaf/173792312
"Gollner, Adam",13964,http://viaf.org/viaf/14225088
"Golshan, Sahar",10240,
"Gomes, Martin",9052,
"Gomez, Tito",9124,
"Goncarova, S.B.",8178; 8295,
"Gondek, Jyoti",12555; 12614,https://www.wikidata.org/wiki/Q55122176
"Gonshor, Anna Fishman",12915,
"Gonzalez, Xochitl",10963,http://viaf.org/viaf/19162720979761090160
"Good, Michelle",10115; 10155; 11098; 11218; 11252; 12521; 8981; 9036; 9458; 9865; 9961,"http://viaf.org/viaf/22158066384508430820; http://viaf.org/viaf/22158066384508430820/#Good,_Michelle_1956-; https://viaf.org/viaf/22158066384508430820/#Good,_Michelle,_1956-...."
"Goodden, Ted",10033; 10034; 11291,"http://viaf.org/viaf/250662280; https://viaf.org/viaf/250662280/#Goodden,_Ted,_1947-"
"Goodhand, Seyward",12329,http://viaf.org/viaf/57156495380717561370
"Goodier, Sharon",9621,
"Goodings, Lennie",8783; 8845; 8926; 8932; 9355,http://viaf.org/viaf/107371803; http://viaf.org/viaf/3456158792782339040002; http://viaf.org/viaf/65235951
"Goodison, Lorna",10898,http://viaf.org/viaf/67273781
"Goodman, Joanna",10840,http://viaf.org/viaf/75730621
"Goose, Leanne",10859,
"Gopnik, Adam",8317,http://viaf.org/viaf/84697472
"Gopnik, Blake",8841,http://viaf.org/viaf/63922799
"Goranson, Tamara",10972,http://viaf.org/viaf/14163271426712142867
"Gordaneer, Alisa",8377,http://viaf.org/viaf/73605164
"Gordon,  Bruce D.",11489,
"Gordon, Ariel",10600; 11027; 11028; 11969; 8383; 8573; 9971; 9972,"http://viaf.org/viaf/102831503; https://viaf.org/viaf/102831503/#Gordon,_Ariel,_1973-"
"Gordon, Bruce",11486,
"Gordon, Cait",11449; 11452; 11454,http://viaf.org/viaf/3163408940300092728
"Gordon, Lewis",12344,http://viaf.org/viaf/24718901
"Gordon, Noah Eli",12100,http://viaf.org/viaf/4631624
"Gordon-Corbiere, Mnawaate",10466; 7937,"http://viaf.org/viaf/213161272160347442119; https://viaf.org/viaf/213161272160347442119/#Gordon-Corbiere,_Mnawaate,_1995-"
"Gorman, Don",8664,http://viaf.org/viaf/304273174
"Gornick, Vivian",12718,http://viaf.org/viaf/126540
"Goto, Hiromi",10965; 8596; 8680; 9476,"http://viaf.org/viaf/114529294; https://viaf.org/viaf/114529294/#Goto,_Hiromi,_1966-...."
"Gottfriedson, Garry",11125; 8696,"http://viaf.org/viaf/11027063; https://viaf.org/viaf/11027063/#Gottfriedson,_Garry,_1954-"
"Gottlieb, Lori",12906,http://viaf.org/viaf/66763972
"Gould, John",10449; 11291; 11299; 9373,"http://viaf.org/viaf/4842559; https://viaf.org/viaf/4842559/#Gould,_John,_1959-"
"Gould, Xavier",10386,https://www.wikidata.org/wiki/Q108764501
"Goulding, Selena",10522; 11756,"http://viaf.org/viaf/14145304365278571091; https://viaf.org/viaf/14145304365278571091/#Goulding,_Selena"
"Gouliaras, Eleni",10011; 13914; 9579; 9585,
"Gowan, Helen",10401,
"Gowan, Lee",10697; 8772,http://viaf.org/viaf/53493496
"Gowans, Helen",10585,
"Goyette, Sue",10775; 10793; 10800; 9574; 9594,"http://viaf.org/viaf/23372648; http://viaf.org/viaf/23372648/#Goyette,_Sue,_1964-"
"Grace, Shelly",13575; 13576,
"Grady, Wayne",9528,http://viaf.org/viaf/94516982
"Graefe, Sara",12786,http://viaf.org/viaf/106402598
"Graf, Adele",10043,http://viaf.org/viaf/121554985
"Graham Jones, Stephen",13363,http://viaf.org/viaf/34671257
"Graham, Beth",8958,http://viaf.org/viaf/101383570
"Graham, Catherine",10024; 10477; 12563; 8761; 8840; 8925; 9243; 9773,"http://viaf.org/viaf/286132631; http://viaf.org/viaf/46092679; https://viaf.org/viaf/46092679/#Graham,_Catherine,_1964-"
"Graham, Danielle R.",8651; 9652,
"Graham, Genevieve",10095; 10116; 10193; 10477; 10778; 13449,"http://viaf.org/viaf/179614251; https://viaf.org/viaf/179614251/#Graham,_Genevieve"
"Graham, Joanna",12408; 12411,http://viaf.org/viaf/3148933328254300411
"Graham, Laurie D.",10477; 10862; 9374,"http://viaf.org/viaf/305192698; https://viaf.org/viaf/305192698/#Graham,_Laurie_D."
"Graham, Shirley",11894,http://viaf.org/viaf/11811240
"Granados, Marlowe",12519; 8782,http://viaf.org/viaf/9159154180611991528
"Grand Maître, Marlene",11613; 8377; 8380,http://viaf.org/viaf/14158548588516350632
"Granirer, Pnina",11841,"https://viaf.org/viaf/74126892/#Granirer,_Pnina,_1935-...."
"Grant, Joyce",10477,"https://viaf.org/viaf/254024725/#Grant,_Joyce,_1963-"
"Grant, Michael",8959,
"Grant, Shauntay",8960,http://viaf.org/viaf/102792231
"Grant, Vicki",10106,http://viaf.org/viaf/12258388
"Gratton, Andrée-Anne",10043; 10078,http://viaf.org/viaf/5114448
"Gray Smith, Monique",10930; 11877; 11925; 12027,"https://viaf.org/viaf/301481472/#Gray_Smith,_Monique,_1968-"
"Gray-Cosgrove, Carmella",9049,http://viaf.org/viaf/24162115906902111240
"Greco, Heidi",12107; 13454; 13636,http://viaf.org/viaf/11592606
"Green, Abena Beloved",10791; 10800; 10801; 9532,http://viaf.org/viaf/20151110721837062097
"Green, Hannah",12348; 9677; 9681,http://viaf.org/viaf/10166956067746911518; http://viaf.org/viaf/97201725
"Green, Henry",11844,"https://viaf.org/viaf/4960670/#Green,_Henry_A."
"Green, John",8250,
"Green, Matthew",9467; 9474,
"Greenberg, Arielle",12100,http://viaf.org/viaf/46409615
"Greenblatt, Natasha",9379,http://viaf.org/viaf/63148207830500341497
"Greenfield, Nathan M",9799,"https://viaf.org/viaf/65862088/#Greenfield,_Nathan_M.,_1958-...."
"Greenidge, Kaitlyn",13342,http://viaf.org/viaf/266144647691109806280
"Greenwald, Roger",9978,http://viaf.org/viaf/70370824
"Gregersen, Leif",11859; 11866,"https://viaf.org/viaf/9153530879748701434/#Gregersen,_Leif"
"Gregoire, Joan",9334,http://viaf.org/viaf/77159397308319300131
"Grescoe, Taras",12819; 12896,http://viaf.org/viaf/15982208
"Grienauer, Trudy",11565,
"Griffin, Brit",9272,http://viaf.org/viaf/105994352
"Griffin, George",8269,http://viaf.org/viaf/781150323721609971573
"Grills, Barry",10038,http://viaf.org/viaf/1751313
"Grimmelt, Kristjanna",13917,
"Gripp, Andreas",9951,http://viaf.org/viaf/255351736
"Grisenthwaite, G. A",10477,"https://viaf.org/viaf/35159335409912962148/#Grisenthwaite,_G._A.,_1959-"
"Grisenthwaite, G. A.",11972,"https://viaf.org/viaf/35159335409912962148/#Grisenthwaite,_G._A.,_1959-"
"Grisenthwaite, Gord",8216,http://viaf.org/viaf/35159335409912962148
"Grossman, David",12945; 13944,http://viaf.org/viaf/84234812
"Grossman, Lev",9144,http://viaf.org/viaf/15904503
"Groulx, David",13143; 9351; 9940,http://viaf.org/viaf/472160486067505180008
"Gruber, Adrienne",12104,http://viaf.org/viaf/83535098
"Grubisic, Katia",10389; 13923; 13926; 13964,"http://viaf.org/viaf/48681036; http://viaf.org/viaf/48681036/#Grubi%C5%A1i%C4%87,_Katia"
"Grubišić, Katia",10696; 9892,http://viaf.org/viaf/48681036
"Gubbels, Brent",10402,http://viaf.org/viaf/275163706542429420556
"Gudiño, Sofí",10536,
"Guelfenbein, Carla",11686,"https://viaf.org/viaf/23345734/#Guelfenbein,_Carla,_1959-...."
"Guenette,  Betty",11494,
"Guenther, Faye",10303,http://viaf.org/viaf/12158427941606062014
"Guerra, Pia",8665,http://viaf.org/viaf/34706270
"Guillermo, Kawika",12454; 12500; 8675; 8676; 9825,http://viaf.org/viaf/9228167445397388860002
"Guilly, Stef",11462; 11564; 11566,
"Guiñansaca, Sonia",10098,http://viaf.org/viaf/723163874171545721894
"Guitard, Nicholas",9697; 9802,"https://viaf.org/viaf/102877132/#Guitard,_Nicholas,_1956-"
"Gulliver, Roland",11655; 8727; 8728; 8739; 8747; 8752; 8757; 8766; 8845; 8930; 8972; 8979; 8988; 9020; 9049,
"Gully, Gary",11462,
"Gundar-Goshen, Ayelet",11332; 13958,"http://viaf.org/viaf/257398016; https://viaf.org/viaf/257398016/#Gundar-Goshen,_Ayelet,_1982-...."
"Gunn, Brenda",10275; 11562; 11648; 11659; 11668,"http://viaf.org/viaf/19233186; https://viaf.org/viaf/19233186/#Gunn,_Brenda,_1956-"
"Gunn, Genni",11012; 11223; 8594; 9055,"http://viaf.org/viaf/17082397; https://viaf.org/viaf/17082397/#Gunn,_Genni,_1949-"
"Gunraj, Andrea",10421,"http://viaf.org/viaf/86299844/#Gunraj,_Andrea,_1978-"
"Gunter, Jen",12341; 12998; 13422,http://viaf.org/viaf/107957738
"Guo, Wangtaolue (Gary)",13917,
"Gurel, Katie",9034,
"Gurevich, Nick",9879,
"Guri, River Halen",9941,
"Guriel, Jason",9692,http://viaf.org/viaf/36680432
"Gustafson, Sonja",8326,
"Gutnick, David",9334,http://viaf.org/viaf/105450998
"Guy, Cylita",10472,"https://viaf.org/viaf/16161879192733611758/#Guy,_Cylita"
"Guzman, Victoria",10483,
"Guzzo-McParland, Connie",10067; 11781,http://viaf.org/viaf/306379104
"Guénette, Marie-France",13963,http://viaf.org/viaf/14160544426309980007
"Gwathmey, Matthew",9579,http://viaf.org/viaf/155154590083243080183
"Gyasi, Yaa",9423,http://viaf.org/viaf/117144647683735584397
"Göransson, Johannes",12091; 8239,http://viaf.org/viaf/36341389
"HM, Taylah",8424; 8434,
"Haas, John",11443; 11452; 11454,"https://viaf.org/viaf/2163628878923462890/#Haas,_John,_1968-"
"Haber, Alexandria",8353,
"Haberstroh, Ali",12997,
"Haché, Jonah",10386,
"Hackinen, Meaghan",13466; 13491; 13506,http://viaf.org/viaf/50155343864606311120
"Hackinen, Meaghan Marie",9136,http://viaf.org/viaf/50155343864606311120
"Hackman, Benjamin",9577; 9676,
"Hadhad, Tareq",9740; 9741,
"Haeck, Phil",10039,http://viaf.org/viaf/270830026
Haf n' Haf,13870,
"Hafiz-Ramji, Shazia",8227,http://viaf.org/viaf/5153470811745080914
"Haggart, David",11605,http://viaf.org/viaf/105545183
"Haggarty, Holly",8862,http://viaf.org/viaf/266558386
"Hahn, Daniel",8942,http://viaf.org/viaf/39712004
"Hahnel, Lori",10058; 11811,http://viaf.org/viaf/86238713
"Haigh, Jerry",13311,http://viaf.org/viaf/91363368
"Haigh, Ken",9928,http://viaf.org/viaf/14591062
"Haines, Rayanne",10049; 10108; 13324; 13328; 13337; 8273; 9118; 9898; 9936, http://viaf.org/viaf/10154257786924151145; http://viaf.org/viaf/10154257786924151145
"Haiven, Max",10098,http://viaf.org/viaf/305934007
"Hajer, Jesse",12443,http://viaf.org/viaf/62161451600464102854
"Hajnoczky, Helen",10025; 9112,http://viaf.org/viaf/68751241
"Hakim, Kamal",8238,http://viaf.org/viaf/167149717583810951961
"Haldane, Susan",8776,http://viaf.org/viaf/4753526
"Haldoupis, Nicole",10811; 8994,
"Hale, Amanda",10028; 10029; 10034,http://viaf.org/viaf/255351791
"Halen Guri, River",11870,
"Halevi-Wise, Yael",12945,
"Haley, Heather",13457,http://viaf.org/viaf/11999855
"Haley, Trish",9115,
"Halfe, Louise B - Sky Dancer",12368,http://viaf.org/viaf/55847910
"Halfe, Louise B.",8421,http://viaf.org/viaf/55847910
"Halfe, Louise Bernice",10605; 10930; 10984; 11669; 12968; 9417,"http://viaf.org/viaf/55847910; https://viaf.org/viaf/55847910/#Halfe,_Louise_Bernice,_1953-"
"Halftone, Holly",12331,
"Hall, Chris",12365,
"Hall, Phil",13668; 8207,http://viaf.org/viaf/104120009
"Hall, Renata",10156,
"Hallett Butler, Michelle",9796,"https://viaf.org/viaf/269551707/#Butler_Hallett,_Michelle,_1971-"
"Halligan, Carol",11625,
"Hamaliuk, Don",10255; 10274; 11560; 11659; 11665,
"Hamdan, Khaleefa ‘Apollo the Child’",11678,
"Hamdani, Sumaiya Abbas",10691, http://viaf.org/viaf/12200361
"Hamel, Cary",11174; 12467; 9962,"http://viaf.org/viaf/75701644; https://viaf.org/viaf/75701644/#Hamel,_Cary"
"Hamel, Madonna",10829,
"Hamelin, Louis",13920,http://viaf.org/viaf/85357040
"Hamilton, Ian",9263,http://viaf.org/viaf/43288526
"Hamilton, Karen",9626,"https://viaf.org/viaf/28151533677502770101/#Hamilton,_Karen."
"Hamilton, Rebecca",8583,
"Hamilton, Robert",11445; 11447; 11450; 11452; 11454; 8441,http://viaf.org/viaf/1160725640810181541; http://viaf.org/viaf/160892667
"Hamilton, Sharon",13273; 13274; 13275,http://viaf.org/viaf/63575545
"Hamilton, Sylvia",12035; 12036,http://viaf.org/viaf/105818086
"Hamilton, Tom Gannon",9730,https://www.wikidata.org/w/index.php?title=Q30169202&oldid=1005702699
"Hamm, Annette",10130; 9472; 9997,
"Hammand, Lois",11465,
"Hammond, Lois",10257,
"Hammonds Reed, Christina",9359,http://viaf.org/viaf/16157098293272550016
"Hamon, Max",12819,http://viaf.org/viaf/18156917187154792598
"Hampson, Randi",10543,http://viaf.org/viaf/17156760565540852302
"Hampson, Sharon",10543,http://viaf.org/viaf/60491053
"Hampton, Ian",13303,http://viaf.org/viaf/105148380
"Handman, Misha",10287,
"Haney, Bronwyn",9565,
"Haney, Lori D.",9125; 9126; 9127; 9129,
"Hanif, Mohammed",13641,http://viaf.org/viaf/85852519
"Hank, Saltwater",9479,
"Hanlon, Christine",12285; 12367,http://viaf.org/viaf/106742643
"Hanna, Natalie",10295; 13621; 8238,http://viaf.org/viaf/106037535; http://viaf.org/viaf/68156131047758312360
Hannia,13870,
"Hansen, Emma",8662,http://viaf.org/viaf/31158125046114932069
"Hansen, Naomi",9790,http://viaf.org/viaf/22164114761710051206
"Hansen, Regina",10377,"http://viaf.org/viaf/30062291/#Hansen,_Regina"
"Hansen, Vivian",9085; 9117,http://viaf.org/viaf/106055960
Harar,13719,
"Harbridge, Kim",10281,
"Harbridge, Paul",11424,http://viaf.org/viaf/101450826
"Harding, Robyn",13440; 9371; 9426,http://viaf.org/viaf/78499695
"Harding-Russell, Gillian",11365,"https://viaf.org/viaf/36872602/#Harding-Russell,_Gillian,_1952-"
"Hardy, Kel",8434; 8439,
"Hare, Louise",8793,http://viaf.org/viaf/3237161212085340070008
"Harewood, Adrian",12317; 9143; 9161,
"Hargraves, Peter",12328,http://viaf.org/viaf/104625267
"Hargreaves, Tessa",8878,
"Harman, Whess",8672,
"Harmel, Kristin",9652,"https://viaf.org/viaf/42170738/#Harmel,_Kristin."
"Harper, Grace",9812,
"Harper, Maika",12027,"https://viaf.org/viaf/6156988989461002939/#Harper,_Maika,_1986-"
"Harris, Colin",12323,
"Harris, Jane",8628; 9931,http://viaf.org/viaf/60249802
"Harris, Kate",11097,"https://viaf.org/viaf/4150565456306250368/#Harris,_Kate,_1982-...."
"Harris, Maureen Scott",8776,http://viaf.org/viaf/31881943
"Harrison, Bronwyn",13820,
"Harrison, Elizabeth",10295,
"Harrison, Richard",8377,http://viaf.org/viaf/50370849
"Hart, Carl",12741,http://viaf.org/viaf/78183450
"Hartsfield, Carla",9714,http://viaf.org/viaf/92537702
"Harvey, Ken",12660,http://viaf.org/viaf/23161573651204522746
"Harvey, Samantha",8949,http://viaf.org/viaf/88261533
"Harwood-Jones, Markus",11757; 8436,http://viaf.org/viaf/559149196368774790541
"Hasan, Tazeen",9479,"https://viaf.org/viaf/282631220/#Hasan,_Tazeen"
"Hasegawa, Jennifer",12112; 13620,http://viaf.org/viaf/1157222743684971548
"Hasham, Chemar-Ali",9565,
"Hashimi, Nadia",12939,http://viaf.org/viaf/24146635658741982498
"Haskell, Joy",13643,
"Haskins, David",10036,http://viaf.org/viaf/57926797
"Hassan, Ali",9513,
"Hassan, Diriye",9017,
"Hassan, Huda",12702,
"Hasselriis, Kaj",12350; 13258,http://viaf.org/viaf/6579160001845530300004
"Hatfield, Percy",11947; 8829,https://en.wikipedia.org/wiki/Percy_Hatfield
"Hathaway, Luke",9594; 9694; 9814,"http://viaf.org/viaf/25163567807216382125; http://viaf.org/viaf/25163567807216382125/#Hathaway,_Luke"
"Haughton, Asante",11488; 11491; 11492,
"Hausner, Beatriz",10031; 12105; 12679; 13924; 13925; 8283; 8303; 8839; 8846, http://viaf.org/viaf/36614287; http://viaf.org/viaf/31137570; http://viaf.org/viaf/36614287
"Havs, Niels",11532,
"Hawkins, Paula",11653,http://viaf.org/viaf/14277202
"Hawthorne, Keagan",8271,
"Hay, Gina",12060,
"Hayden, Ashley",13055,http://viaf.org/viaf/27146936817813782743
"Hayes, Diana",11605,http://viaf.org/viaf/30820615
"Hayes, Diana E.",11847,
"Hayes, Molly",9471,
"Haynes, Elizabeth",9110,http://viaf.org/viaf/72622773
"Haynes, Michael",9801,"https://viaf.org/viaf/110535691/#Haynes,_Michael,_1951-...."
"Haynes, Rayanne",9931,http://viaf.org/viaf/10154257786924151145
"Haysome, Ian",12460,
"Hayter-Menzies, Grant",11398,"https://viaf.org/viaf/50439130/#Hayter-Menzies,_Grant,_1964-"
"Hayward, Lucas",8263,
"Haze, Ashlee",13563; 13565,"http://viaf.org/viaf/65151654771808282951; https://viaf.org/viaf/65151654771808282951/#Haze,_Ashlee,_1989-"
"Hazelton, Hugh",13608; 8295,http://viaf.org/viaf/335896
"Healey, Emma",10477,"https://viaf.org/viaf/7736160486127205180003/#Healey,_Emma,_1991-"
"Healey, Haley",11369; 11386; 11840,"http://viaf.org/viaf/21157949259665091167; https://viaf.org/viaf/21157949259665091167/#Healey,_Haley"
"Healy, Brendan",8794,http://viaf.org/viaf/315220689
"Hearn Hill, Bonnie",8870; 8879,http://viaf.org/viaf/41198256
"Heartfield, Kate",10477; 9348,"http://viaf.org/viaf/21150083816914941200; https://viaf.org/viaf/21150083816914941200/#Heartfield,_Kate"
"Heath, Ellie",13336,
"Heavy Shield, Faye",13408,http://viaf.org/viaf/96617275
"Heavy Shield, Hali",13408,http://viaf.org/viaf/53167863584022740852
"Hecht, Tracy",8360,http://viaf.org/viaf/58146331864218691546
"Hedderwick, John",12742; 12743,
"Hedderwick, Jon",13688; 13800,
"Hedges, Chris",13366,http://viaf.org/viaf/51056129
"Heffernan, Seamus",9139,http://viaf.org/viaf/350157523233727030853
"Hegele, Sydney",10477,https://www.wikidata.org/wiki/Q112625457
"Hegerat, Betty Jane",11811,http://viaf.org/viaf/7153002
"Heide, Chris",10627,http://viaf.org/viaf/92962776
"Heidenreich, Rosmarin",12321,http://viaf.org/viaf/34521440
"Heighton, Steven",10085; 11294; 11296; 8263; 8331; 9163; 9412; 9417; 9459; 9587; 9638; 9690,"http://viaf.org/viaf/113293009; http://viaf.org/viaf/1213148451595515970009; https://viaf.org/viaf/113293009/#Heighton,_Steven,_1961-"
"Heinerth, Jill",12791; 13037; 13425,http://viaf.org/viaf/65148207862100342397
"Heinis, Shery Alexander",8262,
"Heins, Jay",12116,
"Hellman, Thomas",13920,http://viaf.org/viaf/37230231
"Helme, Danièle-Taoahere",13155,http://viaf.org/viaf/126158367855201282322
"Helps, Lisa",8324,
"Hemingway, Annie",13357, http://viaf.org/viaf/1675159234589603372097
"Heminway, Annie",13031,
"Hemming, Deborah",10620,http://viaf.org/viaf/13157825283854062609
"Henderson, Keith",11784,http://viaf.org/viaf/34301694
"Henderson, Leah",8442,
"Henderson, Mathew",9376,http://viaf.org/viaf/252533979
"Henderson, Matthew",8846,http://viaf.org/viaf/252533979
"Henley, Tara",11650; 12738,http://viaf.org/viaf/29159818558613811011
"Henman, Pat",12423,http://viaf.org/viaf/232861480
"Henrickson, Crystal",11936; 8599,
"Henry, Amber",11878,"https://viaf.org/viaf/37157640902438220847/#Henry,_Amber,_1974-"
"Henry, Natasha",11944,"https://viaf.org/viaf/103451037/#Henry,_Natasha_L."
"Henry, Tianna",8459,
Her Ra,13636,
"Her, Chu-sha",10401,
"Hernandez, Catherine",8620; 9555," http://viaf.org/viaf/392154923688263780005; http://viaf.org/viaf/6974154923715263780001/#Hernandez,_Catherine,_1977-._|_Scarborough"
"Hernandez, Kyle",8931,http://viaf.org/viaf/145149105997868490132
"Hernández, Catherine",10323; 10395; 10477; 8531; 8543; 8728; 8886; 9146,"http://viaf.org/viaf/91043188; http://viaf.org/viaf/91043188/#Hern%C3%A1ndez,_Catherine_1977-; https://viaf.org/viaf/91043188/#Hern%C3%A1ndez,_Catherine_1977-"
"Hero, Natalia",10039,http://viaf.org/viaf/1154440028435341050
"Heron, Farah",10190; 10477; 9790,"http://viaf.org/viaf/5156372476507542530; https://viaf.org/viaf/5156372476507542530/#Heron,_Farah"
"Heroux, Jason",9534; 9638,http://viaf.org/viaf/9542409
"Herring, W. M.",13462,http://viaf.org/viaf/9162544303143310921
"Herringer, Barbara",13544,
"Herriot, Trevor",10637,http://viaf.org/viaf/21483566
"Hersi, Hoodo",13890,
"Hertwig, Benjamin",9429,http://viaf.org/viaf/9149841803802840541
"Hertz, Barry ‎",12757,
"Heslop, Kevin",13670,http://viaf.org/viaf/27156372291207540929
"Heslop, Kevin Andrew",9808; 9809; 9810; 9832,"https://viaf.org/viaf/27156372291207540929/#Heslop,_Kevin,_1992-"
"Hessel, Andrew",13385,http://viaf.org/viaf/62151776731918010359
"Hester, Sam",12661,https://www.the23rdstory.com/
"Hetherington, Victoria",10293; 10327; 10477; 9668,"http://viaf.org/viaf/39155224519184372550; https://viaf.org/viaf/39155224519184372550/#Hetherington,_Victoria,_1989-"
"Heti, Sheila",10121; 10174; 12063; 8735; 9566,http://viaf.org/viaf/79187369
"Hextall, Leah",12271,
"Heymans, Joshua",7913,
"Hiaasen, Carl",8932,http://viaf.org/viaf/2519004
"Hibbs, Angela",8177,http://viaf.org/viaf/39156424
"Hickey, David",10077,http://viaf.org/viaf/106652274
"Hicks, Caitlin",11381,"https://viaf.org/viaf/106040471/#Hicks,_Caitlin"
"Hietkamp, Lenore",11821; 11839,http://viaf.org/viaf/245883627
"Higdon, Hailey",12097,http://viaf.org/viaf/167328506
"Higgins, Roen",8183; 8184; 8186; 8351,
"High, Steven",12334,http://viaf.org/viaf/48918685
"Highway, Tomson",10388; 11294; 11584; 13155,"http://viaf.org/viaf/92396428; http://viaf.org/viaf/92396428/#Highway,_Tomson,_1951-....; https://viaf.org/viaf/92396428/#Highway,_Tomson,_1951-...."
"Hill, Alan",11624; 11819,http://viaf.org/viaf/13152380087901762068
"Hill, Debbie Okun",9618,http://viaf.org/viaf/102846475
"Hill, Gerald",12110; 8974,http://viaf.org/viaf/77773118
"Hill, Jeremy Luke",10477; 11508; 11590; 9406,"http://viaf.org/viaf/1152682466823310626; https://viaf.org/viaf/1152682466823310626/#Hill,_Jeremy_Luke,_1977-"
"Hill, Lawrence",10130; 10164; 10173; 8986; 9399; 9664; 9982,"http://viaf.org/viaf/100308975; https://viaf.org/viaf/100308975/#Hill,_Lawrence,_1957-...."
"Hill, Leanne",13820,
"Hille, Veda",8335,http://viaf.org/viaf/79915922
"Hilles, Robert",10072,http://viaf.org/viaf/35857565
"Hillhouse, Andy",10402,http://viaf.org/viaf/106502860
"Hilton, Carol Anne",12322,http://viaf.org/viaf/16160664932903361004
"Himelfarb, Jordan",10477,"https://viaf.org/viaf/304974115/#Himelfarb,_Jordan,_1981-"
"Hindmarch, Gladys",9079,http://viaf.org/viaf/38164256
"Hingston, Michael",13341,http://viaf.org/viaf/308763647
"Hiroko, Erica",8629,
"Hirst, Elizabeth",10538; 11445; 11452; 11454; 11485,"http://viaf.org/viaf/106572646; https://viaf.org/viaf/7165624712842240893/#Hirst,_Elizabeth_(Author_of_The_face_in_the_marsh)"
"Hiyate, Sam",10477,
"Hladik, Bara",8227,
"Hladík, Bára",11694,http://viaf.org/viaf/15164718026102091872
"Hlehel, Ala",13958,http://viaf.org/viaf/73601272
"Hlozek, Renée",12574,http://viaf.org/viaf/5948155044832572520008
"Ho, Jeff",10477,"https://viaf.org/viaf/35156988886561001420/#Ho,_Jeff"
"Ho, K.",11154,
"Ho, Karen K.",9394,
"Ho, S F",10290,
"Hoang, Jolie Phuong",10175,http://viaf.org/viaf/48162781335665981593
"Hoblyn, Lucy",10702,
"Hobsbawn-Smith, Dee",10658; 12980,http://viaf.org/viaf/161025195
"Hobson, Brandon",13350,http://viaf.org/viaf/308241639
"Hoefle, Harold",11708; 7963,http://viaf.org/viaf/106544733
"Hoeft, Kendall",11658,
"Hoey, Dominic",8887,http://viaf.org/viaf/3284150264373705860002
"Hoffman, Leanne",10794,
"Hofmann, Karen",9158,http://viaf.org/viaf/34268009
"Hoglund, Val",10977; 9115,
"Hogue, Tarah",10291,http://viaf.org/viaf/305192526
"Hohn, Nadia",10327,http://viaf.org/viaf/316787188
"Hohn, Nadia L.",10477; 11988; 12395; 9379,"http://viaf.org/viaf/316787188; https://viaf.org/viaf/316787188/#Hohn,_Nadia_L."
"Holden Rothman, Claire",10288,http://viaf.org/viaf/55730032
"Holden, Arthur",13920,http://viaf.org/viaf/316876363
"Holden, Sarabeth",12028,"https://viaf.org/viaf/20158912304349772105/#Holden,_Sarabeth,_1982-"
"Holiday, Jenny",9662,"https://viaf.org/viaf/22152079108707111104/#Holiday,_Jenny."
"Holland, Eva",10243; 11092; 13468; 9391,"http://viaf.org/viaf/27156312427902081130; https://viaf.org/viaf/27156312427902081130/#Holland,_Eva,_1982-"
"Holmes, Monique",9687,
"Holmes, Nancy",10037; 9932,http://viaf.org/viaf/24467393; http://viaf.org/viaf/58680495
"Holowack, Kevin",9158,http://viaf.org/viaf/13159234364203371505
"Holowitz, Adam Corrigan",11571,
"Holowitz, Stephen",8326,
"Holtz, Nairne",9558,http://viaf.org/viaf/56139239
"Homa, Ava",13348; 9657; 9968,"http://viaf.org/viaf/128965542; https://viaf.org/viaf/128965542/#Homa,_Ava"
"Homel, David",13964; 8357,http://viaf.org/viaf/164979976; http://viaf.org/viaf/233458050
"Homer-Dixon, Thomas",12524,http://viaf.org/viaf/71563273
"Hong, Janet",11531,http://viaf.org/viaf/88390158
"Hong, Yeon-sik",8489,http://viaf.org/viaf/306261860
"Honoré, Carl",13943,http://viaf.org/viaf/42901079
Hoodo Hersi,13884,
"Hoogland, Cornelia",10033; 10034; 11291; 11579; 11619; 13868; 8671,"http://viaf.org/viaf/4194015; https://viaf.org/viaf/4194015/#Hoogland,_Cornelia,_1952-; ttp://viaf.org/viaf/4194015"
"Hoolboom, Mike",9674,"https://viaf.org/viaf/55043309/#Hoolboom,_Michael,_1959-...."
"Hopfe, Safiya",10234,
"Hopkinson, Anne",11603; 8374,
"Hopkinson, Nalo",12687,http://viaf.org/viaf/14061281
"Hore, Ron",13226,http://viaf.org/viaf/8154257780924151047
"Horlick, Leah",10051; 10866; 11538; 8227; 8724; 9039, http://viaf.org/viaf/254626329; http://viaf.org/viaf/254626329
"Horn, Dara",11714,"https://viaf.org/viaf/79211281/#Horn,_Dara,_1977-...."
"Horn, Roni",9013,http://viaf.org/viaf/73878769
"Horosko, Teresa",12401,
"Horowitz, Anthony",10853,http://viaf.org/viaf/120002982
"Horton, Jillian",8336,http://viaf.org/viaf/106569115
"Horton, Mabel",12342,
"Horvath, Polly",9030,http://viaf.org/viaf/76489120
"Hosein, Jennifer",10033; 13654; 13914; 9710; 9985,http://viaf.org/viaf/26156809539545122079
"Hoskins, Gregory",8797,http://viaf.org/viaf/79769315
"Hosseini, Khaled",8807,http://viaf.org/viaf/98912036
"Houle, Jennifer",10386; 12664; 12674; 12688; 12691,1977-; http://viaf.org/viaf/102827894
"Houle, Karen",8312, http://viaf.org/viaf/51031891
"Howard, Liz",10400; 10479; 10897; 11577; 11974; 12690; 8175; 8465; 9488,"http://viaf.org/viaf/313282742; https://viaf.org/viaf/313282742/#Howard,_Liz,_1985-"
"Howard, Talibah",9834,
"Howell, Niall",9136; 9155,http://viaf.org/viaf/6153470886745081206
"Hoy, Alyson",10295,
"Hozar, Nazanine",10205; 8700,http://viaf.org/viaf/23154074371911740452
"Hoàng, Anvi",10043,http://viaf.org/viaf/38159939550325252239
"Hoàng, Khiềm",9052,http://viaf.org/viaf/317111527
"Hrab, Naseem",10378; 10477; 12029; 12393; 12397; 9029; 9030,"http://viaf.org/viaf/1148752268441202747; http://viaf.org/viaf/1148752268441202747/#Hrab,_Naseem; https://viaf.org/viaf/1148752268441202747/#Hrab,_Naseem"
"Hrastovec, Peter",11968,
"Hrehirchuk, Stephanie",9067,http://viaf.org/viaf/40149841899602841819
"Hryciuk, Marshall",8244,http://viaf.org/viaf/68086381
"Huang, Dongdong",8648,http://viaf.org/viaf/747155284862187061951
"Huard, Isael",9479,
"Huard, Julie",12316,http://viaf.org/viaf/70660484
"Hubbard, Tasha",10558,http://viaf.org/viaf/106659231
"Huber, Bruno",13453,http://viaf.org/viaf/20994971
"Huberman, Isabella",13137,http://viaf.org/viaf/1164657916403130640
"Hudson, Glenn",12294,
"Hudson, Sandy",10807; 13389,http://viaf.org/viaf/44157340763809922255
"Huebert, David",11589; 8216; 8312; 9701,http://viaf.org/viaf/315983314
"Huerta, Marcela",11833; 13934; 8227; 8228, http://viaf.org/viaf/1151050030933412456; http://viaf.org/viaf/1151050030933412456
"Hughes, Clara",8928,http://viaf.org/viaf/315983390
"Huhtanen, Carla",8797,http://viaf.org/viaf/153567442
"Hull, Jan Fancy",10629,
"Hume, Margaret Anne",11380,"https://viaf.org/viaf/34206385/#Hume,_Margaret_Anne"
"Humphrey, Anna",11397,http://viaf.org/viaf/102797122
"Humphrey, Stephen",9685; 9879,http://viaf.org/viaf/106565293
"Humphreys, CC",10287,
"Humphreys, Helen",10138; 10477; 11277; 11681; 8734; 9294; 9514; 9524; 9627; 9628,"http://viaf.org/viaf/8271060; https://viaf.org/viaf/8271060/#Humphreys,_Helen,_1961-"
"Hunt, Christopher",9080,
"Hunt, Dallas",10003; 10006; 10558; 10969; 11123; 11613; 12348; 12368; 13437; 13494; 9417; 9989,"http://viaf.org/viaf/13153893740602292989; https://viaf.org/viaf/13153893740602292989/#Hunt,_Dallas,_1987-...."
"Hunter, Aislinn",10199; 11121; 11252; 11848; 13640; 8700; 8971; 9521; 9826,"http://viaf.org/viaf/65815647; https://viaf.org/viaf/65815647/#Hunter,_Aislinn,_1969-"
"Hunter, Andrew",9834; 9835,"http://viaf.org/viaf/19000535/#Hunter,_Andrew,_1963-...."
"Hunter, Bruce",8377,http://viaf.org/viaf/65365111
"Hunter, Carrie",12110,http://viaf.org/viaf/183794202
"Hunter, Catherine",11677; 12119; 13672,http://viaf.org/viaf/39715245
"Hur, June",10376; 10377; 13432,"http://viaf.org/viaf/86155707105222412061; http://viaf.org/viaf/86155707105222412061/#Hur,_June"
"Hurcomb, Fran",11866; 11879,"https://viaf.org/viaf/101390818/#Hurcomb,_Fran,_1949-"
"Hurdle, Crystal",13460,"https://viaf.org/viaf/61245829/#Hurdle,_Crystal,_1958-"
"Hurely, Sean",9484; 9486,
"Hurley, Kameron",11697; 8290, http://viaf.org/viaf/167480865; http://viaf.org/viaf/167480865
"Hurtig, Leslie",9027,
"Huser, Glen",9159,http://viaf.org/viaf/63075
"Huson, Brett D.",13261; 13262,http://viaf.org/viaf/28155103923476201418
"Hussain, Salma",10477,"https://viaf.org/viaf/35164295418808412573/#Hussain,_Salma_(Young_adult_fiction_writer)"
"Hussain, Tariq",13630,http://viaf.org/viaf/106030092
"Hussein, Ifrah",13562; 13577,
"Hutchinson, Aaron",13669; 13670,
"Hutchinson, Chris",10907; 9786; 9787; 9788,"https://viaf.org/viaf/75747842/#Hutchinson,_Chris,_1972-"
"Hutchinson, Michael",12325; 13427; 9800,"http://viaf.org/viaf/36153713822758662215; https://viaf.org/viaf/36153713822758662215/#Hutchinson,_Michael,_1971-"
"Hutchman, Laurence",10039,http://viaf.org/viaf/43101515
"Hutton, June",10402,http://viaf.org/viaf/102894697
"Hyder, Maheen",13907; 13908,
"Hynd, Ashley",13619; 13650; 8266; 8269,
"Hynes, Ben",12804,
"Hynes, Maureen",13542; 8176; 8377; 8386; 8414; 8573; 8719; 9585, http://viaf.org/viaf/40751911; http://viaf.org/viaf/40751911
I FURIOSI,10540,
"I'Anson, Chioke",11966,
"Iacobelli, Luciano",13924; 9734,http://viaf.org/viaf/71129331
Ian Ferrier,16085,http://viaf.org/viaf/91437046
"Ian, John",10242,
"Iantosca, Tony",12112,http://viaf.org/viaf/131145541818396600843
"Ibeas, Bryan",9074,
"Ibeh, Chukwuebuka",11528,http://viaf.org/viaf/24164906080517850538
Ibonic,13313,
"Ibra, S.K.",8224,
"Ibrahim, S.K.",9004,
Icy Gaze,13772; 13828,
"Ide, Joe",13005,http://viaf.org/viaf/5801148037713188350009
"Ien, Marci",12498; 12616; 12724,http://viaf.org/viaf/1630159474255427661624
"Ifill, Erica",10395; 10469,
"Ignatieff, Michael",13367,http://viaf.org/viaf/108356200
"Indongo, Nantali",12053; 12813,
"Ing, Elis",12912,
"Ing, Tiffanie",8969,
"Ingraham, S.E.",11464,
"Ingraham, Sharon",11456,
"Ingram Gunn, Ellamae",11668,
"Ingram, Jay",9927,http://viaf.org/viaf/686265
"Innes, Robert Alexander",13049; 13055,http://viaf.org/viaf/296280723
"Intson, Camille",8316,
"Inutiq, Geronimo",8189,http://viaf.org/viaf/13151533773102772956
"Inverarity, Geoff",13867,http://viaf.org/viaf/104660423
"Inverarity, Geoffrey",11615,http://viaf.org/viaf/104660423
"Iqbal, Maria",10477,
"Irani, Anosh",12454; 12499; 8784,http://viaf.org/viaf/23229542
"Iraqi, Amjad",13958,
"Irby, Samantha",8485,http://viaf.org/viaf/6099159764089608170009
"Irfan, Ali",8237,http://viaf.org/viaf/17157581684233782131
"Irimia, Alexandra",13928,http://viaf.org/viaf/2222169757868908010009
"Irvine, Stacy",13312,
"Irvine, Tim",13312,
"Ishaq, Shaya",13622,
"Ishiguro, Kazuo",8563; 8608; 9432; 9848,http://viaf.org/viaf/108702574
"Islam, Sruti",11870; 8227; 8228,
"Isomura, Erica H.",11166,
"Issenman, Nancy",11617,
"Itani, Frances",8977; 9011; 9142,http://viaf.org/viaf/56860470
"Itter, Carole",12799; 13962,http://viaf.org/viaf/70398953
"Ivison, John",9370; 9380,http://viaf.org/viaf/27155409722208742899
"Iwunwa, Elizabeth",13290,http://viaf.org/viaf/18168286818657272059
"Iyer, Pico",9297,http://viaf.org/viaf/100144648512114115842
"Izsak, Emily",12096,
"J, Evan",12401,http://viaf.org/viaf/10161632185010641113
"J. Sokol, Su",8168,http://viaf.org/viaf/308751382
"Jabbour, Bashar Lulu",10294,
"Jabr, Rimah",8358,
"Jack, Shahaddah",9052,
"Jackman, Clifford",9406,http://viaf.org/viaf/137168531
"Jackson, Donny",13558,
"Jackson, Emanuelle",11493,
"Jackson, Geoffrey",9109,http://viaf.org/viaf/26154381066930292722
"Jackson, Jessi Lee",10236,http://viaf.org/viaf/11164476537625912459
"Jackson, Raymond",8188,http://viaf.org/viaf/170244308
"Jacob, Juliette Blake",12744; 12746; 12773; 13693; 13775; 13791; 13795,
"Jacobs, Dale",11973,"https://viaf.org/viaf/78142343/#Jacobs,_Dale,_1966-...."
"Jacobs, Heidi",11973,"https://viaf.org/viaf/56449419/#Jacobs,_Heidi_L.M."
"Jacobs, Heidi L.M.",9134,http://viaf.org/viaf/56449419
"Jacobsen, Roy",9680,http://viaf.org/viaf/79066717
"Jacobson, Roy",8772,http://viaf.org/viaf/79066717
"Jacques, Marie-France",8188,
Jade,8439,
"Jadid, Saeed",8738,
"Jae, Kimberly",13577,
"Jaeggle, M. W.",10923; 13523,"http://viaf.org/viaf/22158066636108432361; https://viaf.org/viaf/22158066636108432361/#Jaeggle,_M._W."
"Jaffe, Ellen S.",13659; 13907; 13908; 9949,http://viaf.org/viaf/105938922
"Jaffe, Sarah",10098,http://viaf.org/viaf/2914693672661378160
"Jaffer, Taslim",11531; 8673,
"Jaffrelot, Christophe",13361,http://viaf.org/viaf/68996507
"Jagoo, Krystal",10588,
Jah'mal Dion,10107,
"Jaimes, Héctor",12501,http://viaf.org/viaf/119870982
"Jain, Mahak",11310; 8302,http://viaf.org/viaf/30637920; http://viaf.org/viaf/306379209
Jajé,13891; 13892,
"Jakobsen Lepri, Hege Anita",10875,
"Jakobsen, Lis",9379,
"Jalaluddin, Uzma",10477; 9449; 9854,"http://viaf.org/viaf/335157884844860620009; https://viaf.org/viaf/335157884844860620009/#Jalaluddin,_Uzma"
"Jallow, Toufah",12064,http://viaf.org/viaf/16161511960570560864
"Jam, Static",13742,
"Jama, Sarah",10477; 10527,
"Jamali Rad, Anahita",11505; 11536,http://viaf.org/viaf/25147118327426342626
"James, LeLand",10152,
"James, Marlon",13383,http://viaf.org/viaf/9583183
"James, Terrance",13506,http://viaf.org/viaf/6798148997697859870006
"Jamieson, Kyla",13487; 8671; 9889; 9931,http://viaf.org/viaf/27157098526772552613
"Jamieson, Victoria",8554,http://viaf.org/viaf/92036509
"Jane Anders, Charlie",8293; 8296, http://viaf.org/viaf/26466367; http://viaf.org/viaf/26466367
"Jane, Micah",13705,
"Janess, Danielle",11603,http://viaf.org/viaf/19160362816063502612
"Janie, Change",12455,http://viaf.org/viaf/303659611
"Janisse-Barlow, Melanie",11974,"https://viaf.org/viaf/8326159478222127990001/#Janisse-Barlow,_Melanie,_1972-"
"Janjua, Sana",13628,
"Janot, Antoine",10152,http://viaf.org/viaf/3088156565691823500003
"Janssen, Jessica",13136,
"Janzen, Cora",10547,
"Jarman, Mark",11528,http://viaf.org/viaf/73904557
"Jarman, Mark Anthony",10970; 9057; 9533; 9639,http://viaf.org/viaf/79223257
"Jarrar, Randa",13946,http://viaf.org/viaf/79248744
"Javed, Noor",10477,
Javelin,12957; 13702; 13708,
"Javier, Carlo",12454; 12499,
"Jaworska, Aldona",9067,http://viaf.org/viaf/311355783
Jayde,8238,https://versefest.ca/year/2020/poet/?id=467
"Jean, Michel",12316; 13151; 13162; 13166; 13172,
"Jeffers, Oliver",8518; 9631,"http://viaf.org/viaf/25675091; https://viaf.org/viaf/25675091/#Jeffers,_Oliver,_1977-...."
"Jeffery, Michaela",8960,http://viaf.org/viaf/20162179026707852764
"Jemisin, N.K.",8502,http://viaf.org/viaf/160100764
"Jendrzejewski, Ingrid",10279,
"Jenkins, Carrie",9824,http://viaf.org/viaf/542146936768013782155
"Jenkins, Carrie S.",10905,"https://viaf.org/viaf/78249448/#Jenkins,_C.S."
"Jenkins, Dwight",13653,
"Jenkins, Harvey",11027,"https://viaf.org/viaf/295261800/#Jenkins,_Harvey,_1949-"
"Jennings, Maureen",10446,http://viaf.org/viaf/79458196
"Jennings, Sharon",10477,"https://viaf.org/viaf/121726474/#Jennings,_Sharon"
"Jenoff, Marvyne",9622,http://viaf.org/viaf/50646828
"Jenoff, Pam",9653,"https://viaf.org/viaf/21587508/#Jenoff,_Pam."
"Jensen, Aleshia",10227,http://viaf.org/viaf/29154074382111741490
"Jensen, Marilyn",11095,
Jerome Ramcharitar,16085,
"Jerreat-Poole, Adan",10133; 13431,http://viaf.org/viaf/20158066376008430459
"Jeshani, Natasha",8673,
"Jespersen, Ryan",10865,
"Jessen, Caroline",12947,
"Jesus, Elle",13749,
"Jesus, Gay",8425,
"Jewell, Lisa",9425,http://viaf.org/viaf/22451038
Jeziah,9081,
"Jiménez, Mariana",13614,
"Jin, Andrea",10239,
"Jin, Meng",12684,http://viaf.org/viaf/35157949182565090885
"Jo Lee,  Janice",11664,
"Jo Lee, Janice",13778; 13781,
Jo-Ann,12499,
"Joannides, Amos",10840,
"Jobb, Dean",13022,http://viaf.org/viaf/60761208
"Jobin, Eugénie",8172,
"Jocelyn, Marthe",11422,http://viaf.org/viaf/54435973
"Joe Lee, Janice",13739,
"Joe, Ann",10768,
"Johal, Geeta",8357,
John,12897,
"John, Aisha Sasha",11661,http://viaf.org/viaf/169208930
"John-Kahewin, Wanda",13645,
"John-Kehewin, Jamie",13409,
"John-Kehewin, Wanda",13469,http://viaf.org/viaf/296310414
"Johnk, Lzz",13544,
"Johns, Jessica",10232; 10233; 13049; 13057; 8621,http://viaf.org/viaf/10147422886944880299
"Johnson, Becky",9688,
"Johnson, Brooke",9080,
"Johnson, Chris",12096,
"Johnson, Daisy",8978,http://viaf.org/viaf/138147118306026342300
"Johnson, Elena",8667; 8701; 9844, http://viaf.org/viaf/313484751; http://viaf.org/viaf/313484751
"Johnson, Falen",10323,http://viaf.org/viaf/299629024
"Johnson, Harold",13051; 13052; 13053; 13276,http://viaf.org/viaf/38733295
"Johnson, Harold R.",10805,http://viaf.org/viaf/38733295
"Johnson, Jessica",10423,
"Johnson, Kim June",10927,
"Johnson, Maya",12788,
"Johnson, Sadeqa",11291,"https://viaf.org/viaf/120145003288261301656/#Johnson,_Sadeqa"
"Johnson, Steven",13346,http://viaf.org/viaf/42099221
"Johnson, Talia C.",11454,
"Johnson, Zoë",9479,"https://viaf.org/viaf/48684770/#Johnson,_Zo%C3%AB"
"Johnson-Boria, Tatiana",8161,
"Johnston, Christine",13699,
"Johnston, Liz",12048,
"Johnston, Susan",9251,
"Johnston, Wayne",11583; 9385,http://viaf.org/viaf/120612960
"Johnstone, Jim",10291; 11526; 11675; 8216; 8219,http://viaf.org/viaf/78888187
"Johnstone, Jim,",9943,http://viaf.org/viaf/78888187
"Johnstone, Vici",12425,http://viaf.org/viaf/313485059
"Jones, Adam Garnet",9024; 9347,http://viaf.org/viaf/4150565611106251855
"Jones, Alexandra Mae",10477,"https://viaf.org/viaf/325163332042102640598/#Jones,_Alexandra_Mae"
"Jones, Amy",10330; 13672; 9473,http://viaf.org/viaf/102862687
"Jones, Catherine",10537,
"Jones, Cherie",10003; 12683,http://viaf.org/viaf/45404221
"Jones, Chris",13341,
"Jones, El",10427; 10793; 13764; 13980; 9594,"http://viaf.org/viaf/308751335; http://viaf.org/viaf/308751335/#Jones,_El,_1979-"
"Jones, Francis R.",12049,http://viaf.org/viaf/117375261
"Jones, Gavin",8851,
"Jones, Jessie",12060; 8300; 9786; 9787; 9788; 9830,"http://viaf.org/viaf/4158548677116351265; https://viaf.org/viaf/4158548677116351265/#Jones,_Jessie,_1987-"
"Jones, Manina",8328,http://viaf.org/viaf/19776600
"Jones, Marianne",8863,
"Jones, Megan Fennya",11168,"https://viaf.org/viaf/17164959782324021978/#Jones,_Megan_Fennya"
"Jones, Michaela",13915,
"Jones, Reed",11488,
"Jones, Robert, Jr.",11329; 12703,"http://viaf.org/viaf/16160120746640441861; https://viaf.org/viaf/16160120746640441861/#Jones,_Robert,_Jr.,_1971-"
"Jones, Samantha",13624,http://viaf.org/viaf/45167198650767631431
"Jones, Shayna",12423,
"Jones, Stephen Graham",9395,http://viaf.org/viaf/34671257
"Jong, Tamara",13648; 13649,
"Joosten, Julie",12106; 8303; 9376,http://viaf.org/viaf/305192514
"Jordan Ross, Heather",13285; 13287,
"Jordan-Fenton, Christy",10420,"http://viaf.org/viaf/107309665/#Jordan-Fenton,_Christy"
"Jorgensen, Jan",13603; 13614,
"Joseph, Ameil",9981,http://viaf.org/viaf/316789120
"Joseph, Bob",10836,http://viaf.org/viaf/21592546
"Joseph, Clifton",10000; 13658,http://viaf.org/viaf/104182171
"Joseph, Eve",10965,http://viaf.org/viaf/76036504
"Joseph, Lauren",9260,
"Joseph, Richard",8316,
"Joshi, Alka",10004; 9545; 9632; 9724,"http://viaf.org/viaf/17158427954106062112; https://viaf.org/viaf/17158427954106062112/#Joshi,_Alka."
Joshua Levy,12879,http://viaf.org/viaf/21157098300072550731
"Joshua, Lambier",8331,
"Joudrey, M. C.",12385; 12386; 9969,http://viaf.org/viaf/5155189880982131178; http://viaf.org/viaf/7154257976924152781
"Joudrey, Matt",12302,http://viaf.org/viaf/5155189880982131178
"Joudry, Shalan",10768; 10779; 9900,http://viaf.org/viaf/307420195
"Jouhanneau, Anne-Sophie",10377,"http://viaf.org/viaf/102430936/#Jouhanneau,_Anne-Sophie."
"Joy-Stephen, Isabelle",8225,
"Juby, Susan",12816,http://viaf.org/viaf/81553200
"Judge, Andrew",12463,
Julia,12499,
"Juma, Liliane Leila",8655,http://viaf.org/viaf/23157222767084971783
"June Johnson, Kim",10460,
"Juniper, Steff",8460,
"Jurczyk, Eva",13372,http://viaf.org/viaf/3410166717396427150005
"Just, Delane",12964,
"Justice, Daniel Heath",10296,http://viaf.org/viaf/39676558
"Justino, Camila",11531,http://viaf.org/viaf/373150323651809971077
"K, Shawn",8238,https://versefest.ca/year/2020/poet/?id=463
KIRBY,11526,
"Kacer, Kathy",12388; 8888,http://viaf.org/viaf/5859822
"Kadarusman, Michelle",10477; 9339,"http://viaf.org/viaf/309817203; https://viaf.org/viaf/309817203/#Kadarusman,_Michelle,_1969-"
"Kafai, Shayda",11762; 11765,http://viaf.org/viaf/17162060226651400593
Kahsenniyo,13574,
"Kain, Stephanie, aka Mikayne, Stevie",13278,http://viaf.org/viaf/296144647680543993332
"Kaiser, Jackie",11952,
"Kaiser, Menachem",11716,"https://viaf.org/viaf/1159637116843112141/#Kaiser,_Menachem,_1985-"
"Kalinowsk, Tess",10477,
"Kalu, Peter",12345,http://viaf.org/viaf/15153288237932650924
"Kamal, Sheena",10376; 10393; 12516; 12699; 12710; 12929; 8622; 9372; 9626,"http://viaf.org/viaf/78151110794337061907; http://viaf.org/viaf/78151110794337061907/#Kamal,_Sheena.; https://viaf.org/viaf/78151110794337061907/#Kamal,_Sheena."
"Kameel Farah, John",13663,
"Kaminiarz, Verena",8621,
"Kanapé Fontaine, Natasha",13168; 13170,http://viaf.org/viaf/258921356
"Kandasamy, Meena",12701,http://viaf.org/viaf/296825710
"Kane, Donna",11676; 11880; 11882; 13504,http://viaf.org/viaf/11765018; http://viaf.org/viaf/7400170186307224400008
"Kang, Inam",8163,
"Kap, Rayone",8432,
"Kap, Ryanne",10288,http://viaf.org/viaf/21162982416586060655
"Kapenda, Kevin",12454,
"Kaplan, Beth",10477,"https://viaf.org/viaf/12625971/#Kaplan,_Beth,_1950-"
"Kaplansky, Jonathan",13920,http://viaf.org/viaf/16002580
"Kapoor, Garima Talwar",13026,http://viaf.org/viaf/14163023828189362594
"Kapsalis, Terri",12326,http://viaf.org/viaf/78048496
"Karasick, Adeena",10146; 12095,http://viaf.org/viaf/76188856
"Karkhanis, Niliema",10588,
"Karnoor, Maithreyi",10895,http://viaf.org/viaf/8177155832953133490004
"Karoline, Victoria",13823,
"Karpan, Arlene",10819,http://viaf.org/viaf/34088485
"Karpan, Robin",10819,http://viaf.org/viaf/39007244
"Kartz, Ellen",11459,
"Karwacki, JP",9577,
"Kashmere, Brett",9833,"http://viaf.org/viaf/121867627/#Kashmere,_Brett,_1977-"
"Kasischke, Laura",8239,http://viaf.org/viaf/41996793
"Kassirer, Kay",13813,http://viaf.org/viaf/9155409620208741520
"Katchor, Ben",8589,http://viaf.org/viaf/51873246
"Katz, Montana",10065,http://viaf.org/viaf/3145669
"Katz, Stephanie Montana",10039,http://viaf.org/viaf/3145669
"Kaufman, Andrew",7918,http://viaf.org/viaf/39682398
"Kaufman, Frederick",12668,http://viaf.org/viaf/50690766
"Kaur Sidhu, Robyn",10528; 13579; 13701,
"Kaur, Jasmin",9363,http://viaf.org/viaf/39157038034266861982
"Kaur, Kiran",8666,http://viaf.org/viaf/80151352060352602425
"Kavanagh, Judy",10796,
"Kavanaugh, Marshall James",8221,
"Kawakami, Mieko",8194; 8763; 8889,http://viaf.org/viaf/119665451
"Kawczak, Paul",13953,http://viaf.org/viaf/218568497
"Kay Clark, Nancy",8834; 8852,
"Kay, Barbara",12920,http://viaf.org/viaf/228144928075754340413
"Kay, Skylar",9939,http://viaf.org/viaf/20164600660537672892
"Kaye, Anna Ling",8675,
"Kayy, Tracey",13567,
"Kearney, Megan",10477,"https://viaf.org/viaf/47154440145635341798/#Kearney,_Megan"
"Keefe, M’Liz",9674,
"Keefe, Patrick Radden",12925; 8777,http://viaf.org/viaf/26462320
"Keesmaat, Jennifer",10381,
"Keevil, Rosemary",11226,
"Kehewin, Wanda",8672,http://viaf.org/viaf/296310414
"Kehler, Allan",10804,http://viaf.org/viaf/306379044
"Kehlmann, Daniel",8764,http://viaf.org/viaf/97952282
"Keiley, Jillian",9385,
"Kellogg, Emily",13616,
"Kellough, Kaie",12682; 12811; 12815; 7923; 8234; 8347; 8354; 8500; 8553; 8625; 8899; 8917; 9161; 9495; 9693; 9944, http://viaf.org/viaf/68351676; http://viaf.org/viaf/68351676; https://www.wikidata.org/w/index.php?title=Q6347628&oldid=1568408109
"Kelly, Adrian Michael",9639, http://viaf.org/viaf/31421428
"Kelly, Brendan",12298,http://viaf.org/viaf/28992241
"Kelly, Claire",10747; 11566; 12099; 9126,"http://viaf.org/viaf/310611402; https://viaf.org/viaf/310611402/#Kelly,_Claire,_1984-"
"Kelly, Dianne",9806; 9807,"https://viaf.org/viaf/8158628230522921758/#Kelly,_Dianne,_1951-"
"Kelly, Jeanette",12822; 8911,
"Kelly, Joanne",12309; 12323; 12411,
"Kelly, Joanne M.",10989,
"Kelly, Kim",10098,http://viaf.org/viaf/55165264944410192389
"Kemick, Richard Kelly",12580; 9005,http://viaf.org/viaf/349144782708216981035
"Kemp, Penn",11579; 8325,http://viaf.org/viaf/43083879
"Kempf, Mark",13664,
"Kendell, Linda",11900,
"Kendi, Ibram X.",8556,http://viaf.org/viaf/228082824
"Kennedy, Jake",11935,http://viaf.org/viaf/168064732
"Kennedy, Joe",10098,http://viaf.org/viaf/304344437
"Kenner, Rob",13001,http://viaf.org/viaf/160774533
"Keplinger, David",11231,"https://viaf.org/viaf/26393254/#Keplinger,_David,_1968-"
"Kerbel, Deborah",10137; 10477; 12028; 12311,"http://viaf.org/viaf/56021221; https://viaf.org/viaf/56021221/#Kerbel,_Deborah"
"Kerkhoven, John",7963,
"Kerr, Connor",8776,http://viaf.org/viaf/27157098297772550824
"Kerr, Conor",13334; 9883,http://viaf.org/viaf/27157098297772550824
"Kerr, Richard",9836,"http://viaf.org/viaf/102414037/#Kerr,_Richard,_1952-...."
"Kessaris, Andreas",10036; 13656,http://viaf.org/viaf/34156809404145120477
"Keteku, Ian",13558; 13573; 13757; 13768; 9479,
"Keuchguerian, Armen",13990,http://viaf.org/viaf/1147905117379091750
"Key, Jessica",13473,
"Keyzad, Niyosha",8737; 8886,
"Kezna, Dalz",8551,http://viaf.org/viaf/73158669742827200325
"Khakpour, Porochista",8519,http://viaf.org/viaf/80731850
"Khalidi, Rashid",12729,http://viaf.org/viaf/75033811
"Khalifa Alshehhi, Maryam",13573,
"Khan, Adnan",12739; 9478,http://viaf.org/viaf/21155914611739402627
"Khan, H. N.",10477,"https://viaf.org/viaf/2160906989312690623/#Khan,_H._N."
"Khan, Sabina",13430,http://viaf.org/viaf/311766743
"Khan, Tasmina",8738,
"Khan, Zohab",13573,
"Khanna, Vish",10169; 9375,http://vishkhanna.com/about/
"Khaw, Cassandra",11697; 11699; 8185,http://viaf.org/viaf/77147905013079090675
"Khurshid, Sulva",13893,
"Kienlen, Alexis",11118; 9479; 9931; 9970,"http://viaf.org/viaf/24381677; https://viaf.org/viaf/24381677/#Kienlen,_Alexis"
"Kilanko, Yejide",10071; 10072,http://viaf.org/viaf/220995632
"Kilawna, Kelsie",13479,
"Kilbourne, Christina",10477; 8669,"http://viaf.org/viaf/58432869; https://viaf.org/viaf/58432869/#Kilbourne,_Christina,_1967-"
"Killeen, Mercedes",9736,http://viaf.org/viaf/32156809525045121949
"Kilomba, Grada",8970,http://viaf.org/viaf/80991495
"Kim, Christine",12826,
"Kim, Jessica",12352,http://viaf.org/viaf/19156856223449600008
"Kim, Laesa",11829,
"Kim, Sang",10477,
"Kim, Yong Nan",13633,http://viaf.org/viaf/179156563542323241783
"Kimball, Deanna",13831,
"Kimber, Stephen",10791; 9797,"http://viaf.org/viaf/70555884; https://viaf.org/viaf/70555884/#Kimber,_Stephen"
"Kimmel, Fran",10209,http://viaf.org/viaf/243910405
"Kimmerer, Robin Wall",8550,http://viaf.org/viaf/1839241
"Kinaschuk, Kyle",12111,
"Kind, Dani",9050,
"Kindzierski, Lovern",12331,http://viaf.org/viaf/11486306
"Kinew, Wab",11093; 12384,"http://viaf.org/viaf/102847572; https://viaf.org/viaf/102847572/#Kinew,_Wab,_1981-"
"King, Cass",13763,
"King, Cecil",13315,http://viaf.org/viaf/104654358
"King, Crystal",13009,http://viaf.org/viaf/20152820083200680717
"King, Flarington",8422,
"King, Katherine",12739,
"King, Natalie",8422,
"King, Nia",13975,http://viaf.org/viaf/225453522
"King, Nia Levy",8447,
"King, Perry",10154; 10477; 10524,"http://viaf.org/viaf/16163023668789361919; https://viaf.org/viaf/16163023668789361919/#King,_Perry_(Journalist)"
"King, Richard",12880; 12901; 12904,http://viaf.org/viaf/106719445
"King, Ross",13009,http://viaf.org/viaf/114787145
"King, Sharon",10477,"https://viaf.org/viaf/207162902904577782635/#King,_Sharon_(Sharon_M.)"
"King, Stephen Graham",11454; 11494,http://viaf.org/viaf/293564638
"King, Thomas",10559; 11115; 11302; 13152; 9143; 9369; 9510; 9864,"1943-; http://viaf.org/viaf/112721227; https://viaf.org/viaf/112721227/#King,_Thomas,_1943-...."
"King, Wesley",10376; 9343,"http://viaf.org/viaf/1066152140019511100002; http://viaf.org/viaf/1380149068397565730005/#King,_Wesley,_1987-"
"Kingett, Robert",11486; 11489,
"Kingwell, Mark",12820,http://viaf.org/viaf/73075934
"Kinney, Ian",9392,http://viaf.org/viaf/17043038
"Kinsella, Sean Carson",8462,
"Kinsella, Seán Carson",11764; 8424; 8434; 8439; 8457,
Kirby,10140; 11671; 13670; 7923; 8266; 8279; 8304; 8306; 8850; 9889,
"Kirbyson, Geoff",12292,http://viaf.org/viaf/15147662944860551263
"Kirkby, Bruce",10243; 11260,"http://viaf.org/viaf/84511521; https://viaf.org/viaf/84511521/#Kirkby,_Bruce,_1968-..."
"Kirkpatrick, Kate",12514; 13025,http://viaf.org/viaf/296362495
"Kirksey, Taaq",10796,
"Kirman, Paula",9071,
"Kirsch, Sharon",10309,http://viaf.org/viaf/102832508
"Kirsh, Erin",11121,
"Kirtland, Kim-Mei",10296,
"Kirton, Jonina",8650,http://viaf.org/viaf/311766641
"Kirton, Jónína",11906; 13630; 8853; 9829; 9882,http://viaf.org/viaf/311766641
"Kishkan, Theresa",13507; 9932,http://viaf.org/viaf/93080253
"Kiwanuka, Nam",12700; 12999,
"Klassen, Jon",9420,http://viaf.org/viaf/31477796
"Klassen, Lois",11884, http://viaf.org/viaf/55987431
"Klassen, S. L.",12429; 9268,http://viaf.org/viaf/6162236609513540006
"Klassen, Sarah",12262, http://viaf.org/viaf/1633479
"Klein, Eli",10540,
"Klein, Keiran",10540,
"Klein, Naomi",8583,http://viaf.org/viaf/98653009
"Klein, Seth",10849; 11688; 12317; 8319,"Permalink: http://viaf.org/viaf/31477426; http://viaf.org/viaf/31477426; https://viaf.org/viaf/31477426/#Klein,_Seth,_1968-...."
"Klip, Kelsey",8271,
"Klotz, Hattie",9349; 9350,http://viaf.org/viaf/159149717316210950077
"Kneifel, Emilie",10289,
"Knight, Chelene",11305; 11902; 12722; 13457; 13629,http://viaf.org/viaf/313282756
"Knoch, Jen",11219; 11220,
"Knott, Helen",10424; 10809; 13456; 9479,"http://viaf.org/viaf/84155707017022410494; http://viaf.org/viaf/84155707017022410494/#Knott,_Helen,_1987-; https://viaf.org/viaf/84155707017022410494/#Knott,_Helen,_1987-"
"Knowles, Tricia",9521; 9525; 9641,
"Knox, Jack",11385,"https://viaf.org/viaf/158147663047360551800/#Knox,_Jack,_1958-"
"Knox, V.",13462,http://viaf.org/viaf/249552525
"Kobayashi, Erika",8286,http://viaf.org/viaf/259995659
"Kocmarek, Ivan",11574; 11588,http://viaf.org/viaf/41881788
"Koehn, David",12101,http://viaf.org/viaf/306380856
"Koensgen, Laurie",11590,
"Koffy, Fabrice",8183; 8351,http://viaf.org/viaf/147708159
"Kohlman, Renée",13304,http://viaf.org/viaf/188148449850415692018
"Kolentsis, Alysia",11967,http://viaf.org/viaf/88156563478623241075
"Kolesar, Slavka",13257,http://viaf.org/viaf/313524593
"Kolewe, R.",12119; 8207,http://viaf.org/viaf/314908361
"Komus, Matthew",13260,http://viaf.org/viaf/94147663152860552655
"Konchan, Virginia",10792; 11528; 8263; 8265; 8269; 8952; 9605,http://viaf.org/viaf/32151836513020401719
"Koostachin, Jules",13744,http://viaf.org/viaf/25155767440227762401
"Koostachin, Jules Arita",12106,http://viaf.org/viaf/25155767440227762401
"Kope, Beth",10969; 8417,http://viaf.org/viaf/139516246
"Kopley, Emily",12825,http://viaf.org/viaf/34413665
"Korgemagi, Pamela",10477,"https://viaf.org/viaf/40162178777607850695/#Korgemagi,_Pamela"
"Koroleva, Tatiana",8184,
"Koso, Silvia",11459,
"Kou, Wy-Joung Kou",8442,
"Koumrouyan, Ramela Arax",8188,
"Kourkoutis, Hill",11593,http://viaf.org/viaf/949163706540529420240
"Kozak, Ruth",13477,
"Kraljii Gardiner, Elee",13647,http://viaf.org/viaf/231039249
"Krampien, Celia",9527,http://viaf.org/viaf/24147663053460551717
"Krause, Carol",10289,http://viaf.org/viaf/76100544
"Kreuter, Aaron",8300,http://viaf.org/viaf/4491145856994922920629
"Kribs, Elizabeth",11288,
"Kriete, Marilyn",13466,
"Krishnan, Prakash",8852,
"Kristmanson, Mark",12674,http://viaf.org/viaf/7085557
"Krotz, Sarah Wylie",12333, http://viaf.org/viaf/20154257785324150174
"Kuipers, Alice",9398,http://viaf.org/viaf/6128133
"Kulpas, Leila",11609,
"Kundan, Mahtab",10762,
"Kunsken, David",9348,http://viaf.org/viaf/309871168
"Kunst, Gabriel",13920,http://viaf.org/viaf/1157340481609921058
"Kurchak, Sarah",10308,http://viaf.org/viaf/481157523461727032528
"Kurd, Rahat",13674; 13675; 13676; 13677; 13678; 13679; 13680; 13681; 9089; 9154,http://viaf.org/viaf/24258049
"Kurella, Jordan",8167,
"Kurth, Richard",11685,
"Kurtness, J. D.",13130; 13168; 13172,http://viaf.org/viaf/63150030575010961632
"Kuwabong, Dannabang",10689; 10694; 13653,http://viaf.org/viaf/24665152
"Kwan, Jennifer",12503,
"Kwiatkowski, Charlene",10283,http://viaf.org/viaf/42164778280008340785
"Kydd, Allison",10829,http://viaf.org/viaf/254626301
"Kyte, Jim",12292,http://viaf.org/viaf/102817923
"K̦enin̦š, Laura",9979,http://viaf.org/viaf/36160604583916120043
"L'Abbé, Pierre",9879,http://viaf.org/viaf/33792901
"L'Abbé, Sonnet",11837; 13525; 13674; 13792; 13857; 7931; 8699,http://viaf.org/viaf/61050936
LKN,8931,http://viaf.org/viaf/53974952
"La Cerva, Gina Rae",9479,"https://viaf.org/viaf/42158367698801281723/#La_Cerva,_Gina_Rae"
"La Mackerel, Kama",11664; 12300; 13922; 13933; 13935; 13981; 8353; 8433; 8451; 8479; 8488; 8491; 8535; 9032; 9575; 9858; 9859; 9945,"http://viaf.org/viaf/3155284801087061697; http://viaf.org/viaf/3155284801087061697/#La_Mackerel,_Kama,_1984-"
"LaBine, Joseph",11930,
"LaDuchesse, Chloé",12664,http://viaf.org/viaf/29148449882615692408
"LaFrance, Danielle",8628,
"LaLonde, Catherine",8243,http://viaf.org/viaf/46916355
LaMoi,13570,
"LaPierre, Margo",10042; 10236; 10294; 12095; 13621; 8241; 9015,http://viaf.org/viaf/21149542879700302057
"LaPointe, Michael",10293; 13012; 13022; 13371; 13376,http://viaf.org/viaf/1612159474072627660858; http://viaf.org/viaf/1932159474206527661405
"LaRue, Monique",13991,http://viaf.org/viaf/79045745
"Labarre, Carol",13168,
"Labbé, Simon",8172,
"Laberis, Steph",12350,http://viaf.org/viaf/166139648
"Lacey, Claire",9931,http://viaf.org/viaf/305275208
"Lacey, Randy",11486,
"Lachmansingh, Rachel",8230,
"Ladoucer, Ben",13619,
"Ladouceur, Ben",7913; 8203; 8245; 9940,http://viaf.org/viaf/266339185
"Lafferty, Catherine",11857; 11858,"https://viaf.org/viaf/24153182734326792722/#Lafferty,_Catherine,_1982-...."
"Lafferty, Katłįà",11879,"https://viaf.org/viaf/24153182734326792722/#Lafferty,_Catherine,_1982-...."
"Laflèche, Isabelle",10703,http://viaf.org/viaf/103451984
"Lafond, Mika",13049,http://viaf.org/viaf/419148995803459750491
"Laforme, R. Stacey",11972,"https://viaf.org/viaf/24164114542910050722/#Laforme,_R._Stacey"
"Lafortune, DM",10019,
"Lagace-Wiens, Philippe",12449,
"Lagacé Dowson, Anne",13362,
"Lagacé-Dowson, Anne",13037,
"Lahey, Anita",11328; 8377; 8776; 9687; 9694,http://viaf.org/viaf/31427752
"Lai, Larissa",10050; 10296; 10400; 10411; 10725; 11168; 11848; 13637; 13679; 8230; 8412; 8676; 8732; 9036; 9039; 9417; 9573," http://viaf.org/viaf/41067955; http://viaf.org/viaf/41067955; https://viaf.org/viaf/41067955/#Lai,_Larissa,_1967-...."
Laiwan,9079,http://viaf.org/viaf/76098439
"Lake, Avery",11833,http://viaf.org/viaf/21163271244012141221
"Lake, Ayavi",13981,http://viaf.org/viaf/69153483
"Lake, Drea",7886; 8297,
"Lakra, Arun",8955,http://viaf.org/viaf/105995517
"Laliberte, Mark",11670; 11969; 13913,"http://viaf.org/viaf/106081005; https://viaf.org/viaf/106081005/#Laliberte,_Mark,_1971-"
"Lalli, Sonya",10604,http://viaf.org/viaf/3284161211603840070007
"Lalonde, Benoit",9801; 9805; 9837,"http://viaf.org/viaf/9649157342858510100007/#Lalonde,_Benoit; https://viaf.org/viaf/105980348/#Lalonde,_Beno%C3%AEt"
"Lalonde, Julie S.",10090; 10187; 9292,http://viaf.org/viaf/84157467999722322633
"Lalonde, Michael",13506,
"Lam, Brian",8664,http://viaf.org/viaf/315084012
"Lam, Fiona",12454,http://viaf.org/viaf/32330273
"Lam, Fiona Tinwei",11822; 11837; 11894; 11904; 11906; 12100; 12455; 12499; 8656; 8667; 8671; 9585; 9882,http://viaf.org/viaf/32330273
"Lam, Nancy",9255,
"Lamb, Jamie",11385,"https://viaf.org/viaf/50156131056058312422/#Lamb,_Jamie,_1952-"
"Lamb, Rebekah",13376,
"Lamb, Sybil",9691,http://viaf.org/viaf/10158428043806062378
"Lambert, Ann",8255,
"Lambert, D.",13462,
"Lambert, Kevin",9637,http://viaf.org/viaf/14148752004941201022
"Lambert, Shaena",10402; 10591; 11291; 8621,"http://viaf.org/viaf/17154981820667742966; http://viaf.org/viaf/79542165; https://viaf.org/viaf/79542165/#Lambert,_Shaena"
"Lambie, Gordon",11238,
"Lambier, Josh",11570; 8317,
"Lamichhane, Sara",11459,
"Lamichhane, SaraSwoti",10253; 10275,
"Lamichhane, Saraswoti",11561,
"Lamontagne, Marie-Andrée",12909; 13937; 13939; 13941; 13943; 13953; 13978; 13987; 13989,http://viaf.org/viaf/7055855
"Lamothe, Kathleen",8456,
"Lamy, Jonathan",13169; 13919; 13930; 8179,http://viaf.org/viaf/65896108
"Landa, Kalissa",9826,
"Landa, Tom",9826,http://viaf.org/viaf/106334706
"Landels, JM",10278; 10281; 10283; 10284; 10285; 10286; 10287,
"Landrum, Ted",8381,http://viaf.org/viaf/245148996141759752678
"Landry, Barbara",9708,http://viaf.org/viaf/12050771
"Landry, Janice",11047,http://viaf.org/viaf/303579523
"Landry, Jess",12408,
"Lane, Audrey",13797,
"Lane, M. Travis",12678; 8268,http://viaf.org/viaf/45550437
"Lane, Patrick",10598,http://viaf.org/viaf/66513400
"Lang, Catherine",11406,
"Lang, Luc",13031,http://viaf.org/viaf/68958180
"Lange, Barbara",13220,http://viaf.org/viaf/107905452
"Lange, Nancy",8272,http://viaf.org/viaf/105927296
"Langevin, Donna",9736; 9773; 9896; 9908; 9912; 9953; 9987,http://viaf.org/viaf/48581167
"Langford, Erik",10255,
"Langhorst, Barbara",11526,http://viaf.org/viaf/187381109
"Langhurst, Barbara",10958,
"Langille, Carole",10612,http://viaf.org/viaf/14061223
"Langille, Luke",8475,
"Lanni, Ashley",11444,http://viaf.org/viaf/25154074465011742382
"Lanthier, Kateri",13654; 13675,http://viaf.org/viaf/187041051
"Lapena, Shari",13417; 9846,"Lapena, Shari; http://viaf.org/viaf/63822062"
"Lapeña, Shari",11655,http://viaf.org/viaf/63822062
"Lapointe, Annette",11291; 9057,"http://viaf.org/viaf/48986919; https://viaf.org/viaf/48986919/#Lapointe,_Annette,_1978-"
"Lapps, Joy",11661,
"Larew, Hiram",11560; 9987,"http://viaf.org/viaf/50593304; https://viaf.org/viaf/50593304/#Larew,_Hiram,_1953-"
"Larin, Robin",14139; 14142,
"Larissa, Lai",9099,http://viaf.org/viaf/41067955
"Larochette, Nathanael",11766,
"Larocque, JP",12731,https://www.wikidata.org/wiki/Q117474284
"Larsen, Andrew",10477; 12028,"https://viaf.org/viaf/34231454/#Larsen,_Andrew,_1960-"
"Larsen, Mitchell",12971,
"Larsen, Patti",13283; 13291,http://viaf.org/viaf/233479389
"Larson, Erik",12932,http://viaf.org/viaf/52556024
"Larue, Stéphane",11000,"https://viaf.org/viaf/4147905087779091365/#Larue,_St%C3%A9phane,_1983-"
"Latour, Gilles",11669,http://viaf.org/viaf/186988604
"Lau, Doretta",11955; 9825; 9870,http://viaf.org/viaf/43752653
"Lau, Evelyn",11963; 11981; 13454; 13545; 8395; 8631; 8656; 8671; 9054, http://viaf.org/viaf/57418207; http://viaf.org/viaf/57418207
"Lau, Grace",10045; 11974; 11989; 13668; 9417,"http://viaf.org/viaf/1354164120336910470008; http://viaf.org/viaf/28160307383057742058; https://viaf.org/viaf/28160307383057742058/#Lau,_Grace"
"Lau, Jennifer",12684; 12759; 13027; 13380,http://viaf.org/viaf/32158003785901881734
"Laukkanen, Owen",12699; 12710,http://viaf.org/viaf/221146436
"Lauren, Beukes",9349,http://viaf.org/viaf/46505970
"Laval, Miki",8357,
"Lavallée, Lynn",8982,http://viaf.org/viaf/573159474334227662508
"Lavender, Cory",8269,
"Lavers, Michael",10831,http://viaf.org/viaf/16157222735584971498
"Laverty, Maze",8226,
"Lavery, Cesario",8568,
"Lavery, Grace",10141,http://viaf.org/viaf/6156251614107990422
"Lavery, Lauren",10319; 10320,
"Lavigne, C.J.",10379; 9133; 9156; 9280,http://viaf.org/viaf/130430905
"Lavigne, Drew",8266; 8269,
"Lavigne, Mishka",12316,http://viaf.org/viaf/51145541812796601151
"Lavoie, Sophie",12678; 12693,http://viaf.org/viaf/208961528
"Lavoie, Sophie M.",13916,http://viaf.org/viaf/208961528
"Lavut, Kate",7963; 8607, http://viaf.org/viaf/303159397444219301530; http://viaf.org/viaf/303159397444219301530
"Law, Nathan",13370,http://viaf.org/viaf/14159999743430112860
"Lawlor, Andrea",8530,http://viaf.org/viaf/6152682560223312444
"Lawrence, Bonita",13656,http://viaf.org/viaf/42120121
"Lawrence, Grant",11251; 11330,"https://viaf.org/viaf/130146812/#Lawrence,_Grant,_1971-"
"Lawrence, Katherine",11186; 11191; 8574,"https://viaf.org/viaf/11665449/#Lawrence,_Katherine,_1955-"
"Lawrence, Lee",9048,
"Lawrence, Ruth",8304,
"Lawrence, William",9021,
"Lawson, Mary",10209; 11291; 13435; 9850,"http://viaf.org/viaf/10070079; https://viaf.org/viaf/10070079/#Lawson,_Mary,_1946-"
"Lax, Sharon",7886,http://viaf.org/viaf/53156495280217560718
"Lazarus, Eve",13458; 9097,http://viaf.org/viaf/63276122; http://viaf.org/viaf/9415159478224527990000
"Lazowski, Anna",12350,
"Lazreg, Houssem Ben",13917,http://viaf.org/viaf/34153833153464330218
"Lazurko, Anne",10477; 11191; 13276,"http://viaf.org/viaf/304315473; https://viaf.org/viaf/304315473/#Lazurko,_Anne,_1964-"
"Le Blanc, Barbara",12038,http://viaf.org/viaf/105985030
"Le, Loan",10377,"http://viaf.org/viaf/4158548815016352761/#Le,_Loan"
"Le, Winston",10761,
"LeBlanc, Amy",10060; 11541; 11569; 9810," http://viaf.org/viaf/64157467905222321762; http://viaf.org/viaf/64157467905222321762; https://viaf.org/viaf/64157467905222321762/#LeBlanc,_Amy,_1995-"
"LeBlanc, Ann",8253,
"LeBlanc, Curtis",11118,"https://viaf.org/viaf/4150565575206251934/#LeBlanc,_Curtis"
"LeBlanc, Tyler",12038; 9669; 9672; 9801,"http://viaf.org/viaf/7156917201254792652; https://viaf.org/viaf/7156917201254792652/#LeBlanc,_Tyler,_1989-"
"LeBox, Annette",11898,http://viaf.org/viaf/92788955
"LeMay, Matt",9087,
"LeTourneau, Ian",12674; 8268,http://viaf.org/viaf/78895013
"Leach, Jamie",12281,https://www.wikidata.org/wiki/Q3161538
"Leach, Reggie",12281,https://www.wikidata.org/wiki/Q730012
"Leach, Sara",11258; 11303; 11331,"https://viaf.org/viaf/102866403/#Leach,_Sara,_1971-"
"Leary, Ron",11973,"https://viaf.org/viaf/35153182706426791855/#Leary,_Ron,_1974-"
"Lebaron, John",11243,http://viaf.org/viaf/55461188
"Lebeuf, Darren",10390,"http://viaf.org/viaf/1152682461823310887/#Lebeuf,_Darren"
"Leblanc, Amy",9004; 9034; 9075,http://viaf.org/viaf/64157467905222321762
"Leblanc, Danielle",10369,
"Leblanc, Georgette",10386,https://www.wikidata.org/wiki/Q47519374
"Leblanc, Holly",10486,
"Leblanc, Samuel",10249,
"Leblanc, Tyler",10622, http://viaf.org/viaf/7156917201254792652
"Lebleu Richter, Jeannette",9102,
"Lebrecht, Norman",11685; 12880; 12901,"http://viaf.org/viaf/110841138; https://viaf.org/viaf/110841138/#Lebrecht,_Norman,_1948-...."
"Leckie, Dale Allen",9070,http://viaf.org/viaf/94939526
"Leckie, Keith Ross",13660,http://viaf.org/viaf/55664489
"Leckie, Ross",8269; 8918,http://viaf.org/viaf/55664489
"Leclerc, Christine",10428,"http://viaf.org/viaf/106742488/#Leclerc,_Christine,_1979-"
"Leclerc, Claudya",10755,
"Leclerc, Héloïse",12824,
Lederhendler,9699,http://viaf.org/viaf/28809989
"Lederman, Marsha",11596; 11682; 11794; 12424; 8778,"http://viaf.org/viaf/225778646; https://viaf.org/viaf/225778646/#Lederman,_Marsha; https://viaf.org/viaf/35159697773103312746/#Lederman,_Marsha_(Western_arts_correspondent)"
"Leduc, Amanda",10006; 10194; 10296; 10324; 10477; 11275; 11351; 13910; 8323; 8619; 8803; 9479; 9536; 9549; 9604; 9995,"http://viaf.org/viaf/281628920; https://viaf.org/viaf/281628920/#Leduc,_Amanda"
"Ledwell, Jane",13277,http://viaf.org/viaf/106218365
"Lee, AJ",10283,http://viaf.org/viaf/4157222863184972275
"Lee, Cliff",8934,
"Lee, Corey",9080,
"Lee, David",13671,
"Lee, David Neil",9487,"https://viaf.org/viaf/94234754/#Lee,_David,_1952-...."
"Lee, Deirdre",9124,
"Lee, Dierdre",10793,
"Lee, Erica Violet",11661,
"Lee, Fonda",10296; 13352; 8853,http://viaf.org/viaf/313288274
"Lee, Hermione",8991,http://viaf.org/viaf/17237264
"Lee, JJ",10287; 8604,
"Lee, Jen Sookfong",10967; 11124; 11974; 8632; 9368; 9417; 9886; 9907,"http://viaf.org/viaf/24378348; https://viaf.org/viaf/24378348/#Lee,_Jen_Sookfong"
"Lee, Jessica J.",13956,http://viaf.org/viaf/119147965926084082980
"Lee, Justin",13510,
"Lee, Karen",8781,
"Lee, Karen K.",10381,"http://viaf.org/viaf/8680156497258417740005/#Lee,_Karen_K."
"Lee, Lai",8587,
"Lee, Naia",8583,
"Lee, Nancy",11118; 13495,"http://viaf.org/viaf/79206029; https://viaf.org/viaf/79206029/#Lee,_Nancy,_1970-...."
"Lee, Owen",10794,
"Lee, Philip",9671; 9673; 9737,"https://viaf.org/viaf/75806473/#Lee,_Philip_J."
"Lee, Sharon Sunhye",11615,
"Lee, Sherry",12029,
"Lee, Y. S.",11327,http://viaf.org/viaf/12639900
"Lee, Ys",9538,
"Leedahl, Taylor",13700,http://viaf.org/viaf/96842676
"Lefevbre, Mark Leslie",10040,
"Lefevre, Marion J.",13742,
"Legacé Dowson, Anne",12944,
"Legault, Sarah",8330,
"Legendre, Claire",13945,http://viaf.org/viaf/34619808
"Legris, Sylvia",11676; 13310,http://viaf.org/viaf/32301503
"Lehnen, Leila",13963,http://viaf.org/viaf/58781026
"Lehrer, Alice Becker",12906,http://viaf.org/viaf/107416202
"Lehrer, Riva",11791,"https://viaf.org/viaf/78957440/#Lehrer,_Riva,_1958-"
"Leilani, Raven",8513,http://viaf.org/viaf/7158427928306061742
"Leipciger, Sarah",8971,http://viaf.org/viaf/316000012
"Leiren-Young, Mark",11818; 8955,http://viaf.org/viaf/26312271
"Leite, Laury",13322,http://viaf.org/viaf/8151715652413782325
"Leith, Linda",13964; 13969; 8566,http://viaf.org/viaf/92324885
"Lemay, Shawna",10955; 11526,http://viaf.org/viaf/44220265
"Lemberg, R.B.",8181,
"Lemoine, Scott",7913,
Lend Me Your Underbelly,13634,
"Lennard, Natasha",10098,http://viaf.org/viaf/1152259512216981523
"Lentricchia, Frank",10067; 10075,http://viaf.org/viaf/14784322
"Leo, Tchadas",11400,
"Leon, Donna",10594,http://viaf.org/viaf/27182947
"Leonard, Sarah",10098,http://viaf.org/viaf/283144782706014940764
"Leonardson, Eric",9113,http://viaf.org/viaf/19506626
"Leong, SL",10284,
"Leroux, John",9793; 9799,"https://viaf.org/viaf/26998140/#Leroux,_John,_1970-"
"Leroux, Mathieu",10263; 9105,"http://viaf.org/viaf/4788151656281008400006; http://viaf.org/viaf/4788151656281008400006/#Leroux,_Mathieu,_1977-"
"Lesage, Doreen ‘Shingwauk Pine’",12284,
"Leslie, Alex",10139,http://viaf.org/viaf/45854156
"Lester, Louella",12319; 13224,
"Lester, R. Daniel",10281,http://viaf.org/viaf/102880872
"Leuck, Angela",10841; 11164; 11230,http://viaf.org/viaf/106405958
"Leung, Carianne",8852,https://www.wikidata.org/wiki/Q66490586
"Leung, Carrianne",10327; 10428; 11531; 7923,"http://viaf.org/viaf/1501154867591660100009; http://viaf.org/viaf/294270796; http://viaf.org/viaf/294270796/#Leung,_Carrianne_K._Y"
"Leung, Laifong",13634; 8648,http://viaf.org/viaf/114972363
"Levell, Nicola",9885,http://viaf.org/viaf/306378803
"Leventhal, Anna",12456,http://viaf.org/viaf/102841833
"Leventoyannis Harvey, Stella",11880; 13453,http://viaf.org/viaf/290880639
"Levesque Sioui, Andrée",13148; 13156; 13171,http://viaf.org/viaf/317012212
"Levine, Allan",12268,http://viaf.org/viaf/15680413
"Levine, Eleanor",10036,http://viaf.org/viaf/927145857122022921803
"Levine, Elise",9816; 9817,http://viaf.org/viaf/12199901
"Levine, Liz",13482; 8746,http://viaf.org/viaf/44155707017622411392
"Levinson, Marc",8900,http://viaf.org/viaf/75397610
"Levinson, Zav",13611,http://viaf.org/viaf/11165624636442240623
"Leviston, Frances",8951,http://viaf.org/viaf/15104086
"Levitin, Daniel",12908,http://viaf.org/viaf/17470044
"Levitt, Peter",11894,http://viaf.org/viaf/20973010
"Levy, Deborah",9027,http://viaf.org/viaf/19937804
"Levy, Jerry",10037,http://viaf.org/viaf/1513159477706127990008
"Levy, Joshua",13662; 8263; 9735,http://viaf.org/viaf/21157098300072550731
"Levy, Michelle",12530; 12769; 12802,http://viaf.org/viaf/20010042
"Lewinsky, Quick",8425,
"Lewis, Billy",10771,
"Lewis, Catherine",10588; 11155; 11590; 13635; 13646,http://viaf.org/viaf/346146998389918941194; http://viaf.org/viaf/5166652896722450874
"Lewis, Christine",10098,
"Lewis, Francine",9704,
"Lewis, Naomi K",11687; 9895,"http://viaf.org/viaf/51503970; https://viaf.org/viaf/51503970/#Lewis,_Naomi_K.,_1976-"
"Lewis, Naomi K.",10487; 9102,http://viaf.org/viaf/51503970
"Lewis, Rob",13845,http://viaf.org/viaf/24152501164810682933
"Li, Ashley",11576,
"Li, Jason",10477,
"Li, Vivian",13655,
"Liao, Victoria",10296,
"Libby, Jeffrey",11027,
"Libenson, Terri",9540,"https://viaf.org/viaf/266150468448304172532/#Libenson,_Terri"
Liberty Skye,12781,
"Lieberman, Moti",11698; 11708; 7886; 7963; 7964; 8168; 8187; 8252; 8255; 8256; 8288; 8295; 8297; 8607,
"Liebich, Rayya",12423,http://viaf.org/viaf/6161632324810642742
"Liem, T.",11833,
"Liem, Tess",12698; 8227,http://viaf.org/viaf/4153182732826792769
"Light, Jay",13884,
"Lilley, Joanna",11174; 12106; 12467; 13526; 13529; 13628; 8621; 9120; 9607; 9962,"http://viaf.org/viaf/305358770; https://viaf.org/viaf/305358770/#Lilley,_Joanna,_1967-"
Lily Wang,9376,http://viaf.org/viaf/123158669873627201563
"Lim, Diya",9337,http://viaf.org/viaf/249551303
"Lim, Natalie",10717,"https://viaf.org/viaf/1153470759145080551/#Lim,_Natalie_Yen_Nee_1987-"
"Lim, Thea",10380; 9146; 9547; 9555,"http://viaf.org/viaf/106707711; http://viaf.org/viaf/106707711/#Lim,_Thea,_1981-"
"Limón, Ada",10098,http://viaf.org/viaf/34204388
"Lin, Hartley",10228,http://viaf.org/viaf/54152864114904821495
"Lin, Hudson",8464,http://viaf.org/viaf/16162478858737461801
"Lin, Jeremy Atherton",13000; 8586,http://viaf.org/viaf/40146936690813781472
"Lin, Judy I.",10477,"https://viaf.org/viaf/2162606473049531687/#Lin,_Judy_I."
"Lin, Juliette",13888,
"Lin, Le",8226,
"Lindberg, Tracey",10424,"http://viaf.org/viaf/315983315/#Lindberg,_Tracey,_1967-...."
"Lindner, Erik",12049,http://viaf.org/viaf/51872970
"Lindon, Mathieu",13945,http://viaf.org/viaf/56629879
"Lindsay, Bakari",9053,
"Lindsay, James",12110; 13666; 7918; 9466,http://viaf.org/viaf/316787372
"Lindsey, GB",8456,
"Ling, Justin",12731; 8438; 9291,http://viaf.org/viaf/20158367830901282729
"Linka, Ruth",8664,
"Linklater, Gail",8882,
"Linklater, Teedly",10930,
"Linklater, Teresa",13055,
"Linn, Brenda",13612,
"Linwood, Barclay",9515,http://viaf.org/viaf/79565604
"Lipscombe, Jesse",10203,
"Lipsett, Arthur",9836,"http://viaf.org/viaf/295479390/#Lipsett,_Arthur,_1936-1986"
"Lipsius, Mike",9605; 9617; 9684; 9710; 9715; 9730; 9898; 9905; 9952; 9985,
"Lipsyc, Sonia-Sarah",12898,http://viaf.org/viaf/14907299
"Lisac, Mark",9152; 9155,http://viaf.org/viaf/63254354
"Lisicky, Paul",9095,http://viaf.org/viaf/68571349
"Little Mustache, Mary Ellen",13442,
"Little, Geoffrey",12825,
"Little, Willow Loveday",11703; 11770,
"Littlejohn, Sophia",13787; 13788,
"Litzenberger, Shannon",9053,
"Liu, Karon",10477; 10525; 12554,
"Lizee, Marilyn",9087,http://viaf.org/viaf/27163088554194542020
"Lo, Anita",8648,
"Lo, Chase",10588; 13754,
"LoRe, Josephine",10152; 11612,
"Locke, Katherine",10376,"http://viaf.org/viaf/8624150470104404330008/#Locke,_Katherine"
"Lockhart, D. A.",10477; 11223; 11972; 8261; 9937; 9938; 9991,"http://viaf.org/viaf/310724853; https://viaf.org/viaf/310724853/#Lockhart,_D._A.,_1976-"
"Lockhart, D.A.",11610,http://viaf.org/viaf/2118153716401558820004
"Lockhart, Daniel",11943,"https://viaf.org/viaf/310724853/#Lockhart,_D._A.,_1976-"
"Logan, Nate",12119,http://viaf.org/viaf/71155563931513000806
"Logan, Zachari",10658,http://viaf.org/viaf/5146634510341932830
"Loh, Joseph Synn Kune",8648,http://viaf.org/viaf/249664635
"Loiselle, Annette",13339,
"London, Jack R.",12280,
"Lonsdale, Margaret",11618,
"Loomis, Erik",10098,http://viaf.org/viaf/310715189
"Lopez, Tamara",8440,
"Lord, Karen",12687; 13352,http://viaf.org/viaf/106765108
"Lorde, Audre",8455,http://viaf.org/viaf/61565157
"Lordon, Claire",8654,http://viaf.org/viaf/8146331815718690841
"Lore, Danny",8293,http://viaf.org/viaf/2161329916552132458
"Lore, Josephine",11460; 11560; 11563; 11654; 11668,
Lorelei,13809,
"Lorer, Danica",13311; 13713,
"Loreto, Nora",10380; 10469; 10477; 10527,"http://viaf.org/viaf/26159939314325250530/#Loreto,_Nora; https://viaf.org/viaf/26159939314325250530/#Loreto,_Nora"
"Lorimer, Jim",12685,
"Lorimer, Lois",9620,http://viaf.org/viaf/34145541809596600096
"Loring, Kevin",10246,http://viaf.org/viaf/88451751
"Lorsung, Éireann",9700,http://viaf.org/viaf/33891514
"Lotayef, Ehab",11525; 8355; 8359,http://viaf.org/viaf/102876232
"Lou, Ehan",8779,
"Lou, Ethan",10469,"https://viaf.org/viaf/367160483752104991166/#Lou,_Ethan"
"Louann, Franci",13544,http://viaf.org/viaf/105573704
"Loucas, Christina",11290,"https://viaf.org/viaf/1383159234742303372540/#Loucas,_Christina"
"Loughlin, Genevieve",13294,
"Louie, Clarence",13360,http://viaf.org/viaf/18163810187838820623
"Louw, Aimee",11694; 8483; 8486; 8493; 8494,http://viaf.org/viaf/33157340651009921206
"Love, Joy",10486,
"Loveday Little, Willow",13587; 13591; 13592; 8288,
"Loveday, Jeremy",11614; 13798,
"Loveday, Jolene",10926,
"Loveday, Willow",7886,
"Loveys, Grant",12104,http://viaf.org/viaf/250271639
"Lowe, Terence",10588,http://viaf.org/viaf/303960954
"Lowe, Terence M.",10411,http://viaf.org/viaf/303960954
"Lowther, Christine",11846; 13861,"http://viaf.org/viaf/58617852; https://viaf.org/viaf/58617852/#Lowther,_Christine,_1967-"
"Loyer, Celina",10207,
"Loyst, Cynthia",12616; 13377; 8885,http://viaf.org/viaf/38155563945113000467
"Ltaif, Nadine",7963,http://viaf.org/viaf/8397156497237217740004
"Lu, Emily",10832,
"Lu, Kathy",10477,
"Lubendo, Noah",13750,
"Lubrin, Canisia",10400; 11296; 11577; 11661; 11672; 12823; 8197; 8354; 8402; 8780; 9376; 9520,"http://viaf.org/viaf/928150323873509972212; https://viaf.org/viaf/928150323873509972212/#Lubrin,_Canisia,_1984-"
"Luby, Brittany",10467,"https://viaf.org/viaf/14152930945009672501/#Luby,_Brittany,_1984-...."
"Lucas, Chad",10106,https://www.chadlucaswrites.com/
Lucy,12308,
"Ludmerer, Nancy",10285,
"Ludwig, Autumn",11456,
"Ludwig, Sidura",8806,http://viaf.org/viaf/4161632
"Lui, Elaine",10462,"http://viaf.org/viaf/305409473/#Lui,_Elaine,_1973-"
"Lui, Lainey",9432,
"Lui, Trevor",13434,http://viaf.org/viaf/36160422949868031229
"Lukasik, Lynda",9486,
"Lukidis, Lydia",9334,http://viaf.org/viaf/194148449875315692321
"Lukowich, Morris",12292,http://viaf.org/viaf/431165060289132740004
"Lum, Andrea",8336,
"Lund, Kirstin",13298,
"Lundgren, Jodi",11937,http://viaf.org/viaf/3704031
"Lundy, Randy",10555; 10810; 13049; 13059; 13061; 13557; 8873; 9376; 9488,"http://viaf.org/viaf/70927113; https://viaf.org/viaf/70927113/#Lundy,_Randy,_1967-"
"Lundy, Susan",12561,http://viaf.org/viaf/282589731
"Luo, Anna",13893,
"Lutes, Jason",7968; 8516, http://viaf.org/viaf/67370090; http://viaf.org/viaf/67370090
"Luyk, Sean",12475,http://viaf.org/viaf/3146217844209142580
"Ly, David",11169; 11543; 11569; 13487; 13616; 8213; 8481; 9822,"http://viaf.org/viaf/23155409625508741386; https://viaf.org/viaf/23155409625508741386/#Ly,_David"
"Lye, Harriet Alida",11545; 9436,http://viaf.org/viaf/12151654651108280086
"Lyga, Barry",10376,"http://viaf.org/viaf/19069366/#Lyga,_Barry,_1971-"
"Lynch, Marc Herman",10059; 8808; 9005; 9008,http://viaf.org/viaf/29158427933906061780
"Lynes, Jeanette",8994; 9967,http://viaf.org/viaf/35686794
"Lynk, Mary",9492,
"Lyon, Annabel",10206; 11252; 12811; 12821; 8985; 9292; 9525; 9526,"http://viaf.org/viaf/75083364; https://viaf.org/viaf/75083364/#Lyon,_Annabel,_1971-...."
"Lyons, MJ",11759; 8424; 8434; 8439; 8466,http://viaf.org/viaf/744160483761004991596
"Läckberg, Camilla",9541,"https://viaf.org/viaf/42169286/#L%C3%A4ckberg,_Camilla,_1974-"
"Léveillé, J. R.",11053; 12321,"http://viaf.org/viaf/3736721; https://viaf.org/viaf/3736721/#L%C3%A9veill%C3%A9,_J._R._(J._Roger),_1945-"
"Léveillé, JR",11000,
"Lévesque Sioui, Andrée",13162,http://viaf.org/viaf/317012212
"MCDONALD, MCKENZIE",11680,
"Ma, Yeong-Shin",8520,http://viaf.org/viaf/1476159941671925440001
"Maalouf, Amin",8935,http://viaf.org/viaf/108192345
"Mac, Mitch",13890,
"MacAskill, Annick",10116; 10777; 10792; 8259; 8268; 9804,"http://viaf.org/viaf/806145857117622922223; https://viaf.org/viaf/806145857117622922223/#MacAskill,_Annick"
"MacDonald, Ann-Marie",10388; 13966; 9984,"http://viaf.org/viaf/32833814; http://viaf.org/viaf/32833814/#MacDonald,_Ann-Marie,_1958-..."
"MacDonald, Cameron",10283,http://viaf.org/viaf/18154440184835342720
"MacDonald, Dan",11949,
"MacDonald, Janice",10852,http://viaf.org/viaf/42976544
"MacDonald, Janice E.",9649; 9650,http://viaf.org/viaf/42976544
"MacDonald, John",11972,
"MacDonald, Lisa",11508,http://viaf.org/viaf/102886072
"MacDonald, Mary",11217; 11258; 11296; 8594; 9055,"http://viaf.org/viaf/17272408; http://viaf.org/viaf/52152138530810981132; https://viaf.org/viaf/52152138530810981132/#MacDonald,_Mary,_1954-"
"MacDonald, Michelle",13289,
"MacDonald, Monica",8324,http://viaf.org/viaf/1482159478343927990001
"MacDonald, Sheilagh",13905,
"MacDonald, Tanis",10477; 10600; 10914; 13664; 9715; 9972,"http://viaf.org/viaf/49521043; https://viaf.org/viaf/49521043/#MacDonald,_Tanis,_1962-"
"MacDougall, Bruce",12447,http://viaf.org/viaf/117191249
"MacDougall, Charles",10351,
"MacDougall, Sarah",8964,
"MacEachern, Jessi",11108; 9565; 9946,http://viaf.org/viaf/8160604711616121799
"MacFadzean, Matthew",10174,http://viaf.org/viaf/102873316
"MacFayden, Laurie",9071; 9121,http://viaf.org/viaf/103452893
"MacGillis, Alec",13003,http://viaf.org/viaf/155148449687215691152
"MacIntyre, Linden",10865; 11298; 11581,"http://viaf.org/viaf/72622858; https://viaf.org/viaf/72622858/#MacIntyre,_Linden"
"MacIsaac, Colleen",9979,http://viaf.org/viaf/102868898
"MacIsaac, Dan",13475,http://viaf.org/viaf/14150030523110960599
"MacIsaac, Kathie",12364,http://viaf.org/viaf/11164718048302092018
"MacIvor, Daniel",11760; 9963,http://viaf.org/viaf/9979460
"MacKay, Elly",11388,http://viaf.org/viaf/296390842
"MacKay, Meg",8422,http://viaf.org/viaf/101493202
"MacKendrick, Stephanie",10376,"http://viaf.org/viaf/23155830454933070540/#MacKendrick,_Stephanie"
"MacKinnon, J.B.",11642; 11650,http://viaf.org/viaf/75836595
"MacKinnon, Shauna",12443,http://viaf.org/viaf/73328889
"MacLean, Lucinda",9570,
"MacLean, Munirah-Janetta",8355,
"MacLellan, Ainslie",12815,
"MacLennan-Dunphy, Brenda",12031,http://viaf.org/viaf/155152138632610982415
"MacLeod, Alexander",12036,http://viaf.org/viaf/41444705
"MacLeod, Carrie",8681,http://viaf.org/viaf/2160162669485955500005
"MacLeod, Elizabeth",10470,"https://viaf.org/viaf/106713553/#MacLeod,_Elizabeth,_1958-"
"MacLeod, Katherine",12807,http://viaf.org/viaf/44156495389117561605
"MacLeod, Kirsteen",11327; 11964; 13447; 13956; 9538; 9591,http://viaf.org/viaf/46146331736018690116
"MacLeod, Sue",8345,http://viaf.org/viaf/43993106
"MacLeod, Susan",10254,http://viaf.org/viaf/19162178773007850893
"MacLeod, Terry",12259; 12268; 12328; 12406; 12449,
"MacNair, Erin",10285,
"MacPherson, Barb",11900,
"MacRae, Johnny",13770; 13837,http://viaf.org/viaf/124149106300368492582
"Macarty, Jami",10152,http://viaf.org/viaf/4150868129022071516
"Macauley, Aara",9522; 9601,
"Macdonald, Catherine",9253,"http://viaf.org/viaf/106579305/#Macdonald,_Catherine,_1949-"
"Macdonald, Cathy",8882,
"Macdonald, Mary",11231,
"Mace, Jennifer",8253,
"Macfarlane, Leigh",11901,
"Macfarlane, Robert",8933; 9350,http://viaf.org/viaf/85525001
"Machado, Carmen Maria",8532,http://viaf.org/viaf/91146461453427730683
"Macher, Gloria",7964,http://viaf.org/viaf/105057873
"Macintyre, Ben",10597; 8754,http://viaf.org/viaf/39453414
"Macivor, Daniel",8959,http://viaf.org/viaf/9979460
"Mack, Katie",12564,http://viaf.org/viaf/100786976
"Mackay, Pauline",9380,http://viaf.org/viaf/103063115
"Mackenzie, Matthew",8956,http://viaf.org/viaf/304876310
"Mackie, Jeffrey",10152,http://viaf.org/viaf/21814220
"Mackling, Greg",12292,
"Maclear, Kyo",8809,http://viaf.org/viaf/116504692
"Macleod, Andrew",12033,http://viaf.org/viaf/41444705
"Macmillan, Margaret",12571,http://viaf.org/viaf/66698923
"Macpherson, Margaret",9110,http://viaf.org/viaf/72461328
"Macready, Hannah",13647,
"Madayag Knazan, Primrose",12390,http://viaf.org/viaf/13162606323949530960
"Madhavan-Reese, Sneha",13620; 8152,http://viaf.org/viaf/59168651922707692670
"Madhavji, Huse",8731,http://viaf.org/viaf/9294151778242918130004
"Maeve, Zoe",10252; 12426,http://viaf.org/viaf/10160544578509982119
"Magnus, Ebony",8715,
"Magonet, Jessica",10272; 9844,
"Maguire, Shannon",8190,http://viaf.org/viaf/296586181
"Magz, Tyler",12390,
"Maharaj, Joshna",10419,"http://viaf.org/viaf/29157640903238220855/#Maharaj,_Joshna"
"Mahoney, Dorothy",11945; 8215,"http://viaf.org/viaf/106023719; https://viaf.org/viaf/106023719/#Mahoney,_Dorothy_(Anne),_1957-"
"Mailhot, Terese Marie",11116,"https://viaf.org/viaf/7150999546329870738/#Mailhot,_Terese_Marie"
"Maillard, Keith",10461,http://viaf.org/viaf/70211652
"Maillie, Tereasa",9023; 9067,http://viaf.org/viaf/5156916979154790214
"Maillie, Teresa",9040,
"Mainville, Valerie",12342,
"Maitland, Crystal",12936,
"Maitland, Kristine",10528,
"Mai’stoistowaakii, Sheena Potts",13410,
"Major, Alice",10035; 10959; 11177; 11556; 9910,"http://viaf.org/viaf/55968118; https://viaf.org/viaf/55968118/#Major,_Alice,_1949-"
"Major, Carol",10959,http://viaf.org/viaf/315220690
"Major, Kevin",10421,"http://viaf.org/viaf/90622818/#Major,_Kevin,_1949-"
"Major, Mélissa",13134,
"Majora, Babia",10540; 8425,
"Majumdar, Megha",12509,http://viaf.org/viaf/1562168109569943630009
"Majumder, Surajit Roy",8738,
"Mak, Jaymee",11853,https://viaf.org/viaf/search?query=local.names%20all%20%22Jaymee%20Mak%22&sortKeys=holdingscount&recordSchema=BriefVIAF
"Mak, Kathy",10720,
"Mak, Starkie",9255,
"Makarova, Liza",9566,
"Malaborza, Sonya",10102; 10369; 13920; 9963,http://viaf.org/viaf/106688875
"Malcolm, Chevelle",11493,
"Maldonado, Crystal",10377,"http://viaf.org/viaf/171158669727727200720/#Maldonado,_Crystal"
"Malena, Anne",13917,http://viaf.org/viaf/67197253
"Malik, Laila",8851,
"Malik, Tariq",10590; 13639,http://viaf.org/viaf/53880956
"Malla, Pasha",10006; 10463; 9577; 9998,"http://viaf.org/viaf/48705365; http://viaf.org/viaf/48705365/#Malla,_Pasha,_1978-"
"Malli, Nisa",10477,"https://viaf.org/viaf/50164294802008410200/#Malli,_Nisa"
"Maloff, Vera",8591,http://viaf.org/viaf/124158669860727201225
"Malone, Stephens Gerard",10125,http://viaf.org/viaf/86239032
"Maloukis, Rose",12108,http://viaf.org/viaf/106083524
"Malyon, Carol",9898,http://viaf.org/viaf/26931958
"Manasc, Vivian",10854; 9065,http://viaf.org/viaf/1841033
"Manaï, Bochra",13981,http://viaf.org/viaf/179795392
"Mand, Jordi",8956,http://viaf.org/viaf/306378827
"Mandel, Emily St. John",11218; 11255; 12495; 9145; 9456,"http://viaf.org/viaf/26544203; https://viaf.org/viaf/26544203/#Mandel,_Emily_St._John,_1979-...."
"Mandybura, Cadence",10284,
"Manery, Rob",12105,http://viaf.org/viaf/15154865966059942790
"Manji, Firoze",12344; 12346; 12347,http://viaf.org/viaf/70499196
"Manley, Alex",10288; 11918; 13934; 8227,http://viaf.org/viaf/244162902861777782158
"Mann, Murray",13537,
"Mannell, Julie",10052; 8229,
"Manning, Corinne",9091; 9095; 9860,http://viaf.org/viaf/38157340663009921674; http://viaf.org/viaf/65896079
"Manning, Julie Tamiko",10587,http://viaf.org/viaf/63156563427323240990
"Manole, Diana",13651,http://viaf.org/viaf/34148703961936930459
"Manthorpe, Jonathan",10315; 13002,http://viaf.org/viaf/4619772
"Manuel, Doreen",10188,http://viaf.org/viaf/56156251686007990330
"Manuel, Jennifer",11886,http://viaf.org/viaf/808145857117622922227
"Manuel, Kanahus",10188,
Many Lights,13884,
"Mapa, Lorina",12671,http://viaf.org/viaf/316961133
"Mapili, Andrea",8961,http://viaf.org/viaf/17162060338051401201
"Maracle, Lee",11089; 11090; 13127; 13148; 13765; 8663; 8795; 9430,"http://viaf.org/viaf/25511009; https://viaf.org/viaf/25511009/#Maracle,_Lee,_1950-"
Marc-Alexandre Chan,16085,https://wiki.youngcomposers.com/Profile:Marc-Alexandre_Chan
"Marceau, Gabrielle",8245,
"Marchand, Blaine",9951,http://viaf.org/viaf/62904793
"Marche, Stephen",13366,http://viaf.org/viaf/60933055
"Marcon, E.C.",10529,
"Marcotte, Amanda",9000,
Margaret Christakos,8308,http://viaf.org/viaf/34015325
"Mariam, Bethlehem",10239,
"Marin, M-X",11694,
"Marken, Ron",10605,http://viaf.org/viaf/50846531
"Markides, Jennifer",9084,http://viaf.org/viaf/4152023603003310085
"Markotić, Nicole",10477,"https://viaf.org/viaf/64343536/#Markotic%CC%81,_Nicole"
"Markotić, Nicole",12302,http://viaf.org/viaf/64343536
"Markovskaia, Luba",13930,http://viaf.org/viaf/1261156253562608110003
"Markstrom, Victoria",12467,
"Marlatt, Daphne",12799; 13962,http://viaf.org/viaf/92127388
"Marley, Jayda",13559,
"Marlow, Kathryn",9803,
"Marovitch, Maureen",8345,http://viaf.org/viaf/317002611
"Marques, Irene",9912,http://viaf.org/viaf/41312018
"Marshall Flaherty, Kate",13543,http://viaf.org/viaf/2285628
"Marshall, Anne Gerard",11461,
"Marshall, Rhiannon",13625,
"Marshall, Vanessa",10603,http://viaf.org/viaf/294680652
"Marshy, Leila",13964; 8357; 8536,http://viaf.org/viaf/327152742933527730397; http://viaf.org/viaf/3517160425267668320008
"Martel, Lynn",10243,http://viaf.org/viaf/96735232
"Martelly, Stéphane",13964; 13991,http://viaf.org/viaf/17386405
"Martignacco, Carole",10841,http://viaf.org/viaf/33988568
"Martin, D. S. (Don)",10023,http://viaf.org/viaf/315592974
"Martin, David",11848; 9117; 9118; 9119; 9120; 9121; 9122; 9124; 9125; 9126; 9127; 9129,1982-; http://viaf.org/viaf/5636156990993761180009
"Martin, Ian",13617,
"Martin, Lateef",12687; 13932,
"Martin, Lisa",9042; 9924,http://viaf.org/viaf/85279452
"Martin, Sandra",9364,
"Martin, Sara",11958,
"Martin-Bird, Samantha",10241; 10974; 9877,
"Martindale, Sheila",8398,http://viaf.org/viaf/6182408
"Martine, Aicha",9677,
"Martineau, Maureen",13993,http://viaf.org/viaf/252831579
"Martinello, Domenica",10910; 11918,"http://viaf.org/viaf/17155224410784371496; https://viaf.org/viaf/17155224410784371496/#Martinello,_Domenica"
"Martinez, John Paul",11541,
"Martinez, Pedro Santiago",10098,http://viaf.org/viaf/69164295397708412364
"Martinez, Pilar",12685,
"Martinez, Rachel",9894,http://viaf.org/viaf/270526
"Martini, Clem",12427; 9031,http://viaf.org/viaf/266279634
"Martins, Kim",10281,
"Martis, Eternity",10074; 10382; 10900; 10904; 12700; 8508; 8670; 9098,"http://viaf.org/viaf/113156563622023242754; http://viaf.org/viaf/113156563622023242754/#Martis,_Eternity"
"Martonfi, Ilona",11698; 11703; 11708; 13588; 7886; 7963; 7964; 8168; 8187; 8252; 8255; 8256; 8288; 8295; 8297; 8607, http://viaf.org/viaf/102818325; http://viaf.org/viaf/102818325
"Mas, Victoria",13952,http://viaf.org/viaf/9157340615909921693
"Masad, Ilana",11338,"https://viaf.org/viaf/171156563549323241806/#Masad,_Ilana"
"Mascarenhas, Derek",10477; 11778; 8627,"http://viaf.org/viaf/53155224392684370180; https://viaf.org/viaf/53155224392684370180/#Mascarenhas,_Derek"
"Maser, Michael",8580,http://viaf.org/viaf/183032206
"Mash, Cole",10845; 8178; 8190,"https://viaf.org/viaf/1163088288994540947/#Mash,_Cole"
"Masheane, Napo Popo",8984,
"Maskalyk, James",12652,http://viaf.org/viaf/96765534
"Maslany, Daniel",10235; 9044,https://www.wikidata.org/w/index.php?title=Q64548845&oldid=1591830961
"Mason Pierre, Terese",10299; 11122; 7923,
"Mason, Ky",13704,
"Mason, Raymond",12294,http://viaf.org/viaf/18159154264811992157
"Mason-John, Valerie",10204; 11488; 13487; 9125; 9922,http://viaf.org/viaf/34351201; http://viaf.org/viaf/3545151965286900470008
"Massey, Simon",13835,
"Massing, Conni",10206,http://viaf.org/viaf/47991837
"Masson, Cynthea",13864,http://viaf.org/viaf/83480582
"Massoud, Mena",12554,http://viaf.org/viaf/7246156223630805400008
"Masters, Tom",11886,http://viaf.org/viaf/16149542857600301835
"Mastragostino, Matteo",10189,http://viaf.org/viaf/348150748988816420005
"Masutani, Matsuki",11602,http://viaf.org/viaf/30161573392504520674
"Matas, Carol",11691,"https://viaf.org/viaf/17261038/#Matas,_Carol,_1949-...."
"Matas, Manuel",12251,
"Mathieu, Manuel",8755,http://viaf.org/viaf/317018436
"Mathis, Lora",8227,http://viaf.org/viaf/321150468294604171092
"Matin, Sumaiya",10156,http://viaf.org/viaf/8161632193410641421
"Matlow, Rachel",9859,"http://viaf.org/viaf/81257701/#Matlow,_Rachel"
"Matthews, Airea D.",9569,http://viaf.org/viaf/270149066662965601440
"Matthews, Carol",13503,http://viaf.org/viaf/104967050
"Mattick, Lindsay",12755,http://viaf.org/viaf/15146635683141982519
"Matuk, Nyla",8952,http://viaf.org/viaf/102854669
"Matuk, Nyla Jean",8776,http://viaf.org/viaf/102854669
"Maultsaid, Deirdre",10294,http://viaf.org/viaf/106664714
"Mavrikakis, Catherine",13941,http://viaf.org/viaf/33131412
"Mayers, Joké L.",13462,http://viaf.org/viaf/56087824
"Maylor, Micheline",10600; 11028; 11849; 9063; 9925,"http://viaf.org/viaf/12089073; https://viaf.org/viaf/12089073/#Maylor,_Micheline,_1970-"
"Maynard, Robyn",10477,"https://viaf.org/viaf/317015905/#Maynard,_Robyn,_1987-...."
"Mayne, Lori",13294,
"Mayr, Suzette",7918; 9247,http://viaf.org/viaf/105452256
"Mays, Mariianne",9280,http://viaf.org/viaf/106672071
"Mbonimpa, Melchior",11000,"https://viaf.org/viaf/114306437/#Mbonimpa,_Melchior,_1955-...."
"Mbue, Imbolo",12736,http://viaf.org/viaf/315176836
"Mc Donnell, Conor",9985,http://viaf.org/viaf/71151110764437062422
"McAdam, Colin",8898,http://viaf.org/viaf/79539619
"McAdam, Rhoda",8667,
"McAdam, Tash",13432; 8669,http://viaf.org/viaf/24156674877733580166
"McArthur, Mike",11901; 13466,http://viaf.org/viaf/116145970098632250967
"McAskill, Annick",13668,http://viaf.org/viaf/806145857117622922223
"McBride, Karen",11531; 9160; 9272; 9362; 9381; 9414,http://viaf.org/viaf/2953158261778002540000
"McBurnie, Jonathan.",10238,http://viaf.org/viaf/157164187389418200999
"McCabe, Steve",9771,http://viaf.org/viaf/41444266
"McCaffrey, Taylor",11012,
"McCaig, Joann",9036,http://viaf.org/viaf/244192
"McCall Smith, Alexander",8988,http://viaf.org/viaf/86227797
"McCallum, Kirstie",13297,
"McCammon, Sean",9140,http://viaf.org/viaf/29161329861152131440
"McCandless, Rowan",10127; 10156; 10273; 10808; 11011; 11155; 11531; 12394; 13507; 9490,"http://viaf.org/viaf/10160422847368030030; https://viaf.org/viaf/10160422847368030030/#McCandless,_Rowan,_1958-; https://viaf.org/viaf/search?query=local.names%20all%20%22Rowan%20McCandless%22&sortKeys=holdingscount&recordSchema=BriefVIAF"
"McCann, Colum",11690; 12944; 8759,"http://viaf.org/viaf/98559644; https://viaf.org/viaf/98559644/#McCann,_Colum,_1965-...."
"McCann, Sean",8928,http://viaf.org/viaf/227422165
"McCann, Séan",9295,http://viaf.org/viaf/227422165
"McCarthy, Jesse",13011,http://viaf.org/viaf/25160846523308032424
"McCarthy, Tara",13333,
"McCarthy, Thandiwe",10386; 11488; 8269,http://viaf.org/viaf/56164658721903132946
"McCarthy-Brandt, Mary Louise",11493,
"McCartney, JoAnn",10977,
"McCartney, Sharon",9695,http://viaf.org/viaf/11652158
"McCaskill, Don",12463,http://viaf.org/viaf/92604206
"McCaslin, Susan",11566; 11904; 13896; 9614," http://viaf.org/viaf/93670251; http://viaf.org/viaf/93670251; https://viaf.org/viaf/93670251/#McCaslin,_Susan,_1947-"
"McCluskey, Elaine",9838,"http://viaf.org/viaf/51113360/#McCluskey,_Elaine,_1955-"
"McConachy, Medwyn",11607,
"McConnell, Shannon",8574,http://viaf.org/viaf/93158669740027200577
"McConvey, J. R.",10298,http://viaf.org/viaf/20155564114313002918
"McConvey, J.R.",9668,"https://viaf.org/viaf/20155564114313002918/#McConvey,_J._R.,_1979-"
"McCormack, Derek",10337,http://viaf.org/viaf/14677714
"McCormack, J. A.",9593,http://viaf.org/viaf/104848653
"McCormack, Judith",11718; 9813,"http://viaf.org/viaf/8230159478128927990001; https://viaf.org/viaf/104848653/#McCormack,_J._A._(Judith_A.)"
"McCormick, Gregory",12472; 12496; 12497; 12503; 12504; 12507; 12508; 12510; 12511; 12512; 12513; 12514; 12515; 12517; 12518; 12520; 12522; 12557; 12564; 12566; 12570; 12615; 12660; 12662; 12671; 12679; 12680; 12687; 12704; 12705; 12718; 12722; 12729; 12731; 12737; 12738; 12754; 12759; 12763; 12924; 12929; 12931; 13000; 13004; 13005; 13006; 13008; 13009; 13010; 13012; 13014; 13016; 13017; 13019; 13022; 13023; 13025; 13027; 13028; 13032; 13033; 13035; 13036; 13037,
"McCormick, Gregory John",8935,http://viaf.org/viaf/73466133
"McCown, Mary",12786,
"McCoy, Ann",12296,http://viaf.org/viaf/95842585
"McCrae, Laura K.",12092,http://viaf.org/viaf/6146331897218691841
"McCraken, Kathleen",9901,
"McCreesh, Alison",11000,"https://viaf.org/viaf/305358658/#McCreesh,_Alison"
"McCrum, Rachel",10044; 11502; 11768; 13127; 13167; 13170; 13607; 8179; 8197; 8199; 8200; 8203; 8204; 8206; 8209; 8210; 8346; 8356,http://viaf.org/viaf/300348020
"McCue, Duncan",13947; 8982,http://viaf.org/viaf/18146331744518690403
"McCulloch, Gretchen",11707,http://viaf.org/viaf/105434888
"McDaid, Amy",11223; 11227,"https://viaf.org/viaf/15160665114503362148/#McDaid,_Amy"
"McDermid, Val",8766,Val McDermid
"McDermott, Larry",12333,
"McDiarmid, Jessica",12508; 12521,http://viaf.org/viaf/7154800157056190698
"McDonald, Bernadette",10243,http://viaf.org/viaf/72508731
"McDonald, Bob,",10840,http://viaf.org/viaf/104912759
"McDonald, John",10814; 12748; 8996,http://viaf.org/viaf/106477436
"McElroy, Gil",12089,
"McElwaine, Clint",11463,
"McEwan, Ian",12885,http://viaf.org/viaf/109587997
"McFadden, Deanna",10477,"https://viaf.org/viaf/21532083/#McFadden,_Deanna."
"McFaddin, Lorraine",11561; 11659,
"McFadzean, Cassidy",8176; 8834,http://viaf.org/viaf/313282811
"McFadzean, Dakota",10235; 9044,http://viaf.org/viaf/166144783005495221357
"McFarlane, Peter",10188,http://viaf.org/viaf/31148972
"McFetridge, John",10840,http://viaf.org/viaf/34153559
"McGill, Robert",10477,"https://viaf.org/viaf/74171222/#McGill,_Robert,_1976-...."
"McGillis, Ian",8345,http://viaf.org/viaf/4612419
"McGowan Ross, Tara",8227,http://viaf.org/viaf/6643161152508135190009
"McGowan, Gil",10849,
"McGowan-Ross, Tara",11155; 11504; 11915; 13152; 13990; 8228; 8482; 8490; 8528; 8545; 8569; 9483; 9955,"http://viaf.org/viaf/1147965648884080893; https://viaf.org/viaf/1147965648884080893/#McGowan-Ross,_Tara,_1992-"
"McGrail, Justin",13763,http://viaf.org/viaf/106255768
"McGrath, Carmelita",13603,http://viaf.org/viaf/315083886
"McGrath, Eamon",9644,http://viaf.org/viaf/234824102
"McGrath, Janet Tamalik",8957; 8958,http://viaf.org/viaf/18154257785324150253
"McGrath, Wendy",10916; 12102; 8573; 9479,"http://viaf.org/viaf/46105625; https://viaf.org/viaf/46105625/#McGrath,_Wendy."
"McGreal, Ryan",9484,
"McGreal, Shayne A.",10077,http://viaf.org/viaf/8161028753823740260
"McGreal-Dinning, Debbie",9115,
"McGregor, Al",13320,http://viaf.org/viaf/106320308
"McGregor, Hanlon",10540,
"McGregor, Hannah",11168; 12490; 12798,"http://viaf.org/viaf/20153713810358661443; https://viaf.org/viaf/20153713810358661443/#McGregor,_Hannah"
"McGuire, Tara",11168; 8698,"https://viaf.org/viaf/29164907383417851198/#McGuire,_Tara"
"McIlwraith, Naomi",10257; 11466,"http://viaf.org/viaf/160799957; https://viaf.org/viaf/160799957/#McIlwraith,_Naomi_L."
"McIlwraith, Naomi L.",11460; 11461; 11462; 11463,"https://viaf.org/viaf/160799957/#McIlwraith,_Naomi_L."
"McIntosh, Leanne",13544,http://viaf.org/viaf/106512922
"McIntyre, Alando",10098,
"McIntyre, Tanya",10839,http://viaf.org/viaf/34162842019773041054
"McKay, Ami",10778,http://viaf.org/viaf/40543781
"McKay, Dodie Graham",12441,http://viaf.org/viaf/49162842385073042434
"McKay, Don",8720,http://viaf.org/viaf/2535719
"McKay, Marlene",10930,"https://viaf.org/viaf/9321052/#McKay,_Marlene,_1952-"
"McKay, Sheryl",12427,
"McKeen, Erica",8316; 9832,
"McKenzie, Catherine",8750; 9656,"http://viaf.org/viaf/107311401; https://viaf.org/viaf/107311401/#McKenzie,_Catherine."
"McKenzie, Desiree",13575; 13887; 8990,
"McKenzie, Heidi",13627,
"McKeon, Laura",9997,http://viaf.org/viaf/13150645263010622639
"McKeon, Lauren",10074; 12756; 8756; 9479,"http://viaf.org/viaf/13150645263010622639; http://viaf.org/viaf/1450152932537609830006; https://viaf.org/viaf/13150645263010622639/#McKeon,_Lauren,_1984-"
"McKeown, Kit",10236,
"McKillop, Kyle",10869,
"McKinley, Jennifer",8422,
"McKinnon, Hannah Mary",9541; 9656; 9862,"http://viaf.org/viaf/101152138551210980572; https://viaf.org/viaf/101152138551210980572/#McKinnon,_Hannah_Mary."
"McKiver, Melody",13617,
"McLachlan, Brian",10477; 10522,"https://viaf.org/viaf/295341557/#McLachlan,_Brian"
"McLaren, Norman",9836,"http://viaf.org/viaf/96257785/#McLaren,_Norman,_1914-1987"
"McLean, Christine",10230,
"McLean, Matti",11445; 11446; 11448; 11452; 11454,http://viaf.org/viaf/264588129
"McLeod, Darrel",11902; 13132; 13151; 13157; 13161; 13170,http://viaf.org/viaf/106528289
"McLeod, Darrel J.",10312; 10973; 11017; 11289; 11291; 11297; 8615; 8674; 9436,"http://viaf.org/viaf/106528289; https://viaf.org/viaf/106528289/#McLeod,_Darrel_J."
"McLeod, Georgette",11117,
"McLeod, Katherine",11770; 11772; 12227; 12476; 12485; 12486; 12529; 12766; 12826,http://viaf.org/viaf/44156495389117561605
"McLeod, Vicki",13464,http://viaf.org/viaf/470154590088743080287
"McMahon, Ryan",12760,https://www.wikidata.org/wiki/Q66732432
"McMahon, Serah-Marie",8809,http://viaf.org/viaf/305358803
"McMillan, Amber",9811,"http://viaf.org/viaf/307469824/#McMillan,_Amber,_1981-"
"McMillan, Jessica Lee",13648,
"McMillan, Rachel",10477; 9629,"https://viaf.org/viaf/317097626/#McMillan,_Rachel,_1981-"
"McNabb, Lauren",12318,
"McNally, Ben",9512,
"McNally, Danielle",9817,http://viaf.org/viaf/1710159233955003370063
"McNamara, Rea",13011,
"McNarry, John",11403,
"McNaughton, Krista",12383; 12388,
"McNeil, Jean",11967,http://viaf.org/viaf/31260383
"McNeill, Lindsey",11861; 11863,
"McNeilly, Kevin",8190,http://viaf.org/viaf/105459783
"McNeney, Arley",10842,"https://viaf.org/viaf/75768532/#McNeney,_Arley,_1982-"
"McNish, Hollie",8887,http://viaf.org/viaf/553149106023268490393
"McPherson, Carolyn",8345,
"McPherson, Christian",12099; 9251,http://viaf.org/viaf/12035635
"McVie, Tom",12292,https://www.wikidata.org/wiki/Q3530799
"McWatt, Tessa",8477,http://viaf.org/viaf/21642629
"Mckenzie, Desiree",9052,
"Mclennan, Rob",10153; 12088; 12100; 12117; 12119; 8262,http://viaf.org/viaf/37166916
"Mcleod, Katherine",9573,http://viaf.org/viaf/44156495389117561605
"Meadows, Sally",14130,http://viaf.org/viaf/313484835
"Medina, Sarah Maria",11543,
"Medina, V.",8253,
"Medland, Pam",8374,
"Medland, Pamela",11607; 13866; 9085; 9117,
"Mehmood, Tariq",12345,http://viaf.org/viaf/62964599
"Mehrotra, Rati",10296,http://viaf.org/viaf/17150939961526601542
"Meisner, Natalie",11849; 8955; 9023; 9121,"http://viaf.org/viaf/106046181; http://viaf.org/viaf/5986160667671303560006; https://viaf.org/viaf/106046181/#Meisner,_Natalie,_1972-"
MelVee X,12752; 12774,
"Melançon, Charlotte",13920,http://viaf.org/viaf/44331575
"Melchor, Fernanda",12513; 8737,http://viaf.org/viaf/308767694
"Melfi, Marco",9479,
"Melgaard, Michael",13671,http://viaf.org/viaf/54124545
"Melgard, Michael",13666,
Melissa,12715,
"Mendel, Charlotte R.",10075,http://viaf.org/viaf/303178681
"Mendelsohn, Daniel",8194,http://viaf.org/viaf/30710526
"Mendez, Mila",8442,
"Mendis, Yohani",13655,
"Meneghetti, Monica",10339; 13959; 8598,"http://viaf.org/viaf/315713245; http://viaf.org/viaf/315713245/#Meneghetti,_Monica"
"Mengiste, Maaza",8778; 8978,http://viaf.org/viaf/96758846
"Menon, Uma",10693,http://viaf.org/viaf/4159154062711990047
"Merasty, Francine",11612,http://viaf.org/viaf/18161511960570560867
"Merbaum, Lindsay",12408,http://viaf.org/viaf/6167984195533550434
"Mercredi, Duncan",11039; 13149; 13231,"http://viaf.org/viaf/22009470; https://viaf.org/viaf/22009470/#Mercredi,_Duncan,_1951-...."
"Merola, Caroline",9334,http://viaf.org/viaf/36079818
"Merpaw, Amanda",11675; 9943,http://viaf.org/viaf/32164717746402090887
"Messenger, Shannon",8538,http://viaf.org/viaf/221070626
"Metaphor, Marie",13794,
"Metcalfe, Nygel",11901,
"Methot, Suzanne",10427,"http://viaf.org/viaf/55981864/#Methot,_Suzanne,_1968-"
"Metres, Philip",8239, http://viaf.org/viaf/39695359
Metronomad,13641,
"Meuse, Theresa",10768; 10771,http://viaf.org/viaf/7325073; http://viaf.org/viaf/73250737
"Meyer, Bruce",10032; 10036; 10603; 9706; 9712,http://viaf.org/viaf/22392740
"Mian, Sarah",10099,http://viaf.org/viaf/316003998
"Micallef, Shawn",10380; 10463; 10523,"http://viaf.org/viaf/107906022/#Micallef,_Shawn,_1974-; https://viaf.org/viaf/107906022/#Micallef,_Shawn,_1974-"
"Michael, Shayne",13132; 13149; 13153; 13157; 13171,http://viaf.org/viaf/1307159474203927661592
"Michaels, Anne",13955; 8152; 8740; 8744; 8914,http://viaf.org/viaf/98055768
"Michaels, Sean",11523; 12712; 12903,http://viaf.org/viaf/305307623
"Michaud, Andrée A.",11000,"https://viaf.org/viaf/44620364/#Michaud,_Andr%C3%A9e_A.,_1957-"
"Michaud, Sébastien",10229; 10386,
"Michelle, Brianna",9485,
"Michelle, Ceilidh",13915,http://viaf.org/viaf/35156495380617561371
"Middleton, Andrew",8345,
"Midgley, Peter",10204; 10205; 10206; 10912; 12105; 9138; 9479,"http://viaf.org/viaf/4427225; https://viaf.org/viaf/4427225/#Midgley,_Peter,_1965-"
"Mifsud, Immanuel",8222,
"Mihali, Felicia",10065; 10078,http://viaf.org/viaf/38748496
"Mihesuah, Devon A.",13947,http://viaf.org/viaf/22421568
"Milan, Courtney",10190,http://viaf.org/viaf/249771745
"Milde, Michael",11591,http://viaf.org/viaf/104976542
"Miles, Kirk",10110; 10258; 11855; 9117; 9124; 9125; 9126; 9127; 9129,http://viaf.org/viaf/41196904
"Miles, Lynn",12274,http://viaf.org/viaf/5090168453546666300002
"Militano, Carmelo",10023; 8653; 9582,http://viaf.org/viaf/106586860
"Mill, Jessie",13957,http://viaf.org/viaf/288960721
"Millar, Alexander",10536,
"Millar, Hazel",10153,http://viaf.org/viaf/5152930926209672430
"Miller, David",10426,"http://viaf.org/viaf/81559338/#Miller,_David,_1943-...."
"Miller, Geordie",11527,http://viaf.org/viaf/306379167
"Miller, Janet",13506,
"Miller, K.D.",10840, http://viaf.org/viaf/31576800
"Miller, Kristen Renee",8303,http://viaf.org/viaf/5157770003748661390
"Miller-Schroeder, Patricia",10652,http://viaf.org/viaf/18946098
"Milliman, Hayley",13511,
"Million, Justin",8248,http://viaf.org/viaf/164755836
"Milman, Isa",11393,"https://viaf.org/viaf/19403717/#Milman,_Isa"
"Milne, David",10283,
"Milner, Arthur",8359,http://viaf.org/viaf/6509159478218027990007
"Milosavljevic, Raquel",10756,
"Milstein, Cindy",10098,http://viaf.org/viaf/120574357
"Mines, Rachel",11792,"https://viaf.org/viaf/105439965/#Mines,_Rachel"
"Minett, Barb",12685,
"Mintz, Corey",10477; 10525; 13364,"http://viaf.org/viaf/8154257783924150157; https://viaf.org/viaf/8154257783924150157/#Mintz,_Corey,_1975-"
"Mintz, Sarah",8997,
Mirabel,8256,
"Mirolla, Michael",10026; 10027; 10042; 10066; 10079; 11780; 8187; 9732, http://viaf.org/viaf/58281975; http://viaf.org/viaf/58281975
"Mirza, Fawzia",10135,http://viaf.org/viaf/121189222
"Misch, Lucia",11853; 13758,
"Miscione, Christine",13673,http://viaf.org/viaf/303646137
"Misri, Angela",10398; 10477; 12391,"http://viaf.org/viaf/309855676; https://viaf.org/viaf/309855676/#Misri,_Angela"
"Misztal, Megan",10242,
Mitch,13884,
"Mitchell, Alanna",12737,
"Mitchell, Brandon",8809,http://viaf.org/viaf/2152682559423312506
"Mitchell, David",8193,http://viaf.org/viaf/85328187
"Mitchell, Serene",10411,
"Mitchell, Shandi",10766,http://viaf.org/viaf/100812714
"Mithrush, Fawnda",13341,
"Miya, Chelsea",12338,http://viaf.org/viaf/916206034975140186
"Mlotek, Haley",9500,
"Mlynowski, Sarah",10377,"http://viaf.org/viaf/33061806/#Mlynowski,_Sarah"
"Mockler, Kathryn",10428; 13489; 9576; 9674,"http://viaf.org/viaf/170073336; http://viaf.org/viaf/170073336/#Mockler,_Kathryn,_1971-; https://viaf.org/viaf/170073336/#Mockler,_Kathryn,_1971-"
"Mody, Monica",12117,http://viaf.org/viaf/308766380
Moe Clark,8177,http://viaf.org/viaf/317024729
"Moe, Karen",13648,
"Moeller, Vanessa",10250; 12681,http://viaf.org/viaf/102883111
"Moffatt, Kate",12802,
"Mohabir, Nalini",9956,http://viaf.org/viaf/30160208384948620238
"Mohamed, Amina",9479,
"Mohamed, Omar",8554,http://viaf.org/viaf/9793160310473658300000
"Mohamed, Premee",10002; 10956; 9995,http://viaf.org/viaf/11158488459611730892
"Mohamed, Tameera",10904,
"Mohamed, Timiro",10203; 10484; 13340,http://viaf.org/viaf/27150030522010960361
"Mohammadi, Kashayar",10022; 10024,
"Mohammadi, Khashayar",10294; 10726; 11679; 12088; 13649; 13669; 8230,"http://viaf.org/viaf/9160422829568030302; https://viaf.org/viaf/9160422829568030302/#Mohammadi,_Khashayar,_1994-"
"Mohammandi, Khashayar",10291,
"Mohammed, Zaynab",12423,http://viaf.org/viaf/311457700
"Moir, Rita",11934,http://viaf.org/viaf/60310841
"Mok, Carmen",10477,"https://viaf.org/viaf/2079149719106011130000/#Mok,_Carmen"
"Mokha, Avleen",13586; 13604,http://viaf.org/viaf/8167501391892802613
"Mokha, Avleen K",11106; 11109,
"Molavi, Fereshteh",8834,http://viaf.org/viaf/7300909
"Molina Lora, Luis",13967,http://viaf.org/viaf/305358757
"Molope, Kagiso Lesego",9354,http://viaf.org/viaf/9235837
"Moltke, Helmuth von",12907,http://viaf.org/viaf/161024361
"Monahan, Lynda",8962,http://viaf.org/viaf/24240191
"Moncrieff, J.H.",12412,http://viaf.org/viaf/36157340769909922565
"Monet, Aja",10098,http://viaf.org/viaf/235272402
"Mongeau, France",13610,http://viaf.org/viaf/24767302
"Monkman, Lenard",13231,
"Monnet, Émilie",13128; 13145; 13153,http://viaf.org/viaf/1160242629652430544
"Montell, Amanda",13353,http://viaf.org/viaf/23156217901204740019
"Monticue, Andrea",11891,
"Montreiul, Mike",8262,
"Montreuil, Mike",12113,http://viaf.org/viaf/102863989
"Monzon Rodrigues, Sofía",13917,
"Moody, Alys",10142; 10143; 10145,http://viaf.org/viaf/311783836
"Mooney, Jacob McArthur",12098,http://viaf.org/viaf/1940325
"Mooney, Malcolm",11848,
"Moonsister, Erin",13850,
"Moore Davis, Irene",11971,"https://viaf.org/viaf/38153713730758660941/#Moore_Davis,_Irene"
"Moore, Andrea",12971,
"Moore, Carley",9091,http://viaf.org/viaf/170637144
"Moore, Chloe",12234,
"Moore, Jessica",10058; 10314; 12113; 13665; 8212; 8271; 9118,http://viaf.org/viaf/221171660
"Moore, Lisa",12424,http://viaf.org/viaf/5154167
"Moore, Nathaniel G.",11970; 13907; 8219,"http://viaf.org/viaf/19419812; https://viaf.org/viaf/19419812/#Moore,_Nathaniel_G."
"Moore, Susanna",12507,http://viaf.org/viaf/109902730
"Mootoo, Shani",10477; 11587; 8281; 8947; 9298; 9344; 9522; 9961,"http://viaf.org/viaf/79160427; http://viaf.org/viaf/79160427/#Mootoo,_Shani; https://viaf.org/viaf/79160427/#Mootoo,_Shani"
"Morali, Laure",13175; 13982,http://viaf.org/viaf/53887549
"Moran, James K.",10529,"https://viaf.org/viaf/311459731/#Moran,_James_K."
"Moran, Patrick",9842,http://viaf.org/viaf/171813962
"Morazzoni, Marta",13992,http://viaf.org/viaf/110207351
"Mordecai, Pamela",10042; 10689; 10694; 11248; 9015,http://viaf.org/viaf/59135849
"Morden, Brad",13754; 13757; 13760,
"Moreira, Carol",10629,http://viaf.org/viaf/106738527
"Moreno-Garcia, Silvia",8532,http://viaf.org/viaf/169309989
"Moreno-García, Silvia",9842,http://viaf.org/viaf/169309989
"Morgan, Dwayne",11488; 11492; 9015; 9729,http://viaf.org/viaf/106553596
"Morgan, Dwayne,",10042,http://viaf.org/viaf/106553596
"Morgan-Cole, Trudy",11046,http://viaf.org/viaf/105957532
"Morgentaler, Goldie",12899, http://viaf.org/viaf/93237138
"Mori, Isabella",10408; 10587; 9827,http://viaf.org/viaf/15160060089335601728
"Morin, Alexie",8954,http://viaf.org/viaf/300865445
"Morin, Elaine",9931,http://viaf.org/viaf/2148752217041202639
"Morin, Randy",10930,"https://viaf.org/viaf/313484818/#Morin,_Randy,_1978-"
"Moritz, A F",13651,http://viaf.org/viaf/3674427
"Moritz, A.F.",10035; 10152; 13924; 8235; 8736; 8780; 9356,http://viaf.org/viaf/3674427
"Morra, Linda",12828,http://viaf.org/viaf/56850316
"Morra, Linda M.",10043; 10044; 8356,http://viaf.org/viaf/56850316
"Morrill, Natalie",10918,"https://viaf.org/viaf/44152930930309671562/#Morrill,_Natalie"
"Morris, Effy",9573,
"Morris, Heather",11794,"https://viaf.org/viaf/45153530958548701963/#Morris,_Heather."
"Morris, Jackie",8933; 9350,http://viaf.org/viaf/46896669
"Morris, Paul",12321,
"Morrison, Toni",13982,http://viaf.org/viaf/109406177
"Morrissey, Donna",10624; 10750; 10801; 10838; 12033; 12034,http://viaf.org/viaf/23043214
"Morrissy, Julie",8258,http://viaf.org/viaf/254147423030744881249
"Morrow, Bethany C.",10376; 13398,"http://viaf.org/viaf/18152199275314282483; http://viaf.org/viaf/18152199275314282483/#Morrow,_Bethany_C."
"Morse, Garry Thomas",12385; 12386; 8696; 9417,http://viaf.org/viaf/102774202
"Morse, Gary Thomas",9903,
"Mort, Helen",10243,http://viaf.org/viaf/46569160
"Mort, Valzynha",8194,
"Mortensen, Bryan",13473; 13492,
"Mortley, Michael",9053,
"Morton, Alexandra",11294; 13034,"http://viaf.org/viaf/20628629; https://viaf.org/viaf/20628629/#Morton,_Alexandra,_1957-...."
"Morton, Colin",9127,http://viaf.org/viaf/23495135
"Morton, Wendy",11611; 13462; 8391,http://viaf.org/viaf/4276555
"Mosco, Rosemary",11707,http://viaf.org/viaf/132153409799441582891
"Moscrop, Dave",8900,
"Moscrop, David",10427,"http://viaf.org/viaf/14154257875824151915/#Moscrop,_David,_1984-"
"Moser, Benjamin",9013,http://viaf.org/viaf/170340521
"Moser, Elise",9334,http://viaf.org/viaf/41591184
"Moshfegh, Ottessa",12516,http://viaf.org/viaf/313296794
"Mota, Laura",8222; 8228,
MothePoet,13806,
Motion,8990,
"Mouallem, Omar",10191; 13033; 13321; 13329; 13332; 13980,http://viaf.org/viaf/102786497
"Mountain, Antoine",10859; 11875,"http://viaf.org/viaf/14153182642126790120; https://viaf.org/viaf/14153182642126790120/#Mountain,_Antoine,_1949-"
"Moure, Erin",13921,http://viaf.org/viaf/22186962
"Moure, Erín",8207; 8209,http://viaf.org/viaf/22186962
"Mourre, Helen",10829,http://viaf.org/viaf/70779222
"Mouré, Erin",8204; 8303,http://viaf.org/viaf/22186962
"Mouré, Erín",10824,"https://viaf.org/viaf/22186962/#Mour%C3%A9,_Erin,_1955-"
"Mousa, Mona",8448,
"Moyes, Jojo",12900,http://viaf.org/viaf/90779697
"Moëlla, Sabrina",10327,http://viaf.org/viaf/56847478
"Mudenyo, Elizabeth",10289; 9787,
"Mudhar, Raju",10477,
"Mulatu, Makda",9965,
"Mulder, Michelle",8651,http://viaf.org/viaf/56095278
"Muldoon, Paul",10151,http://viaf.org/viaf/64048541
"Mullins, Rhonda",9590; 9599,http://viaf.org/viaf/119499426
"Mulloy, Pamela",11305; 11952,http://viaf.org/viaf/146152138534610980308
"Mulrooney, Lisa",11456; 11458; 11459; 11465; 11466; 11556; 11563,
"Munce, Alayna",8720,http://viaf.org/viaf/61291384
"Mundy, Bob",11820,
"Mundy, Vi",11820,
"Munir, Shaheen",8295, http://viaf.org/viaf/9493823
"Munro, Jane",13551; 8325; 8392; 8719; 8723,http://viaf.org/viaf/94943969
"Munroe-Blum, Heather",12908,http://viaf.org/viaf/112442762
"Munteanu, Nina",8729; 8854,http://viaf.org/viaf/101392037
"Murakami, Sachiko",10059; 11122; 13661; 8232; 9353; 9564,"http://viaf.org/viaf/78604094; https://viaf.org/viaf/78604094/#Murakami,_Sachiko,_1980-"
"Murat-Ingles, Léa",13932,http://viaf.org/viaf/23171184843747771972
"Murman, Emily",12112,http://viaf.org/viaf/16152380021601760671
"Murphy, Colleen",8957; 8958; 9553,"http://viaf.org/viaf/18453132; http://viaf.org/viaf/18453132/#Murphy,_Colleen,_1954-"
"Murphy, Dana",8357,http://viaf.org/viaf/106482569
"Murphy, Joni",8539; 9573,http://viaf.org/viaf/106211304
"Murphy, Matthew",7963,
"Murphy, Sarah X.",8265,
"Murphy, Sarah Xerar",10060; 9287; 9357,http://viaf.org/viaf/10155343868106310488
"Murray, George",9648,http://viaf.org/viaf/75658801
"Murray, Morgan",10169; 10867; 12811; 12818; 8521; 8906; 8909,http://viaf.org/viaf/48146634389441931526; https://www.wikidata.org/wiki/Q106695818
"Murray, Sheila",10477; 13915,"https://viaf.org/viaf/304554983/#Murray,_Sheila"
"Murrin, Jennifer Alicia",8431; 8730; 8798,
"Musa, Omar",8887,http://viaf.org/viaf/315523643
"Musiej, Zofia",13634,
"Mutonji, Téa",10074; 10204; 10465; 10971; 11531; 8227; 8452; 9017; 9427; 9513,"http://viaf.org/viaf/43154196714320111113; http://viaf.org/viaf/43154196714320111113/#Mutonji,_T%C3%A9a,_1995-"
"Myers, Cassandra",10585; 13560; 13563; 13579; 8158,
"Myers, Christina",13643; 8572; 8604,http://viaf.org/viaf/28156760348540851029
"Myggland-Carter, Leanne",11458,"https://viaf.org/viaf/305933793/#Myggland-Carter,_Leanne,_1973-"
"Mynett, Geoff",8599,http://viaf.org/viaf/290155104022976202318
"Myracle, Lauren",10376,"http://viaf.org/viaf/103619235/#Myracle,_Lauren,_1969-"
Mystery,13732,
"Ménard, Marie-Gabrielle",9891,
"Mérand, Frédéric",13939,http://viaf.org/viaf/6864121
"Métellus, Maguy",8495,
"Müller St. Thomas, Amber Helene",10536,
NABI,13671,
"Naccarato, Alessandra",10515; 13757; 9995,http://viaf.org/viaf/10152380054301761774
"Nadarajan, Anjalee",10534,
"Nadeau, Christine",9334,http://viaf.org/viaf/309816990
"Nadeau, Roxane",13935,http://viaf.org/viaf/1151049854733410155
"Naestad, Irene",9022,http://viaf.org/viaf/38891370
"Naested, Irene",9126, http://viaf.org/viaf/38891370
"Naga, Noor",8947,http://viaf.org/viaf/109156563547523241995
"Naked, Bif",9100; 9416,http://viaf.org/viaf/39017896
"Nakehk'o, Dëneze",11928,
"Nakhaei, Noora",9330,
"Namir, Hasan",10919; 10967; 8279; 8450; 8629; 9049; 9872; 9886,"http://viaf.org/viaf/315983428; https://viaf.org/viaf/315983428/#Namir,_Hasan,_1987-"
Nantali,8495,
"Nanua, Sarena",9658,"https://viaf.org/viaf/1160846407308031671/#Nanua,_Sarena"
"Nanua, Sasha",9658,"https://viaf.org/viaf/2160846407408031669/#Nanua,_Sasha"
"Naomi, Sarah",13577,
"Nardone, Michael",9482,"http://viaf.org/viaf/7154257862424151454/#Nardone,_Michael,_1981-"
"Narwani, Ulrike",8377,http://viaf.org/viaf/12148207638700340940
"Naschra, Paul",8225; 8226,
"Nason, Riel",9801,"https://viaf.org/viaf/170542884/#Nason,_Riel,_1969-"
"Nasrallah, Dimitri",12053; 12575; 12924; 13019; 13383; 13386; 13949; 8553; 8602; 8917; 8919; 8954; 9366; 9693; 9956,"http://viaf.org/viaf/56357323; https://viaf.org/viaf/56357323/#Nasrallah,_Dimitri,_1978-..."
"Nataraja, Vidya",8321,
"Natasha, Nolan",9804,"https://viaf.org/viaf/59156495277917560753/#Nolan_Natasha,_1982-"
"Naughton, Katie",12119,http://viaf.org/viaf/4163023846189362758
"Navarro, Anna",9119,
"Navarro, Pascale",13952,http://viaf.org/viaf/76431321
"Naves, Elaine Kalman",12883,http://viaf.org/viaf/79430162
"Nawaz, Saleema",10273; 12515; 13659; 8511; 9146,http://viaf.org/viaf/96805004
"Nawaz, Zarqa",10477,"https://viaf.org/viaf/66784333/#Nawaz,_Zarqa,_1968-...."
"Nay, Roz",11233; 9371,"http://viaf.org/viaf/108151050011933410423; https://viaf.org/viaf/108151050011933410423/#Nay,_Roz."
"Nayebzadah, Rahela",9487,"https://viaf.org/viaf/192144782706338652982/#Nayebzadah,_Rahela"
"Nayeri, Daniel",8582,http://viaf.org/viaf/103523677
"Naytowhow, Joseph",13055,
"Naz, Sophia",13631; 13645,http://viaf.org/viaf/30161879043933611382
"Nazywalskj, Tamara",13615,
"Nazywalskyj, Tamara",8297,
"Ndala, Blaise",10249; 13948; 13953; 13984,http://viaf.org/viaf/310611278
"Neal, Alan",9144; 9290; 9382,http://viaf.org/viaf/223797551
"Neale, Jude",10072; 10586; 11817; 13898; 13906; 8419,http://viaf.org/viaf/169414175
"Nealon, Chris",12093,http://viaf.org/viaf/22054063
"Neblett, Adrian",11853,
"Needham, Merrilee",13273,
"Neema, Nadine",11382,"https://viaf.org/viaf/14157581635833781169/#Neema,_Nadine"
"Negin, Louis",9840,"http://viaf.org/viaf/100354197/#Negin,_Louis"
"Neiderman, Andrew",13377,http://viaf.org/viaf/86875636
"Neil, Danial",9159,http://viaf.org/viaf/102890920
"Neilson, Shane",11114; 13663; 8323,http://viaf.org/viaf/67666976
"Neily, Dana",13790; 13796; 13830,
"Nekrasosky, Vera",10603,
"Nelson, Colleen",10137; 12272; 12311; 12364; 13267; 13268; 13269; 9047,http://viaf.org/viaf/162386656
"Nelson, Colton",11831; 11883,
"Nelson, KB",11898,
"Nelson, Mary",11886,
"Nelson, Sara",10098,https://www.wikidata.org/w/index.php?title=Q17509524&oldid=1623235233
"Nesbitt, Tom",8377,http://viaf.org/viaf/104018009
"Nesch, Thorsten",10376,"http://viaf.org/viaf/276431561/#Nesch,_Thorsten,_1968-"
"Nesteroff, Kliph",12760,http://viaf.org/viaf/140145003292761300985
"Neubert, Joe",10151,http://viaf.org/viaf/629160483874804992153
"Neufeld, Juliana",9096; 9479,"http://viaf.org/viaf/153845994; https://viaf.org/viaf/153845994/#Neufeld,_Juliana,_1982-"
"Neugebauer, Tomasz",12339,
"Neuman, Carol",13629,
"Neumeyer, Randee",10239,http://viaf.org/viaf/12163271441912142874
"Neumire, Bill",12107,
"Nevo, Eshkol",11682,"https://viaf.org/viaf/3636434/#Nevo,_Eshkol,_1971-...."
"Newberry, Sarah",9273,
"Newington, Nina",10036; 10619,http://viaf.org/viaf/56044206
"Newitz, Annalee",12737; 8291,http://viaf.org/viaf/16492757
"Newman, Carey",8623,http://viaf.org/viaf/258155103919976200502
"Newman-Bremang, Kathleen",12665,https://www.wikidata.org/wiki/Q110954615
"Newman-Stille, Derek",11445; 11450; 8441,http://viaf.org/viaf/18153713812858661812
"Newton, Melanie",8324,http://viaf.org/viaf/11460902
"Nećakov, Lillian",8273; 9059,http://viaf.org/viaf/94920263
"Ng, Tommy",8269,
"Ng, Wayne",10043; 10077,http://viaf.org/viaf/91429369
"Ngidi, Sandile",10843,"https://viaf.org/viaf/41655928/#Ngidi,_Sandile"
"Nguyen, Jackie",9867,
"Nguyen, Nam",11962,
"Nguyen, Vinh",11631; 11683; 11962,http://viaf.org/viaf/13161573660204522979
"Nichols, Mark",9431,http://viaf.org/viaf/75769041
"Nichols, Tom",13015, http://viaf.org/viaf/3941166959210847160003
"Nicholson, Cecily",11536; 11673; 11906; 12664; 13641; 13677; 8628; 9079,http://viaf.org/viaf/178123826
"Nickel, Barbara",13303; 13494; 8420; 8601; 9896, http://viaf.org/viaf/33769371; http://viaf.org/viaf/173155769081227880000; http://viaf.org/viaf/33769371
"Nickerson, Billeh",11846; 11848; 13550; 13667; 13769; 8416; 8680; 9121,"http://viaf.org/viaf/60886920; https://viaf.org/viaf/60886920/#Nickerson,_Billeh,_1972-"
"Nicolaou, Cassandra",8422,http://viaf.org/viaf/232751175
"Nicolas, Sylvie",13141; 13145; 13159; 13160; 13165; 13171,http://viaf.org/viaf/64336176; ttp://viaf.org/viaf/64336176
"Nicolas, Émilie",13984,http://viaf.org/viaf/316775570
"Nicole, Shanice",13577; 8479; 8495; 8551,http://viaf.org/viaf/132158669737427200640
"Niedzviecki, Hal",11842,"https://viaf.org/viaf/3703025/#Niedzviecki,_Hal,_1971-"
"Nielsen, Carsten René",11231,"https://viaf.org/viaf/59153335/#Nielsen,_Carsten_Ren%C3%A9_1966-..."
"Nielsen, Susin",11391; 11407; 12663,http://viaf.org/viaf/187379406; http://viaf.org/viaf/93086800
"Nigel Thomas, Hubert",8289,http://viaf.org/viaf/56774799
"Niigan Noodin Adler, Nathan",8894,http://viaf.org/viaf/298746901
"Nikidis, Katherine",13943,
"Nikoo, Mahfam",8451,
"Niles-Craig, Jade",11763,
"Nilson, Geoffrey",8667,http://viaf.org/viaf/12154257790324150827
"Ninkuru, Kim",10018; 11664; 13935,
"Nish, Bonnie",13906; 8713; 8714,http://viaf.org/viaf/305275227
"Niven, Alex",10098,http://viaf.org/viaf/308181236
"Nixon, Lindsay",12698,http://viaf.org/viaf/3154196677920111457
"Nock, Samantha",10239; 10966; 10974,
"Nolan, Megan",13006, http://viaf.org/viaf/10161512192870562393
"Nolan, Yvette",8959,http://viaf.org/viaf/38655333
"Noorbakhsh, Mansour",11652,
"Nopca, Jordi",12924,http://viaf.org/viaf/249785412
"Norah Drukker, Kelly",8168; 8255,http://viaf.org/viaf/33146094193500330987
"Nordstrom Higdon, Emmy",11989,
"Nore, Gordon",10529; 10534,"https://viaf.org/viaf/93725834/#Nore,_Gordon_W._E.,_1960-"
"Norman, Chad",13642; 9905, http://viaf.org/viaf/63167944; http://viaf.org/viaf/63167944
"Norris, Ken",10043; 9417,http://viaf.org/viaf/93061492
"North, Ryan",10867; 8732,http://viaf.org/viaf/91128984
"North, Sheila",12322; 12464; 9661,"http://viaf.org/viaf/13162606490449531931; https://viaf.org/viaf/13162606490449531931/#North,_Sheila"
"Novik, Stephen",11818,http://viaf.org/viaf/20154440081335341477
"Novik, Stephen W",11835,http://viaf.org/viaf/20154440081335341477
"Nowaczyk, Margaret",9490,"https://viaf.org/viaf/165049975/#Nowaczyk,_Ma%C5%82gorzata_1964-...."
"Nowaczyk, Małgorzata",10175; 10179; 11640,http://viaf.org/viaf/165049975; ttp://viaf.org/viaf/165049975
"Nowak, Mark",10098,http://viaf.org/viaf/14377081
"Nowlan, Alden",8172,http://viaf.org/viaf/61671170
"Ntshanga, Masande",8595,http://viaf.org/viaf/316546920
"Nuana, Sarena",10477,
"Nuana, Sasha",10477,
"Nugent, Liz",9426,http://viaf.org/viaf/306393479
"Nunes, Julia",9927,http://viaf.org/viaf/33812417
"Nurse, Donna Bailey",8773,http://viaf.org/viaf/38056529
"Nutall-Smith, Chris",13364,
"Nuñez, Marilo",13910,
"Nuñez-Janes, Mariela",10098,
"Nyoka, Gail",10589; 10590,http://viaf.org/viaf/56365832
"Nzinga, Ayodele",10098,http://viaf.org/viaf/16151836471220400006
"Ní Ghríofa, Doireann",9447; 9700, http://viaf.org/viaf/187463842; http://viaf.org/viaf/187463842
"O'Brien, Wendy",11641; 8741,
"O'Driscoll, Michael J",12485,http://viaf.org/viaf/4607231
"O'Driscoll, Michael J.",12577; 12578; 12579; 12654; 12797; 12798,http://viaf.org/viaf/4607231
"O'Farrell, Maggie",9357,http://viaf.org/viaf/85329632
"O'Hagan, Andrew",9020; 9370,http://viaf.org/viaf/87155882
"O'Leary, Sara",12810; 12814; 9334,http://viaf.org/viaf/106067697
"O'Meara, David",12049; 8262; 8992; 9386,http://viaf.org/viaf/6928761
"O'Neill, Heather",10172; 10477; 12458; 12680; 9573; 9665,"http://viaf.org/viaf/102270234; https://viaf.org/viaf/102270234/#O'Neill,_Heather,_1973-...."
"O'Reilly, Amber",11008; 13235,"http://viaf.org/viaf/12159939387225251321; https://viaf.org/viaf/12159939387225251321/#O'Reilly,_Amber,_1993-"
"O'Reilly, Gillian",12755,http://viaf.org/viaf/48956380
"O'Rourke, Darla-Jean",13263,
"O'Sullivan, Gunargie",13632,
"Oakley, Emory",13742,
"Obomsawin, Diane",13132,http://viaf.org/viaf/86360502
"Obscura, Ashley",10153; 11504; 8227; 8228,http://viaf.org/viaf/3153182651626791457
"Ocelot, Catherine",10227,http://viaf.org/viaf/17146937726813830423
"Odasso, AJ",10279,http://viaf.org/viaf/1922161274818347650005
"Odria, Brenda",8226,
"Oestreicher, Sky",11694,
"Offill, Jenny",12506; 8475,http://viaf.org/viaf/79457224
"Offman, Craig",8777,
"Ogawa, Yoko",8469,http://viaf.org/viaf/66571703
"Ogilvie, Keith C.",11403,"https://viaf.org/viaf/56148449826015691681/#Ogilvie,_Keith_C.,_1948-"
"Ogilvie, Megan",10477,"https://viaf.org/viaf/232498489/#Ogilvie,_Megan,_1979-"
"Ohaegbu, Chimedum",10296; 13634,
"Ohi, Ruth",10390; 10477; 12027,"http://viaf.org/viaf/3338158188182220260007/#Ohi,_Ruth; https://viaf.org/viaf/3338158188182220260007/#Ohi,_Ruth"
"Ohlin, Alix",10328; 11300; 11329; 13631,"http://viaf.org/viaf/1858643; https://viaf.org/viaf/1858643/#Ohlin,_Alix,_1972-...."
"Ojaide, Tanure",10898,http://viaf.org/viaf/2523727
"Okorafor, Nnedi",8522,http://viaf.org/viaf/78167151
"Okot Bitek, Juliane",12705,http://viaf.org/viaf/106062348
"Okot Bitek, Otoniya Juliane",10277,http://viaf.org/viaf/106062348
"Olaosebikan, Morenike",10860,
"Older, Malka",8185,http://viaf.org/viaf/63146936618513780034
"Olding, Susan",10487; 10972; 11327; 11964; 8858; 8861; 9537; 9538,http://viaf.org/viaf/78848513
"Oleksuik, Tanya",12998,
"Olivarez, José",10098,http://viaf.org/viaf/13153773434061430010
"Oliveira, Anthony",8438; 8443,http://viaf.org/viaf/10162060279551401113
"Oliveira, Dianne",13870,
"Oliver, Alexandra",13763,http://viaf.org/viaf/299548765
"Ollmann, Joe",10228; 8277; 8593,http://viaf.org/viaf/9587477
"Oloixarac, Pola",12709,http://viaf.org/viaf/103389531
"Oloruntoba, Tolu",10585; 11507; 11974; 13454; 8219; 9889,"http://viaf.org/viaf/13161028999123742312; https://viaf.org/viaf/13161028999123742312/#Oloruntoba,_Tolu,_1985-"
"Olsen, Emily",13536,http://viaf.org/viaf/316563091
"Olsen, Gregg M.",12451,http://viaf.org/viaf/63151074
"Olsen, Sylvia",12460; 12561,http://viaf.org/viaf/14151622
"Olufemi, Lol",10098,http://viaf.org/viaf/12159999707630111864
"Oluwaseun Akintade, Peace",8227,
"Olwell, Jim",13602; 13607,
"Omar, Asel",10911; 13633,
"Omatsu, Maryka",9813,http://viaf.org/viaf/1686010
"Omer, Ardo",8966,
"Omura, Lark",11542,
"Oniță, Adriana",9479,
"Onomé, Louisa",13430,http://viaf.org/viaf/14160307228157740440
"Onstad, Katrina",8750; 8944,http://viaf.org/viaf/39132145
"Ootes, Jake",11862,"https://viaf.org/viaf/284158261771002540009/#Ootes,_Jake,_1942-"
"Opaleke, Bola",11084,
"Opheim, Ashley",13934,http://viaf.org/viaf/225159397597919302987
"Oppel, Kenneth",10393; 12383; 8515; 9358; 9413; 9421,"http://viaf.org/viaf/120061872; http://viaf.org/viaf/120061872/#Oppel,_Kenneth,_1967-...."
"Orang, Bahar",8233; 8303; 9374,http://viaf.org/viaf/3157770090248662170
"Orlov, Stephen",8358,http://viaf.org/viaf/225777908
"Orriols, Marta",8748,http://viaf.org/viaf/7037147872017175170005
"Orser, Daisy",9261,
"Ortega, Johanny (Joa)",13911,
"Ortiz Moore, Antolina",13322,
"Osadebamwen, Jack",10752,
"Osborne, Emily",10283,http://viaf.org/viaf/3950159478051327990006
"Oscienny, Karis",13055,
"Osenton, Evan",9066,
"Osler, Richard",11604; 13481; 9952,http://viaf.org/viaf/102890309
"Osman, Oubah",10103,
"Oster, Bailey",9087,http://viaf.org/viaf/12163088553794542017
"Osterweil, Vicky",8565,http://viaf.org/viaf/19158978981255792302
"Ostovsky, Deborah",13661,
"Ottawa, Janis",13166,http://viaf.org/viaf/1605159474333227662306
"Ottawa, Nicolas",13169,
"Ottolenghi, Yotam",11335,"https://viaf.org/viaf/96788361/#Ottolenghi,_Yotam,_1968-...."
"Oughton, John",10045; 9584; 9607; 9618; 9703; 9708; 9734; 9880; 9899; 9911; 9999,http://viaf.org/viaf/379144783052972522468
"Oumari, Selma",12347,
"Ouriou, Susan",13401,http://viaf.org/viaf/16568381
"Owczar, Hannah",12414,http://viaf.org/viaf/23162720992961090323
"Owen, Ryan Danny",11758; 9114,http://viaf.org/viaf/57156563475523241302
"Owen, Williams",10924,
"Owens, Jo",11300; 12561,"http://viaf.org/viaf/106144962; https://viaf.org/viaf/106144962/#Owens,_Jo,_1961-"
"Owusu-Bempah, Akwasi",12741; 13018,http://viaf.org/viaf/21158978882055791985
"Oza,  Janika",8442,
"O’ Reilly, Patrick",11131,
"O’Bomsawin, Nicole",13158; 13168,
"O’Brien, Wendy",8985,
"O’Gorman, Kate",10459,
"O’Gorman, Sean",11678,
"O’Keefe, Brie",11856,
"O’Keeffe, Anna Comfort",11288,
"O’Meara, David",8235; 9356,
"O’Neill, Heather",11598; 9956,Heather O'Neill; http://viaf.org/viaf/102270234
"O’Neill, John",9152; 9156,
"O’Reilly, Amber",11674,
"O’Reilly, Nathanael",12109,
"P'ng, Joshua",13649; 9734,
"Paas, Dorothea",10477,"https://viaf.org/viaf/168163706538729420858/#Paas,_Dorothea"
"Paas-Lang, Sophie",10393,
"Pacey, Michael",12674,http://viaf.org/viaf/1633728
"Pacific, Robin",13914,http://viaf.org/viaf/14593491
"Paddon, Susan",12032; 8905; 8906,http://viaf.org/viaf/309817149
"Padro, Tayla",10376,
"Paez, Beatrice",12559; 13002,
"Page, Nathan",10477; 12459; 13316,"http://viaf.org/viaf/16154196710720110369; https://viaf.org/viaf/16154196710720110369/#Page,_Nathan,_1985-"
"Painter, Lynn",10377,"http://viaf.org/viaf/9160059958035600793/#Painter,_Lynn"
"Pal, Mariam S.",11494,http://viaf.org/viaf/78427491
"Palanca, Riley",11766,
"Pallagi, Elise",12957; 12971,
"Palmater, Candy",12760,http://viaf.org/viaf/5352165709979449380003
"Palmater, Pam",10098,
"Palmater, Pamela D.",10188; 10395,"http://viaf.org/viaf/169276710; http://viaf.org/viaf/169276710/#Palmater,_Pamela_D._(Pamela_Doris),_1970-"
"Palmer, Ada",11704,http://viaf.org/viaf/17037845
"Palmer, Chris",13667,
"Palmer, David",9697,"https://viaf.org/viaf/105169222/#Palmer,_David_Christian,_1949-"
"Palmer, Dorothy Ellen",11494; 11814; 9549,http://viaf.org/viaf/150056576
"Palomares-Salas, Claudio",13942,http://viaf.org/viaf/183384232
"Pan, Adrienne",9479,
"Panati, Annalisa",11781,http://viaf.org/viaf/204100677
"Pandya, Parul",12513; 13036,
"Pang, Evan",13889,
"Panko, Dominique",8628,
"Pannekoek, Frits",9065,http://viaf.org/viaf/28712438
"Pannell, Chris",13673; 9912,http://viaf.org/viaf/9118002
"Panofsky, Ruth",8729; 8854,http://viaf.org/viaf/19825484
"Panth, Shayona",9583; 9704,
"Papamarko, Sofi",10332; 9487; 9701,"http://viaf.org/viaf/25160789569402680331; https://viaf.org/viaf/25160789569402680331/#Papamarko,_Sofi,_1980-"
"Papernick, Johnathan",11842,
Parab Poet,13313,
"Paradis, Claire",11900,http://viaf.org/viaf/317011891
"Paradkar, Shree",10380; 10469,
"Parasram, Jivesh",8960,http://viaf.org/viaf/91148207951100342783
"Pardy, Stedmond",10023; 13618,http://viaf.org/viaf/622160483637704990055
"Pare, Arlene",8372,http://viaf.org/viaf/76098439
"Parent, Jeff",8272,
"Parikh, Amita",10477,"https://viaf.org/viaf/129163510679210932668/#Parikh,_Amita"
"Parise, Michelle",10131; 10989; 8756; 9479,"http://viaf.org/viaf/31158066507408431406; https://viaf.org/viaf/31158066507408431406/#Parise,_Michelle,_1974-"
"Parisien, Dominik",10296; 13621; 13650; 8170; 8850,http://viaf.org/viaf/13145304363778571664
"Parizeau, Df",11123,
"Park, Randall",7945,http://viaf.org/viaf/123144648431378896938
"Parker Finley, Eve",13621,
"Parker, Arianna",12957,
"Parker, Fawn",10152; 10477; 9094; 9288,"http://viaf.org/viaf/12155343967706312259; https://viaf.org/viaf/12155343967706312259/#Parker,_Fawn,_1994-"
"Parkin, Andrew",8648,
"Parmar, Kamal",13847; 13865; 13899; 13901; 8419,http://viaf.org/viaf/308751086
"Parmar, Sarena",10422,"http://viaf.org/viaf/49158259376102302067/#Parmar,_Sarena,_1984-"
"Parr, A.A.",10295,
"Parr, Dan",8797,http://viaf.org/viaf/288497504
"Parris, Amanda",10375,http://viaf.org/viaf/39155343961906312324
"Parrish, Rhonda",10956,http://viaf.org/viaf/36157037906066860798
"Parsons, Don",8883; 8884; 8891,
"Parth, Shayona",9622; 9711,
"Partridge, Taqralik",8177,http://viaf.org/viaf/15154257780224150501
"Paré, Arleen",11028; 11296; 11894; 8414; 8417; 8725; 9079; 9088; 9417; 9899,"http://viaf.org/viaf/76098439; https://viaf.org/viaf/76098439/#Par%C3%A9,_Arleen,_1946-"
"Paré, Faith",11505; 11506; 11507; 12377; 8178; 8183; 8186; 8227; 8345; 8351,
"Pascal, Girard",8597,http://viaf.org/viaf/24906583
"Paschen, Renée von",12681,http://viaf.org/viaf/49146635588441981926
"Passey, Alex",12301,http://viaf.org/viaf/17161816271127721467
"Passmore, Ben",8555,http://viaf.org/viaf/741149196373174790780
"Pataky, Jeremy",8377,http://viaf.org/viaf/310616572
"Patchett, Ann",10596; 10961,http://viaf.org/viaf/54362733
"Patel, Nisha",10003; 10194; 10341; 11015; 11260; 11465; 13340; 13437; 13580; 13695; 13728; 13751; 13753; 13756; 13760; 13769; 8160; 9127; 9242; 9479; 9926; 9980,"http://viaf.org/viaf/16153288266532650610; http://viaf.org/viaf/16159234421103371840; http://viaf.org/viaf/16159234421103371840/#Patel,_Nisha,_1992-; https://viaf.org/viaf/16159234421103371840/#Patel,_Nisha,_1992-"
"Patel, Reema",10477,"https://viaf.org/viaf/5163628441423460789/#Patel,_Reema"
"Pathare, Sonia",8834,
"Patnaik, Ellora",8835,
"Patriarca, Gianna",10066; 10075; 9620; 9728,http://viaf.org/viaf/58312589
"Patrick, Ryan B.",9030; 9047,
"Patrie, Daria",13178; 13179; 13180; 13181; 13182; 13183; 13184; 13185; 13186; 13188; 13190; 13192; 13194; 13196; 13198,
"Patterson, Christopher B",9842,http://viaf.org/viaf/15150999551129870604
"Patterson, Daniel Mark",11678,
"Patterson, Steve",13007,http://viaf.org/viaf/6146634490141932534
"Patton, Christopher",8601,http://viaf.org/viaf/106698258
"Paul, Daniel",13141,http://viaf.org/viaf/16453441
"Paul, Eddie",12917; 12938; 12941; 12947; 12950; 12952,http://viaf.org/viaf/105654636
"Paul, Julie",10965; 10976,"http://viaf.org/viaf/106721104; https://viaf.org/viaf/106721104/#Paul,_Julie,_1969-"
"Paul, Shawnee",12031; 12033,
"Paul, Sujit Kusum",8738,
"Paulette-Coughlin, Elizabeth",10839,http://viaf.org/viaf/7164354350913000463
"Paulsen, David A.",12580,
"Pavey, Stephen C.",10098,http://viaf.org/viaf/9200160667556503560006
"Pavlova, Ekaterina",8273,
"Pawlick, Thomas F.",10039,http://viaf.org/viaf/39546375
"Payne, Kimberly",14143,
"Payne, Ronda",11898,
"Payne, Tamara",12702,http://viaf.org/viaf/453159397376919300684
"Peace, Cheryl",13887,
"Peace, Thomas",8324,http://viaf.org/viaf/73146094229400331502
"Peacock, Molly",10035; 8206; 9687, http://viaf.org/viaf/7434930; http://viaf.org/viaf/183290659; http://viaf.org/viaf/7434930
"Peacock, Shane",10375,http://viaf.org/viaf/29431001
"Pearson, Matthew",9291,http://viaf.org/viaf/3482160667854503560005
"Pearson, Miranda",11906; 9882,http://viaf.org/viaf/26408640
"Pearson, Patricia",10699; 9010,http://viaf.org/viaf/73133731
"Pearson, Paul",11177; 12110; 9962,"http://viaf.org/viaf/201776840; https://viaf.org/viaf/394157523237027030904/#Pearson,_Paul,_1970-"
"Peart, Danny",10402; 10585,
"Pedersen, Michael",8887,http://viaf.org/viaf/305378139
"Pederson, Jennifer",8262,
"Pederson, Jennifer.",7913,
"Pedri-Spade, Celeste",8894,http://viaf.org/viaf/35156131058158312631
"Peers, Laura",12333,http://viaf.org/viaf/103314453
"Pego, Steve",12284,
"Pejvack, Nasreen",8270,http://viaf.org/viaf/316787077
"Pelletier, Jean-Pierre",13930,
"Pellissier-Lush, Julie",13283; 13290,http://viaf.org/viaf/102853731
"Pelman, Barbara",10600; 11619; 13513; 8398; 8667,http://viaf.org/viaf/14181381
"Pemberton, Rollie",10477,"https://viaf.org/viaf/4317164298337008630006/#Pemberton,_Rollie,_1986-"
"Pendleton Jiménez, Karleen",11764; 8422; 9106,http://viaf.org/viaf/11755943
"Pendreigh, Kirsten",8377,
"Pendziwol, Jean",11501; 8859; 8880,http://viaf.org/viaf/75998184
"Penner, Hayley Gene",10136; 12257; 8915; 9644,
"Penner, Lyndon",13444,http://viaf.org/viaf/305933949
"Penner, Robert",12396; 8973,http://viaf.org/viaf/17159636948743110351
"Pennock, Tyler",10327; 12823; 13566; 13915; 8400; 8431; 8434; 8446; 8730; 8732; 8798; 8838; 9376; 9818, http://viaf.org/viaf/24157581636233781223; http://viaf.org/viaf/24157581636233781223
"Penny, Louise",9511,http://viaf.org/viaf/79555703
"Penny, Michael",10284; 9710,http://viaf.org/viaf/21572252
"Pennypacker, Sara",8507,http://viaf.org/viaf/102291024
"Penslar, Derek",13944,http://viaf.org/viaf/29663641
"Pepall, Rosalind",12822,http://viaf.org/viaf/24847150
"Pepall, Rosalind M.",8911,http://viaf.org/viaf/24847150
"Pepler, Erin",10477,"https://viaf.org/viaf/163163510397910931460/#Pepler,_Erin"
"Pereira, Judith",10333; 8793; 8805; 9342,http://viaf.org/viaf/71118767
"Perez, Marc",10140; 13513,http://viaf.org/viaf/3318159248252304870006
Perkins Don,10107,http://viaf.org/viaf/105763548
"Perkins, Félix",13149; 13153; 13168; 13171,http://viaf.org/viaf/1244159474069527660393
"Perl, Erica S.",10377,"http://viaf.org/viaf/33846158/#Perl,_Erica_S."
"Perly, Susan",9475,"https://viaf.org/viaf/53493465/#Perly,_Susan"
"Perrault, Mélanie",9337,http://viaf.org/viaf/195192879
"Perraun, Ky",9254,http://viaf.org/viaf/104963106
"Perreault, Carrie",12342,
"Perrun, Sean",12301,
"Perry, Curtis",9358,
"Perry, Tyler B.",8411; 9009; 9119; 9935,http://viaf.org/viaf/17914766297166055125; http://viaf.org/viaf/179147662971660551252
"Perry-Cox, Alexei",8172,http://viaf.org/viaf/315590822
"Perry-Fagant, Natasha",11766,
"Persaud, Jasmine Noseworthy",10540,
"Petch, Charlie",10042; 10477; 11535; 12777; 12780; 13623; 13707; 13748; 13760; 13803; 13833; 13851; 9015; 9018; 9104; 9117,"http://viaf.org/viaf/25162178701807850431; https://viaf.org/viaf/25162178701807850431/#Petch,_Charlie"
"Peters, Amanda",10768,http://viaf.org/viaf/315532852
"Peters, Brian M",12886; 12902,http://viaf.org/viaf/365159474067727660138
"Peters, Glynis",9653,"https://viaf.org/viaf/41156856356949601741/#Peters,_Glynis"
"Peters, Torrey",8584,
"Petersen, Anne Helen",8529,http://viaf.org/viaf/307430040
"Peterson, Andrew K.",12111,http://viaf.org/viaf/172275528
"Peterson, Cleopatria",10536,
"Petitjean, Marc",12501,http://viaf.org/viaf/32136177
"Petrash, Adam",10957; 12409,http://viaf.org/viaf/27153470894745081524
"Petrovic, Branka",8295, http://viaf.org/viaf/26511101
"Pevlin, Geoff",8776,
"Pewapsconias, Janelle",13059,
"Peña Alfaro, Silvia",10031,http://viaf.org/viaf/309775127
"Pfeifer, Jayden",10235; 9044,
"Pflug, Ursula",10379; 10477,"http://viaf.org/viaf/14129029/#Pflug,_Ursula,_1958-; https://viaf.org/viaf/14129029/#Pflug,_Ursula,_1958-"
"Pflug-Back, Kelly Rose",8437,http://viaf.org/viaf/67158670007127202759
"Pheasant-Neganigwane, Karen",13428,
"Philip, NourbeSe",13929,http://viaf.org/viaf/79076620
"Philippe, Ben",10376,"http://viaf.org/viaf/118152561553215441604/#Philippe,_Ben."
"Philips, Elizabeth",13305; 13308,
"Phillipe, Ben",13429,
"Phillips, Xandria",8158,
"Picard, André",12707; 8779,http://viaf.org/viaf/68190161
"Picard, Isabelle",13172,http://viaf.org/viaf/278159397578919302504
"Picard, Yolande Okia",13131; 13151,http://viaf.org/viaf/106076967
"Picard-Sioui, Louis-Karl",13130; 13150; 13153; 13154,http://viaf.org/viaf/106602157
"Piccolo, Rina",10278,http://viaf.org/viaf/23146574945738151801
"Picoult, Jodi",11333; 9422,"http://viaf.org/viaf/37821799; https://viaf.org/viaf/37821799/#Picoult,_Jodi,_1966-..."
"Pierce, E. Alex",10613; 10625; 9922,http://viaf.org/viaf/171808740
"Pierre, Gertrude",10590,
"Pierre, Terese",9683,
"Pierre, Terese Mason",10296; 10477; 13655; 8161; 8284; 8435,
"Pieters, Susan",10283,
"Pietropaolo, Damiano",10069,http://viaf.org/viaf/16957430
"Pigeon, Marguerite",9489; 9878,"http://viaf.org/viaf/91065946; https://viaf.org/viaf/91065946/#Pigeon,_Marguerite"
"Piketty, Thomas",12565; 13939,http://viaf.org/viaf/17309833
"Pilon, Maude",8243,http://viaf.org/viaf/317022947
"Pilotte, Natasha",10349,
"Pinker, Steven",12949,http://viaf.org/viaf/108149508
"Pinkney, Ali",8226; 8227; 8228,
"Pinsker, Sarah",11696,http://viaf.org/viaf/83586708
"Piper, Martha",13331,http://viaf.org/viaf/13991439
"Pirani, Ayaz",10140,http://viaf.org/viaf/16150999557229870197
"Pirbhai, Mariam",13657,http://viaf.org/viaf/102850733
"Pirie, Pearl",10878; 12095; 12690; 8233; 8992; 9942,"http://viaf.org/viaf/128966659; https://viaf.org/viaf/128966659/#Pirie,_Pearl"
"Pirmohamed, Alycia",8776,http://viaf.org/viaf/31160725579710180984
"Pisciotto, Alyssa",10540,
"Pitot, Simone",11708; 8256,
"Pittaway, Kim",9669,"https://viaf.org/viaf/28163935884700830045/#Pittaway,_Kim"
"Pitter, Jay",10382,"http://viaf.org/viaf/164146094192600330961/#Pitter,_Jay"
"Pitts, Brandon",9908,http://viaf.org/viaf/187067367
"Pitts, Gordon",9739,"https://viaf.org/viaf/306430101/#Pitts,_Gordon."
"Piudik, Jaclyn",8207; 9586,http://viaf.org/viaf/106633101
"Pivato, Emma",10072,http://viaf.org/viaf/72997835
"Pivato, Juliana",9976,http://viaf.org/viaf/11156675009233582186
"Pixin, Weng",8612,http://viaf.org/viaf/25161096579929101531
"Plante, Hazel Jane",9558; 9858; 9860,"http://viaf.org/viaf/15156674995033582042; http://viaf.org/viaf/15156674995033582042/#Plante,_Hazel_Jane"
"Platz, Kayleigh",9651; 9652; 9653; 9656; 9662; 9667,
"Plett, Casey",10101; 10477; 11125; 12398; 13450; 9558,"http://viaf.org/viaf/99146461457527730671; https://viaf.org/viaf/99146461457527730671/#Plett,_Casey"
Poetik,10982,
"Pohl-Miranda, Julia",8487,http://viaf.org/viaf/503159474350327662865
"Pohl-Weary, Emily",10292; 10322; 9476,"http://viaf.org/viaf/56283888; https://viaf.org/viaf/56283888/#Pohl-Weary,_Emily"
"Poirier Brown, Michelle",10295; 9932; 9950,http://viaf.org/viaf/2046165573980437800008; http://viaf.org/viaf/49163753501234271278
"Poirier, Daniel",10874,
"Poitras, Colette",10859,
"Pokharel, Sharmila",10274; 11462; 11562,"http://viaf.org/viaf/311456948; https://viaf.org/viaf/311456948/#Pokharel,_Sharmila"
"Polak, Monique",10376; 10377; 9334,"http://viaf.org/viaf/12260972; http://viaf.org/viaf/12260972/#Polak,_Monique"
"Polis, Zach",11853; 13834,https://viaf.org/viaf/search?query=local.names%20all%20%22Zach%20Polis%22&sortKeys=holdingscount&recordSchema=BriefVIAF
"Polk, C.L.",13420; 8853,http://viaf.org/viaf/6152986675112672022
"Pollard, Anne",13667,
"Pollari, Niina",12102,http://viaf.org/viaf/305203068
"Pollon, Logan",9034,
"Polyck-O'Neill, Julia",12099; 8283,http://viaf.org/viaf/3537162669682255500002; http://viaf.org/viaf/43152682594823312099
"Polyck-O’Neill, Julia",12806; 8306,
"Pomerance, Shelley",12921; 13936; 13956; 13976,http://viaf.org/viaf/14160544555109981530
"Ponce de la Vega, Lidia",13963,
"Pool, Jennifer",10077,http://viaf.org/viaf/31156809516745121441
"Poole, Lee-Anne",10120,
"Pooles, Anton",11169,"https://viaf.org/viaf/32164717666302090910/#Pooles,_Anton"
"Pope, Frances",13585; 13586; 13587,http://viaf.org/viaf/4158548823316352898
"Porter, Anna",9019; 9646,http://viaf.org/viaf/35192440
"Porter, C.S.",10630,http://viaf.org/viaf/12162178769907850601
"Porter, Michelle",11943,"https://viaf.org/viaf/106574235/#Porter,_Michelle_(Poet)"
"Porter, Pamela",10831; 11601,http://viaf.org/viaf/25750235
"Portulese, Anthony",8460,
"Porzio, Abner",10284,
"Posner, Harry",9715,http://viaf.org/viaf/121000908
"Posner, Michael",12575; 9428; 9479,"http://viaf.org/viaf/26313307; https://viaf.org/viaf/26313307/#Posner,_Michael,_1947-"
"Post, Veronica",10225,http://viaf.org/viaf/14152380014001760844
"Potashnik, Jacob",8357,http://viaf.org/viaf/53955668
"Potter, Andrew",13356,http://viaf.org/viaf/111185915
"Potter, Ron",9772,
"Potter, Shawna",10098, http://viaf.org/viaf/16156988887861001405
"Pottle, Adam",11531; 13669,http://viaf.org/viaf/169075078
"Potts, Kerry",10466,
"Pourbaix, Joël",13930,http://viaf.org/viaf/64039567
"Poversky, Angelica",13776; 13780; 13843,
"Powe, B.W.",9711,http://viaf.org/viaf/84486737
"Powell, Kelly",10376; 10377,"http://viaf.org/viaf/463155104011576202050/#Powell,_Kelly,_1991-"
"Powell, Marie",10635,http://viaf.org/viaf/296356691
"Power, Elaine",13026,http://viaf.org/viaf/311457406
"Power, Elaine M.",10192,http://viaf.org/viaf/311457406
"Power, Melanie",10831,http://viaf.org/viaf/30164114541010050628
"Power, Rory",8506,http://viaf.org/viaf/27153833240064332849
"Powers, Richard",8468,http://viaf.org/viaf/113865419
"Powning, Beth",9801,"https://viaf.org/viaf/1724158/#Powning,_Beth,_1949-"
"Powning, Peter",9792; 9793; 9801,"https://viaf.org/viaf/105972738/#Powning,_Peter,_1949-"
"Poy, Justin",12557; 12566,
"Pozo, José del",10031,http://viaf.org/viaf/119138367
"Prefontaine, Andre",13769,
"Premji, Munira",8731,http://viaf.org/viaf/69158066607108431755
"Prendergast, Gabrielle",8630,http://viaf.org/viaf/187351982
"Preto, Nicki Pau",9651,"https://viaf.org/viaf/41152501067010680159/#Pau_Preto,_Nicki"
PrettyRiikkii,8425,
"Prevost, Adele-Elise",11698; 7886; 7963; 8168; 8187; 8252; 8255; 8256; 8288; 8295; 8297; 8607,http://viaf.org/viaf/316961606
"Pricelys Roy, Zoey",13578,
"Priest, Joy",8157; 9494,"http://viaf.org/viaf/17160789572002680278; http://viaf.org/viaf/17160789572002680278/#Priest,_Joy"
"Priest, Robert",13848; 9581; 9987,http://viaf.org/viaf/44339202
"Prince, Brenda",8710,
"Prine, Tom",12113,
"Prior, Michael",10896; 11676; 13543; 8266; 8619; 8697; 8953; 9830, http://viaf.org/viaf/311766809; http://viaf.org/viaf/311766809
"Priske, Rusty",11678,
"Pritchard, Joy",11665,"https://viaf.org/viaf/56403857/#Pritchard,_Joy"
"Prodaniuk, Aliza",12966,
"Promislow, Dawn",10477,"https://viaf.org/viaf/125451565/#Promislow,_Dawn"
"Pronovost, André",13964,http://viaf.org/viaf/68808208
"Prose, Nita",11288; 13369,"http://viaf.org/viaf/19160846512508032407; https://viaf.org/viaf/19160846512508032407/#Prose,_Nita."
"Proulx, Melanie",11444,http://viaf.org/viaf/18160789683902681179
"Proulx, Shea",9114,http://viaf.org/viaf/20153713867658662486
"Proverbs, Wendy",11406,"https://viaf.org/viaf/19163023836389362539/#Proverbs,_Wendy"
"Pruden, Jana G.",10168,http://viaf.org/viaf/106733478
"Prévost, Adèle-Élise",11708,http://viaf.org/viaf/316961606
"Pszczolko, Elizabeth",8875,
"Pugsley, Alex",10477; 13663; 8938; 9688,"http://viaf.org/viaf/265635828; https://viaf.org/viaf/265635828/#Pugsley,_Alex,_1963-"
"Pulgar, E. R.",8227,
"Pullinger, Kate",8734,http://viaf.org/viaf/114520894
"Purcell, Anna",12423,http://viaf.org/viaf/67753066
"Purcell, Jason",11163; 13337,"http://viaf.org/viaf/5147370763441442918; https://viaf.org/viaf/5147370763441442918/#Purcell,_Jason,_1990-"
"Purcell, Kaitlyn",9818,http://viaf.org/viaf/39156809412445120431
"Purcell, Veronica",10626,
"Purdham, Medrie",10897; 11677; 13546; 8923,http://viaf.org/viaf/311457027
"Pureswaran, Deepa",12787,http://viaf.org/viaf/913159474066227660677
"Purue, Odile",13150,http://viaf.org/viaf/138158367758201282030
"Puth, Charlie",9645,http://viaf.org/viaf/315944428
"Pyle, Kai Minosh",12269,
"Pyle, Nathan. W",9623,"https://viaf.org/viaf/308241024/#Pyle,_Nathan_W.,_1982-...."
"Pyper, Andrew",10198,http://viaf.org/viaf/57782677
"Péan, Stanley",8524; 9894,http://viaf.org/viaf/12423959
"Pérez, Celia C.",10377,"http://viaf.org/viaf/29150030707810961960/#P%C3%A9rez,_Celia_C._(1972-_)."
"Pésémapéo Bordeleau, Virginia",13128; 13149; 13153; 13154; 13169,http://viaf.org/viaf/52020206
"Păpucaru, Rebecca",11506; 13666,http://viaf.org/viaf/5086150033042711180007
"P’ng, Jonathan",8837,
"Q, Laura",8462,
"Quammie, Bee",9436; 9451,
"Quarmby, Lynne",8701,http://viaf.org/viaf/104796313
"Quarmby, Lynne Marie",10461,http://viaf.org/viaf/104796313
"Quartermain, Meredith",13674; 13675; 13676; 13677; 13678; 13679; 13680; 13681; 9129; 9154,http://viaf.org/viaf/61155103
"Quednau, Marion",10595; 8377,http://viaf.org/viaf/277601300
"Quesada-Gómez, Catalina",13963,http://viaf.org/viaf/120183451
"Queyras, Sina",12825; 7918; 9483; 9499; 9501; 9565; 9566; 9569,http://viaf.org/viaf/11962167; http://viaf.org/viaf/38781007
"Quin, Sara",9293; 9424,http://viaf.org/viaf/172194307
"Quin, Tegan",9293; 9424,http://viaf.org/viaf/102781382
"Quinn, Judy",13955,http://viaf.org/viaf/102835081
"Quinn, Kate",9851,http://viaf.org/viaf/90422564
"Quinn, Shannon",9691; 9905; 9999,http://viaf.org/viaf/317096442
"Quintana, Christine",8958,http://viaf.org/viaf/16160242945952432315
"Quintana, Pilar",12679,http://viaf.org/viaf/150511596
Quique,11770,
"Quirion, Josh",9677,http://viaf.org/viaf/3159154288611992371
"Quitzau, Lester",10407,http://viaf.org/viaf/37117151
"Quiviger, Pascale",9699,http://viaf.org/viaf/119514260
"Quoin, Sally",8628,
"Quon, Anna",10751; 11814,http://viaf.org/viaf/106607919
"Quon, Sally",13466,http://viaf.org/viaf/337167803341917771469
"Rabagliati, Michel",10374,http://viaf.org/viaf/51208897
"Rabinovitch, Celia",12296,http://viaf.org/viaf/26420773
"Rabinovitch, Lara",8589,http://viaf.org/viaf/241915151
"Rabinovitch, Victor",12685,
"Raby, Eva Roskies",12942,
"Raby-Dunne, Susan",11892,http://viaf.org/viaf/105091855
"Radford, Deanna",11708; 8292; 9483,
"Radford, Eric",12307,http://viaf.org/viaf/37153895169402410007
"Radheshwar, Jovian",13627; 13629; 13631; 13633; 13635; 13637; 13640; 13642; 13644; 13645; 13647,http://viaf.org/viaf/186144647697670462779
"Radmore, Claudia Coutu",9686,http://viaf.org/viaf/83597708
"Radoeva, Dimana",8225,
"Rae, Lara",13233; 13234,http://viaf.org/viaf/3964158369765901460009
"Raffan, James",8805; 9412; 9479,"http://viaf.org/viaf/43458900; https://viaf.org/viaf/43458900/#Raffan,_James."
"Rafique, Fauzia",13625; 13629; 13639,http://viaf.org/viaf/167928297
Rahat Kurd,9878,http://viaf.org/viaf/24258049
"Rahman, Zara",13890; 9052,
Raizel (?),12899,
"Rajagopalan, Deepa",9379,
"Rajchgot, Harry",11698; 7886,http://viaf.org/viaf/2845145857091822921620
"Rajurkar, Anuradha D.",10377,"http://viaf.org/viaf/5159154267011992216/#Rajurkar,_Anuradha_D."
"Ralph, Anna",10295,http://viaf.org/viaf/70917139
"Ram, Harsha",10142,http://viaf.org/viaf/44463118
"Ramadan, Ahmad Danny",10971; 8452; 8616; 8649; 8901; 8905; 8907,http://viaf.org/viaf/4146151944105210810
"Ramadan, Danny",12958; 12977; 13698; 13966; 8448; 8598; 9099,http://viaf.org/viaf/4146151944105210810
"Ramadan, Omar",10484,
"Raman-Wilms, Menaka",10077,
"Ramcharitar, Jerome",11698; 11767; 13587; 13595,
"Ramdin-Firth, Bernice",11886,
"Ramirez, Ainissa",8749,http://viaf.org/viaf/296489642
"Ramji, Shazia Hafiz",12060; 13643; 8260; 8306; 9103; 9154; 9564,http://viaf.org/viaf/5153470811745080914
"Ramoutar, Natasha",10053; 10465; 8164; 8851; 9017,"http://viaf.org/viaf/24159154188411991840; http://viaf.org/viaf/24159154188411991840/#Ramoutar,_Natasha,_1994-"
"Ramprashad, Shereen",11052,
"Ramsay, Bob",8897,http://viaf.org/viaf/34161209018639860003
"Ramsay, Scott",13550,
"Ramsey, Sherry D.",10749,http://viaf.org/viaf/102876400
"Ranada, Leah",9246; 9873,http://viaf.org/viaf/29160725713810181829
Randeep,13644,
"Randjbar, Ari",9565,
Randy Lacey,11489,
"Ranghiasci, Alessandro",10189,http://viaf.org/viaf/289150748988516420004
"Rankin, Ian",8727; 8972; 9290,http://viaf.org/viaf/76462000
"Ranville, Errol",12471,http://viaf.org/viaf/104232281
Rat Salad,13763,http://viaf.org/viaf/125892858
"Rathinappillai, Namitha",11678; 13719; 13720; 13721; 13722; 13723; 13724; 13725; 13726; 13727; 13728; 13729; 13730; 13731; 13732; 8238; 9479,https://versefest.ca/year/2020/poet/?id=466
"Ratt, Solomon",13118,http://viaf.org/viaf/58583472
"Ratushniak, Bryan",10416; 8987,http://viaf.org/viaf/36885670
"Raud, Pascal",13132; 13161; 13172,http://viaf.org/viaf/3146331825718691305
"Raughley, Sarah",10164; 10175; 10296; 10393; 11958,"http://viaf.org/viaf/313289911; http://viaf.org/viaf/313289911/#Raughley,_Sarah"
"Ravatn, Agnes",9014,http://viaf.org/viaf/86319666
"Ravvin, Norman",12894,http://viaf.org/viaf/73983790
"Raw, Jen",9485,
"Rawlings, Angela",13661,http://viaf.org/viaf/7136294
"Ray Hill, Laurie",12094,http://viaf.org/viaf/26159999666130112000
"Ray, Melanie",10590,http://viaf.org/viaf/105192365
"Raybould, Jody-Wilson",13333,http://viaf.org/viaf/144207618
"Raymond, Nadine",13989,http://viaf.org/viaf/68115947434202766270
"Raynault-Desgagné, Patricia",13919,http://viaf.org/viaf/67152329135502670423
"Raynor, Cecily",13963,http://viaf.org/viaf/26159939437825251641
"Raza Kolb, Anjuli Fatima",9496,http://viaf.org/viaf/12159234411303371801
"Raziya Fong, Nicole",12106,http://viaf.org/viaf/8154074373611740242
"Razlogova, Elena",12798,http://viaf.org/viaf/171919530
"Raîche, Jean-Philippe",10102; 10229; 10386; 11674; 8266; 8269; 9963,http://viaf.org/viaf/51907463
"Rea, Anotonette",13742,
"Reader, Deanna",8850,
"Reaney, James",11571; 8326,http://viaf.org/viaf/64811262
"Rebele-Henry, Brynne",10376,"http://viaf.org/viaf/98148631429930411969/#Rebele-Henry,_Brynne,_1999-"
"Rebick, Judy",10070; 9927,http://viaf.org/viaf/16238992
"Rebrec, Angela",10152; 13544; 9824,
"Receno, Tasha",12745; 12747; 13725; 13816,
"Redbird, Duke",10466,"https://viaf.org/viaf/7720831/#Redbird,_Duke,_1939-"
"Reddy, Pratap",10042; 9015,http://viaf.org/viaf/150144647683607715567
"Redekop, Magdalene",13230,http://viaf.org/viaf/9914516
"Redmile, Meghan",10841,
"Redsun, Victoria",11058,
"Redvers, T'áncháy",12103,http://viaf.org/viaf/43156131059958312612
"Redvers, Tunchai",11858; 11865,"https://viaf.org/viaf/43156131059958312612/#Redvers,_T'a%CC%81ncha%CC%81y"
"Redwine, C.J.",9651,"https://viaf.org/viaf/247007037/#Redwine,_C.J."
"Reece, Luke",13723; 8931,
"Reed, Fred",13964,http://viaf.org/viaf/98143356
"Reed, Marina L.",9279,
"Rees, Alasdair",8227,http://viaf.org/viaf/13161760500621642908
"Reeves, Kevin",9330,http://viaf.org/viaf/48671192
"Regehr, Daniel",11456,
"Regehr, Kyeren",11605; 11614; 8375; 8615,http://viaf.org/viaf/15157038030366862026
"Regem, Cithara",9894,
"Reibetanz, John",10021,http://viaf.org/viaf/53313742
"Reich, Kass",11394; 11397; 9340,http://viaf.org/viaf/3023160486179005180002
"Reichheld, David",13462,
"Reichl, Ruth",12891,http://viaf.org/viaf/37796447
"Reichs, Kathy",12721,http://viaf.org/viaf/85377433
"Reid, Aimee",12029; 14136,http://viaf.org/viaf/300202485
"Reid, Eliza",12465; 13387,http://viaf.org/viaf/174773596
"Reid, Fiona",8991,http://viaf.org/viaf/68747105
"Reid, Kiley",12665,http://viaf.org/viaf/9155343965406312932
"Reid, Monty",12098,http://viaf.org/viaf/94286111
"Reid-Benta, Zalika",10204; 11578; 11776; 11778; 12667; 8622; 9098; 9399; 9513,http://viaf.org/viaf/50153713729758660926
"Reign, Tai",10982; 12720; 12782,
"Reimer, Dash",13711,
"Reimer, Nikki",10051; 9005; 9111,http://viaf.org/viaf/103450528
"Reinhart, Michael",8288,
"Reisman, Heather",9539; 9666,"https://viaf.org/viaf/7818162301497120270008/#Reisman,_Heather,_1948-"
"Reitmaier, Heidi",8949,http://viaf.org/viaf/17508229
"Remlinger, Paula Jane",10829,http://viaf.org/viaf/106343840
"Rempel, Al",13454; 13502; 13535,http://viaf.org/viaf/106747630
"Renaud, Anne",9334,http://viaf.org/viaf/2433154688474148380000
"Renouf, Susan",11288,"https://viaf.org/viaf/39154865963859942464/#Renouf,_Susan"
"Rentschler, Carrie",13970,http://viaf.org/viaf/154031022
"Renz, Enrico",13625,
"Renzetti, Elizabeth",12673; 13387,http://viaf.org/viaf/305442290
"Requier, Pierrette",11561,"https://viaf.org/viaf/91122015/#Requier,_Pierrette"
"Resnikoff, Ariel",10143; 10146,http://viaf.org/viaf/7147158631012423370008
"Ressina, Maria",12892; 12893; 12901,
"Rettino, Matthew",13587; 7963; 7964; 8288,http://viaf.org/viaf/272711442
"Reva, Maria",8806; 9330,http://viaf.org/viaf/317096124
"Revulva, Rasiqra",10157; 13661; 9376; 9466; 9549,"http://viaf.org/viaf/13154257870124151723; https://viaf.org/viaf/13154257870124151723/#Revulva,_Rasiqra,_1985-"
"Reynolds, John Lawrence",10175; 9256,http://viaf.org/viaf/33633177
"Reé, Amoya",13577; 13583,
"Rhenisch, Harold",8377,http://viaf.org/viaf/45671250
"Rhodes, Shane",12091,http://viaf.org/viaf/80658930
"Ribeiro, Anabela Mota",8940,http://viaf.org/viaf/38071310
"Ricci, Stephanie",12827,
"Rice, Bruce",12963; 8381; 8962; 8995,http://viaf.org/viaf/16386769
"Rice, Waubgeshig",10930; 11218; 11255; 11278; 11877; 11966; 13909; 13980; 8432; 8511; 8981; 9827; 9865; 9973," http://viaf.org/viaf/106571158; http://viaf.org/viaf/106571158; https://viaf.org/viaf/106571158/#Rice,_Waubgeshig,_1979-"
"Rich, Raquel",13660,
"Richard, Bernice",10660,
"Richard, Zachary",10374,http://viaf.org/viaf/71579149
"Richards, David Adams",12659; 12674,http://viaf.org/viaf/68941629
"Richards, Simon",13669,
"Richardson, Bill",10550; 11385; 13257; 9433; 9456; 9600,"http://viaf.org/viaf/105794576; http://viaf.org/viaf/28485652; http://viaf.org/viaf/79536695; https://viaf.org/viaf/79536695/#Richardson,_Bill,_1955-"
"Richardson, Jael",10296; 10324; 11968; 11987; 12260; 9098; 9481; 9556; 9630; 9965,"http://viaf.org/viaf/253128222; https://viaf.org/viaf/253128222/#Richardson,_Jael_Ealey,_1980-"
"Richardson, Jael Ealey",10382; 11311,"http://viaf.org/viaf/253128222; http://viaf.org/viaf/253128222/#Richardson,_Jael_Ealey,_1980-"
"Richardson, Peter",13604,
"Richardson, Robin",10250,http://viaf.org/viaf/181010489
"Richardson, Tannis M.",12259,http://viaf.org/viaf/8159518341032772490
"Richter, Lisa",10024; 11792; 11987; 13651; 13667; 8411; 9009; 9119; 9714; 9723; 9935; 9936,"http://viaf.org/viaf/314875215904120188; http://viaf.org/viaf/3148752159041201880; https://viaf.org/viaf/3148752159041201880/#Richter,_Lisa,_1977-"
"Ricketti, Michael",10152,
"Ricketts, Vanessa",9902; 9949,
"Riddle, Emily",10196; 10236; 10273; 10974; 13334; 9479,"http://viaf.org/viaf/30165705730448930945; https://viaf.org/viaf/30165705730448930945/#Riddle,_Emily"
"Rider, David",10477,
"Ridge, Yolanda",8651,http://viaf.org/viaf/163372477
"Ridgely, Darren",10957,
"Ridgley, Darren",12409,http://viaf.org/viaf/32153470889845082113
"Riise, Mona B.",8989,http://viaf.org/viaf/44151715673113780930
"Rina, Kamila",13912; 8432; 8852,
"Rinck, Monika",8242,http://viaf.org/viaf/899144783105349744361
"Ring, Dave",8253,
"Ringuet, Chantal",12948; 13920; 13930,http://viaf.org/viaf/39664464
"Riofrancos, Thea N.",10098,http://viaf.org/viaf/12148570652324312572
"Rioux, Anne-Marie",13282,http://viaf.org/viaf/10152930818909670466
"Ripp, Pernille",11423,http://viaf.org/viaf/50151352077752602660
"Risk, Matt",7964; 8187,
"Ritchie, Jay",10153; 8227,http://viaf.org/viaf/308751099
"River, Jordan",13313,
"Rivera, Eléna",12105,http://viaf.org/viaf/26645730
"Rivera, Joe",12518,
"Rivera, Patria",12518,http://viaf.org/viaf/7123740
"Rixon, Lindy",11556,
"Roach Smith, Marion",8892,http://viaf.org/viaf/1653161211527740070006
"Roach, Leslie",10692; 10693; 13653,http://viaf.org/viaf/18159939318125250026
"Robb, Peter",9250,
"Roberge, Andrew",12489,
"Robert Ferguson, Joel",12213; 8226; 8252, http://viaf.org/viaf/154158185632120060929; http://viaf.org/viaf/154158185632120060929
"Robert, Christian",13977,
"Roberta, Jean",10655,http://viaf.org/viaf/51533811
"Roberts Reily, Frances",13657,
"Roberts, Diane",8348,http://viaf.org/viaf/4791159477760127990002
"Roberts, Greer",9909,
"Roberts, Jim",9736,http://viaf.org/viaf/43068826
"Roberts, Keiler",11545; 8278; 8600, http://viaf.org/viaf/53145541820696600685; http://viaf.org/viaf/53145541820696600685
"Roberts, Stephanie",8237; 8566, http://viaf.org/viaf/26158306858106400293; http://viaf.org/viaf/26158306858106400293
"Roberts-Reilly, Frances",10019,http://viaf.org/viaf/62161329976852132513
"Robertsen, David A.",9045,http://viaf.org/viaf/106414171
"Robertson, Blake",8339,
"Robertson, David",11223; 11226; 11391; 11428; 12397,"http://viaf.org/viaf/106414171; http://viaf.org/viaf/316545211; https://viaf.org/viaf/106414171/#Robertson,_David,_1977-...."
"Robertson, David A.",11257; 11423; 12260; 12327; 13152; 13228; 13423; 13439; 8542; 8622; 8930; 8937; 8948; 9346; 9348; 9407; 9479; 9564; 9630,"http://viaf.org/viaf/106414171; http://viaf.org/viaf/316545211; http://viaf.org/viaf/749154260896024480006; https://viaf.org/viaf/106414171/#Robertson,_David,_1977-...."
"Robertson, David Alexander",11858; 11865; 12269; 9398,"http://viaf.org/viaf/106414171; https://viaf.org/viaf/106414171/#Robertson,_David,_1977-...."
"Robertson, Helen",13619; 7913; 8262,
"Robertson, Leo X",10285,
"Robertson, Lisa",7918; 8308; 9573,http://viaf.org/viaf/52001659
"Robertson, Patricia",11013; 12306; 9794; 9795,"http://viaf.org/viaf/19567385; https://viaf.org/viaf/19567385/#Robertson,_Patricia,_1948-"
"Robertson, Ray",10024; 13662; 9373,http://viaf.org/viaf/11076676
"Robichaud, Geneviève",8307, http://viaf.org/viaf/32158367694501281418
"Robinson, Ben",12117; 13663; 13672; 13673,http://viaf.org/viaf/2815806638960843025; http://viaf.org/viaf/28158066389608430252
"Robinson, Bill",13299,
"Robinson, Eden",10477; 11329; 12435; 12716; 12813; 8562; 9362; 9418; 9641; 9847,"http://viaf.org/viaf/58344058; https://viaf.org/viaf/58344058/#Robinson,_Eden; https://viaf.org/viaf/58344058/#Robinson,_Eden."
"Robinson, Ira",12933,http://viaf.org/viaf/98154311
"Robinson, Jessica Anne",10295,http://viaf.org/viaf/42163753282534270265
"Robinson, Marilynne",8929; 9296,http://viaf.org/viaf/16729
"Robinson, Matt",11528; 12688; 13672,http://viaf.org/viaf/38718326
"Robinson, Michelle",9084,
"Robinson, Shima",9932,
"Robinson, Shima A",13325; 13326; 13337,
"Robinsong, Erin",9573,http://viaf.org/viaf/821150323881109972495
"Robson, Jennifer",9652,"https://viaf.org/viaf/302963112/#Robson,_Jennifer,_1970-"
"Robson, Kelly",11987,http://viaf.org/viaf/295147266566335480425
"Robuck, Erika",12320,http://viaf.org/viaf/222809689
"Rochette, Joanne",13992; 13993,http://viaf.org/viaf/175575414
"Rock, Kathia",13153,http://viaf.org/viaf/31160725836210182415
"Rocker, Pam",11545,
"Rodrigo, Nedra",10695,http://viaf.org/viaf/9162720979761090239
"Rodrigues, Tazi",11027,
"Rodríguez, Reina María",12740,http://viaf.org/viaf/63804733
"Roelens, Abigail",8220,
"Rogal, Stan",9705; 9976,http://viaf.org/viaf/67938613
"Rogato, Abe",13577,
"Rogers, Damian",8761,http://viaf.org/viaf/102875976
"Rogers, Jamaal Jackson",11488,
"Rogers, Janet",10123; 13162; 13167; 13170; 13664,http://viaf.org/viaf/1780149198248974940000; http://viaf.org/viaf/78247789
"Rogers, Janet Marie",9983,http://viaf.org/viaf/78247789
"Rogers, Kate",10011; 10019; 10603; 13651; 9705; 9773; 9881; 9901; 9911; 9952; 9993,http://viaf.org/viaf/102771709; http://viaf.org/viaf/83487197
"Rogers, Linda",12580,http://viaf.org/viaf/64243306
"Rogers, Shelagh",10119; 12400; 12415; 12433; 9346; 9850,http://viaf.org/viaf/31294368
"Rohda, Lori",11223,"https://viaf.org/viaf/60165264952210192400/#Rohda,_Lori"
"Roher, Rebecca",9979,http://viaf.org/viaf/1075145856891422920152
"Rohrer, Matthew",12093,http://viaf.org/viaf/31238135
Roisin,13887,
"Roitman, Gina",10081,http://viaf.org/viaf/101624636
"Rojas Benavente, Lady",8288,http://viaf.org/viaf/104736705
"Rojinski, Arnold",12893,
"Ronald, Philip",12295,
"Rooke, Kennedy",8505,
"Rooney, Sally",12905,http://viaf.org/viaf/49149912708206212971
Rose,13890,
"Rose Pflug-Back, Kelly",8575,http://viaf.org/viaf/67158670007127202759
"Rose, Nancy",11499,http://viaf.org/viaf/305446501
"Rose, Rachel",10595; 11793,"https://viaf.org/viaf/34098873/#Rose,_Rachel,_1970-"
"Rosen, Delores",12904,
"Rosen, Joseph",13958,
"Rosen, Josh",10477,"https://viaf.org/viaf/21160362830063502908/#Rosen,_Josh_(Illustrator)"
"Rosenbaum, Bev Katz",10477,"https://viaf.org/viaf/46164518/#Rosenbaum,_Bev_Katz"
"Rosenberg, Lisa",8701,http://viaf.org/viaf/105834100
"Rosenman, John B.",8867,http://viaf.org/viaf/45624802
"Rosenthal, Jason",12498,http://viaf.org/viaf/28153530954648702526
"Rosenthal, Jason B.",9542,"https://viaf.org/viaf/28153530954648702526/#Rosenthal,_Jason"
"Rosnau, Laisha",13460,http://viaf.org/viaf/2135382
"Rosner, Anna",12281,http://viaf.org/viaf/1476159474120027661012
"Ross, Alan",11900,http://viaf.org/viaf/7164163709858529700008
"Ross, Aleksandra",9651,"https://viaf.org/viaf/46158427980806061984/#Ross,_Aleksandra"
"Ross, David",12061,
"Ross, Stephen Joseph",10142; 10143; 10145; 10147; 10148,http://viaf.org/viaf/305945935
"Ross, Stuart",12261; 13546; 13661; 8285; 9054; 9059; 9330,http://viaf.org/viaf/30230234
"Ross, Tara K.",14127; 14129,
"Ross-Opazzo, Flo",13587,
"Rothman, Claire",8357,http://viaf.org/viaf/55730032
"Rothman, Claire Holden",12905,http://viaf.org/viaf/55730032
"Rowe, Mohammed",8984,
"Rowland, Lukas",8345,
"Rowley, Mari-Lou",12104,http://viaf.org/viaf/51395082
"Rowntree, Lenore",10402; 10403; 13497,http://viaf.org/viaf/105037944
"Roy, André",13940,http://viaf.org/viaf/111197256
"Roy, Frédérique",8172,http://viaf.org/viaf/1156009982049582563
"Roy, Jonathan",10374; 10386,http://viaf.org/viaf/5541160486085405180006
"Roy, Paromita",10477,
"Roy, Wendy",10552,http://viaf.org/viaf/49528545
"Roy, Zoey",12981; 12982; 12983; 12984; 12985; 12986; 12987; 12988; 12990; 8931,http://viaf.org/viaf/66154196724620110968
"Royden, Loewen",12430,http://viaf.org/viaf/8160725720010182032
"Rozeboom, Cyn",8834,
"Rozek, Jane Catherine",11901,
"Rozworski, Michal",10098,http://viaf.org/viaf/317023823
"Rubenstein, Lorne",12273,http://viaf.org/viaf/73026639
"Rubery, Matthew",12530,http://viaf.org/viaf/6872054
"Rubin, Jeff",12559; 13414,http://viaf.org/viaf/91180218
"Rubin, Talya",11530,http://viaf.org/viaf/313282751
"Rubin, Tamar",11027; 11042; 12466,"http://viaf.org/viaf/259158185762820062052; https://viaf.org/viaf/259158185762820062052/#Rubin,_Tamar,_1986-"
"Ruder, Susanne",9140,http://viaf.org/viaf/104939852
"Ruiz Aguirre, Ana",9479,
"Rule, Bernadette",13672,http://viaf.org/viaf/26216678
"Ruparelia, Sanjay",12704; 12729; 13017; 13029; 13349; 13361; 13378; 13388,http://viaf.org/viaf/145662080
"Ruprai, Sharanpal Kaur",11038,"https://viaf.org/viaf/306378993/#Ruprai,_Sharanpal_Kaur,_1977-"
"Rushowy, Kristin",10477,
"Russel, Kate Elizabeth",9539,"https://viaf.org/viaf/142322681/#Russell,_Kate_Elizabeth"
"Russell, Ella",10477,"https://viaf.org/viaf/31162544275643310675/#Russell,_Ella"
"Russell, Michael",10294,
"Russo, Emmalea",12116,http://viaf.org/viaf/67155563949913000528
"Russo, Richard",8978,http://viaf.org/viaf/49329265
"Rustad, Harley",13368,http://viaf.org/viaf/38151897089124070256
"Rustin, Rebecca",12091,http://viaf.org/viaf/106674642
"Rutherfurd, Edward",12763,http://viaf.org/viaf/34666
"Ruthnum, Naben",10477; 11163; 13012; 13363; 8786; 9007,"http://viaf.org/viaf/8378151778238618130008; https://viaf.org/viaf/8378151778238618130008/#Ruthnum,_Naben"
"Rutkowski, Chris",13260,http://viaf.org/viaf/18698741
"Ruus, Syr",10611,http://viaf.org/viaf/102854956
"Ryan, Kydra",11571,
"Ryan, Tom",10106; 10769; 13397; 8463,http://viaf.org/viaf/250648371; http://viaf.org/viaf/7557158491044111920006
"Rykon, Mary",9683,
"Rykov, Mary",10283; 8729; 8854,http://viaf.org/viaf/105152351
"Régimbald, Diane",13609; 13982; 8272,http://viaf.org/viaf/14040496
"Réhel, Jean-Christophe",10374,http://viaf.org/viaf/150056467
"Róisín, Fariha",8517,http://viaf.org/viaf/30157038026866861949
"S. Roy, Zoë",8837,http://viaf.org/viaf/102898197
"Sa, Ca",8226,
"Saab, Jade",12347,http://viaf.org/viaf/8158488453011730261
Saabology,13732,
"Saad, Gad",12920,http://viaf.org/viaf/78210715
"Saadi, Yusuf",11296; 11503; 12664; 8353; 8357; 8699,"http://viaf.org/viaf/16157098539272552921; https://viaf.org/viaf/16157098539272552921/#Saadi,_Yusuf"
"Saaed, Jamal",9602,http://viaf.org/viaf/24158306853806400282
"Saatchi, Anaheed",8632,
"Saba, Maria",10409; 10410,
"Sabawi, Samah",8358,http://viaf.org/viaf/24147423225144882974
"Sable, Shane",13769,
"Sacco, Joe",11929; 12512; 8540,"http://viaf.org/viaf/22277197; https://viaf.org/viaf/22277197/#Sacco,_Joe,_1960-...."
"Saccone, Sica Saccone",8453,
"Saconne, Sica",8457,
"Sacuta, Norm",11565,"https://viaf.org/viaf/28891192/#Sacuta,_Norman,_1962-"
"Sadat, Shahrbanoo",8807,http://viaf.org/viaf/311640355
"Sadighi, Bahman",13930,http://viaf.org/viaf/14501654
"Sadowski, Debra",9577,
"Sadu, Itah",8678,http://viaf.org/viaf/19272615
"Saha, Manosi",8738,
"Sahni, Archna",10253; 10275; 11555; 11564; 11663,"http://viaf.org/viaf/56031410; https://viaf.org/viaf/56031410/#Sahni,_Archna"
"Saikaley, Adam",9330,
"Saikaley, Sonia",11486; 11489,http://viaf.org/viaf/226105033
"Saimoto, Laura",10587,
Saint,10484,
"Saint-Cerny, Anne-Marie",11000,"https://viaf.org/viaf/16570804/#Saint-Cerny,_Anne-Marie,_1954-...."
"Saint-Martin, Lori",13923; 13982,http://viaf.org/viaf/9966293
"Saint-Éloi, Rodney",11488; 11490; 12316; 12317; 13984,http://viaf.org/viaf/56783467
"Sairafi, Negin",13381,
"Sais, Darrell",12449,
"Sakamoto, Kerri",8626,http://viaf.org/viaf/59344697
"Saklikar, Renée Sarojini",11385,"https://viaf.org/viaf/304974173/#Saklikar,_Rene%CC%81e_Sarojini,"
"Saklikar, Renée",8701,http://viaf.org/viaf/304974173
"Saklikar, Renée Sarojini",10283; 10287; 11608; 9868,http://viaf.org/viaf/304974173
"Salah, Trish",11124; 9941,"http://viaf.org/viaf/56303860; https://viaf.org/viaf/56303860/#Salah,_Trish"
"Salazar Leon, Rebecca",11122,
"Salazar, Grace",11989,http://viaf.org/viaf/1978166110501286100003
"Salazar, Rebeca",8465; 9417,http://viaf.org/viaf/26001276
"Salazar, Rebecca",10273; 12688,http://viaf.org/viaf/316787356
"Salij, Daniel",13869; 13870; 13872; 13873; 13874; 13875; 13876; 13877; 13878; 13879; 13880; 13881; 13882; 13883; 13884; 13885; 13886; 13887; 13888; 13889; 13890; 13891; 13892; 13893,
"Salloum, Habeeb",12980,http://viaf.org/viaf/75543301
"Salman, Maitham",9479,
"Salmon, Holly Flauto",10585,
"Saltzman, Devyani",8912,http://viaf.org/viaf/36660258
"Salverson, Julie",8960,http://viaf.org/viaf/104270945
"Samad, Reem Fayyad Abdel",8267,
Samara Garfinkle,16085,https://www.samaragarfinkle.com
"Samarakoon-Amunugama, Ruwanmali",9260,http://viaf.org/viaf/8158979036155792656
"Samarasekera, Indira",13331,http://viaf.org/viaf/94751839
"Sambury, Liselle",10377,"http://viaf.org/viaf/33159335174412960415/#Sambury,_Liselle"
"Samples, E",8222,
"Sampson, Ian",10025,
"Sampson, Mark",13668; 9301; 9475,"http://viaf.org/viaf/305933931; https://viaf.org/viaf/305933931/#Sampson,_Mark,_1975-"
"Samson, John K.",8332,http://viaf.org/viaf/181011812
"Samson, Pierre",10263; 9105,"http://viaf.org/viaf/45532679; http://viaf.org/viaf/45532679/#Samson,_Pierre,_1958-...."
"Samuel, Sabrina",11855,"https://viaf.org/viaf/300036689/#Samuel,_Sabrina"
"Sanchez, Frédéric",13939,http://viaf.org/viaf/74159343
"Sandals, Leah",10834,
"Sanders, Beth",9073,http://viaf.org/viaf/1066159474067727660405
"Sanders, Dan",9057,http://viaf.org/viaf/26851800
"Sanders, Justin",8167,
"Sanders, Leslie",12566,
"Sandiford, Robert",8345,http://viaf.org/viaf/48569480
"Sandilands, Catriona",12787, http://viaf.org/viaf/58401400
"Sands, Jenna Rose",8333,
"Sanford, Emily",11987; 8834; 8837; 8850; 8851,http://viaf.org/viaf/106428717
"Sanger, Daniel",12047,http://viaf.org/viaf/6589682
"Santo, Fransisco",9879,
"Santos, Greg",10474; 11703; 11783; 8179; 8187; 8256; 8263; 8269,"http://viaf.org/viaf/107376965; https://viaf.org/viaf/107376965/#Santos,_Greg,_1981-"
"Santur, Hassan Ghedi",9287,http://viaf.org/viaf/102853141
Sara Rousseau,8172,
Sarah Albu,8172,
Sarah Feldman,12879,http://viaf.org/viaf/23151897095424070105
"Sarah, Robyn",12879; 8357,http://viaf.org/viaf/6429156497233217740001; http://viaf.org/viaf/94946178
"Saravia, Alejandro",7886; 8295,http://viaf.org/viaf/106147188
"Sardar, Haya",10603,
"Sargent, Lynne",11445; 11446; 11452; 11454,
"Sarif, Morgan Shamim",10376,
"Sarkadi, Laurie",11866,"https://viaf.org/viaf/16152930963609672937/#Sarkadi,_Laurie,_1962-"
"Sarna, Lazar",12879,http://viaf.org/viaf/5021201
"Sarojini Saklikar, Renée",13475,
"Sasagawa, Emi",10234,
"Sass, Adam",8461,http://viaf.org/viaf/8158306846606400464
"Sasson, Vanessa",12940,http://viaf.org/viaf/24401005
Satanix,8652,
Satinix,8716,
Satinka,11678,
"Saucier, Jocelyne",9599,http://viaf.org/viaf/29650549
"Saulay, Jason",11779,
"Saunder, Bernie",9659,"https://viaf.org/viaf/31162720964061090609/#Saunders,_Bernie"
"Saunders, Bernie",10154,http://viaf.org/viaf/31162720964061090609
"Saunders, Susan L.",10846,http://viaf.org/viaf/1152682486723311726
"Savage, Dan",13390,http://viaf.org/viaf/251043971
"Savage-Hughes, Carlan",9068,
"Savoie, Marilou",10352,http://viaf.org/viaf/10145304365578571014
"Savoie-Bernard, Chloé",10018; 11490; 8843,"http://viaf.org/viaf/102802882; http://viaf.org/viaf/102802882/#Savoie-Bernard,_Chlo%C3%A9"
"Sawatzky, Ellie",11192; 11623; 13556; 9876,"http://viaf.org/viaf/13151897185824072345; https://viaf.org/viaf/13151897185824072345/#Sawatzky,_Ellie,_1990-"
"Sawyer, Robert J",13406,http://viaf.org/viaf/116834060
"Sayed, Asma",9479,"https://viaf.org/viaf/305275122/#Sayed,_Asma."
"Sayers, Jentery",12492,http://viaf.org/viaf/42150083796914941563
"Scanlan, Lawrence",9528,http://viaf.org/viaf/20535297
"Scarfone, Joey",11623,
Scarlett,13577,
"Scarrow, Kristine",13276,http://viaf.org/viaf/306378647
"Schafer, Sol",13779,
"Scharhag, Lauren",8273,
"Scheier, Jacob",10152; 11874; 9018; 9645,"http://viaf.org/viaf/66271725; https://viaf.org/viaf/66271725/#Scheier,_Jacob"
"Schellenberg, Angeline",12319; 12332; 12470; 13217; 9922; 9960,http://viaf.org/viaf/443146634358141931312
"Schellenberg, Angeline Janel",10600,
"Schiffler, Carrie",9881,http://viaf.org/viaf/29157467784022320535
"Schimel, Lawrence",13975,http://viaf.org/viaf/87117215
"Schmalz, Fred",12093,http://viaf.org/viaf/17163088346294540593
"Schneider, Aaron",13670; 13907; 13908; 8316; 9808; 9809; 9810; 9832,"http://viaf.org/viaf/13152930938809672760; https://viaf.org/viaf/13152930938809672760/#Schneider,_Aaron_J."
"Schneider, Peter",11775; 9297; 9369; 9384,
"Schneller, Johanna",12572; 12758; 13032,http://viaf.org/viaf/126145003902961340539; https://www.wikidata.org/wiki/Q6216427
"Schnurmacher, Thomas",10081; 11703,http://viaf.org/viaf/6999215
"Schnurmacher, Tommy",8288,http://viaf.org/viaf/6999215
"Schoemperlen, Diane",9518; 9815,http://viaf.org/viaf/59208967
"Schofield, Alex",11528; 8269,
"Schofield, Anakana",12418; 12718,http://viaf.org/viaf/208727175
"Schofield, Nancy King",8269,
"Schofield, Scott",8339,http://viaf.org/viaf/45144782936406314274
"Scholman, Lena",13667,
"Schott, Barbara",12302,http://viaf.org/viaf/93072974
"Schott, Philipp",12309,http://viaf.org/viaf/50153713779658661201
"Schubert, Lori",8356,
"Schuelke, Thomas",11564; 11658,
"Schulman, Sarah",13024,http://viaf.org/viaf/115051462
"Schulyer, Hartley Reed",13832,
"Schulz Manaut, Marisol",13974,
"Schur, Michael",11597,http://viaf.org/viaf/169767857
"Schweblin, Samanta",8505,http://viaf.org/viaf/59022684
"Schwier, Karin Melberg",10802,http://viaf.org/viaf/261763937
"Schönmaier, Eleonore",12100,http://viaf.org/viaf/38642174
"Scoffield, Heather",13026,
"Scofield, Gregory",10930; 13055; 13947,"http://viaf.org/viaf/116015663; https://viaf.org/viaf/116015663/#Scofield,_Gregory,_1966-"
"Scoles, James",11027; 11059,"https://viaf.org/viaf/12161390817058262375/#Scoles,_James,_1969-"
"Scott, Cam",12213; 12369,http://viaf.org/viaf/43155830572833071674
"Scott, Daniel G",13504; 13544,http://viaf.org/viaf/105926108
"Scott, Daniel G.",8380; 8387; 8394,http://viaf.org/viaf/105926108
"Scott, Erin",8180; 8190,
"Scott, Gail",10153; 13951; 8308,http://viaf.org/viaf/14804046
"Scott, Graham Robert",10286,
"Scott, Howard",8557,http://viaf.org/viaf/58933321
"Scott, Jordan",9047; 9884,http://viaf.org/viaf/106299599; http://viaf.org/viaf/154111021
"Scott, Kim",13947,
"Scott, Martha",12755,
"Scott, Robyn",11871; 11872,"https://viaf.org/viaf/52900459/#Scott,_Robyn"
"Scott, Susan",11964; 11981,http://viaf.org/viaf/104619245
"Scott, Walter",13155,
"Scramstad, Liam",13060,
"Scriver, Amanda",10540; 8572,"https://viaf.org/viaf/39150030561910961221/#Scriver,_Amanda"
"Seager, Sara",12574,http://viaf.org/viaf/26767634
"Sealey-Qaylo, Aziza Moqia",13779,
"Sealy, Jasmine",10236; 10971,http://viaf.org/viaf/47164295158308411725
"Sebastian, Troy",10965; 11163,
"Sebastianutti, Lori",13672,
"Sedaris, David",11599,http://viaf.org/viaf/8230168
"Sedivy, Julie",9931,http://viaf.org/viaf/140962606
"Seelig, Adam",8306,http://viaf.org/viaf/102801825
"Seesequasis, Paul",10837; 10930,"http://viaf.org/viaf/21642714; https://viaf.org/viaf/21642714/#Seesequasis,_Paul"
"Selena, the Stripper",10237,http://viaf.org/viaf/6159999801130112970
"Seljak-Byrne, Kerry",10296,
"Selman, Jason",11507; 11678; 13606; 8186; 8351,http://viaf.org/viaf/49013249
"Selman, Jason (Blackbird)",8183,http://viaf.org/viaf/49013249
"Semach, Geffen",10236,
"Semko, Jay",10658,http://viaf.org/viaf/79693757
"Semujanga, Josias",13937,http://viaf.org/viaf/17337580
"Senior, Olive",11488; 13909; 8646; 8785; 8842,http://viaf.org/viaf/76349656
"Senior, Paulette",12756; 9098,
"Sentes, Bryan",13587; 13589; 13615,http://viaf.org/viaf/28855371
"Seoane, Israel",10290,http://viaf.org/viaf/15149233412176511617
Seream,11027,https://viaf.org/viaf/49333684/#Seream_1968-....
"Sereda, David",8740,http://viaf.org/viaf/4457154260346024480005
"Serrano, Ana",12565,
Seth,7945; 8277; 9513,http://viaf.org/viaf/77395251
"Seubert, David",12336,
"Severson-Baker, Juleta",10600,http://viaf.org/viaf/300215184
"Sewell, Anna Marie",13440; 9479,"http://viaf.org/viaf/91121973; https://viaf.org/viaf/91121973/#Sewell,_Anna_Marie"
"Sewell, Raymond",10768; 10771; 10794,
"Sewell, Savanah",8330,
"Sexsmith, Sinclair",8456,http://viaf.org/viaf/432159397510219301202
"Sexton, Stephen",8258,http://viaf.org/viaf/107145003297161301227
"Seys, Wendy",10702,
"Shafak, Elif",9361,http://viaf.org/viaf/64320935
"Shafi, Hana",10521; 8284; 8435; 8439; 8447; 8756,"http://viaf.org/viaf/34153470888045081258; https://viaf.org/viaf/34153470888045081258/#Shafi,_Hana,_1993-"
"Shah Hoque, Anna",8491,
"Shah, Aparna Kaji",10307,http://viaf.org/viaf/461816
"Shah, Sonia",12503,http://viaf.org/viaf/8251956
"Shahbaz, Haider",13645,
"Shaheen-Hussain, Samir",11525,http://viaf.org/viaf/18159233861903370042
"Shalaby, Ibrahim",13605,
"Shales Lefkos, Patti",11901; 13466,http://viaf.org/viaf/35157701825444222965
"Shandler, Jeffrey",12946,http://viaf.org/viaf/69109277
"Shannacappo, Neal",8894, http://viaf.org/viaf/61156130959458311759
"Shannon, Avery",13750,http://viaf.org/viaf/120456191
"Shannon, Drew",10477; 12459; 13316,"http://viaf.org/viaf/317096435; https://viaf.org/viaf/317096435/#Shannon,_Drew,_1988-"
"Shapiro, Esmé",11399; 8592,http://viaf.org/viaf/317096387
"Shapiro, James",8794,http://viaf.org/viaf/111853839
"Shapiro, Rob",12662; 9372,http://viaf.org/viaf/38157340547409920150
"Shapiro, Susan",11838,http://viaf.org/viaf/32157038029266861588
"Shapland, Jenn",12504,http://viaf.org/viaf/20156495402317562110
"Shapton, Leanne",7945,http://viaf.org/viaf/16613446
"Sharma, Ambica",11694,
"Sharma, Manish",10147,http://viaf.org/viaf/95082098
"Sharma, Sanjana",8875,
"Sharma, Yuyutsu",11567,"https://viaf.org/viaf/13154239/#Yuyutsu,_R._D._1960-"
"Sharman, Zena",11762,http://viaf.org/viaf/169344203
"Sharp, Cynthia",10727; 11817; 13472; 13628; 13905,"http://viaf.org/viaf/143149485510493420009; https://viaf.org/viaf/2197153184542627100002/#Sharp,_Cynthia_(Poe%CC%80te)"
"Sharp, Jenn",13304,http://viaf.org/viaf/9156988790361000342
"Sharp, Sid",10252,http://viaf.org/viaf/7723164539796632240007
"Sharpe, Carson",8525,http://viaf.org/viaf/425159397308219300024
"Sharpe, Cason",8227,http://viaf.org/viaf/425159397308219300024
"Sharpe, Jenny",8863,
"Sharpe, Tess",10377,"http://viaf.org/viaf/312785743/#Sharpe,_Tess."
"Sharren, Kandice",12802,
"Shaw, Ian",10078,
"Shaw, Ian Thomas",10031; 12699; 12710,http://viaf.org/viaf/104893222
"Shaw, Justin",13289,
"Shaw, Marlo K.",8432,
"Shaw, Zoe",11708; 7964,
Shawn Thicke,16085,https://shawn-thicke.bandcamp.com/music
"Shawnoo, Patricia",12284; 12463,
"SheLa Morrison, Nefertiti",13628,
"Shea, Theresa",10037; 10077; 10960,http://viaf.org/viaf/282798748
"Shearer, Karis",12237,http://viaf.org/viaf/61365463
"Shebahkeget, Özten",11027,
"Shedden, Jim",9833; 9836,"http://viaf.org/viaf/115865781/#Shedden,_Jim,_1963-"
"Sheehy, Barry",8350; 8509,http://viaf.org/viaf/16414217
"Sheena, Kamal",8669,http://viaf.org/viaf/78151110794337061907
"Sheldon, Melaina",11089; 11090,
"Shelstad, Sam",10293,http://viaf.org/viaf/21150030696910962991
"Shen, Jiazhuang",8648,http://viaf.org/viaf/63863344
"Shen, Lisa",13888,
"Shenfeld, Karen",9896,http://viaf.org/viaf/9383034
"Shephard, Michelle",12496; 12706; 8754,http://viaf.org/viaf/73662706
"Shepherd, Kelly",9118,http://viaf.org/viaf/100147905035779090879
"Shepherd, Michelle",13391,
"Sheppard, Dale",9798,"https://viaf.org/viaf/106499218/#Sheppard,_Dale,_1955-"
"Sherman, David",9976,http://viaf.org/viaf/101504785
"Sherren, Reg",12263,http://viaf.org/viaf/31158367580601280578
"Sherwin, Tjia",12426,http://viaf.org/viaf/34388788
"Sherwood, Claire",8252,
"Shetler, Justin Alexander",13368,http://viaf.org/viaf/19162420765132252991
Sheung-King,8302; 9332,http://viaf.org/viaf/50159610209140540386
"Shi, Jane",10876; 9844,
"Shidmehr, Nilofar",8627,http://viaf.org/viaf/19497585
"Shield, Alix",10844,
"Shields, Erin",8959,http://viaf.org/viaf/187040669
"Shields, Vanessa",11946; 8215; 8217; 8219; 8220; 8221; 8409; 8418, http://viaf.org/viaf/160196149; http://viaf.org/viaf/160196149
"Shillington, Joan",8411; 9009; 9119; 9935,http://viaf.org/viaf/102841822
"Shimotakahara, Leslie",10042; 8675; 9015,http://viaf.org/viaf/159898378
"Shin, Ann",10477; 13348,"http://viaf.org/viaf/53491860; https://viaf.org/viaf/53491860/#Shin,_Ann"
"Shingoose, Nahanni",9473,http://viaf.org/viaf/41156131054958312594
"Shirt, Donovan",10484,
"Shirtliffe, Leanne",9060,http://viaf.org/viaf/295064235
"Shkimba, Margaret",9467; 9474,
"Shoalts, Adam",12411,http://viaf.org/viaf/106689255
"Shockley, Evie",9573,http://viaf.org/viaf/4275368
"Shoker, Kiran",13750,
"Shore, Jacques J. M.",12922; 12927,http://viaf.org/viaf/73213292
"Shoroplova, Nina",11374; 11379; 11380; 11883,"http://viaf.org/viaf/316545705; https://viaf.org/viaf/316545705/#Shoroplova,_Nina"
"Short, Donn",12447,http://viaf.org/viaf/291757113
"Shorty, Sharon",11091; 11115,
"Showler, Suzannah",10749,http://viaf.org/viaf/29254942
Shqdel,13888; 13891; 13892,
"Shraya, Vivek",11596; 12061; 8473; 8487; 8726; 9032; 9039; 9096; 9100; 9162; 9416; 9424; 9479; 9958,"http://viaf.org/viaf/315534076; http://viaf.org/viaf/315534076/#Shraya,_Vivek,_1981-; https://viaf.org/viaf/315534076/#Shraya,_Vivek,_1981-"
"Shrier, Howard",12739,http://viaf.org/viaf/101524105
"Shukla, Barnali Ray",13648,
"Shukla, Nikesh",13976,http://viaf.org/viaf/171732762
"Shuter, Set L",13617,
"Shuttleworth, Ashley",10377,"http://viaf.org/viaf/1158732829333050182/#Shuttleworth,_Ashley"
"Shyba, Lorene",9115,http://viaf.org/viaf/34148570604824311713
Siadic,13629,
Siddhartha,13889,
"Siddiqui, Nahid",13645,
"Siebert, Melanie",13499,http://viaf.org/viaf/102898291
"Siegel, Alisa",12388,http://viaf.org/viaf/9156917210054792908
"Sigalow, Emily",12941,http://viaf.org/viaf/297506101
"Sigurdson, Ben",12398,
"Sigurðardóttir, Ásta Fanney",8258,http://viaf.org/viaf/425152138622610980374
"Silcott, Jane",11887,http://viaf.org/viaf/300003415
"Sileika, Antanas",10033,http://viaf.org/viaf/56503151
"Silva, María Quintana",9334,http://viaf.org/viaf/72153773510561432347
"Silva, Patricia",10536,
"Silver Slayter, Rebecca",10116; 12031; 12032; 8903; 8904; 8909, http://viaf.org/viaf/264589510; http://viaf.org/viaf/264589510
"Silver, Avi",10271; 8467,
"Silver, Awi",13655,
"Silver, Dawna",9824,
"Silver, Erin",12307; 8458,http://viaf.org/viaf/315590707
"Silvera, Adam",8472,http://viaf.org/viaf/313284984
"Silverthorne, Judith",10652,http://viaf.org/viaf/105277302
"Simmers, Bren",11028; 13293; 8271; 8573,"http://viaf.org/viaf/7139162; https://viaf.org/viaf/7139162/#Simmers,_Bren,_1976-"
"Simmers, Kyle",11758; 9114,http://viaf.org/viaf/56156563365623240439
"Simmins, Marjorie",8901; 8903; 8905,http://viaf.org/viaf/21596097
"Simmonds, Erica",11508,
"Simon, Sherry",12892,http://viaf.org/viaf/3152148753688541320001
"Simonds, Merilyn",10155,http://viaf.org/viaf/45229681
"Simons, Paula",10202; 10208,
"Simonson, Logan",13779,
"Simpson, Anne",10100; 10102; 8267; 8901; 8904; 8906,http://viaf.org/viaf/30770424
"Simpson, Ansley",10477,"https://viaf.org/viaf/32165048288531190605/#Simpson,_Ansley"
"Simpson, Jaye",8154,
"Simpson, Leanne Betasamosake",13127; 13153; 13982; 8310; 8531; 8623; 8912; 9160,http://viaf.org/viaf/102794966
"Simpson, Natalie",9112,http://viaf.org/viaf/78142389
"Sims, Andrew",13476; 13496; 13505; 13514,
"Sinaee, Bardia",10085; 10477; 13654; 9564,"http://viaf.org/viaf/11160120856840442682; https://viaf.org/viaf/11160120856840442682/#Sinaee,_Bardia"
"Sinatra, Dank",8716,
"Sinclair, Niigaanwewidam James",11858; 11865; 12294; 12328; 12355,"http://viaf.org/viaf/221197021; https://viaf.org/viaf/221197021/#Sinclair,_Niigaanwewidam_James"
"Sinclair, Patti",10258,http://viaf.org/viaf/106417300
"Sinclair, Sue",12678; 13604; 9698; 9786,"http://viaf.org/viaf/43656247; https://viaf.org/viaf/43656247/#Sinclair,_Sue,_1972-"
"Sindu, S. J.",10971; 9941,http://viaf.org/viaf/5148874378649620914
"Sindu, SJ",8452,http://viaf.org/viaf/5148874378649620914
"Singh Sandhu, Jaskaran",10477; 10524,
"Singh, Harnarayan",9479,"https://viaf.org/viaf/30158259493902302965/#Singh,_Harnarayan"
"Singh, Jaspreet",12048,"https://viaf.org/viaf/33888010/#Singh,_Jaspreet,_1969-...."
"Singh, Ranjit",9827,
"Singh, Ruby",11592,
"Singh, Sonya",10477,"https://viaf.org/viaf/30162720985461090871/#Singh,_Sonya_(Sonya_K.)"
"Sinha, Meera",12413,
"Sinha, Pankhuri",9126,http://viaf.org/viaf/75735694
"Sioui Durand, Guy",13151,http://viaf.org/viaf/171217692
"Sioui Durand, Yves",13140,http://viaf.org/viaf/76555789
"Sioui Wawanoloath, Christine",13148; 13153; 13158,http://viaf.org/viaf/32223749
"Sioui, Jean",13131; 13142; 13160; 13162; 13991,http://viaf.org/viaf/48746759
"Sioui, Jocelyn",13157; 13159; 13165; 13173,http://viaf.org/viaf/2160725644410181783
"Sioui-Durand, Yves",13159,http://viaf.org/viaf/76555789
Sirreal,13844,
"Siré, Cora",10065; 8168; 8255; 8292; 8954; 9946, http://viaf.org/viaf/306379155; http://viaf.org/viaf/306379155
"Siré, Core",8272,
"Sise, Phyllis",10839; 11230,http://viaf.org/viaf/105444607
"Sitoski, Richard- Yves",9911,
"Sitoski, Richard-Yves",10537,
"Sitter, Bonnie",13665,http://viaf.org/viaf/303093052
"Sjolie, Autumn",13339,
"Sjunneson, Elsa",8170,http://viaf.org/viaf/5161816139727720101
"Sjöblom, Lisa Wool-Rim",8478,http://viaf.org/viaf/280047551
"Sjöholm, Dorothy",9721,http://viaf.org/viaf/106319327
"Skaff, Madona",11443; 11449, http://viaf.org/viaf/3163408914700092415; http://viaf.org/viaf/3163408914700092415
"Skaff-Koren, Madona",11452; 11454; 11486; 11489,http://viaf.org/viaf/3163408914700092415
"Skelton, J. Wallace",10477,"https://viaf.org/viaf/80148449621815690666/#skelton,_j_wallace"
"Skibsrud, Johanna",8212, http://viaf.org/viaf/71212894
"Skidmore, Pat",11381,
"Skjeie, Cooper",13049,
"Skolkin-Smith, Leora",9394,http://viaf.org/viaf/21589665
"Skov-Nielsen, Emily",10386; 12664; 12692; 8267; 8465; 8722; 9786,"http://viaf.org/viaf/171158669744727200239; https://viaf.org/viaf/171158669744727200239/#Skov-Nielsen,_Emily,_1989-"
"Skuce, Traci",9132; 9150; 9158,http://viaf.org/viaf/16156674982333581962
"Skye, Liberty",10982; 12720,
"Slade, Michael",12580,http://viaf.org/viaf/73871756
"Slapak, Sivan",8297,
"Slepchik, Arlene",12944,
"Slind, Theressa",13302,http://viaf.org/viaf/14161816318627722136
"Sloan, Tyler",8451,http://viaf.org/viaf/172150323848309971486
"Sloane, Ty",10411,
"Slobodzian, George",13585; 13586; 13587; 8252,http://viaf.org/viaf/2801159477892427990006; http://viaf.org/viaf/53508759
"Small, Sami Jo",12271,http://viaf.org/viaf/26158979029755792456
"Smarsh, Sarah",12570,http://viaf.org/viaf/107955055
"Smart, Christine",13464,http://viaf.org/viaf/106649245q
"Smart, Neko",10877; 13779; 13811,
"Smekal, Pat",13544,http://viaf.org/viaf/105956556
"Smet, Eddy",11574; 11588,
"Smit, Olivia",14131,
"Smith, Brad",9969,http://viaf.org/viaf/317285849
"Smith, Brady",12351,http://viaf.org/viaf/7230155919321939730007
"Smith, Charles C.",10000; 10042; 9015; 9729,http://viaf.org/viaf/45759425
"Smith, Charlie",8677,
"Smith, Christine Miskonoodinkwe",10477,"https://viaf.org/viaf/20156218663904740900/#Smith,_Christine_Miskonoodinkwe,_1973-"
"Smith, Colin",12369,
"Smith, Dale",9089,http://viaf.org/viaf/2133842
"Smith, Deanna",13608; 13763; 8352; 9894,http://viaf.org/viaf/14458108
"Smith, Dianah",9927,
"Smith, Graham Hingangaroa",12463,http://viaf.org/viaf/18997812
"Smith, Heather",11279; 11958; 13429; 8649,http://viaf.org/viaf/300066770; http://viaf.org/viaf/5649155226717484490002
"Smith, Janet",10286,
"Smith, Kim",9654,"https://viaf.org/viaf/171731305/#Smith,_Kim,_1986-"
"Smith, Kristen",13650; 9953,
"Smith, Laurie",11945,
"Smith, Lori Joy",11425,http://viaf.org/viaf/187067501
"Smith, Mahaila",10140; 10603,http://viaf.org/viaf/29164717690002090924
"Smith, Morgan",10483,
"Smith, Nicole L.",11277,"https://viaf.org/viaf/39164778437908341079/#Smith,_Nicole_(Nicole_L.)"
"Smith, Russell",11305,https://www.wikidata.org/wiki/Q7381785
"Smith, Sonya",11131,
"Smith, Zadie",8533, http://viaf.org/viaf/14951645
"Smyth, Fiona",10228,http://viaf.org/viaf/311582227
"Smyth, Janet",8933; 8937; 8948; 8968,
"Snowbar, Celeste",13635,
"Snowber, Celeste",13898; 9040; 9880,http://viaf.org/viaf/106493046
"Snowdon, Captain",8628,
"Snyder, Carrie",11954; 9931,http://viaf.org/viaf/315222634
"Sobel, Dava",11177,"https://viaf.org/viaf/49306241/#Sobel,_Dava,_1947-...."
"Soderstrom, Mary",12897,http://viaf.org/viaf/6242575
"Soffer, Virginie",12895,
"Sokatch, Daniel",11845,"https://viaf.org/viaf/23163628720923461527/#Sokatch,_Daniel"
Sol,13719; 13720; 13721; 13722; 13723; 13724; 13725; 13726; 13727; 13728; 13729; 13730; 13731; 13732,
"Sol, Adam",9648,http://viaf.org/viaf/11077686
"Solie, Karen",8234; 9508,http://viaf.org/viaf/90935934
"Solnit, Rebecca",8501,http://viaf.org/viaf/41972193
"Solomon, Anjalica",13721,
"Solomon, Misha",12109,http://viaf.org/viaf/19160208386348620534
"Solomon, Rachelle",12711; 12812,
"Soloy, Lauren",11417,http://viaf.org/viaf/56156563434723241012
Some Sum,10484,
"Some Sum (Summers, Ryan)",10486,
Some-Sum,10482,https://www.facebook.com/1SomeSum/
"Somers, Sandi",9080,
"Sommer, Anna",10227,http://viaf.org/viaf/98385214
"Sonik, Madeline",8594; 8615; 9055,http://viaf.org/viaf/18453258
"Sonuga, Titilope",13757; 13838; 8155; 9125; 9479,"http://viaf.org/viaf/13160422853968030278; https://viaf.org/viaf/13160422853968030278/#Sonuga,_Titilope,_1985-"
"Sookfong Lee, Jen",11963; 13469; 8851,http://viaf.org/viaf/2437834; http://viaf.org/viaf/24378348
"Soon, Michelle",11559; 11563; 11654,
"Sorbie, Anne",9023; 9127,http://viaf.org/viaf/152405441
"Sorg, Arley",10296,
"Sorge, Bernice Angeline",11230,
"Sosa Velasquez, Maida",9619; 9683,
"Sosa-Valazques, Maida",9616,
"Sosa-Velazquez, Maida",10021; 9582,
"Sosnowsky, Cathy",8577,http://viaf.org/viaf/115159105081006400588
"Sotto, Marie",13888,
"Souaid, Carolyn",8349; 8503,http://viaf.org/viaf/53641092
"Souaid, Carolyn Marie",13656; 8180,http://viaf.org/viaf/53641092
"Soubry, Bernard",12787,
"Souder, Vivian",11649,
SoulSis Aiesha,13886,
Sound of Separation,13665,
"Soutar, Annabel",13957,http://viaf.org/viaf/254986450
"Sow, Aminatou",12573; 9479,"http://viaf.org/viaf/1733160310479258300004; https://viaf.org/viaf/1733160310479258300004/#Sow,_Aminatou"
"Spade, Keeshig",8894,http://viaf.org/viaf/6156219025104741645
"Spade, Robert",8894,http://viaf.org/viaf/10156219321104742264
"Spahr, Juliana",9565,
"Spain, Chy Ryan",10477,"https://viaf.org/viaf/21165106508836450842/#Spain,_Chy_Ryan"
"Sparks, Nicholas",13032, http://viaf.org/viaf/117604749
"Spathelfer, Teoni",11400,"https://viaf.org/viaf/9161390713858261764/#Spathelfer,_Teoni,_1963-"
"Spears, Steve",8269,
"Specht, Marie",9122,
"Spector, Mark",9479,"https://viaf.org/viaf/316744305/#Spector,_Mark,_1965-"
"Spector, Shira",10522,"https://viaf.org/viaf/23161997085544431811/#Spector,_Shira"
"Spenst, Kevin",10399; 10585; 10830; 11822; 12111; 13529; 13532; 13786; 8389; 8648; 9054; 9083; 9376,"http://viaf.org/viaf/314894156; https://viaf.org/viaf/314894156/#Spenst,_Kevin,_1971-"
"Spidell, Heather",10254,
"Spillett-Sumner, Tasha",12293; 12327; 12384,http://viaf.org/viaf/9153470886645081447
Spillious,13742,
"Spinosa, Dani",11945; 13663,"http://viaf.org/viaf/38152138520710980525; https://viaf.org/viaf/38152138520710980525/#Spinosa,_Dani,_1986-"
"Spitz, Chantal",13977,http://viaf.org/viaf/7442638
"Spoon, Rae",8447,http://viaf.org/viaf/102826206
"Sprecht, Marie Metaphor",13819,
"Springer, Nancy",12662,http://viaf.org/viaf/41907010
"Spurway, Amy",11051; 8901; 8905; 9670,"http://viaf.org/viaf/6153713801758661570; https://viaf.org/viaf/6153713801758661570/#Spurway,_Amy,_1976-"
"Sralla, Patty Sandoval",11834,
"St-Aubin, Bruno",12697,http://viaf.org/viaf/39320635
"St-Hilaire, William",13943,http://viaf.org/viaf/71632541
"St. Bernard, Donna-Michelle",8956; 8959; 9331,http://viaf.org/viaf/169584442
"St. John Mandel, Emily",8757; 9342,http://viaf.org/viaf/26544203
"St.Félix, Doreen",9500,https://www.wikidata.org/w/index.php?title=Q25344427&oldid=1588718903
"Stacey, Micheal",9703,
"Stahr, Celia",12501,http://viaf.org/viaf/75685909
"Stallings, A.E.",9508,http://viaf.org/viaf/38709449
"Stallworthy, Bob",9933,http://viaf.org/viaf/48570819
"Stansfield, R. E.",10615,http://viaf.org/viaf/105683060
"Stanton, Marlene",11050,http://viaf.org/viaf/28156495397317561981
"Staples, Dennis",11759,http://viaf.org/viaf/47155707004722410558
"Stapley, Marissa",10311; 10477; 9656,"http://viaf.org/viaf/308228225; https://viaf.org/viaf/308228225/#Stapley,_Marissa"
"Starblanket, Gina",10558,http://viaf.org/viaf/40155830454133070765
"Starnino, Carmine",12049; 8343; 8918; 8919; 8921; 8923; 8951; 8952; 8953; 8963; 9687; 9692; 9945,http://viaf.org/viaf/15011085
"Starr, Ellen Carey",11900,
"Staudt, Kaitlin",10142,http://viaf.org/viaf/421154590086343080279
"Stauffer, Vanessa",9678,
"Staunton, Ted",10390; 10477; 12027,"http://viaf.org/viaf/18631368/#Staunton,_Ted,_1956-....; https://viaf.org/viaf/18631368/#Staunton,_Ted,_1956-...."
"Stebner, Kevin",9086,http://viaf.org/viaf/12163457002804815642
"Stedman, Chris",8443,http://viaf.org/viaf/250838204
"Steel, Rosalind",11223,
"Steeves, Andrew",12425,http://viaf.org/viaf/6723599
"Steeves, JJ",9954,https://jjsteeves.com/about
"Steffler, John",9376,http://viaf.org/viaf/19760862
"Stehn, Antje",11649,"https://viaf.org/viaf/253108705/#Stehn,_Antje_1962-"
"Stein, Carla",11828; 13493; 13642,http://viaf.org/viaf/23169858293978000540
"Stein, Leslie",8497,http://viaf.org/viaf/171970795
"Steinberg, David",12353,http://viaf.org/viaf/170679287
"Steinberg, Myriam",10863; 13324; 13327; 9874,http://viaf.org/viaf/21159818754713812149
"Steinberg, Naomi",8184,
"Steinfeld, J.J.",10075,http://viaf.org/viaf/113930101
"Steinwand, Tammy",11382,
"Stenson, Susan",8377,http://viaf.org/viaf/14114472
"Stepanic, Matthew",11169,
"Stephanie, Roberts",11503,http://viaf.org/viaf/146823817
"Sterlin, Joshua",8222,
Sterling,8462,
"Sterling, Hollie",8457,
"Sternberg, Barbara",9833; 9836,"http://viaf.org/viaf/102763604/#Sternberg,_Barbara"
"Sternberg, Samantha",10792,http://viaf.org/viaf/10154257789724150815
"Sterne, Jonathan",12226,http://viaf.org/viaf/40597438
"Sterns, Kate",9568,http://viaf.org/viaf/58267164
"Sterritt, Angela",11595,
"Steski, Carol",13671,http://viaf.org/viaf/38160725842810182780
"Steski, Carol Harvey",9243,http://viaf.org/viaf/38160725842810182780
"Stevens, Chevy",10168,http://viaf.org/viaf/102929448
"Stevens, Yuan",13030,
"Stevenson, Richard",13854; 13864,http://viaf.org/viaf/28507278
"Stevenson, Robin",13499; 8463, http://viaf.org/viaf/6271159478102027990000; http://viaf.org/viaf/86698870
"Steves, Rick",10423,"http://viaf.org/viaf/84491241/#Steves,_Rick,_1955-"
"Stewart, Janet",12263,https://en.wikipedia.org/wiki/Janet_Stewart_(broadcaster)
"Stewart, Jeremy",9103,http://viaf.org/viaf/102869840
"Stewart, Pam",13821,
"Stewart, Sarah",10859,http://viaf.org/viaf/106172283
"Stewen, Lawrence",10296; 10299,
"Stickland, Eugene",9069; 9101,http://viaf.org/viaf/17119587
"Stiller, Karen",14134,http://viaf.org/viaf/156148449518715690163
"Stinchcomb, Jan",8167,
"Stinson, Kathy",11429; 11500; 13425,http://viaf.org/viaf/67820412
"Stintzi, John Elizabeth",11118; 8748; 9094; 9288; 9344; 9352,"http://viaf.org/viaf/24156760346440850725; https://viaf.org/viaf/24156760346440850725/#Stintzi,_John_Elizabeth"
"Stinzi, John Elizabeth",9091,http://viaf.org/viaf/24156760346440850725
"Stirling, Shane",10524,
"Stocking, Sophie",10045,http://viaf.org/viaf/31156219063804741712
"Stocklassa, Jan",12496,http://viaf.org/viaf/61528074
"Stockwell, Meagan",8882,
"Stokes, Denis",10038; 9712,http://viaf.org/viaf/104715193
"Stoller, Justin",11219; 11220,
"Stoller, Matt",12997,http://viaf.org/viaf/40155563949713000481
"Stone, Anne",11122; 9475; 9476,"https://viaf.org/viaf/39017213/#Stone,_Anne,_1969-"
"Stone, D. K.",10421,"http://viaf.org/viaf/226144782704273065741/#Stone,_D._K.,_1973-"
"Stone, Danika",13407,http://viaf.org/viaf/111145003303961300953
"Stone, Eddie",12938; 12950; 12952,http://viaf.org/viaf/306378852
"Stone, Tiffany",8646; 9888,http://viaf.org/viaf/66210100
"Stonehouse, Cathy",8641; 8674,http://viaf.org/viaf/42174913
"Stones, David",9771,
Stong Jesse,9840,
"Storms, Patricia",10477,"https://viaf.org/viaf/14220414/#Storms,_Patricia"
"Strachan, Larry",12236,
"Strang, Catriona",12092,http://viaf.org/viaf/46001359
"Strapagiel, Lauren",8453,
"Stratford, Madeleine",8919,http://viaf.org/viaf/317025016
"Strathman, Samuel",10140; 10286,http://viaf.org/viaf/69164295422608412598
"Stratis, Niko",11168,
"Streeter, PG",10285,
"Streit, David",11034,
"Strong, Graham",8871,
"Strube, Cordelia",11252; 8977; 9550,"http://viaf.org/viaf/14017198; https://viaf.org/viaf/14017198/#Strube,_Cordelia,_1960-"
"Strube, Cornelia",8801,"Strube, Cornelia "
"Stuart, Amy",11233; 9329; 9371; 9927,"http://viaf.org/viaf/330144647660868179720; https://viaf.org/viaf/330144647660868179720/#Stuart,_Amy,_1975-"
"Stuart, Douglas",8938; 9812, http://viaf.org/viaf/8156809518045121779; http://viaf.org/viaf/8156809518045121779
"Stuart, John",11769,
"Stuart, John ""Triangles""",11768,
"Stursberg, Richard",11844,"https://viaf.org/viaf/232763455/#Stursberg,_Richard,_1947-"
"Subedi, Prakash",11463,
"Sugita, Sho",10143,http://viaf.org/viaf/13157340614809921851
"Suhall, Sarah",13642,
"Suk, Sarah",10377,"http://viaf.org/viaf/21159939308825250423/#Suk,_Sarah"
"Sulaiman, Sonia",13909,
"Sullivan, Andrew F.",10288,http://viaf.org/viaf/305204626
"Sullivan, Rosemary",9666,"https://viaf.org/viaf/7436967/#Sullivan,_Rosemary,_1947-"
Sulva,13575; 13577; 13724; 13812; 13870,
"Summer, James",8421,
"Summers, Courtney",10377; 13400,"http://viaf.org/viaf/53625616; http://viaf.org/viaf/53625616/#Summers,_Courtney,_1986-"
"Sunchild-Peterson, Debbie",13057,
"Sunshine Bunch, The",12992,
"Sunshine Eagle, Priscilla",13627,
"Sunstrum, Kimberly",9351,
"Sur, Sanchari",10588; 11307; 11666,http://viaf.org/viaf/4161816255027721089
"Surani, Moez",9677,http://viaf.org/viaf/102882321
"Surette, Denis",10229; 10386,
"Surette, Jean",10386,
"Suri, Timea Wharton",8795,
"Surkan, Neil",12060; 13495; 9889,http://viaf.org/viaf/5153182640126790340
"Susskind, Daniel",12520,http://viaf.org/viaf/194145003300061301502
"Sutherland, Camilla",10142,http://viaf.org/viaf/23153953293805562939
"Sutherland, Fraser",9607,http://viaf.org/viaf/44421846
"Sutherland, Joel A",10392,"http://viaf.org/viaf/107910096/#Sutherland,_Joel_A.,_1980-"
"Sutherland, Joel A.",11405; 12391,http://viaf.org/viaf/107910096
"Sutherland, Kate",8300; 8303,"http://viaf.org/viaf/28791828; http://viaf.org/viaf/28791828/#Sutherland,_Kate,_1966-"
"Sutherland, Suzanne",11219; 11220,"https://viaf.org/viaf/249146936815713782583/#Sutherland,_Suzanne"
"Suttcliffe, Mark",9295,
"Sutter, Sandra",11847,
"Sutterfield, Allen",10022; 9685; 9879,http://viaf.org/viaf/104443452
"Sutton, Malcolm",9677,http://viaf.org/viaf/106636704
"Svensson, Patrik",12511,http://viaf.org/viaf/17400402
"Swami, Sridala",10895,http://viaf.org/viaf/307436413
"Swan, Dane",10042; 10153; 9015,http://viaf.org/viaf/160275774
"Swan, Susan",11306; 12342,http://viaf.org/viaf/99144150
"Swanson, Anna",9844,http://viaf.org/viaf/106748933
"Swanson, John",11616,http://viaf.org/viaf/15157882862860441760
"Swart, Laura",9122,http://viaf.org/viaf/4146634416741931690
"Sweatman, Margaret",13214,http://viaf.org/viaf/11797284
"Swedowsky, Christine",13976,
"Sweeney, Heather",12097,http://viaf.org/viaf/32159335173812960981
"Sweet, John Arthur",11768; 8176; 8180,
"Swift, Jamie",10192; 13026,http://viaf.org/viaf/51932627
"Sycamore, Mattilda Bernstein",13946; 8447,http://viaf.org/viaf/21478307
"Syed, Anoosha",12029,http://viaf.org/viaf/115148703985536930549
"Syliboy, Alan",12030; 12033; 12036,http://viaf.org/viaf/4398514
"Sylliboy, Michelle",12036; 9829,http://viaf.org/viaf/13154739804952991222
"Sylvain, Véronique",11674; 8246,http://viaf.org/viaf/7156856201449600826
"Sylvester, Basil",13427; 8454; 9438,http://viaf.org/viaf/35160307241957740592
"Sylvester, Kevin",11975; 12383; 13427; 8454; 8518; 9438; 9631,"http://viaf.org/viaf/14508306; https://viaf.org/viaf/14508306/#Sylvester,_Kevin."
"Sylvestre, Olivier",8961,http://viaf.org/viaf/315590679
"Szabo-Jones, Lisa",12787,http://viaf.org/viaf/311457236
"Szczepaniak, Angela",11784; 8184,http://viaf.org/viaf/91096022
"Sze, Gillian",10477; 11506; 8345,"http://viaf.org/viaf/2457160486109305180001; https://viaf.org/viaf/2457160486109305180001/#Sze,_Gillian,_1985-"
"Szpara, K.M.",11696,http://viaf.org/viaf/33153124230124490103
"Szperling, Cecilia",13983,http://viaf.org/viaf/75925997
"Sánchez, Alberto Ruy",12923,http://viaf.org/viaf/73900960
"Sánchez, Aymara Alvarado",13623,
T-Bai,13870; 13884,
"T., Ashley",11763,
Tab CA,10482,
"Tabanera, Maribeth",10588,
"Tabobondung, Rebeka",7937,http://viaf.org/viaf/98161272251147442871
"Tacon, Claire",11966,http://viaf.org/viaf/171964889
"Tad-y, Steffi",10917; 13630; 13646; 13648,"http://viaf.org/viaf/5157222796384972032; https://viaf.org/viaf/5157222796384972032/#Tad-y,_Steffi"
"Taddeo, Lisa",13004,http://viaf.org/viaf/4153953176905561293
"Tadjo, Véronique",12705,http://viaf.org/viaf/114383785
"Tagore, Shaunga",8426,
"Tait, Lynn",10152,http://viaf.org/viaf/102769692
"Talaga, Tanya",11289; 11302; 11331,"https://viaf.org/viaf/45149841914802841482/#Talaga,_Tanya"
"Talero, Emma",12482,
"Taliwah, Tali",8348,
"Tallo, Katie",9329; 9546; 9626,"http://viaf.org/viaf/179342584; https://viaf.org/viaf/179342584/#Tallo,_Katie."
"Tamaki, Jillian",10370; 8948; 8966,http://viaf.org/viaf/12639111; http://viaf.org/viaf/305864756; http://viaf.org/viaf/34115009
"Tamale, Sylvia",12346,http://viaf.org/viaf/2698137
"Tamez, Margo",9871,http://viaf.org/viaf/31911025
"Tan, Amy",8468,
"Tan, Eddy Boudel",9867,http://viaf.org/viaf/44157467897522321340
"Tan, Jennifer",13673,
"Tan, Sue Lynn",9663,"https://viaf.org/viaf/105164188026118202819/#Tan,_Sue_Lynn"
"Tanaka, Candie",8716,http://viaf.org/viaf/163574272
"Tanaka, Sho",8628,
"Tanenhaus, Sam",13354,http://viaf.org/viaf/49368065
"Tankard, Hermione",13395; 9543,"http://viaf.org/viaf/107159032570901180882; https://viaf.org/viaf/107159032570901180882/#Tankard,_Hermione"
"Tankard, Jeremy",13395; 9543,"http://viaf.org/viaf/6815982; https://viaf.org/viaf/6815982/#Tankard,_Jeremy"
"Tannahill, Jordan",13365,http://viaf.org/viaf/305358933
"Tannous, Nathalie",13960,
"Tapiero, Olivia",13922,http://viaf.org/viaf/102897663
"Tapper, Jake",12929,http://viaf.org/viaf/6729757
"Tarachansky, Lia",8306,
"Tarasoff, Larissa",8238,
"Tareq El Bechelany-Lynch, Eli",10263; 10359; 11833; 13619; 13933; 8228; 8465; 8525; 8587; 9105; 9498; 9575; 9858; 9955,"http://viaf.org/viaf/97158669738727200585; http://viaf.org/viaf/97158669738727200585/#Tareq_El_Bechelany-Lynch,_Eli"
"Tate, Bronwen",11155,"https://viaf.org/viaf/56406212/#Tate,_Bronwen"
"Tater, Mallory",8620,http://viaf.org/viaf/12151654668808281650
"Tattrie, Jon",10796; 12033; 9740; 9741; 9801,"http://viaf.org/viaf/102824876; https://viaf.org/viaf/102824876/#Tattrie,_Jon"
"Taubira, Christiane",13989,http://viaf.org/viaf/161075579
"Tavares, Gonçalo M.",13992; 8940,http://viaf.org/viaf/102309765
Tawahum,13742,
"Tawakoli, Baqir",8807,
"Tawil, Rana",9497,
Taylah,8462,
"Tayler, Felicity",12238,http://viaf.org/viaf/135137837
"Taylor, Alex",8679,
"Taylor, Charles",13029,http://viaf.org/viaf/109473057
"Taylor, Drew Hayden",10062; 10477; 12685; 13152; 9414,"http://viaf.org/viaf/117652702; https://viaf.org/viaf/117652702/#Taylor,_Drew_Hayden,_1962-"
"Taylor, Jess",10298,http://viaf.org/viaf/317096450
"Taylor, Josh",12028; 12029,
"Taylor, K.P.",8222,
"Taylor, Kate",8841,http://viaf.org/viaf/177657934
"Taylor, Paul",10419,
"Taylor, Rachel",9831,
"Taylor, Rae Marie",13609,http://viaf.org/viaf/316951237
"Taylor, Rob",11155; 13480; 8667; 8679; 9698,http://viaf.org/viaf/137167537
"Taylor, Sylvia",12580; 13472,http://viaf.org/viaf/258921484
"Taylor, Timothy",9012,http://viaf.org/viaf/119520014
"Taylor, Wanda",10106; 13908,http://viaf.org/viaf/310611168
"Taylor, Wanda Lauren",8678,
"Taylor, Yuval",12502,http://viaf.org/viaf/7557925
"Taylor-Davidson, Sue",11443; 11452; 11454,http://viaf.org/viaf/1163628841323462603
"Teed, Dan",13040,
"Teeluck, Julia",10152,
"Tegenkamp, Diana Hope",10817; 13301,http://viaf.org/viaf/106073009; http://viaf.org/viaf/9161816390927722332
"Teillet, Jean",10427,"http://viaf.org/viaf/7281157342852210100004/#Teillet,_Jean,_1953-"
"Telfer, Geordie",9271,http://viaf.org/viaf/106686853
"Temitayo M., Apanaki",10534,
"Tempo, Kit",13742,
"Tennant, Jamie",8837; 9998,http://viaf.org/viaf/29146936675813781209
"Tenumah, Alero",11027,
"Teodoro, José",10404; 10405,http://viaf.org/viaf/106488179
"Terpstra, John",8573,http://viaf.org/viaf/31865233
"Terrana, Diane",10376; 10377; 13660,"http://viaf.org/viaf/155155104030776202538; http://viaf.org/viaf/155155104030776202538/#Terrana,_Diane,_1951-"
"Tessier, Corinne",11900,
"Tessier, Liz",13673,
"Thammavongsa, Souvankham",10103; 11631; 12522; 12921; 8527; 8563; 8627; 8899; 8903; 8905; 8917; 9250; 9344; 9693; 9815; 9848, http://viaf.org/viaf/9550298; http://viaf.org/viaf/9550298
"Thandhi, Raj",8673,
"Thatcher, Christina",12107,http://viaf.org/viaf/193145541825596601559
"Thayer, A.P.",8167,
The Artist Keyana,10107,http://viaf.org/viaf/141143233
"The Artist, Keyana",10257; 10258,
The Haughian Brothers Band,10132,
The Noble Savage,13694,
The Northwest Kid,13762,
"Theis, Leona",10459; 13302,http://viaf.org/viaf/19572029
"Theodore, Bobby",8961,http://viaf.org/viaf/35685148
"Theroux, Paul",9366,http://viaf.org/viaf/34463664
"Thesen, Sharon",9108,http://viaf.org/viaf/115694373
"Thibaudeau, Colleen",11571; 8326,http://viaf.org/viaf/28620363
"Thibault, André",10401,http://viaf.org/viaf/206145003315261300975
"Thibault, Simon",10728,http://viaf.org/viaf/80151171005939091696
"Thicke, Shawn",11767,
"Thiel, Gloria",11461; 11464; 11555; 11560; 11562,
"Thien, Madeleine",8925,http://viaf.org/viaf/74092627
"Thiessen, Amy",12237,
"Thiessen, Hannah",13419,http://viaf.org/viaf/599151170939039090815
"Thistle, Jesse",10207; 10351; 10424; 11865; 12415; 8322; 8619; 8930; 9346; 9472,"http://viaf.org/viaf/52154981740367741131; http://viaf.org/viaf/52154981740367741131/#Thistle,_Jesse_1976-; https://viaf.org/viaf/52154981740367741131/#Thistle,_Jesse_1976-"
"Thom, Blossom",13606; 7964; 8255,
"Thom, Kai Cheng",10232; 10296; 10327; 10477; 10526; 11664; 12363; 13335; 13935; 8499,"http://viaf.org/viaf/1148389373310712524; https://viaf.org/viaf/1148389373310712524/#Thom,_Kai_Cheng"
"Thomas, Aiden",10377,"http://viaf.org/viaf/1510161212176840070004/#Thomas,_Aiden."
"Thomas, Angie",9026,http://viaf.org/viaf/7148812854945212558
"Thomas, Emily",10253; 10275; 11566, http://viaf.org/viaf/68151776725118010811
"Thomas, Gordon",8577,
"Thomas, H. Nigel",10045; 10078; 10694; 11708; 13653; 13658; 13914; 8357; 8557; 9894, http://viaf.org/viaf/56774799; http://viaf.org/viaf/4819147665825060670006; http://viaf.org/viaf/56774799
"Thomas, Joan",13216; 9519; 9523,http://viaf.org/viaf/83601435; https://www.wikidata.org/wiki/Q6205492
"Thomas, Kay",10241; 9877,
"Thomas, Leigh",12971,
"Thomas, Nigel",8348,http://viaf.org/viaf/56774799
"Thomas, Peyton",11755,http://viaf.org/viaf/2800160791831602860003
"Thomas, Rebecca",10420; 10768; 10793; 8904; 8905; 9047; 9983,"http://viaf.org/viaf/17156809629445122618; http://viaf.org/viaf/17156809629445122618/#Thomas,_Rebecca_Po%C3%A8te; http://viaf.org/viaf/306261409"
"Thomas-Müller, Clayton",12355,http://viaf.org/viaf/9652662
"Thomas-Peter, B.A.",8700,http://viaf.org/viaf/45149912469306211759
"Thomas-Peter, Brian",8579,http://viaf.org/viaf/45149912469306211759
"Thompson, Andrea",11488; 11492; 11610; 13651; 13914; 8776; 9614; 9908; 9937; 9938; 9991,http://viaf.org/viaf/11562310; http://viaf.org/viaf/1424159477682927990008; http://viaf.org/viaf/39017746
"Thompson, Cheryl",10063; 11971; 13983; 8781,"http://viaf.org/viaf/175306387; https://viaf.org/viaf/175306387/#Thompson,_Cheryl,_1977-"
"Thompson, Jamie",8444,
"Thompson, Linda K.",10969; 11601; 11818; 13480; 13859,http://viaf.org/viaf/40161760294621641713
"Thompson, Rachel",10234,http://viaf.org/viaf/169175445
"Thorimbert, Lindsay",13466,
"Thorkelson, Erika",11887,http://viaf.org/viaf/14154257869924151702
"Thornley, Scott",13662; 9329,http://viaf.org/viaf/221144783044182019003
"Thors, K.B.",13921; 8203; 8209; 8261; 9122; 9944,http://viaf.org/viaf/313502348
"Thottungal, Joe",12824,http://viaf.org/viaf/19154800223256191943
"Thuot, Marie-Ève",13952,http://viaf.org/viaf/3155564007613002273
"Thérien, Michel",11674; 8262,http://viaf.org/viaf/23972488; http://viaf.org/viaf/941159477999927990005
Thóra Hjörleifsdóttir,11655,http://viaf.org/viaf/508152138683510982460
"Thúy, Kim",13035; 9430,http://viaf.org/viaf/102867130
Tianna,8434,
"Tidbeck, Karin",8257,http://viaf.org/viaf/3944153063243319320004
"Tidhar, Lavie",13352,http://viaf.org/viaf/102871292
"Tidlund, Mary",10860; 9031,
"Tierney, Cara",8491,
"Tierney, Orchid",12092,http://viaf.org/viaf/250213864
"Tiessen, Kaylie",13003,
"Tigelaar, Liz",8192,http://viaf.org/viaf/11955222
"Tija, Sherwin",9944,http://viaf.org/viaf/34388788
"Tilley, Sara",8304,http://viaf.org/viaf/9313157884842660620008
"Timmins, Leslie",11822,http://viaf.org/viaf/34062604
Ting Wei Jen,10236,http://viaf.org/viaf/35164536517832021350
"Tinwei Lam, Fiona",13454; 13457; 13460; 13469; 13471; 13475; 13542; 13635; 8573,"http://viaf.org/viaf/32330273; https://viaf.org/viaf/32330273/#Lam,_Fiona_Tinwei,_1964-"
"Tippet, Ben",10098,http://viaf.org/viaf/26160544552509981387
"Toarmino, Rachelle",8227, http://viaf.org/viaf/17151533661202770280
"Tobimatsu, Kimiko",8447; 8767,http://viaf.org/viaf/3158548583816350256
"Tobin, Alicia",11385,"https://viaf.org/viaf/36156130847458310793/#Tobin,_Alicia,_1975-"
"Tocker, Robyn",10632,
"Todd, Loretta",8710,http://viaf.org/viaf/90762297
"Todd, Terrie",14141,http://viaf.org/viaf/101148449728615691149
"Toews, J.G.",9139,http://viaf.org/viaf/98765223
"Toews, John",12255; 12257; 12259; 12260; 12261; 12262; 12263; 12264; 12268; 12269; 12271; 12272; 12273; 12280; 12281; 12282; 12283; 12284; 12285; 12292; 12293; 12294; 12295; 12296; 12298; 12299; 12300; 12301; 12302; 12305; 12306; 12307; 12308; 12309; 12311; 12318; 12319; 12320; 12321; 12322; 12323; 12324; 12325; 12326; 12327; 12328; 12329; 12330; 12331; 12332; 12333; 12340; 12341; 12342; 12348; 12349; 12350; 12354; 12355; 12363; 12364; 12365; 12366; 12367; 12368; 12369; 12384; 12385; 12386; 12390; 12394; 12396; 12398; 12401; 12402; 12403; 12404; 12405; 12406; 12407; 12408; 12409; 12410; 12411; 12412; 12413; 12414; 12429; 12430; 12441; 12443; 12444; 12447; 12449; 12451; 12456; 12458; 12459; 12463; 12464; 12465,
"Toews, Mitchell",10281; 10283,
"Toews, Richard",13896,
"Toffan, Will",11949,"https://viaf.org/viaf/1805159474248227661152/#Toffan,_Will"
"Tokunow, Naima Yael",8160,
"Toles, George",9252,http://viaf.org/viaf/275764964
"Toles, George E.",12324,http://viaf.org/viaf/266580680
"Toles, Thomas",12324,
"Tolmie, Sarah",9986,http://viaf.org/viaf/311457508
Tom,10529,
"Tom, Nazbah",8450; 9347,
"Tomaszewski, Maggie",13636,
"Tomato, Mr.",12413,
"Tomine, Adrian",7945; 8510, http://viaf.org/viaf/85842663; http://viaf.org/viaf/85842663
"Tong, Ziya",8291; 8749,http://viaf.org/viaf/12153470895345082131
"Tootoosis, Jade",10558,http://viaf.org/viaf/113159105216306401211
"Tootoosis, Tala",10982; 12725,
"Topia, Zoii",10486,
"Torczyner, Jim",13961,http://viaf.org/viaf/67921803
"Torgerson, Angela",12458; 9665,
"Torme, T. K.",9831,http://viaf.org/viaf/8158978753655790827
"Torosian, Garine",9836,
"Torres, J.",10477; 12397; 13423,"http://viaf.org/viaf/17517229; https://viaf.org/viaf/17517229/#Torres,_J.,_1969-...."
Torsten,13801,
"Tory, John",12667,https://www.wikidata.org/wiki/Q928118
"Toshiko Simpson, Leanne",13912,http://viaf.org/viaf/78169073068364722332
"Tosswill, Brianna",10269; 10270; 10271; 10272,
"Totaro, Donato",9491,http://viaf.org/viaf/22161760315421642002
"Toten, Teresa",10477,"https://viaf.org/viaf/11900491/#Toten,_Teresa,_1955-"
"Touchie, Jeneva",11820,
"Touchie, Samantha",11820,
"Touré, Assiyah Jamilla",10477,"https://viaf.org/viaf/18162178703907850291/#Toure%CC%81,_Assiyah_Jamilla"
"Touré, Assiyah Jamilla",11537; 11618,http://viaf.org/viaf/18162178703907850291
"Trabucco Zerán, Alia",8765,http://viaf.org/viaf/267919245
Tracy Wai de Boer,9606,
Tracy by the Irish Sea,16085,
"Trafford, Matthew J.",8620,http://viaf.org/viaf/164755509
"Trafford, Tanya",11219; 11220; 11293,"https://viaf.org/viaf/15155464802002041481/#Trafford,_Tanya"
"Trahan, Michaël",11676,http://viaf.org/viaf/305192517
"Trainer, Yvonne",11849,"https://viaf.org/viaf/48160747/#Trainer,_Yvonne"
"Trainor, Kim",11109; 13549; 9824,http://viaf.org/viaf/316545921
"Trajkov, Igor Pop",11658,
"Tran, Christine H.",13912,
"Tran, Jess",8357,
"Travis, TeaJai",11943,
"Tregebov, Rhea",8700,http://viaf.org/viaf/64326502
"Treggiari, Jo",10376; 10769,"http://viaf.org/viaf/158517097; http://viaf.org/viaf/158517097/#Treggiari,_Jo"
"Treiber, Jacqui",13632,
"Tremblay, Francine",9454,https://www.wikidata.org/wiki/Q77232872
"Tremblay, Marie-Josée",11703,"https://viaf.org/viaf/316900391/#Tremblay,_Marie-Jos%C3%A9e,_1963-"
"Tremblay, Marie-Josée",8189; 8252,http://viaf.org/viaf/316900391
"Tremblay, Pierrot Ross",13138,http://viaf.org/viaf/2152682489623311875
"Trembles, Rick",10231,http://viaf.org/viaf/24321014
"Trethewey, Jordan",12692,
"Trethewey, Laura",9412,http://viaf.org/viaf/170887524
"Treviño, Wendy",10098,http://viaf.org/viaf/42157340765309922316
"Trihn, Johnny",11846,
"Trinh, Johnny D",8452,
"Trinh, Johnny D.",11853; 13735; 13739; 13751; 13760; 13769; 13770,
"Trinh, Linda",12409,http://viaf.org/viaf/25164475902125910605
"Tristan Jones, Emily",13612; 13614; 8255,
"Tristen, Sienna",10269; 10270; 11529,http://viaf.org/viaf/637164418638320230546
"Trivedi, Amish",11679; 12088,http://viaf.org/viaf/314910851
"Trofimuk, Thomas",10197; 10199,http://viaf.org/viaf/45455793
"Trop, Francesca",13965,http://viaf.org/viaf/299159397308919300114
"Trottier, Amélie",11680,http://viaf.org/viaf/168384623
"Troyer, John",8965,http://viaf.org/viaf/7156372274007540687
"Trudell, Eryn Dace",8176,http://viaf.org/viaf/169488210
"Trung, Le Nguyen",8581,http://viaf.org/viaf/23157038113966862166
"Truong, Monique",13035,http://viaf.org/viaf/79194626
"Truscello, Michael",9006,http://viaf.org/viaf/125150468233704170294
"Truscott, Mark",9735,http://viaf.org/viaf/63731229
"Truss, Sally",9080,
"Trussler, Mark",10897,http://viaf.org/viaf/34218914
"Trussler, Michael",8923; 8997,http://viaf.org/viaf/34218914
"Trzcinski, Kurt",8405,http://viaf.org/viaf/8162544536643312414
"Tsabari, Ayelet",10042; 11531; 9968,http://viaf.org/viaf/301096676
"Tsai, Addie",9289,http://viaf.org/viaf/28156675118433582302
"Tschoban, Jennie",13453,
"Tse, Chris",13734; 13735; 13736; 13739,http://viaf.org/viaf/28151050143533412916
"Tsiang, Sarah",10477; 11327,"http://viaf.org/viaf/106753340; https://viaf.org/viaf/106753340/#Tsiang,_Sarah,_1978-"
"Tsiang, Sarah Yi-Mei",11963; 9520; 9538,http://viaf.org/viaf/106753340
"Tsomondo, Sue-Shane",9023,
"Tsung, Joanne",10239,
"Tsurita, Kuniko",8504,http://viaf.org/viaf/257614791
"Tucker, Aaron",12099; 8283; 8306,1982-; http://viaf.org/viaf/306388650
"Tucker, Diane",10879; 13494; 9083,"http://viaf.org/viaf/51180377; https://viaf.org/viaf/51180377/#Tucker,_Diane,_1965-"
"Tucker, Heather",9647,http://viaf.org/viaf/10146331842218691268
"Tuer, Dot",12501,http://viaf.org/viaf/48390659
"Tuheiava-Richaud, Vāhi Sylvia",13977,http://viaf.org/viaf/36339645
"Tuil, Karine",12909; 13987,http://viaf.org/viaf/71559629
"Tuite, Ashleigh",8779,
"Tulchinsky, Aren X.",8629,
"Tumarkin, Maria",8802,http://viaf.org/viaf/16668568
"Tunney, Deborah-Anne",9942,http://viaf.org/viaf/40145304365578570279
"Turcotte, Élise",13982,http://viaf.org/viaf/60135727
"Turenne, Joujou",13985,http://viaf.org/viaf/53702546
"Turlock, Greg",11648,"https://viaf.org/viaf/101152138604010981762/#Turlock,_Greg,_1959-"
"Turmel, Émilie",8267,http://viaf.org/viaf/1152561485915441368
"Turnbull, Gillian",10294,http://viaf.org/viaf/9155564023213001935
"Turner, Jacqueline",13678,http://viaf.org/viaf/65237050
"Turner, Lauren",10152; 13667; 8156; 8211; 8465; 9466,"http://viaf.org/viaf/19157882743660440871; https://viaf.org/viaf/19157882743660440871/#Turner,_Lauren,_1990-"
"Turner, Peter",10841,http://viaf.org/viaf/304974756
"Turner, Ryan",10125,http://viaf.org/viaf/51073189
"Turow, Joseph",12762,http://viaf.org/viaf/85480889
"Turow, Scott",9012,http://viaf.org/viaf/106980468
"Turpin, Bill",10796,http://viaf.org/viaf/9146331751918690747
"Tushabe, Iryn",10637,
"Twist, Arielle",13569; 8154,http://viaf.org/viaf/9154135792015082453
"Tyagi, Abhinav",13888,
"Tysdal, Daniel Scott",10172; 10177; 8306,http://viaf.org/viaf/34220417
"Tysdal, David Scott",9488; 9489,"https://viaf.org/viaf/34220417/#Tysdal,_Daniel_Scott,_1978-"
"Tzadeka (van der Giessen, Maigan)",10482,https://viaf.org/viaf/2110163274266612440004/#Tzadeka_(Groupe_musical)
"Udel, Miriam",12915,http://viaf.org/viaf/117145003297461301009
"Ulrich, Maureen",10635; 10829,http://viaf.org/viaf/106727930
"Ulysses, Magpie",13770,
"Umstattd, Thomas (Jr.)",14125; 14126,
"Undi, Chim",10233,
"Undi, Chimwemwe",10277; 11539; 12410; 13784,http://viaf.org/viaf/49149912347106210606
"Unger, Andrew",11184; 11185; 11187; 11188; 11189; 11190; 12255; 12429; 13232; 9268,"http://viaf.org/viaf/241158790551638850877; https://viaf.org/viaf/241158790551638850877/#Unger,_Andrew,_1979-"
"Ungurenaşu, Alexei",8830,
Unsociably High,13618,
"Unsworth, Lydia",12105,http://viaf.org/viaf/15164658744603132985
"Unwin, Peter",10397,
"Urbanyi, Pablo",10039,http://viaf.org/viaf/115697540
"Urist Green, Sarah",8250,http://viaf.org/viaf/150866949
"Urquhart, Emily",11275; 11306; 8773; 9407,http://viaf.org/viaf/3147965836384082087
"Urquhart, Jaime",9619,
"Urquhart, Jane",9523,http://viaf.org/viaf/84393856
Ursh,8424; 8462,
"Uswak, Sabrina",10053,
"Vaah, Elizabeth Allua",9965,http://viaf.org/viaf/25160120847340442599
"Vaccariello, Pamela",11694,
"Vadnais, Christiane",10477; 11000; 13130,"http://viaf.org/viaf/10153470910045082420; https://viaf.org/viaf/10153470910045082420/#Vadnais,_Christiane,_1986-; https://viaf.org/viaf/10153470910045082420/#Vadnais,_Christiane,_1986-...."
"Vaillant, John",12424,http://viaf.org/viaf/11709121
"Vaillant, Sonia",8852,
"Valcius, Léonicka",10296; 13976,
"Valdron, Den",13270; 13271; 13272,http://viaf.org/viaf/145145541812396601383
"Valencia, Jacqueline",12097, http://viaf.org/viaf/296979386
"Valente, Catherynne M",11701,http://viaf.org/viaf/85792081
"Valin, Delani",13849,http://viaf.org/viaf/289167021257952870280
"Valiquette, Sarah Jean",13750; 13815,
"Vallis, Chantal",9379,
"Vallée, Marc",13154,
"Van Camp, Richard",10248; 10815; 10848; 11091; 11124; 11858; 11866; 11877; 11927; 12422; 12427; 12512; 13338; 13394; 13411; 13412; 13936; 8334; 8893; 9304; 9381; 9531,"http://viaf.org/viaf/49451678; https://viaf.org/viaf/49451678/#Van_Camp,_Richard,_1971-...."
"Van Der Meer, Carolyne",10036; 11708; 7964; 8187; 8263; 8267; 8269; 8271; 8272,http://viaf.org/viaf/305358649; http://viaf.org/viaf/6276161819224227960002
"Van Dyk, Leah",10760,
"Van Lieshout, Diyet",11098,https://viaf.org/viaf/152152138531110981201/#Diyet
"Van Niekerk, Colleen",9887,http://viaf.org/viaf/8163753410234271219
"Van Norman, Brian",10073,http://viaf.org/viaf/8155189881982130021
"Van Oldenbarneveld, Lucy",9145; 9367,http://viaf.org/viaf/250947638
"Van Staalduinen, Brent",10006; 10305; 11305; 9559,http://viaf.org/viaf/1758145857154522922707
"Van Tighem, Kevin",13446; 9066,http://viaf.org/viaf/23801512
"Van Tol, Alex",8651,http://viaf.org/viaf/120466929
"Van Valkenburg, Anna",9056,http://viaf.org/viaf/35159818788313812483
"VanSickle, Vikki",11389; 11396; 11405; 12028,"http://viaf.org/viaf/3844149068619265730002; https://viaf.org/viaf/3844149068619265730002/#VanSickle,_Vikki,_1982-"
"Vance, Erin Emily Ann",12103,http://viaf.org/viaf/38164187351318200939
"Vandall, P.C.",9307,http://viaf.org/viaf/8154257787024151206
"Vandall, PC",8179,
"Vanderhaeghe, Guy",13299; 9383; 9603,http://viaf.org/viaf/80459029
"Vandermeer, Jeff",11709; 12757,http://viaf.org/viaf/47888668
"Vandersteen, Max",10274; 11561; 11562; 11567,
"Vanderstoop, Doreen",8620; 8626,http://viaf.org/viaf/34157340765209922374
"Vanessa, Lady",9034,
"Vannicola, Joanne",10133,http://viaf.org/viaf/316876362
"Varesi, Leah",13895; 13896,
"Varghese, Anuja",10006; 10175; 10273; 10538; 10540; 11169; 13908,"http://viaf.org/viaf/37166290237400461797; https://viaf.org/viaf/37166290237400461797/#Varghese,_Anuja"
"Varin, Chloé",10251; 9334,http://viaf.org/viaf/102783544
"Varnam, Kit",9899,
"Vashegyi MacDonald, Ágnes",11957,
"Vasil, Adria",12511,http://viaf.org/viaf/78849655
"Vassanji, M.G.",11329,"https://viaf.org/viaf/96951910/#Vassanji,_M.G."
"Vavassis, Vivian",8262,
"Velji, Zain",10191,
"Vellino, Karuna",8248,
"Veloso, Caetano",13950,http://viaf.org/viaf/19867383
Velvet Wells,13870; 13889,
"Venart, Sarah",11771; 12114; 8270; 8722,http://viaf.org/viaf/78573732
"Veness, Josie Charlene",9023,
Veracity,12778,
"Verboom, Andy",10748; 8151; 9808,"http://viaf.org/viaf/79147663153760552964; https://viaf.org/viaf/79147663153760552964/#Verboom,_Andy"
"Verbree, Arianna",13619,
"Vercetty, Quentin",13932,
"Verdandi, Una",11452, http://viaf.org/viaf/1160725510510180002
"Verdecchia, Guillermo",10422,"http://viaf.org/viaf/41927151/#Verdecchia,_Guillermo"
"Verdier, Marie-Claude",8961,http://viaf.org/viaf/309159397309019300419
"Vermeersch, Paul",11309; 11965; 9488,"http://viaf.org/viaf/21496006; https://viaf.org/viaf/21496006/#Vermeersch,_Paul."
"Vermette, Katherena",13150; 8906; 9388; 9983,http://viaf.org/viaf/256445679
"Vermette, Rhayne",9836,https://www.wikidata.org/wiki/Q49839496
"Vernart, Sarah",8721,http://viaf.org/viaf/78573732
"Vernon, Karina",12682; 9125,http://viaf.org/viaf/34154981748067740474
"Vernon, Thom",10697,http://viaf.org/viaf/31157222994884972917
"Verstraete, Larry",13259,http://viaf.org/viaf/85436131
"Verticchio, Giulia",11781,http://viaf.org/viaf/6163456911704815223
"Vickers, Patricia",8410,http://viaf.org/viaf/29608389
"Vickers, Roy Henry",13379,http://viaf.org/viaf/96625705
"Victor, Ken",13612; 8233,http://viaf.org/viaf/36155343968506312678
"Victoria, Emily",13418,http://viaf.org/viaf/4595163464156005680009
"Vierya, Deborah",13640; 13644,
"Vieux-Chauvet, Marie",13982,http://viaf.org/viaf/49367558
"Vigneault, François",8534,http://viaf.org/viaf/9757159477794327990002
"Vik, Siss",8989,http://viaf.org/viaf/230081231
"Villalobos, Juan Pablo",8839; 8942,http://viaf.org/viaf/149168280
"Villoso, K.S.",7966,http://viaf.org/viaf/6156674997333582187
"Vilu, Ethan",9034,
"Vincent, John Emil",11706; 11770; 12807; 8952,http://viaf.org/viaf/12560703
"Visconti, Gian Marco",13321,
"Viswanathan, Padma",10695,http://viaf.org/viaf/20889235
"Vitale, Tom",13341,http://viaf.org/viaf/24806201
"Viva, Frank",10378,"http://viaf.org/viaf/122336759/#Viva,_Frank"
"Vo, Huong",13889,
"Vogler, Stephen",11223; 11291,"https://viaf.org/viaf/83505515/#Vogler,_Stephen,_1964-"
"Vollant, Jeanne D'Arc",13147,http://viaf.org/viaf/275066398
"Von Rennenkampff, Susanne",11654,
"Vondrak, Elizabeth",10294,
"Voth, Chris",12307,
"Vowel, Chelsea",10477; 11166,"https://viaf.org/viaf/9150999544129870509/#Vowel,_Chelsea"
"Vowles, Martha",13040; 8271,http://viaf.org/viaf/13161209251339862485
"Vrana, A.J.",10477,
"Vulpe, Nicola",10065; 8261,http://viaf.org/viaf/43553911
"Vuong, Ocean",12522,http://viaf.org/viaf/17145003693061340818
"Wabush, Pierre",13169,
"Wada, Rachel",8649,http://viaf.org/viaf/25155343862106311201
"Waddy, Allan",11886,
"Waechtler, Heidi",8664,
"Wagar, Jason",13008,
"Wagler, Tyler",8740,
"Wagner, KT",10284; 11889; 11898; 13459; 13461,
"Wah, Fred",10399; 11847; 12424; 13471; 13552," http://viaf.org/viaf/1330211; http://viaf.org/viaf/1330211; https://viaf.org/viaf/1330211/#Wah,_Fred,_1939-"
"Wahl, Phoebe",11427,http://viaf.org/viaf/311457390
"Wai de Boer, Tracy",9787,"https://viaf.org/viaf/27164717693302090285/#De_Boer,_Tracy_Wai"
"Wainwright, J.A.",10040,
"Wainwright, Rufus",11530,http://viaf.org/viaf/85845210
"Waiser, Bill",12979,http://viaf.org/viaf/1446900
"Waitt, Meghan",11155,
"Wakarchuk, Victor",13508,
"Wake, Hal",10975,
"Wake, Julian",10028,
Waking Dream,13637,
"Walbourne-Gough, Douglas",12417,http://viaf.org/viaf/107906986
"Walcott, Rinaldo",10479; 12703; 13024; 9682; 9990,"http://viaf.org/viaf/71673712; https://viaf.org/viaf/71673712/#Walcott,_Rinaldo,_1965-...."
"Walde, Christine",11616; 8385,http://viaf.org/viaf/70812082
"Walden, Jen",11863,"https://viaf.org/viaf/144208303/#Walden,_Jen,_1975-"
"Waldman, Ayelet",13958,http://viaf.org/viaf/20606601
"Waldman, Jon",12318,http://viaf.org/viaf/102881393
"Walker, Caroline",13303,
"Walker, Hilary",10831,http://viaf.org/viaf/27164959848924022150
"Walker, Katherine",10701,http://viaf.org/viaf/22161816287527722030
"Walker, Liz Rachel",11892,
"Wall, Aimee",11123; 8307; 8954,"http://viaf.org/viaf/13147423171344882625; https://viaf.org/viaf/13147423171344882625/#Wall,_Aimee"
"Wall, Emily",8573,http://viaf.org/viaf/24388876
"Wall, Holden",13742,
"Wallace, Jade",10294; 11670; 8628,http://viaf.org/viaf/3166531981912610547
"Wallace, Russell",8672; 8696; 8710,
"Wallace, Yvonne",8714,
"Wallin, Myna",10152; 9704,http://viaf.org/viaf/9532794
"Wallinger, Liam",13635,
"Walschots, Natalie Zina",10478; 10526; 11968; 12568; 8803,"http://viaf.org/viaf/31456042; https://viaf.org/viaf/31456042/#Walschots,_Natalie_Zina,_1983-"
"Walschots, Natalie, Zina",10195,http://viaf.org/viaf/31456042
"Walsh, Cat",8961,http://viaf.org/viaf/11163208534207232142
"Walsh, Helen",10126; 11641,http://viaf.org/viaf/307434664; http://viaf.org/viaf/926162238561513810007
"Walsh, Jane",10016,"http://viaf.org/viaf/31160846297508030855/#Walsh,_Jane_(Romance_novelist)"
"Walsh, Matthew",13665; 8231,http://viaf.org/viaf/120152138534710981486
Walter Kaheró:ton Scott,8490,http://viaf.org/viaf/313504973
"Walters, Eric",13396; 8888; 9028; 9372,http://viaf.org/viaf/308697355; ttp://viaf.org/viaf/308697355
"Waltner-Toews, David",11006; 12503; 8779,"http://viaf.org/viaf/67872064; https://viaf.org/viaf/67872064/#Waltner-Toews,_David,_1948-...."
"Walton,  Jennifer",9592,
"Walton, Dawnie",12999; 9455,http://viaf.org/viaf/44160307392657742016
"Walton, Jack",13060,
"Walton, Jo",11704,http://viaf.org/viaf/65114654
Wan,13382,
"Wang, Holman",8646,http://viaf.org/viaf/3700642
"Wang, Isabella",10236; 10291; 10399; 10585; 10969; 11639; 11822; 11981; 12088; 13553; 13754; 13759; 8699; 9872; 9876,http://viaf.org/viaf/15162420612132252067
"Wang, Jack",11276; 11631; 11778; 11952; 8625; 8675; 8808,http://viaf.org/viaf/258021826; http://viaf.org/viaf/315606820
"Wang, Phoebe",10273; 10477,"http://viaf.org/viaf/11154257975124152629; https://viaf.org/viaf/11154257975124152629/#Wang,_Phoebe"
"Wang, Xiaowei",13013,http://viaf.org/viaf/10159276911607952813
"Wani, Emmanuel",13703,
"Wani, Sanna",10157; 10233; 13907; 13913; 8776,http://viaf.org/viaf/18163810482138822082
"Wani, Sanną",8162,
"Wanless, Tony",10402,http://viaf.org/viaf/493159397658119302726
"Wany, Stanley",10238,http://viaf.org/viaf/446159397578519302481
"Ward, Catriona",11699,http://viaf.org/viaf/7146331835118691130
"Ward, Tristis",12681,http://viaf.org/viaf/181802126
"Ward-Zbeetnoff, Courtney",11576,
"Ware, Ruth",9426,http://viaf.org/viaf/314895865
"Ware, Syrus Marcus",10807; 9965,http://viaf.org/viaf/13149196664074792859
"Warland, Betsy",11154; 11893; 13464; 13490; 13519; 8571; 8629; 8674; 8679; 8680; 9286; 9882,"http://viaf.org/viaf/45824469; https://viaf.org/viaf/45824469/#Warland,_Betsy,_1946-...."
"Warner, Andy",13749,
"Warner, Jessica",10037,ttp://viaf.org/viaf/315593762
"Warner, Marina",9568,http://viaf.org/viaf/110232821
"Warren, Martha",13631,
"Warren, Michael",9259,
"Warrian, Peter",9486,"https://viaf.org/viaf/60692263/#Warrian,_Peter"
"Warrior, M. C.",13527; 13540,http://viaf.org/viaf/14325731
"Warrior, M.C.",8370,http://viaf.org/viaf/14325731
"Washburn, Kawai Strong",12497,http://viaf.org/viaf/198156563596223242675
"Washburn, Michaela",8896,http://viaf.org/viaf/18152380028501760566
"Washington, Bryan",13008; 8552,http://viaf.org/viaf/1152501051210680370
"Wasserstein, Izzy",8293,http://viaf.org/viaf/24153833231064332511
"Wastasecoot, Brenda",11565,"https://viaf.org/viaf/102823736/#Wastasecoot,_Brenda_Isabel,_1963-"
"Watada, Terry",10053; 9057,http://viaf.org/viaf/4356167; http://viaf.org/viaf/43561678
"Watala, Terry",9716,
"Waterfall, Rhonda",10037,http://viaf.org/viaf/101419961
"Watson, Cristy",13476; 13478; 13642; 13899,http://viaf.org/viaf/162586542
"Watson, Galadriel",11900,http://viaf.org/viaf/43643227
"Watson, Josephine",8265,
"Watson, Rebecca",9292,http://viaf.org/viaf/4157701686244221863
"Watt, K. Jane",11214; 11215; 11263; 11283,"https://viaf.org/viaf/105422979/#Watt,_K._Jane"
"Watt, Melanie",11426,http://viaf.org/viaf/85335152
"Watts, Carl",10139,http://viaf.org/viaf/2147965831384082358
"Wayland, Sarah",9467; 9474,
"Wayland, Tom",13540,http://viaf.org/viaf/187335871
"Wearing, Alison",9480,http://viaf.org/viaf/77375447
"Weasel Head, Amber",13409,
"Weaver, Andy",12111,http://viaf.org/viaf/56333334
"Webb, Amy",13385,http://viaf.org/viaf/252238605
"Webb, Chantelle",10847,
"Webb-Campbell, Shannon",10273; 10477; 10771; 13152; 8282,"http://viaf.org/viaf/313282871; https://viaf.org/viaf/313282871/#Webb-Campbell,_Shannon,_1983-"
"Webber, George",8995,
"Webber, Georgia",12667; 8567,http://viaf.org/viaf/145144782724178910498
"Weber, Annie",12029,
"Weber, Lori",8345,http://viaf.org/viaf/54100459
"Webstad, Phyllis",10835,http://viaf.org/viaf/86156563399423240762
Webster,13989,
"Webster, Barry",8168; 8297, http://viaf.org/viaf/106564200; http://viaf.org/viaf/106564200
"Webster, Derek",8272,http://viaf.org/viaf/316787158
"Wedderburn, Andrew",10052; 8229,http://viaf.org/viaf/12085962
"Wee, Natalie",10477; 11539; 8465,"http://viaf.org/viaf/10163936541000832674; https://viaf.org/viaf/10163936541000832674/#Wee,_Natalie"
"Weenie, Kendra",10930,"https://viaf.org/viaf/28162365686125460710/#Weenie,_Kendra"
"Weiden, David Heska Wanbli",8528,http://viaf.org/viaf/181156919244154970005
"Weigel, Matthew James",10151; 9479,"http://viaf.org/viaf/399160483635904990008; https://viaf.org/viaf/399160483635904990008/#Weigel,_Matthew_James,_1985-"
"Weinberg, Paul",9467; 9474; 9484,
"Weiner, Anna",8484,
"Weinman, Sarah",9394,http://viaf.org/viaf/300285214
"Weisberg, LJ",13742; 13750; 8680,
"Weiser, Angela",11555,
"Welch, Katie",10477; 11166,"https://viaf.org/viaf/246164418599720230411/#Welch,_Katie"
"Welch, Rob",9685,http://viaf.org/viaf/47620504
"Welldon, Christine",10610,http://viaf.org/viaf/105258870
"Wellman, Linsey",13616,
"Wellman, Rebecca",9261,http://viaf.org/viaf/73149841976102842441
"Wells, Karin",12232; 8427; 9003, http://viaf.org/viaf/5156917196554792876; http://viaf.org/viaf/5156917196554792876
"Wells, Zach",8377; 8573,http://viaf.org/viaf/4337417
"Welsh, Moira",12707; 9997,http://viaf.org/viaf/494160483807804992133
"Welton, Rebecca",11182; 11235,
"Wener Herlin, Abby",11687; 11716,
"Wente, Jesse",10477; 10930; 11580; 9384,"http://viaf.org/viaf/41160725578810180692; https://viaf.org/viaf/41160725578810180692/#Wente,_Jesse"
"Wesaquate, Kevin",10979; 12725; 13703,
"Wesley, Gloria Ann",10778,http://viaf.org/viaf/106699953
"Weslowski, RC",11125; 11604; 11766; 11853; 12775; 12779; 13553; 13647; 13710; 13734; 13758; 13760; 13770; 13824; 13897; 9118; 9949,"http://viaf.org/viaf/10162781145865980362; https://viaf.org/viaf/10162781145865980362/#Weslowski,_RC"
"West, Lindy",9479,"https://viaf.org/viaf/258036743/#West,_Lindy,_1982-"
"Westdorp, Ken",13643,http://viaf.org/viaf/35159939439725251667
"Westhead, Jessica",10332,http://viaf.org/viaf/106617779
"Westhed, Jessica",11988,http://viaf.org/viaf/106617779
"Weyman-Jones, Thomas G.",11849,"https://viaf.org/viaf/13371074/#Weyman-Jones,_Thomas_G.,_1947-"
"Wharton, Thomas",9247,http://viaf.org/viaf/19845769
"Wheatley, Gerald",10849,
"Wheaton, Margo",10792,http://viaf.org/viaf/105495446
"Wheeler, Anne",10167; 9151; 9157, http://viaf.org/viaf/91847456; http://viaf.org/viaf/91847456
"Wheeler, Kim",11644,http://viaf.org/viaf/281533960
"Whishaw, Iona",10593; 10594; 9263; 9264,http://viaf.org/viaf/24104991
"White, Evelyn C.",11488; 11493; 9961; 9982,http://viaf.org/viaf/118528358
"White, Karen Lee",11194; 12580,"http://viaf.org/viaf/24154981745067741363; https://viaf.org/viaf/24154981745067741363/#White,_Karen_Lee,_1955-"
"White, Tiffany H.",8222,
"Whitehead, Colson",10953; 11651; 8498,http://viaf.org/viaf/69151887
"Whitehead, Joshua",10196; 10296; 11096; 11258; 11928; 12269; 12761; 13139; 13155; 13916; 13922; 8545; 8905; 9008; 9024; 9347; 9395; 9427,"http://viaf.org/viaf/26151110715737062058; http://viaf.org/viaf/8211159477859727990006; https://viaf.org/viaf/26151110715737062058/#Whitehead,_Joshua,_1989-"
"Whitehead, Kyle",9836,
"Whitehead, Oliver",8326,http://viaf.org/viaf/264279167
"Whiteley, Ken",8740,http://viaf.org/viaf/43489666
"Whiteman, Bruce",9815,http://viaf.org/viaf/22158777
"Whiteway, Doug",13227,http://viaf.org/viaf/92716062
"Whitlock, Nathan",10378,"http://viaf.org/viaf/68747167/#Whitlock,_Nathan"
"Whitman, Lorraine",12508,
"Whitson, Audrey J.",9138,http://viaf.org/viaf/71083655
"Whittall, Zoe",10064; 10477; 11163; 11291; 11594; 9449,"http://viaf.org/viaf/17557788; https://viaf.org/viaf/17557788/#Whittall,_Zoe"
"Whittle-Brown, Kareece (Kari)",8681,
"Whyte, Ewan",10077,http://viaf.org/viaf/53877532
"Wibberley, LA",10287,
"Wicks, Heidi",12417; 9302,
"Wickwire, Wendy",11908,http://viaf.org/viaf/39424770
"Wiebe, Mariianne Mays",11783,http://viaf.org/viaf/23156856459449602219
"Wiebe, Sam",8630; 9244,http://viaf.org/viaf/306378696
"Wieland, Joyce",9836,"http://viaf.org/viaf/57500490/#Wieland,_Joyce,_1931-1998"
"Wiener, Salena",8252,
"Wiercinski, Jared",12230,
"Wiersema, Robert",11643,http://viaf.org/viaf/41607218
"Wilcox, Alana",7918,http://viaf.org/viaf/33802033
"Wilcox, Brad",13318,
"Wilde, Veronica",13842,
"Wilder, Georgia",9579; 9728; 9732,http://viaf.org/viaf/29155224398484371043
"Wilensky, Shirarose",11288,"https://viaf.org/viaf/102898695/#Wilensky,_Shirarose"
"Wilhelmy, Audrée",10353; 10369,http://viaf.org/viaf/175364759
"Wilker, Carolyn",14135,http://viaf.org/viaf/171417281
"Wilkins, Grant",13623,http://viaf.org/viaf/106428971
"Wilkinson, Joshua Marie",12112,http://viaf.org/viaf/68339992
"Willet, Edward",12956,http://viaf.org/viaf/107098643
"Willett, Mindy",11873,"https://viaf.org/viaf/58914842/#Willett,_Mindy,_1968-"
"Williams, Christena",9881; 9907,
"Williams, Dorothy W",9894,http://viaf.org/viaf/12483052
"Williams, Eric Kostiuk",10228,http://viaf.org/viaf/307451922
"Williams, Ian",12400; 12410; 13326; 13551; 8603; 8780; 8906; 8907; 8936; 9161; 9417; 9974,http://viaf.org/viaf/2314160425263868320009; http://viaf.org/viaf/48732927
"Williams, Kimberley",9084,http://viaf.org/viaf/302459859
"Williamson, Alex",9009; 9935,
"Williamson, Alexander",8411; 9119,http://viaf.org/viaf/23159818664813811279
"Williamson, John",9121,
"Williamson, Mary St-Amand",8175,http://viaf.org/viaf/299159397438819301181
"Willis, Deborah",10459,http://viaf.org/viaf/96919660
"Wills, Jenny Heijun",10236; 10329; 12300; 12456; 9477,http://viaf.org/viaf/68155707017322411145
"Wilmot, Andrew",8851,http://viaf.org/viaf/316787340
"Wilson, Cam",10402,
"Wilson, James",9742,
"Wilson, K.R.",10077,http://viaf.org/viaf/106610207
"Wilson, Michelle",12808,
"Wilson, Neil",9148,
"Wilson, Patricia",8447,
"Wilson, Rita",10792,
"Wilson, Sean",9348; 9349,
"Wilson, Shawnda",11620,
"Wilson, Sheri-D",11846; 11847; 11849; 11853; 11855; 13547; 13758; 13769; 13839; 9083; 9104,"http://viaf.org/viaf/6636281; https://viaf.org/viaf/6636281/#Wilson,_Sheri-D"
"Wilson-Raybould, Jody",13038; 8711; 9661,"http://viaf.org/viaf/144207618; https://viaf.org/viaf/144207618/#Wilson-Raybould,_Jody,_1971-"
"Wilson-Yang, Jia Qing",8451; 9941,http://viaf.org/viaf/13146936666613781083
"Wilt, James",10098; 10171; 10383,"http://viaf.org/viaf/411157523352027031493; http://viaf.org/viaf/411157523352027031493/#Wilt,_James"
"Windsor, Kevin",11403,
"Winger, Rob",10477; 11671,"http://viaf.org/viaf/12090197; https://viaf.org/viaf/12090197/#Winger,_Rob,_1974-"
Winnipeg Wallace,13826,
"Wint, Brandon",10059; 10277; 11539; 11540; 11541; 11542; 11543; 11847; 13758; 13763; 13770; 8155; 8157; 8159; 8160; 8161; 8162; 8163; 8164; 8247; 8323; 9479; 9809; 9901," http://viaf.org/viaf/4150565446106250535; http://viaf.org/viaf/4150565446106250535; http://viaf.org/viaf/63167198602567631179; https://viaf.org/viaf/4150565446106250535/#Wint,_Brandon_1988-; https://viaf.org/viaf/63167198602567631179/#Wint,_Brandon"
"Winter, Ash",8459,
"Winter, Bess",10332,http://viaf.org/viaf/54146634366641931271
"Winter, Evan",10296; 7966; 8847; 9790,http://viaf.org/viaf/13154865854859940935; http://viaf.org/viaf/2023154387303830970001
"Winter, Kathleen",11695; 11967; 13016,http://viaf.org/viaf/70552881
"Winters, Ben H.",8534,http://viaf.org/viaf/172078742
"Wintour, Tranna",13935,
"Wise, Ian",12413,
"Wiseman, Adele",8744,http://viaf.org/viaf/116275298
"Wiseman, David",10628,
"Wishinsky, Frieda",10470,"https://viaf.org/viaf/56939576/#Wishinsky,_Frieda"
"Wisse, Ruth",12942,http://viaf.org/viaf/19720423
"Wither, William John",13587,
"Withey, Elizabeth",10858; 9037,http://viaf.org/viaf/27144928030854341120
"Witte, Darlene",11652; 11663,"https://viaf.org/viaf/105363648/#Witte,_Darlene,_1951-"
"Witte, Valerie",12116,http://viaf.org/viaf/37163935806200830330
"Wittman, Kristen",11060; 12366,"http://viaf.org/viaf/26779858; https://viaf.org/viaf/26779858/#Wittman,_Kristen,_1972-"
"Wohl, Sharon",12328,http://viaf.org/viaf/98144782701263510657
"Wohlleben, Peter",8492,http://viaf.org/viaf/55346472
"Wolf, Gabriel",10980,
"Wolf, Jamieson",11452; 11454; 11486; 11489,http://viaf.org/viaf/2160604729916122096
"Wolff, Elana",10152; 12109; 9897; 9976,http://viaf.org/viaf/170905830
"Wolfson, Sarah",11107; 11703; 8189; 8252; 8256,http://viaf.org/viaf/19489567
"Wolitzer, Meg",8753,http://viaf.org/viaf/51897497
"Wolkenstein, M. Evan",11692,"https://viaf.org/viaf/16156917176054792140/#Wolkenstein,_M._Evan"
"Wolman, Lauren",10524,
"Wong, Alison",11027,
"Wong, Amanda",13750,
"Wong, Danielle",12500,
"Wong, David",12525,http://viaf.org/viaf/260698315
"Wong, Jane",9875,http://viaf.org/viaf/313499042
"Wong, Jared",11508,
"Wong, Lindsay",10234; 10376; 10377; 9092; 9372,"http://viaf.org/viaf/23152682467223310269; http://viaf.org/viaf/23152682467223310269/#Wong,_Lindsay"
"Wong, Lindsay,",9360,http://viaf.org/viaf/23152682467223310269
"Wong, Rita",13552,http://viaf.org/viaf/120747508
"Wong, Sandra SG",10477,"https://viaf.org/viaf/2161164782075808600009/#Wong,_Sandra_SG"
"Wong, Teresa",12658,http://viaf.org/viaf/12154135686715080333
"Wong, Todd",8676,
"Woo, Andrea",13370,
"Woo, Dan K.",10477; 11166,"https://viaf.org/viaf/22152930908009671859/#Woo,_Dan_K."
"Woo, Elaine",10921; 13627; 13895,"http://viaf.org/viaf/310611362; https://viaf.org/viaf/310611362/#Woo,_Elaine"
"Wood Barrett, Rebecca",11194; 11195; 11217; 11221; 11259; 11260; 11292,"https://viaf.org/viaf/6159276777507951191/#Wood_Barrett,_Rebecca"
"Wood, Aisha",13889,
"Wood, Alex",13336,http://viaf.org/viaf/50159939436925251382
"Wood, Faith",13466,
"Wood, Heather",10134,http://viaf.org/viaf/105269012
"Wood, Heather J.",9581,http://viaf.org/viaf/96760324
"Wood, Olivia",8227; 8228,http://viaf.org/viaf/310611184
"Woodfolk, Ashley",10376,"http://viaf.org/viaf/19149912315406210406/#Woodfolk,_Ashley."
"Woodman Kerkham, Cynthia",11602; 9120,http://viaf.org/viaf/162981104
"Woodman, Cynthia",8573,http://viaf.org/viaf/162981104
"Woods, David",10796,
"Woods, Jane",11988,http://viaf.org/viaf/311804856
"Woodson, Jacqueline",8471, http://viaf.org/viaf/79117120
"Woolford, Andrew",12342,http://viaf.org/viaf/119074317
"Woollcombe, Dharini",13915,
"Woollcott, Tory",12022; 12024; 12025; 12026,"https://viaf.org/viaf/11154074475211742954/#Woollcott,_Tory"
"Worrell, P. J.",10829,http://viaf.org/viaf/306378596
"Wosk, Yosef",11339,"https://viaf.org/viaf/169621330/#Wosk,_Yosef"
"Wren, Jacob",7923,http://viaf.org/viaf/70153530890648700546
"Wright, Angela",10288,http://viaf.org/viaf/173002805
"Wright, MiKayla",8265,
"Wright-Fraser, Karen",11875,
"Wright-McLeod, Brian",10466; 7937,"http://viaf.org/viaf/2769337; https://viaf.org/viaf/2769337/#Wright-McLeod,_Brian,_1958-"
"Wrobel, Stephanie",11233,"https://viaf.org/viaf/57156563481723241294/#Wrobel,_Stephanie"
"Wu, Fan",10319,
"Wyatt, Kyle",12524,
"Wylde, Cyndy",13162; 13166,http://viaf.org/viaf/4168286133357270086
"Wylie, Jodene",8868; 8882,
"Wynand, Derk",8401,http://viaf.org/viaf/91682224
"Wynne, Kathleen",10192,http://viaf.org/viaf/602162238560413810001
"Wynne-Jones, Tim",8943,http://viaf.org/viaf/27059733
"Wyss, Senaqwila",10241; 9877,
"Xia, Linda",13640; 13644,
"Xiao, Beni",13742,
"Xu, Ann",8596,http://viaf.org/viaf/2154135689815080423
"Xurukulasuriya, Dexter",11694,
"Yachnin, Paul",12885,http://viaf.org/viaf/32145546
"Yakeleya, Raymond",10859,
"Yalaoui, Malek",8347; 8349; 8350; 8353; 8500; 8503; 8509; 8524; 8536,
"Yamolky, Lozan",11840,http://viaf.org/viaf/32151836552320401985
"Yang, Chuqiao",10913; 11542; 8231; 8241; 8262,"http://viaf.org/viaf/45151110629137061270; https://viaf.org/viaf/45151110629137061270/#Yang,_Chuqiao"
"Yang, Lucy",10774,
"Yang, Qing",8648,
"Yang, Susie",12617,http://viaf.org/viaf/124161816310027721600
"Yannone, Sandra",11564,"https://viaf.org/viaf/31639585/#Yannone,_Sandra_L."
"Yanofsky, Joel",12884,http://viaf.org/viaf/98316534
"Yanow, Sophie",7967; 7968; 8516; 8544; 8590,http://viaf.org/viaf/308311264
"Yao, Diamond",10411,
"Yared, Lamia",13960,http://viaf.org/viaf/32167440926788532567
"Yathiraju, Chinmayi",10477,
"Yea, Sennah",8422,http://viaf.org/viaf/1151352018952602557
"Yeary, James",12117,http://viaf.org/viaf/35151715602113781777
"Yee, Sennah",10042; 8227,http://viaf.org/viaf/1151352018952602557
"Yee, Sennah,",9015,http://viaf.org/viaf/1151352018952602557
"Yeh, David Kingston",10039; 8446,http://viaf.org/viaf/105815267
"Yeung, Norman",8959,http://viaf.org/viaf/14160544673809982366
"Yeung, Tracy",11767,
"Yi, Melissa",12795,http://viaf.org/viaf/1149233454476511591
"Yin, Anna",10035; 10073; 9684; 9953,http://viaf.org/viaf/256081850
"Yip, Wendy",12525,
"Yoon, Janie",11952,
"York, Alissa",12739; 8976,http://viaf.org/viaf/71711950
"York, Jillian",13030,http://viaf.org/viaf/9574164479577026210007
"Young, Ken",12463,
"Young, Terence",10969; 11296; 8415; 8725; 9088; 9695,"http://viaf.org/viaf/192545332; http://viaf.org/viaf/40604630; https://viaf.org/viaf/40604630/#Young,_Terence,_1953-"
"Young, Terence,",11301,"https://viaf.org/viaf/40604630/#Young,_Terence,_1953-"
"Youngblut, Shelley",9392; 9393; 9394; 9396; 9397; 9425; 9426; 9427; 9428; 9429; 9430; 9431; 9434; 9455,http://viaf.org/viaf/28841947
"Younge-Ullman, Danielle",11946,"https://viaf.org/viaf/31452560/#Younge-Ullman,_Danielle"
Yours Truly KK (Kimathi Kaumbutho),8931,
"Yousef, Zainah",8355,
"Yousif, Nadine",10477,
"Youssef, Marcus",10584,http://viaf.org/viaf/68238365
"Yu, Angie",8673,
"Yu, Becca",8357,
"Yuen, Jenny",10477; 10526,"https://viaf.org/viaf/37154440081635340280/#Yuen,_Jenny"
"Yukiko, Robin",10540,
"Yuksel, M.O.",9655,"https://viaf.org/viaf/19161632084310640927/#Yuksel,_M._O."
"Yun, Jung",9816,http://viaf.org/viaf/16147481522949242252
"Yékú, James",10694,http://viaf.org/viaf/5103163756438134480004
"Zafar, Samra",12235,http://viaf.org/viaf/59155343958306312027
"Zaidman, Harriet",12340; 12449,http://viaf.org/viaf/305358991
"Zan, Bänoo",10011; 10603; 13651; 13907; 13908; 9586,http://viaf.org/viaf/177144647677892036127
"Zandbergen, Rebecca",8309,
"Zappa, Osvaldo",8653,http://viaf.org/viaf/107909813
"Zarankin, Julia",11308; 9479,"http://viaf.org/viaf/36636409; https://viaf.org/viaf/36636409/#Zarankin,_Julia,_1974-"
"Zawerbny, Janice",11288,"https://viaf.org/viaf/282993486/#Zawerbny,_Janice"
"Zdybel, Katie",10477; 11954,"http://viaf.org/viaf/11162060330751401194; https://viaf.org/viaf/11162060330751401194/#Zdybel,_Katie"
Zee,13722,
"Zeller, Ludwig",13924,http://viaf.org/viaf/49741420
"Zeltserman, Ella",11458; 11464; 9617,"http://viaf.org/viaf/313506282; https://viaf.org/viaf/313506282/#Zeltserman,_Ella,_1955-"
"Zenatti, Valérie",12948,http://viaf.org/viaf/61710687
"Zeng, Bill",8648,
"Zeremba, Eve",11756,http://viaf.org/viaf/8037296
"Zhao, Xiran Jay",11331,"https://viaf.org/viaf/15160208781748622076/#Zhao,_Xiran_Jay"
Zhe da Free,13706,
"Zhong, Irene",10269,
"Zhu, Isabelle",13654,
"Zickfoose, Sherri",9115,
"Ziemelis, Mārta",10529,"https://viaf.org/viaf/5151897196024072278/#Ziemelis,_M%C4%81rta,_1988-"
"Zier-Vogel, Lindsay",10292; 10391; 10479; 10520; 9050,"http://viaf.org/viaf/102885865; http://viaf.org/viaf/102885865/#Zier-Vogel,_Lindsay; https://viaf.org/viaf/102885865/#Zier-Vogel,_Lindsay"
Ziggiry,13893,
"Zilm, Jennifer",13475; 8414,http://viaf.org/viaf/305358869
"Zingel, Avery",11860,
"Zinoman, Jason",7945,http://viaf.org/viaf/160910914
"Ziya, Tong",8983,http://viaf.org/viaf/12153470895345082131
"Zoe, John B.",12333,http://viaf.org/viaf/106736275
"Zohra D, Mariam",13625; 13630; 13632; 13634; 13636; 13637; 13639; 13641; 13643; 13646; 13648,
"Zoledziowski, Anya",9479,
"Zolf, Janice",8322,
"Zolf, Rachel",10148,http://viaf.org/viaf/14312737
"Zombik, Kim",8178,
"Zomparelli, Daniel",11169,"https://viaf.org/viaf/231039296/#Zomparelli,_Daniel,_1985-...."
"Zoratti, Jen",12341; 12404,
"Zryd, Michael",9833; 9836,"http://viaf.org/viaf/1843149108671468780003/#Zryd,_Michael"
"Zucchiatti, Joe",11822,
"Zuliani, Andy",9246; 9873,http://viaf.org/viaf/29160725707910181539
"Zumbansen, Malte",8225,
"al-Masri, Maram",13982,http://viaf.org/viaf/32169112
"al-Shaykh, Hanan",13949,http://viaf.org/viaf/24636311
"azarus, Syd",10540,"https://viaf.org/viaf/26156809511645121191/#Lazarus,_Syd,_1994-"
"barlow, j tate",10152,
"bennett, andrea",10263; 13456; 9105; 9352,"http://viaf.org/viaf/306379146; http://viaf.org/viaf/306379146/#Bennett,_Andrea_(Andrea_Kathleen)"
"bill, bissett",9018,http://viaf.org/viaf/96127023
"bissett, bill",8385; 9645,http://viaf.org/viaf/96127023
"da Silva, Zinzi",9894,
"de Belen, Patrick",13734; 13735; 13739,
"de Belle, Julie",8272,http://viaf.org/viaf/10153713820558662440
"de Kerangal, Maylis",13357,http://viaf.org/viaf/141488
"de Leeuw, Sarah",11625; 12580; 13533; 13538,http://viaf.org/viaf/33866338
"de Loppinot, Dominique",9334,http://viaf.org/viaf/207957012
"de Mariaffi, Elisabeth",10477; 13672; 8774; 9014,"http://viaf.org/viaf/106522095; https://viaf.org/viaf/106522095/#de_Mariaffi,_Elisabeth,_1973-"
"de Meijer, Sadiqa",8921; 9286; 9376,http://viaf.org/viaf/305275077
"de Nada, Anne",9824,
"deVries, Cornelis",10621,http://viaf.org/viaf/279159130
"den Haan, Jacalyn",13594,
"des Rochers, Arianne",13916; 13922,http://viaf.org/viaf/372148389494810712267
"di Cintio, Marcello",13329; 13330,http://viaf.org/viaf/6782418
"du Plessis, Klara",11131; 12228; 12474; 8190; 8204; 8216; 8256, http://viaf.org/viaf/124151352052252602758; http://viaf.org/viaf/124151352052252602758
d’bi.young,8984,http://viaf.org/viaf/44049981
ecoaborijanelle,12750; 12957; 13061; 13582; 13702; 13711; 13825,
"ekwuyasi, francesca",13622,http://viaf.org/viaf/4158488688211732672
"fitzpatrick, ryan",9111,http://viaf.org/viaf/31781851
"gallos aquines, jacqueline",9035,
"hanna, natalie",12101,http://viaf.org/viaf/106037535
"hardy, Kel",8457; 8462,
"hiroko, erica",10873,
http://viaf.org/viaf/1022157771967848930003,11545,http://viaf.org/viaf/1022157771967848930003
http://viaf.org/viaf/106617981,8271,http://viaf.org/viaf/106617981
http://viaf.org/viaf/3148752159041201880,8271,http://viaf.org/viaf/3148752159041201880
http://viaf.org/viaf/32011503,13221,http://viaf.org/viaf/32011503
http://viaf.org/viaf/49736821,12892,http://viaf.org/viaf/49736821
http://viaf.org/viaf/59401203,12898,
"https://viaf.org/viaf/19403717/#Milman,_Isa",11716,"https://viaf.org/viaf/19403717/#Milman,_Isa"
iskwē,8330,http://viaf.org/viaf/35155564069913002133
"jJalaluddin, Uzma",10190,http://viaf.org/viaf/335157884844860620009
"joudry, shalan",10122; 13169; 9594,"http://viaf.org/viaf/307420195; http://viaf.org/viaf/307420195/#Joudry,_Shalan,_1979-"
kjmunro,8573,
"kneifel, émilie",12096,
"konaté, nènè myriam",11537,
"liem, t.",13620,http://viaf.org/viaf/4153182732826792769
loudvoice,10982; 12725,
mal/aimé,13620,
"mclennan, rob",12101; 12102; 12103; 12104; 12106; 12107; 12108; 12109; 12110; 12111; 12112; 12113; 12114; 12116, http://viaf.org/viaf/37166916; http://viaf.org/viaf/37166916
"of the tower, mary",9023,
"o’brien, katie",9086,
"paull, shauna",13556,http://viaf.org/viaf/102789224
"q, laura",8439; 8457,
"quest, seeley",11694,
ruthless,13751,
"serada, david",8914,http://viaf.org/viaf/4457154260346024480005
"shn, shn",10540,
"simpson, jaye",10233; 8616; 8666; 9024; 9347,http://viaf.org/viaf/20158548571016350356
"sinclair, patti",11590,
"smith, charles c.",10694; 9053,
textcurious,11678,
"tjh-banderob, simon",8222,
"van Didden, Hannah",10281,
"van Herk, Aritha",9071; 9075,http://viaf.org/viaf/110789564
"van Mil, Heather",8572,
"van Oldenbarneveld, Lucy",12235,http://viaf.org/viaf/28150083717114941753
"van Schaik, Kasia",11102,http://viaf.org/viaf/26165392719121252270
"van Staalduinen, Brent",13662,http://viaf.org/viaf/1758145857154522922707
"von Carolsfeld, Wiebke",8295,http://viaf.org/viaf/2196042
"Åkerström, Lola Akinmade",11641,http://viaf.org/viaf/299917398
