id,label,type
"creator::Lake, Drea","Lake, Drea",creator
"creator::Saravia, Alejandro","Saravia, Alejandro",creator
"creator::Freedman, Ariela","Freedman, Ariela",creator
"creator::Loveday, Willow","Loveday, Willow",creator
"creator::Gallant, Devon","Gallant, Devon",creator
"creator::Caritas Longman, Madelaine","Caritas Longman, Madelaine",creator
"creator::Lax, Sharon","Lax, Sharon",creator
"creator::Rajchgot, Harry","Rajchgot, Harry",creator
"creator::Martonfi, Ilona","Martonfi, Ilona",creator
"creator::Lieberman, Moti","Lieberman, Moti",creator
"creator::Prevost, Adele-Elise","Prevost, Adele-Elise",creator
"creator::Brockwell, Stephen","Brockwell, Stephen",creator
"creator::Robertson, Helen","Robertson, Helen",creator
"creator::Pederson, Jennifer.","Pederson, Jennifer.",creator
"creator::Lemoine, Scott","Lemoine, Scott",creator
"creator::Ladouceur, Ben","Ladouceur, Ben",creator
"creator::Heymans, Joshua","Heymans, Joshua",creator
"creator::Fotheringham, Avonlea","Fotheringham, Avonlea",creator
"creator::Alexis, André","Alexis, André",creator
"creator::Faith Berger, Tamara","Faith Berger, Tamara",creator
"creator::Mayr, Suzette","Mayr, Suzette",creator
"creator::Kaufman, Andrew","Kaufman, Andrew",creator
"creator::Brossard, Nicole","Brossard, Nicole",creator
"creator::Robertson, Lisa","Robertson, Lisa",creator
"creator::Bök, Christian","Bök, Christian",creator
"creator::Queyras, Sina","Queyras, Sina",creator
"creator::Wilcox, Alana","Wilcox, Alana",creator
"creator::Lindsay, James","Lindsay, James",creator
"creator::Wren, Jacob","Wren, Jacob",creator
"creator::Bandukwala, Manahil","Bandukwala, Manahil",creator
"creator::Mason Pierre, Terese","Mason Pierre, Terese",creator
"creator::Leung, Carrianne","Leung, Carrianne",creator
"creator::Abel, Jordan","Abel, Jordan",creator
"creator::Kellough, Kaie","Kellough, Kaie",creator
"creator::Armantrout, Rae","Armantrout, Rae",creator
"creator::Chen, Ching-In","Chen, Ching-In",creator
creator::Kirby,Kirby,creator
"creator::Dowling, Sarah","Dowling, Sarah",creator
"creator::L'Abbé, Sonnet","L'Abbé, Sonnet",creator
"creator::Gordon-Corbiere, Mnawaate","Gordon-Corbiere, Mnawaate",creator
"creator::Bolduc, Denise","Bolduc, Denise",creator
"creator::Tabobondung, Rebeka","Tabobondung, Rebeka",creator
"creator::Wright-McLeod, Brian","Wright-McLeod, Brian",creator
"creator::Cenac, Wyatt","Cenac, Wyatt",creator
"creator::Gharib, Malaka","Gharib, Malaka",creator
"creator::Park, Randall","Park, Randall",creator
creator::Seth,Seth,creator
"creator::Tomine, Adrian","Tomine, Adrian",creator
"creator::Shapton, Leanne","Shapton, Leanne",creator
"creator::Zinoman, Jason","Zinoman, Jason",creator
"creator::Crocker, Eva","Crocker, Eva",creator
"creator::Chau Bradley, Helen","Chau Bradley, Helen",creator
"creator::Kerkhoven, John","Kerkhoven, John",creator
"creator::Elmslie, Susan","Elmslie, Susan",creator
"creator::Andrusyshyn, Larissa","Andrusyshyn, Larissa",creator
"creator::Lavut, Kate","Lavut, Kate",creator
"creator::Hoefle, Harold","Hoefle, Harold",creator
"creator::Murphy, Matthew","Murphy, Matthew",creator
"creator::Rettino, Matthew","Rettino, Matthew",creator
"creator::Ltaif, Nadine","Ltaif, Nadine",creator
"creator::Ferrier, Ian","Ferrier, Ian",creator
"creator::Macher, Gloria","Macher, Gloria",creator
"creator::Bose, Rana","Bose, Rana",creator
"creator::Van Der Meer, Carolyne","Van Der Meer, Carolyne",creator
"creator::Foy, Michael","Foy, Michael",creator
"creator::Risk, Matt","Risk, Matt",creator
"creator::Shaw, Zoe","Shaw, Zoe",creator
"creator::Thom, Blossom","Thom, Blossom",creator
"creator::Villoso, K.S.","Villoso, K.S.",creator
"creator::Winter, Evan","Winter, Evan",creator
"creator::Yanow, Sophie","Yanow, Sophie",creator
"creator::Exposito, Suzy","Exposito, Suzy",creator
"creator::Bechdel, Alison","Bechdel, Alison",creator
"creator::Lutes, Jason","Lutes, Jason",creator
"creator::DeForge, Michael","DeForge, Michael",creator
"creator::Dupuis, Sadie","Dupuis, Sadie",creator
"creator::Davis, Eleanor","Davis, Eleanor",creator
"creator::Blackman, Jeff","Blackman, Jeff",creator
"creator::Verboom, Andy","Verboom, Andy",creator
"creator::Madhavan-Reese, Sneha","Madhavan-Reese, Sneha",creator
"creator::Michaels, Anne","Michaels, Anne",creator
"creator::Dennis, Michael","Dennis, Michael",creator
"creator::Simpson, Jaye","Simpson, Jaye",creator
"creator::Twist, Arielle","Twist, Arielle",creator
"creator::Wint, Brandon","Wint, Brandon",creator
"creator::Sonuga, Titilope","Sonuga, Titilope",creator
"creator::Turner, Lauren","Turner, Lauren",creator
"creator::Christmas, Jillian","Christmas, Jillian",creator
"creator::Priest, Joy","Priest, Joy",creator
"creator::Alam, Tina Zafreen","Alam, Tina Zafreen",creator
"creator::Phillips, Xandria","Phillips, Xandria",creator
"creator::Myers, Cassandra","Myers, Cassandra",creator
"creator::Andrada, Eunice","Andrada, Eunice",creator
"creator::Chan, Jody","Chan, Jody",creator
"creator::Tokunow, Naima Yael","Tokunow, Naima Yael",creator
"creator::Patel, Nisha","Patel, Nisha",creator
"creator::Pierre, Terese Mason","Pierre, Terese Mason",creator
"creator::Johnson-Boria, Tatiana","Johnson-Boria, Tatiana",creator
"creator::Dial, Em","Dial, Em",creator
"creator::Wani, Sanną","Wani, Sanną",creator
"creator::Kang, Inam","Kang, Inam",creator
"creator::Byas, Taylor","Byas, Taylor",creator
"creator::Ramoutar, Natasha","Ramoutar, Natasha",creator
"creator::Chan, Marianne","Chan, Marianne",creator
"creator::Kurella, Jordan","Kurella, Jordan",creator
"creator::Sanders, Justin","Sanders, Justin",creator
"creator::Stinchcomb, Jan","Stinchcomb, Jan",creator
"creator::Thayer, A.P.","Thayer, A.P.",creator
"creator::Webster, Barry","Webster, Barry",creator
"creator::Siré, Cora","Siré, Cora",creator
"creator::Norah Drukker, Kelly","Norah Drukker, Kelly",creator
"creator::Campbell, Brian","Campbell, Brian",creator
"creator::Abray, Tom","Abray, Tom",creator
"creator::Cosma, Flavia","Cosma, Flavia",creator
"creator::J. Sokol, Su","J. Sokol, Su",creator
"creator::Sjunneson, Elsa","Sjunneson, Elsa",creator
"creator::Parisien, Dominik","Parisien, Dominik",creator
"creator::Perry-Cox, Alexei","Perry-Cox, Alexei",creator
"creator::Bartlett, Brian","Bartlett, Brian",creator
"creator::Coleman, Nisha","Coleman, Nisha",creator
"creator::Camlot, Jason","Camlot, Jason",creator
"creator::Jobin, Eugénie","Jobin, Eugénie",creator
"creator::Roy, Frédérique","Roy, Frédérique",creator
"creator::Labbé, Simon","Labbé, Simon",creator
"creator::Cindric, Dina","Cindric, Dina",creator
creator::Sarah Albu,Sarah Albu,creator
"creator::Branković, Antonia","Branković, Antonia",creator
creator::Sara Rousseau,Sara Rousseau,creator
"creator::Nowlan, Alden","Nowlan, Alden",creator
"creator::Howard, Liz","Howard, Liz",creator
"creator::Cusmano, Liana","Cusmano, Liana",creator
"creator::DeRoller, Lauren","DeRoller, Lauren",creator
"creator::Williamson, Mary St-Amand","Williamson, Mary St-Amand",creator
"creator::Hynes, Maureen","Hynes, Maureen",creator
"creator::McFadzean, Cassidy","McFadzean, Cassidy",creator
"creator::Sweet, John Arthur","Sweet, John Arthur",creator
"creator::Trudell, Eryn Dace","Trudell, Eryn Dace",creator
"creator::Campbell, Louise","Campbell, Louise",creator
creator::Moe Clark,Moe Clark,creator
"creator::Partridge, Taqralik","Partridge, Taqralik",creator
"creator::Cole, Cara Lessard","Cole, Cara Lessard",creator
"creator::Bateman, David","Bateman, David",creator
"creator::Brown, Jay Alexander","Brown, Jay Alexander",creator
"creator::Hibbs, Angela","Hibbs, Angela",creator
"creator::Caloia, Nicolas","Caloia, Nicolas",creator
"creator::Barillaro, Ali","Barillaro, Ali",creator
"creator::Zombik, Kim","Zombik, Kim",creator
"creator::Goncarova, S.B.","Goncarova, S.B.",creator
"creator::Mash, Cole","Mash, Cole",creator
"creator::Paré, Faith","Paré, Faith",creator
"creator::McCrum, Rachel","McCrum, Rachel",creator
"creator::Lamy, Jonathan","Lamy, Jonathan",creator
"creator::Durnford, Robin","Durnford, Robin",creator
"creator::Santos, Greg","Santos, Greg",creator
"creator::Vandall, PC","Vandall, PC",creator
"creator::Souaid, Carolyn Marie","Souaid, Carolyn Marie",creator
"creator::Scott, Erin","Scott, Erin",creator
"creator::Anderson, Fortner","Anderson, Fortner",creator
"creator::Lemberg, R.B.","Lemberg, R.B.",creator
"creator::Higgins, Roen","Higgins, Roen",creator
"creator::Koffy, Fabrice","Koffy, Fabrice",creator
"creator::Selman, Jason (Blackbird)","Selman, Jason (Blackbird)",creator
"creator::Koroleva, Tatiana","Koroleva, Tatiana",creator
"creator::Du Plessis, Klara","Du Plessis, Klara",creator
"creator::Steinberg, Naomi","Steinberg, Naomi",creator
"creator::Szczepaniak, Angela","Szczepaniak, Angela",creator
"creator::Khaw, Cassandra","Khaw, Cassandra",creator
"creator::Older, Malka","Older, Malka",creator
"creator::Fabrice, Koffy","Fabrice, Koffy",creator
"creator::Selman, Jason","Selman, Jason",creator
"creator::Caltabiano, Maria","Caltabiano, Maria",creator
"creator::Mirolla, Michael","Mirolla, Michael",creator
"creator::Foss, Mark","Foss, Mark",creator
"creator::Baker, Emilie Zoey","Baker, Emilie Zoey",creator
"creator::Evanson, Tawhida Tanya","Evanson, Tawhida Tanya",creator
"creator::Caprani, Francis John","Caprani, Francis John",creator
"creator::Jacques, Marie-France","Jacques, Marie-France",creator
"creator::Brooks, Kelsey Nichole","Brooks, Kelsey Nichole",creator
"creator::Koumrouyan, Ramela Arax","Koumrouyan, Ramela Arax",creator
"creator::Jackson, Raymond","Jackson, Raymond",creator
"creator::Belcourt, Louise","Belcourt, Louise",creator
"creator::Inutiq, Geronimo","Inutiq, Geronimo",creator
"creator::Wolfson, Sarah","Wolfson, Sarah",creator
"creator::Tremblay, Marie-Josée","Tremblay, Marie-Josée",creator
"creator::Avasilichioaei, Oana","Avasilichioaei, Oana",creator
"creator::du Plessis, Klara","du Plessis, Klara",creator
"creator::Maguire, Shannon","Maguire, Shannon",creator
"creator::McNeilly, Kevin","McNeilly, Kevin",creator
"creator::Tigelaar, Liz","Tigelaar, Liz",creator
"creator::Dodd, Sarah","Dodd, Sarah",creator
"creator::Mitchell, David","Mitchell, David",creator
"creator::Christiansen, Lisa","Christiansen, Lisa",creator
"creator::Kawakami, Mieko","Kawakami, Mieko",creator
"creator::Mendelsohn, Daniel","Mendelsohn, Daniel",creator
"creator::Mort, Valzynha","Mort, Valzynha",creator
"creator::Freeman, Daniel","Freeman, Daniel",creator
"creator::Lubrin, Canisia","Lubrin, Canisia",creator
"creator::Christakos, Margaret","Christakos, Margaret",creator
"creator::Gibson, Chantal","Gibson, Chantal",creator
"creator::Thors, K.B.","Thors, K.B.",creator
"creator::Mouré, Erin","Mouré, Erin",creator
"creator::Barton, John","Barton, John",creator
"creator::Peacock, Molly","Peacock, Molly",creator
"creator::Moure, Erín","Moure, Erín",creator
"creator::Goldstein, Mark","Goldstein, Mark",creator
"creator::Piudik, Jaclyn","Piudik, Jaclyn",creator
"creator::Hall, Phil","Hall, Phil",creator
"creator::Kolewe, R.","Kolewe, R.",creator
"creator::Basile, Elena","Basile, Elena",creator
"creator::Clayton, Conyer","Clayton, Conyer",creator
"creator::Moore, Jessica","Moore, Jessica",creator
"creator::Skibsrud, Johanna","Skibsrud, Johanna",creator
"creator::DuBois, Andrew","DuBois, Andrew",creator
"creator::Ly, David","Ly, David",creator
"creator::Colman, Robert","Colman, Robert",creator
"creator::Shields, Vanessa","Shields, Vanessa",creator
"creator::Mahoney, Dorothy","Mahoney, Dorothy",creator
"creator::De Meijer, Sadiqa","De Meijer, Sadiqa",creator
"creator::Huebert, David","Huebert, David",creator
"creator::Grisenthwaite, Gord","Grisenthwaite, Gord",creator
"creator::Johnstone, Jim","Johnstone, Jim",creator
"creator::Moore, Nathaniel G.","Moore, Nathaniel G.",creator
"creator::Oloruntoba, Tolu","Oloruntoba, Tolu",creator
"creator::Roelens, Abigail","Roelens, Abigail",creator
"creator::Kavanaugh, Marshall James","Kavanaugh, Marshall James",creator
"creator::Ammendolea, Dominique","Ammendolea, Dominique",creator
"creator::Gizli, Mila","Gizli, Mila",creator
"creator::Mifsud, Immanuel","Mifsud, Immanuel",creator
"creator::Mota, Laura","Mota, Laura",creator
"creator::Carson, Louise","Carson, Louise",creator
"creator::Taylor, K.P.","Taylor, K.P.",creator
"creator::Sterlin, Joshua","Sterlin, Joshua",creator
"creator::tjh-banderob, simon","tjh-banderob, simon",creator
"creator::White, Tiffany H.","White, Tiffany H.",creator
"creator::Samples, E","Samples, E",creator
"creator::Ahenda, Leslie Joy","Ahenda, Leslie Joy",creator
"creator::Bebenek, Jessica","Bebenek, Jessica",creator
"creator::Ibra, S.K.","Ibra, S.K.",creator
"creator::Zumbansen, Malte","Zumbansen, Malte",creator
"creator::Della Cioppa, Erika","Della Cioppa, Erika",creator
"creator::Buttice, Marco","Buttice, Marco",creator
"creator::Brulé, Ana","Brulé, Ana",creator
"creator::Joy-Stephen, Isabelle","Joy-Stephen, Isabelle",creator
"creator::Radoeva, Dimana","Radoeva, Dimana",creator
"creator::Naschra, Paul","Naschra, Paul",creator
"creator::Robert Ferguson, Joel","Robert Ferguson, Joel",creator
"creator::Blair, Hannah","Blair, Hannah",creator
"creator::Ciambella, Matteo","Ciambella, Matteo",creator
"creator::Sa, Ca","Sa, Ca",creator
"creator::Odria, Brenda","Odria, Brenda",creator
"creator::Pinkney, Ali","Pinkney, Ali",creator
"creator::Lin, Le","Lin, Le",creator
"creator::Brunning, Sarah","Brunning, Sarah",creator
"creator::Laverty, Maze","Laverty, Maze",creator
"creator::Barclay, Adèle","Barclay, Adèle",creator
"creator::Rees, Alasdair","Rees, Alasdair",creator
"creator::Manley, Alex","Manley, Alex",creator
"creator::Obscura, Ashley","Obscura, Ashley",creator
"creator::Hladik, Bara","Hladik, Bara",creator
"creator::Casey, Brad","Casey, Brad",creator
"creator::Sharpe, Cason","Sharpe, Cason",creator
"creator::Pulgar, E. R.","Pulgar, E. R.",creator
"creator::Brill, Emily","Brill, Emily",creator
"creator::Baranova, Ivanna","Baranova, Ivanna",creator
"creator::Ritchie, Jay","Ritchie, Jay",creator
"creator::Horlick, Leah","Horlick, Leah",creator
"creator::Bowen, Liz","Bowen, Liz",creator
"creator::Mathis, Lora","Mathis, Lora",creator
"creator::Huerta, Marcela","Huerta, Marcela",creator
"creator::Wood, Olivia","Wood, Olivia",creator
"creator::Oluwaseun Akintade, Peace","Oluwaseun Akintade, Peace",creator
"creator::Toarmino, Rachelle","Toarmino, Rachelle",creator
"creator::Brunton, Ruby","Brunton, Ruby",creator
"creator::Yee, Sennah","Yee, Sennah",creator
"creator::Hafiz-Ramji, Shazia","Hafiz-Ramji, Shazia",creator
"creator::Banzhaf, Sofia","Banzhaf, Sofia",creator
"creator::Islam, Sruti","Islam, Sruti",creator
"creator::McGowan Ross, Tara","McGowan Ross, Tara",creator
"creator::Mutonji, Téa","Mutonji, Téa",creator
"creator::Liem, Tess","Liem, Tess",creator
"creator::Tareq El Bechelany-Lynch, Eli","Tareq El Bechelany-Lynch, Eli",creator
"creator::Delaney, Trynne","Delaney, Trynne",creator
"creator::McGowan-Ross, Tara","McGowan-Ross, Tara",creator
"creator::Beyer, Pamela","Beyer, Pamela",creator
"creator::Wedderburn, Andrew","Wedderburn, Andrew",creator
"creator::Mannell, Julie","Mannell, Julie",creator
"creator::Lai, Larissa","Lai, Larissa",creator
"creator::Mohammadi, Khashayar","Mohammadi, Khashayar",creator
"creator::Alluri, Hari","Alluri, Hari",creator
"creator::Lachmansingh, Rachel","Lachmansingh, Rachel",creator
"creator::Doyali, Islam","Doyali, Islam",creator
"creator::Walsh, Matthew","Walsh, Matthew",creator
"creator::Bennett, Roxanna","Bennett, Roxanna",creator
"creator::Yang, Chuqiao","Yang, Chuqiao",creator
"creator::Alexander, David","Alexander, David",creator
"creator::Drystek, Nina Jane","Drystek, Nina Jane",creator
"creator::Murakami, Sachiko","Murakami, Sachiko",creator
"creator::Orang, Bahar","Orang, Bahar",creator
"creator::Victor, Ken","Victor, Ken",creator
"creator::Pirie, Pearl","Pirie, Pearl",creator
"creator::Dumont, Albert","Dumont, Albert",creator
"creator::Desmeules, Anne-Marie","Desmeules, Anne-Marie",creator
"creator::Solie, Karen","Solie, Karen",creator
"creator::Moritz, A.F.","Moritz, A.F.",creator
"creator::O’Meara, David","O’Meara, David",creator
"creator::Christensen, Andrée","Christensen, Andrée",creator
"creator::Cousineau-Mollen, Maya","Cousineau-Mollen, Maya",creator
"creator::Dignard, Sara","Dignard, Sara",creator
"creator::Gaona, Angye","Gaona, Angye",creator
"creator::Irfan, Ali","Irfan, Ali",creator
"creator::Roberts, Stephanie","Roberts, Stephanie",creator
"creator::Tarasoff, Larissa","Tarasoff, Larissa",creator
"creator::Hanna, Natalie","Hanna, Natalie",creator
"creator::K, Shawn","K, Shawn",creator
"creator::Rathinappillai, Namitha","Rathinappillai, Namitha",creator
"creator::Hakim, Kamal","Hakim, Kamal",creator
creator::Jayde,Jayde,creator
"creator::Bridges, Switch","Bridges, Switch",creator
creator::Dimorphic,Dimorphic,creator
"creator::Göransson, Johannes","Göransson, Johannes",creator
"creator::Kasischke, Laura","Kasischke, Laura",creator
"creator::Metres, Philip","Metres, Philip",creator
"creator::LaPierre, Margo","LaPierre, Margo",creator
"creator::Fong, Nicole Razıya","Fong, Nicole Razıya",creator
"creator::B-E, Lindsay","B-E, Lindsay",creator
"creator::Rinck, Monika","Rinck, Monika",creator
"creator::LaLonde, Catherine","LaLonde, Catherine",creator
"creator::Pilon, Maude","Pilon, Maude",creator
"creator::Brown, Simon","Brown, Simon",creator
"creator::Belleau, Janick","Belleau, Janick",creator
"creator::Hryciuk, Marshall","Hryciuk, Marshall",creator
"creator::Marceau, Gabrielle","Marceau, Gabrielle",creator
"creator::Charlebois, Éric","Charlebois, Éric",creator
"creator::Charest, Nelson","Charest, Nelson",creator
"creator::Sylvain, Véronique","Sylvain, Véronique",creator
"creator::Fenton, Andre","Fenton, Andre",creator
"creator::Bernier-Cormier, Dominique","Bernier-Cormier, Dominique",creator
"creator::Bilodeau, Eve","Bilodeau, Eve",creator
"creator::Million, Justin","Million, Justin",creator
"creator::Vellino, Karuna","Vellino, Karuna",creator
"creator::Urist Green, Sarah","Urist Green, Sarah",creator
"creator::Green, John","Green, John",creator
"creator::Anand, Anita","Anand, Anita",creator
"creator::Wiener, Salena","Wiener, Salena",creator
"creator::Sherwood, Claire","Sherwood, Claire",creator
"creator::Slobodzian, George","Slobodzian, George",creator
"creator::Dunbar, Eboni","Dunbar, Eboni",creator
"creator::Mace, Jennifer","Mace, Jennifer",creator
"creator::Barton, Phoebe","Barton, Phoebe",creator
"creator::Medina, V.","Medina, V.",creator
"creator::Ring, Dave","Ring, Dave",creator
"creator::LeBlanc, Ann","LeBlanc, Ann",creator
"creator::Doore, K.A.","Doore, K.A.",creator
"creator::Barkon, Beverly","Barkon, Beverly",creator
"creator::Dupré, Louise","Dupré, Louise",creator
"creator::Lambert, Ann","Lambert, Ann",creator
"creator::Tristan Jones, Emily","Tristan Jones, Emily",creator
"creator::Pitot, Simone","Pitot, Simone",creator
creator::Mirabel,Mirabel,creator
"creator::Tidbeck, Karin","Tidbeck, Karin",creator
"creator::B. Elfgren, Sara","B. Elfgren, Sara",creator
"creator::Sigurðardóttir, Ásta Fanney","Sigurðardóttir, Ásta Fanney",creator
"creator::Morrissy, Julie","Morrissy, Julie",creator
"creator::Sexton, Stephen","Sexton, Stephen",creator
"creator::MacAskill, Annick","MacAskill, Annick",creator
"creator::Babstock, Ken","Babstock, Ken",creator
"creator::Carpenter, J.R.","Carpenter, J.R.",creator
"creator::Ramji, Shazia Hafiz","Ramji, Shazia Hafiz",creator
"creator::Lockhart, D. A.","Lockhart, D. A.",creator
"creator::Vulpe, Nicola","Vulpe, Nicola",creator
"creator::O'Meara, David","O'Meara, David",creator
"creator::Pederson, Jennifer","Pederson, Jennifer",creator
"creator::Thérien, Michel","Thérien, Michel",creator
"creator::Montreiul, Mike","Montreiul, Mike",creator
"creator::Mclennan, Rob","Mclennan, Rob",creator
"creator::Heinis, Shery Alexander","Heinis, Shery Alexander",creator
"creator::Atkinson, Susan","Atkinson, Susan",creator
"creator::Vavassis, Vivian","Vavassis, Vivian",creator
"creator::Levy, Joshua","Levy, Joshua",creator
"creator::Konchan, Virginia","Konchan, Virginia",creator
"creator::Hayward, Lucas","Hayward, Lucas",creator
"creator::Heighton, Steven","Heighton, Steven",creator
"creator::Augustine, Jude Marie","Augustine, Jude Marie",creator
"creator::Watson, Josephine","Watson, Josephine",creator
"creator::Wright, MiKayla","Wright, MiKayla",creator
"creator::Fleming, Ally","Fleming, Ally",creator
"creator::Murphy, Sarah X.","Murphy, Sarah X.",creator
"creator::Hynd, Ashley","Hynd, Ashley",creator
"creator::Prior, Michael","Prior, Michael",creator
"creator::Lavigne, Drew","Lavigne, Drew",creator
"creator::Raîche, Jean-Philippe","Raîche, Jean-Philippe",creator
"creator::Turmel, Émilie","Turmel, Émilie",creator
"creator::Simpson, Anne","Simpson, Anne",creator
"creator::Skov-Nielsen, Emily","Skov-Nielsen, Emily",creator
"creator::Samad, Reem Fayyad Abdel","Samad, Reem Fayyad Abdel",creator
"creator::Lane, M. Travis","Lane, M. Travis",creator
"creator::Coffey, Sherry","Coffey, Sherry",creator
"creator::LeTourneau, Ian","LeTourneau, Ian",creator
"creator::Bell, Melanie","Bell, Melanie",creator
"creator::Esonwune,  Paula","Esonwune,  Paula",creator
"creator::Dzung, Thuy Dang","Dzung, Thuy Dang",creator
"creator::Schofield, Nancy King","Schofield, Nancy King",creator
"creator::McCarthy, Thandiwe","McCarthy, Thandiwe",creator
"creator::Leckie, Ross","Leckie, Ross",creator
"creator::Barlett, Brian","Barlett, Brian",creator
"creator::Schofield, Alex","Schofield, Alex",creator
"creator::Allen, Meghan Rose","Allen, Meghan Rose",creator
"creator::Gautreau, Kimberly","Gautreau, Kimberly",creator
"creator::Diseldorf, Ivory","Diseldorf, Ivory",creator
"creator::Spears, Steve","Spears, Steve",creator
"creator::Ng, Tommy","Ng, Tommy",creator
"creator::Bagel, Zev","Bagel, Zev",creator
"creator::Blanchard, Elizabeth","Blanchard, Elizabeth",creator
"creator::Gilmer, Jeremy","Gilmer, Jeremy",creator
"creator::Griffin, George","Griffin, George",creator
"creator::Francis, Brian","Francis, Brian",creator
"creator::Lavender, Cory","Lavender, Cory",creator
"creator::Elder, Jo-Anne","Elder, Jo-Anne",creator
"creator::Geitzler, Kayla","Geitzler, Kayla",creator
"creator::Pejvack, Nasreen","Pejvack, Nasreen",creator
"creator::Venart, Sarah","Venart, Sarah",creator
"creator::Gaudet-Beauregard, Julie","Gaudet-Beauregard, Julie",creator
"creator::Ettarnichi, Ali","Ettarnichi, Ali",creator
creator::http://viaf.org/viaf/3148752159041201880,http://viaf.org/viaf/3148752159041201880,creator
"creator::Simmers, Bren","Simmers, Bren",creator
creator::http://viaf.org/viaf/106617981,http://viaf.org/viaf/106617981,creator
"creator::Klip, Kelsey","Klip, Kelsey",creator
"creator::Hawthorne, Keagan","Hawthorne, Keagan",creator
"creator::Vowles, Martha","Vowles, Martha",creator
"creator::Audet, Martine","Audet, Martine",creator
"creator::Régimbald, Diane","Régimbald, Diane",creator
"creator::Desautels, Denise","Desautels, Denise",creator
"creator::Siré, Core","Siré, Core",creator
"creator::Di Nardo, Antony","Di Nardo, Antony",creator
"creator::Parent, Jeff","Parent, Jeff",creator
"creator::Webster, Derek","Webster, Derek",creator
"creator::de Belle, Julie","de Belle, Julie",creator
"creator::Lange, Nancy","Lange, Nancy",creator
"creator::Haines, Rayanne","Haines, Rayanne",creator
"creator::Nećakov, Lillian","Nećakov, Lillian",creator
"creator::Boyle, Frances","Boyle, Frances",creator
"creator::Scharhag, Lauren","Scharhag, Lauren",creator
"creator::Ferry, Scott","Ferry, Scott",creator
"creator::Pavlova, Ekaterina","Pavlova, Ekaterina",creator
"creator::Cunningham, Darryl","Cunningham, Darryl",creator
"creator::Glidden, Sarah","Glidden, Sarah",creator
"creator::Dhaliwal, Aminder","Dhaliwal, Aminder",creator
"creator::Doctorow, Cory","Doctorow, Cory",creator
"creator::Ollmann, Joe","Ollmann, Joe",creator
"creator::Roberts, Keiler","Roberts, Keiler",creator
"creator::Campbell, Jessica","Campbell, Jessica",creator
"creator::Namir, Hasan","Namir, Hasan",creator
"creator::Mootoo, Shani","Mootoo, Shani",creator
"creator::Webb-Campbell, Shannon","Webb-Campbell, Shannon",creator
"creator::Hausner, Beatriz","Hausner, Beatriz",creator
"creator::Tucker, Aaron","Tucker, Aaron",creator
"creator::Polyck-O'Neill, Julia","Polyck-O'Neill, Julia",creator
"creator::Shafi, Hana","Shafi, Hana",creator
"creator::George, Anasimone","George, Anasimone",creator
"creator::Ball, Jonathan","Ball, Jonathan",creator
"creator::Ross, Stuart","Ross, Stuart",creator
"creator::Kobayashi, Erika","Kobayashi, Erika",creator
"creator::Bergstrom, Brian","Bergstrom, Brian",creator
"creator::Bennett, Andrea","Bennett, Andrea",creator
"creator::Alapi, Zsolt","Alapi, Zsolt",creator
"creator::Reinhart, Michael","Reinhart, Michael",creator
"creator::Rojas Benavente, Lady","Rojas Benavente, Lady",creator
"creator::Loveday Little, Willow","Loveday Little, Willow",creator
"creator::Schnurmacher, Tommy","Schnurmacher, Tommy",creator
"creator::Nigel Thomas, Hubert","Nigel Thomas, Hubert",creator
"creator::Bangs, Elly","Bangs, Elly",creator
"creator::Hurley, Kameron","Hurley, Kameron",creator
"creator::Newitz, Annalee","Newitz, Annalee",creator
"creator::Tong, Ziya","Tong, Ziya",creator
"creator::Radford, Deanna","Radford, Deanna",creator
"creator::Jane Anders, Charlie","Jane Anders, Charlie",creator
"creator::Clarke, HA","Clarke, HA",creator
"creator::Lore, Danny","Lore, Danny",creator
"creator::Andres Reed, Nicasio","Andres Reed, Nicasio",creator
"creator::Wasserstein, Izzy","Wasserstein, Izzy",creator
"creator::Cipri, Nino","Cipri, Nino",creator
"creator::Baltazar, Jason","Baltazar, Jason",creator
"creator::Petrovic, Branka","Petrovic, Branka",creator
"creator::Munir, Shaheen","Munir, Shaheen",creator
"creator::von Carolsfeld, Wiebke","von Carolsfeld, Wiebke",creator
"creator::Di Sclafani, Mike","Di Sclafani, Mike",creator
"creator::Hazelton, Hugh","Hazelton, Hugh",creator
"creator::Dunnigan, James","Dunnigan, James",creator
"creator::Nazywalskyj, Tamara","Nazywalskyj, Tamara",creator
"creator::Slapak, Sivan","Slapak, Sivan",creator
"creator::Sutherland, Kate","Sutherland, Kate",creator
"creator::Jones, Jessie","Jones, Jessie",creator
"creator::Kreuter, Aaron","Kreuter, Aaron",creator
creator::Sheung-King,Sheung-King,creator
"creator::Jain, Mahak","Jain, Mahak",creator
"creator::Carr, Angela","Carr, Angela",creator
"creator::Downe, Lise","Downe, Lise",creator
"creator::Joosten, Julie","Joosten, Julie",creator
"creator::Miller, Kristen Renee","Miller, Kristen Renee",creator
"creator::Bramer, Shannon","Bramer, Shannon",creator
"creator::Tilley, Sara","Tilley, Sara",creator
"creator::Lawrence, Ruth","Lawrence, Ruth",creator
"creator::Estacion, Therese","Estacion, Therese",creator
"creator::Comeau, Melissa","Comeau, Melissa",creator
"creator::Berger, Tamara Faith","Berger, Tamara Faith",creator
"creator::Seelig, Adam","Seelig, Adam",creator
"creator::Tysdal, Daniel Scott","Tysdal, Daniel Scott",creator
"creator::Polyck-O’Neill, Julia","Polyck-O’Neill, Julia",creator
"creator::Tarachansky, Lia","Tarachansky, Lia",creator
"creator::Robichaud, Geneviève","Robichaud, Geneviève",creator
"creator::Wall, Aimee","Wall, Aimee",creator
"creator::Scott, Gail","Scott, Gail",creator
creator::Margaret Christakos,Margaret Christakos,creator
"creator::Davis, Wade","Davis, Wade",creator
"creator::Zandbergen, Rebecca","Zandbergen, Rebecca",creator
"creator::Simpson, Leanne Betasamosake","Simpson, Leanne Betasamosake",creator
"creator::Brunette-Debassige, Candace","Brunette-Debassige, Candace",creator
"creator::Cull, Tom","Cull, Tom",creator
"creator::Coyote, Ivan","Coyote, Ivan",creator
"creator::Houle, Karen","Houle, Karen",creator
"creator::Intson, Camille","Intson, Camille",creator
"creator::Drolet, Gabrielle","Drolet, Gabrielle",creator
"creator::Joseph, Richard","Joseph, Richard",creator
"creator::Brooman, Sydney Warner","Brooman, Sydney Warner",creator
"creator::McKeen, Erica","McKeen, Erica",creator
"creator::Schneider, Aaron","Schneider, Aaron",creator
"creator::Gopnik, Adam","Gopnik, Adam",creator
"creator::Lambier, Josh","Lambier, Josh",creator
"creator::Klein, Seth","Klein, Seth",creator
"creator::Crozier, Lorna","Crozier, Lorna",creator
"creator::Anand, Madhur","Anand, Madhur",creator
"creator::Nataraja, Vidya","Nataraja, Vidya",creator
"creator::Thistle, Jesse","Thistle, Jesse",creator
"creator::Zolf, Janice","Zolf, Janice",creator
"creator::Leduc, Amanda","Leduc, Amanda",creator
"creator::Neilson, Shane","Neilson, Shane",creator
"creator::Helps, Lisa","Helps, Lisa",creator
"creator::MacDonald, Monica","MacDonald, Monica",creator
"creator::Newton, Melanie","Newton, Melanie",creator
"creator::Peace, Thomas","Peace, Thomas",creator
"creator::Munro, Jane","Munro, Jane",creator
"creator::Kemp, Penn","Kemp, Penn",creator
"creator::Reaney, James","Reaney, James",creator
"creator::Thibaudeau, Colleen","Thibaudeau, Colleen",creator
"creator::Gustafson, Sonja","Gustafson, Sonja",creator
"creator::Holowitz, Stephen","Holowitz, Stephen",creator
"creator::Whitehead, Oliver","Whitehead, Oliver",creator
"creator::Crozman, Ingrid","Crozman, Ingrid",creator
"creator::Bush, Catherine","Bush, Catherine",creator
"creator::Bidinosti, Anita","Bidinosti, Anita",creator
"creator::Donoghue, Emma","Donoghue, Emma",creator
"creator::Jones, Manina","Jones, Manina",creator
creator::iskwē,iskwē,creator
"creator::Legault, Sarah","Legault, Sarah",creator
"creator::Sewell, Savanah","Sewell, Savanah",creator
"creator::Joshua, Lambier","Joshua, Lambier",creator
"creator::Fellows, Christine","Fellows, Christine",creator
"creator::Samson, John K.","Samson, John K.",creator
"creator::Sands, Jenna Rose","Sands, Jenna Rose",creator
"creator::Van Camp, Richard","Van Camp, Richard",creator
"creator::Hille, Veda","Hille, Veda",creator
"creator::Horton, Jillian","Horton, Jillian",creator
"creator::Lum, Andrea","Lum, Andrea",creator
"creator::Bitek, Otoniya J Okot","Bitek, Otoniya J Okot",creator
"creator::Dimaline, Cherie","Dimaline, Cherie",creator
"creator::Schofield, Scott","Schofield, Scott",creator
"creator::Robertson, Blake","Robertson, Blake",creator
"creator::Farkas, Endre","Farkas, Endre",creator
"creator::Starnino, Carmine","Starnino, Carmine",creator
"creator::Ford, April","Ford, April",creator
"creator::Rowland, Lukas","Rowland, Lukas",creator
"creator::Sandiford, Robert","Sandiford, Robert",creator
"creator::McGillis, Ian","McGillis, Ian",creator
"creator::McPherson, Carolyn","McPherson, Carolyn",creator
"creator::Abley, Mark","Abley, Mark",creator
"creator::Middleton, Andrew","Middleton, Andrew",creator
"creator::MacLeod, Sue","MacLeod, Sue",creator
"creator::Marovitch, Maureen","Marovitch, Maureen",creator
"creator::Weber, Lori","Weber, Lori",creator
"creator::Beddia, Lea","Beddia, Lea",creator
"creator::Sze, Gillian","Sze, Gillian",creator
creator::DJ Luna Rosa,DJ Luna Rosa,creator
"creator::Crews, David","Crews, David",creator
"creator::Yalaoui, Malek","Yalaoui, Malek",creator
"creator::Roberts, Diane","Roberts, Diane",creator
"creator::Taliwah, Tali","Taliwah, Tali",creator
"creator::Thomas, Nigel","Thomas, Nigel",creator
"creator::Forde, Deborah","Forde, Deborah",creator
"creator::Souaid, Carolyn","Souaid, Carolyn",creator
"creator::Sheehy, Barry","Sheehy, Barry",creator
"creator::Smith, Deanna","Smith, Deanna",creator
"creator::La Mackerel, Kama","La Mackerel, Kama",creator
"creator::Haber, Alexandria","Haber, Alexandria",creator
"creator::Saadi, Yusuf","Saadi, Yusuf",creator
"creator::MacLean, Munirah-Janetta","MacLean, Munirah-Janetta",creator
"creator::Yousef, Zainah","Yousef, Zainah",creator
"creator::Al-Salman, Yassin","Al-Salman, Yassin",creator
"creator::Lotayef, Ehab","Lotayef, Ehab",creator
"creator::Morra, Linda M.","Morra, Linda M.",creator
"creator::Schubert, Lori","Schubert, Lori",creator
"creator::Chan, Crystal","Chan, Crystal",creator
"creator::Johal, Geeta","Johal, Geeta",creator
"creator::Marshy, Leila","Marshy, Leila",creator
"creator::Cerreta, Suzanne","Cerreta, Suzanne",creator
"creator::Sarah, Robyn","Sarah, Robyn",creator
"creator::Tran, Jess","Tran, Jess",creator
"creator::Bailey, Lynda","Bailey, Lynda",creator
"creator::Thomas, H. Nigel","Thomas, H. Nigel",creator
"creator::Yu, Becca","Yu, Becca",creator
"creator::Homel, David","Homel, David",creator
"creator::Murphy, Dana","Murphy, Dana",creator
"creator::Potashnik, Jacob","Potashnik, Jacob",creator
"creator::Laval, Miki","Laval, Miki",creator
"creator::Rothman, Claire","Rothman, Claire",creator
"creator::Sabawi, Samah","Sabawi, Samah",creator
"creator::Jabr, Rimah","Jabr, Rimah",creator
"creator::Orlov, Stephen","Orlov, Stephen",creator
"creator::Couture, Zachary","Couture, Zachary",creator
"creator::Milner, Arthur","Milner, Arthur",creator
"creator::Hecht, Tracy","Hecht, Tracy",creator
"creator::Goldberg, Kim","Goldberg, Kim",creator
"creator::Warrior, M.C.","Warrior, M.C.",creator
"creator::Elza, Daniela","Elza, Daniela",creator
"creator::Pare, Arlene","Pare, Arlene",creator
"creator::Hopkinson, Anne","Hopkinson, Anne",creator
"creator::Medland, Pam","Medland, Pam",creator
"creator::Alstad, Colleen","Alstad, Colleen",creator
"creator::Blomer, Yvonne","Blomer, Yvonne",creator
"creator::Regehr, Kyeren","Regehr, Kyeren",creator
"creator::Gordaneer, Alisa","Gordaneer, Alisa",creator
"creator::Harrison, Richard","Harrison, Richard",creator
"creator::Pataky, Jeremy","Pataky, Jeremy",creator
"creator::Quednau, Marion","Quednau, Marion",creator
"creator::Ganz, Rhonda","Ganz, Rhonda",creator
"creator::Stenson, Susan","Stenson, Susan",creator
"creator::Hunter, Bruce","Hunter, Bruce",creator
"creator::Wells, Zach","Wells, Zach",creator
"creator::Narwani, Ulrike","Narwani, Ulrike",creator
"creator::Rhenisch, Harold","Rhenisch, Harold",creator
"creator::Nesbitt, Tom","Nesbitt, Tom",creator
"creator::Lahey, Anita","Lahey, Anita",creator
"creator::Pendreigh, Kirsten","Pendreigh, Kirsten",creator
"creator::Black, Barbara","Black, Barbara",creator
"creator::Carter, Terry Ann","Carter, Terry Ann",creator
"creator::Grand Maître, Marlene","Grand Maître, Marlene",creator
"creator::Scott, Daniel G.","Scott, Daniel G.",creator
"creator::Rice, Bruce","Rice, Bruce",creator
"creator::Landrum, Ted","Landrum, Ted",creator
"creator::Gordon, Ariel","Gordon, Ariel",creator
"creator::Briesmaster, Allan","Briesmaster, Allan",creator
"creator::bissett, bill","bissett, bill",creator
"creator::Walde, Christine","Walde, Christine",creator
"creator::Dandurand, Joseph A.","Dandurand, Joseph A.",creator
"creator::Spenst, Kevin","Spenst, Kevin",creator
"creator::Morton, Wendy","Morton, Wendy",creator
"creator::Flaherty, Kate Marshall","Flaherty, Kate Marshall",creator
"creator::Dickinson, Zoe","Dickinson, Zoe",creator
"creator::Boschman, Leanne","Boschman, Leanne",creator
"creator::Lau, Evelyn","Lau, Evelyn",creator
"creator::Alexander, Susan","Alexander, Susan",creator
"creator::Martindale, Sheila","Martindale, Sheila",creator
"creator::Pelman, Barbara","Pelman, Barbara",creator
"creator::Friesen, Patrick","Friesen, Patrick",creator
"creator::Pennock, Tyler","Pennock, Tyler",creator
"creator::Wynand, Derk","Wynand, Derk",creator
"creator::Ali, Irfan","Ali, Irfan",creator
"creator::Field, Dorothy","Field, Dorothy",creator
"creator::Trzcinski, Kurt","Trzcinski, Kurt",creator
"creator::Drobnies, Adrienne","Drobnies, Adrienne",creator
"creator::Berg, Stephen T.","Berg, Stephen T.",creator
"creator::Vickers, Patricia","Vickers, Patricia",creator
"creator::Shillington, Joan","Shillington, Joan",creator
"creator::Richter, Lisa","Richter, Lisa",creator
"creator::Williamson, Alexander","Williamson, Alexander",creator
"creator::Perry, Tyler B.","Perry, Tyler B.",creator
"creator::Zilm, Jennifer","Zilm, Jennifer",creator
"creator::Epp, Joanne","Epp, Joanne",creator
"creator::Paré, Arleen","Paré, Arleen",creator
"creator::Young, Terence","Young, Terence",creator
"creator::Nickerson, Billeh","Nickerson, Billeh",creator
"creator::Kope, Beth","Kope, Beth",creator
"creator::Parmar, Kamal","Parmar, Kamal",creator
"creator::Neale, Jude","Neale, Jude",creator
"creator::Egan, Kieran","Egan, Kieran",creator
"creator::Nickel, Barbara","Nickel, Barbara",creator
"creator::Halfe, Louise B.","Halfe, Louise B.",creator
"creator::Summer, James","Summer, James",creator
"creator::MacKay, Meg","MacKay, Meg",creator
"creator::Benaway, Gwen","Benaway, Gwen",creator
"creator::King, Natalie","King, Natalie",creator
"creator::King, Flarington","King, Flarington",creator
"creator::McKinley, Jennifer","McKinley, Jennifer",creator
"creator::Pendleton Jiménez, Karleen","Pendleton Jiménez, Karleen",creator
"creator::Yea, Sennah","Yea, Sennah",creator
"creator::Nicolaou, Cassandra","Nicolaou, Cassandra",creator
"creator::HM, Taylah","HM, Taylah",creator
creator::Ursh,Ursh,creator
"creator::Kinsella, Seán Carson","Kinsella, Seán Carson",creator
"creator::Lyons, MJ","Lyons, MJ",creator
"creator::Lewinsky, Quick","Lewinsky, Quick",creator
"creator::Majora, Babia","Majora, Babia",creator
"creator::Giovanni, Ocean","Giovanni, Ocean",creator
"creator::Jesus, Gay","Jesus, Gay",creator
creator::PrettyRiikkii,PrettyRiikkii,creator
"creator::Tagore, Shaunga","Tagore, Shaunga",creator
"creator::Wells, Karin","Wells, Karin",creator
"creator::Cafarelli, Alex","Cafarelli, Alex",creator
creator::DIJAH,DIJAH,creator
"creator::Booth, Denise","Booth, Denise",creator
"creator::Murrin, Jennifer Alicia","Murrin, Jennifer Alicia",creator
"creator::Rina, Kamila","Rina, Kamila",creator
"creator::Kap, Rayone","Kap, Rayone",creator
"creator::Rice, Waubgeshig","Rice, Waubgeshig",creator
"creator::Shaw, Marlo K.","Shaw, Marlo K.",creator
"creator::Clark, Nancy Kay","Clark, Nancy Kay",creator
"creator::Des Rochers, Arianne","Des Rochers, Arianne",creator
"creator::Dawson, Nicholas","Dawson, Nicholas",creator
creator::Tianna,Tianna,creator
"creator::Hardy, Kel","Hardy, Kel",creator
"creator::Harwood-Jones, Markus","Harwood-Jones, Markus",creator
"creator::Pflug-Back, Kelly Rose","Pflug-Back, Kelly Rose",creator
"creator::Ling, Justin","Ling, Justin",creator
"creator::Oliveira, Anthony","Oliveira, Anthony",creator
creator::Jade,Jade,creator
"creator::q, laura","q, laura",creator
"creator::Bradley, Brian","Bradley, Brian",creator
"creator::Lopez, Tamara","Lopez, Tamara",creator
"creator::Fréchette, Nathan Caro","Fréchette, Nathan Caro",creator
"creator::Newman-Stille, Derek","Newman-Stille, Derek",creator
"creator::Hamilton, Robert","Hamilton, Robert",creator
"creator::Oza,  Janika","Oza,  Janika",creator
"creator::Kou, Wy-Joung Kou","Kou, Wy-Joung Kou",creator
"creator::Mendez, Mila","Mendez, Mila",creator
"creator::Henderson, Leah","Henderson, Leah",creator
"creator::Stedman, Chris","Stedman, Chris",creator
"creator::Freeman, J. Marshall","Freeman, J. Marshall",creator
"creator::Cook, Matt W.","Cook, Matt W.",creator
"creator::Thompson, Jamie","Thompson, Jamie",creator
"creator::Erickson, Michael","Erickson, Michael",creator
"creator::Yeh, David Kingston","Yeh, David Kingston",creator
"creator::Antoniou, Laura","Antoniou, Laura",creator
"creator::Geniza, Keet","Geniza, Keet",creator
"creator::Tobimatsu, Kimiko","Tobimatsu, Kimiko",creator
"creator::King, Nia Levy","King, Nia Levy",creator
"creator::Wilson, Patricia","Wilson, Patricia",creator
"creator::Spoon, Rae","Spoon, Rae",creator
"creator::Sycamore, Mattilda Bernstein","Sycamore, Mattilda Bernstein",creator
"creator::Ramadan, Danny","Ramadan, Danny",creator
"creator::Mousa, Mona","Mousa, Mona",creator
"creator::Collins, Lydia","Collins, Lydia",creator
"creator::Bociurkiw, Marusya","Bociurkiw, Marusya",creator
"creator::Ali, Mohammed Abdulkarim","Ali, Mohammed Abdulkarim",creator
"creator::Tom, Nazbah","Tom, Nazbah",creator
"creator::Wilson-Yang, Jia Qing","Wilson-Yang, Jia Qing",creator
"creator::Nikoo, Mahfam","Nikoo, Mahfam",creator
"creator::Sloan, Tyler","Sloan, Tyler",creator
"creator::Blain, Cicely Belle","Blain, Cicely Belle",creator
"creator::Ramadan, Ahmad Danny","Ramadan, Ahmad Danny",creator
"creator::Trinh, Johnny D","Trinh, Johnny D",creator
"creator::Boileau, Lou","Boileau, Lou",creator
"creator::Sindu, SJ","Sindu, SJ",creator
"creator::Fernandes, Jennifer Aja","Fernandes, Jennifer Aja",creator
"creator::Aujlay, Kirthan","Aujlay, Kirthan",creator
"creator::Strapagiel, Lauren","Strapagiel, Lauren",creator
"creator::Saccone, Sica Saccone","Saccone, Sica Saccone",creator
"creator::Sylvester, Basil","Sylvester, Basil",creator
"creator::Sylvester, Kevin","Sylvester, Kevin",creator
"creator::Lorde, Audre","Lorde, Audre",creator
"creator::Gay, Roxane","Gay, Roxane",creator
"creator::Butcher, Amy","Butcher, Amy",creator
"creator::Lindsey, GB","Lindsey, GB",creator
"creator::Lamothe, Kathleen","Lamothe, Kathleen",creator
"creator::Drake, K. J.","Drake, K. J.",creator
"creator::Sexsmith, Sinclair","Sexsmith, Sinclair",creator
"creator::Saconne, Sica","Saconne, Sica",creator
"creator::Sterling, Hollie","Sterling, Hollie",creator
"creator::hardy, Kel","hardy, Kel",creator
"creator::Coccia, Paul","Coccia, Paul",creator
"creator::Silver, Erin","Silver, Erin",creator
"creator::Winter, Ash","Winter, Ash",creator
"creator::Henry, Tianna","Henry, Tianna",creator
"creator::Frascà, Paolo","Frascà, Paolo",creator
"creator::Juniper, Steff","Juniper, Steff",creator
"creator::Portulese, Anthony","Portulese, Anthony",creator
"creator::Cusmano, Liana (Luca)","Cusmano, Liana (Luca)",creator
"creator::DiRaddo, Christopher","DiRaddo, Christopher",creator
"creator::Aleman, Daniel","Aleman, Daniel",creator
"creator::Sass, Adam","Sass, Adam",creator
creator::Taylah,Taylah,creator
creator::Sterling,Sterling,creator
"creator::Kinsella, Sean Carson","Kinsella, Sean Carson",creator
"creator::Q, Laura","Q, Laura",creator
"creator::Ryan, Tom","Ryan, Tom",creator
"creator::Stevenson, Robin","Stevenson, Robin",creator
"creator::Bittner, Robert","Bittner, Robert",creator
"creator::Burke, Jenn","Burke, Jenn",creator
"creator::Lin, Hudson","Lin, Hudson",creator
"creator::Salazar, Rebeca","Salazar, Rebeca",creator
"creator::Wee, Natalie","Wee, Natalie",creator
"creator::DiNovo, Cheri","DiNovo, Cheri",creator
"creator::Silver, Avi","Silver, Avi",creator
"creator::Powers, Richard","Powers, Richard",creator
"creator::Tan, Amy","Tan, Amy",creator
"creator::Ogawa, Yoko","Ogawa, Yoko",creator
"creator::Bradley, Helen Chau","Bradley, Helen Chau",creator
"creator::Fraser, Kathleen","Fraser, Kathleen",creator
"creator::Woodson, Jacqueline","Woodson, Jacqueline",creator
"creator::Silvera, Adam","Silvera, Adam",creator
"creator::Shraya, Vivek","Shraya, Vivek",creator
"creator::Defoge, Michael","Defoge, Michael",creator
"creator::Offill, Jenny","Offill, Jenny",creator
"creator::Langille, Luke","Langille, Luke",creator
"creator::Emezi, Akwaeke","Emezi, Akwaeke",creator
"creator::McWatt, Tessa","McWatt, Tessa",creator
"creator::Bailey, Garvia","Bailey, Garvia",creator
"creator::Sjöblom, Lisa Wool-Rim","Sjöblom, Lisa Wool-Rim",creator
"creator::Nicole, Shanice","Nicole, Shanice",creator
"creator::Charles, Kathleen","Charles, Kathleen",creator
"creator::George, Kallie","George, Kallie",creator
"creator::Godbout, Geneviève","Godbout, Geneviève",creator
"creator::Diaz, Natalie","Diaz, Natalie",creator
"creator::Louw, Aimee","Louw, Aimee",creator
"creator::Weiner, Anna","Weiner, Anna",creator
"creator::Irby, Samantha","Irby, Samantha",creator
"creator::Pohl-Miranda, Julia","Pohl-Miranda, Julia",creator
"creator::Ekwuyasi, Francesca","Ekwuyasi, Francesca",creator
"creator::Hong, Yeon-sik","Hong, Yeon-sik",creator
creator::Walter Kaheró:ton Scott,Walter Kaheró:ton Scott,creator
"creator::Shah Hoque, Anna","Shah Hoque, Anna",creator
"creator::Tierney, Cara","Tierney, Cara",creator
"creator::Wohlleben, Peter","Wohlleben, Peter",creator
"creator::Dalz, Kezna","Dalz, Kezna",creator
"creator::Métellus, Maguy","Métellus, Maguy",creator
creator::Nantali,Nantali,creator
"creator::Angus, Callum","Angus, Callum",creator
"creator::Stein, Leslie","Stein, Leslie",creator
"creator::Blackburn, Kaiya Smith","Blackburn, Kaiya Smith",creator
"creator::Whitehead, Colson","Whitehead, Colson",creator
"creator::Thom, Kai Cheng","Thom, Kai Cheng",creator
"creator::Solnit, Rebecca","Solnit, Rebecca",creator
"creator::Jemisin, N.K.","Jemisin, N.K.",creator
"creator::Tsurita, Kuniko","Tsurita, Kuniko",creator
"creator::Rooke, Kennedy","Rooke, Kennedy",creator
"creator::Schweblin, Samanta","Schweblin, Samanta",creator
"creator::Power, Rory","Power, Rory",creator
"creator::Pennypacker, Sara","Pennypacker, Sara",creator
"creator::Martis, Eternity","Martis, Eternity",creator
"creator::Nawaz, Saleema","Nawaz, Saleema",creator
"creator::Belcourt, Billy-Ray","Belcourt, Billy-Ray",creator
"creator::Leilani, Raven","Leilani, Raven",creator
"creator::Oppel, Kenneth","Oppel, Kenneth",creator
"creator::Aber, Aria","Aber, Aria",creator
"creator::Róisín, Fariha","Róisín, Fariha",creator
"creator::Jeffers, Oliver","Jeffers, Oliver",creator
"creator::Khakpour, Porochista","Khakpour, Porochista",creator
"creator::Ma, Yeong-Shin","Ma, Yeong-Shin",creator
"creator::Murray, Morgan","Murray, Morgan",creator
"creator::Okorafor, Nnedi","Okorafor, Nnedi",creator
"creator::Eugene, Lim","Eugene, Lim",creator
"creator::Péan, Stanley","Péan, Stanley",creator
"creator::Sharpe, Carson","Sharpe, Carson",creator
"creator::Arkorful, Faith","Arkorful, Faith",creator
"creator::Bayron, Kalynn","Bayron, Kalynn",creator
"creator::Thammavongsa, Souvankham","Thammavongsa, Souvankham",creator
"creator::Weiden, David Heska Wanbli","Weiden, David Heska Wanbli",creator
"creator::Petersen, Anne Helen","Petersen, Anne Helen",creator
"creator::Lawlor, Andrea","Lawlor, Andrea",creator
"creator::Hernández, Catherine","Hernández, Catherine",creator
"creator::Machado, Carmen Maria","Machado, Carmen Maria",creator
"creator::Moreno-Garcia, Silvia","Moreno-Garcia, Silvia",creator
"creator::Cunningham, Haley","Cunningham, Haley",creator
"creator::Smith, Zadie","Smith, Zadie",creator
"creator::Vigneault, François","Vigneault, François",creator
"creator::Winters, Ben H.","Winters, Ben H.",creator
"creator::Atwood, Margaret","Atwood, Margaret",creator
"creator::Bland, Jared","Bland, Jared",creator
"creator::Messenger, Shannon","Messenger, Shannon",creator
"creator::Murphy, Joni","Murphy, Joni",creator
"creator::Sacco, Joe","Sacco, Joe",creator
"creator::Callender, Kacen","Callender, Kacen",creator
"creator::Robertson, David A.","Robertson, David A.",creator
"creator::Whitehead, Joshua","Whitehead, Joshua",creator
"creator::Kimmerer, Robin Wall","Kimmerer, Robin Wall",creator
"creator::Kezna, Dalz","Kezna, Dalz",creator
"creator::Washington, Bryan","Washington, Bryan",creator
"creator::Evanson, Tanya","Evanson, Tanya",creator
"creator::Nasrallah, Dimitri","Nasrallah, Dimitri",creator
"creator::Jamieson, Victoria","Jamieson, Victoria",creator
"creator::Mohamed, Omar","Mohamed, Omar",creator
"creator::Passmore, Ben","Passmore, Ben",creator
"creator::Kendi, Ibram X.","Kendi, Ibram X.",creator
"creator::Blain, Keisha N.","Blain, Keisha N.",creator
"creator::Abdelmahmoud, Elamin","Abdelmahmoud, Elamin",creator
"creator::Awumey, Edem","Awumey, Edem",creator
"creator::Aronoff, Phyllis","Aronoff, Phyllis",creator
"creator::Scott, Howard","Scott, Howard",creator
"creator::Chobsky, Stephen","Chobsky, Stephen",creator
"creator::Erdrich, Louise","Erdrich, Louise",creator
"creator::Robinson, Eden","Robinson, Eden",creator
"creator::Ishiguro, Kazuo","Ishiguro, Kazuo",creator
"creator::Osterweil, Vicky","Osterweil, Vicky",creator
"creator::Leith, Linda","Leith, Linda",creator
"creator::Webber, Georgia","Webber, Georgia",creator
"creator::Chong, Vivian","Chong, Vivian",creator
"creator::Lavery, Cesario","Lavery, Cesario",creator
"creator::Ford, Kelli Jo","Ford, Kelli Jo",creator
"creator::Ferrante, Elena","Ferrante, Elena",creator
"creator::Warland, Betsy","Warland, Betsy",creator
"creator::Flood, Cynthia","Flood, Cynthia",creator
"creator::Myers, Christina","Myers, Christina",creator
"creator::Boon, Sonja","Boon, Sonja",creator
"creator::Scriver, Amanda","Scriver, Amanda",creator
"creator::van Mil, Heather","van Mil, Heather",creator
"creator::Cameron, Layla","Cameron, Layla",creator
"creator::Wall, Emily","Wall, Emily",creator
creator::kjmunro,kjmunro,creator
"creator::Woodman, Cynthia","Woodman, Cynthia",creator
"creator::McGrath, Wendy","McGrath, Wendy",creator
"creator::Terpstra, John","Terpstra, John",creator
"creator::Tinwei Lam, Fiona","Tinwei Lam, Fiona",creator
"creator::Lawrence, Katherine","Lawrence, Katherine",creator
"creator::McConnell, Shannon","McConnell, Shannon",creator
"creator::Rose Pflug-Back, Kelly","Rose Pflug-Back, Kelly",creator
"creator::Braid, Kate","Braid, Kate",creator
"creator::Thomas, Gordon","Thomas, Gordon",creator
"creator::Sosnowsky, Cathy","Sosnowsky, Cathy",creator
"creator::Bohigian, Amy","Bohigian, Amy",creator
"creator::Byers, Jane","Byers, Jane",creator
"creator::Braund, Susanna","Braund, Susanna",creator
"creator::Thomas-Peter, Brian","Thomas-Peter, Brian",creator
"creator::Maser, Michael","Maser, Michael",creator
"creator::Finlayson, Claire","Finlayson, Claire",creator
"creator::Trung, Le Nguyen","Trung, Le Nguyen",creator
"creator::Nayeri, Daniel","Nayeri, Daniel",creator
"creator::Klein, Naomi","Klein, Naomi",creator
"creator::Lee, Naia","Lee, Naia",creator
"creator::Hamilton, Rebecca","Hamilton, Rebecca",creator
"creator::Peters, Torrey","Peters, Torrey",creator
"creator::Bardugo, Leigh","Bardugo, Leigh",creator
"creator::Lin, Jeremy Atherton","Lin, Jeremy Atherton",creator
"creator::Lee, Lai","Lee, Lai",creator
"creator::Katchor, Ben","Katchor, Ben",creator
"creator::Rabinovitch, Lara","Rabinovitch, Lara",creator
"creator::Maloff, Vera","Maloff, Vera",creator
"creator::DeGrace, Anne","DeGrace, Anne",creator
"creator::Shapiro, Esmé","Shapiro, Esmé",creator
"creator::Gunn, Genni","Gunn, Genni",creator
"creator::MacDonald, Mary","MacDonald, Mary",creator
"creator::Sonik, Madeline","Sonik, Madeline",creator
"creator::Ntshanga, Masande","Ntshanga, Masande",creator
"creator::Xu, Ann","Xu, Ann",creator
"creator::Goto, Hiromi","Goto, Hiromi",creator
"creator::Pascal, Girard","Pascal, Girard",creator
"creator::Boisvert, MP","Boisvert, MP",creator
"creator::Meneghetti, Monica","Meneghetti, Monica",creator
"creator::Henrickson, Crystal","Henrickson, Crystal",creator
"creator::Mynett, Geoff","Mynett, Geoff",creator
"creator::Bolster, Stephanie","Bolster, Stephanie",creator
"creator::Patton, Christopher","Patton, Christopher",creator
"creator::Giese, Rachel","Giese, Rachel",creator
"creator::Williams, Ian","Williams, Ian",creator
"creator::Lee, JJ","Lee, JJ",creator
"creator::Arnott, Bill","Arnott, Bill",creator
"creator::Giles, Morgan","Giles, Morgan",creator
"creator::Dubois, Jocelyne","Dubois, Jocelyne",creator
"creator::Bailey, Clayton","Bailey, Clayton",creator
"creator::Acevedo, Elizabeth","Acevedo, Elizabeth",creator
"creator::Delisle, Guy","Delisle, Guy",creator
"creator::Andersen, Sarah","Andersen, Sarah",creator
"creator::Pixin, Weng","Pixin, Weng",creator
"creator::Girard, Pascal","Girard, Pascal",creator
"creator::McLeod, Darrel J.","McLeod, Darrel J.",creator
"creator::Bhandar, Serena","Bhandar, Serena",creator
"creator::simpson, jaye","simpson, jaye",creator
"creator::Dennis, K.P","Dennis, K.P",creator
"creator::Funk, Carla","Funk, Carla",creator
"creator::Gartner, Zsuzsi","Gartner, Zsuzsi",creator
"creator::Hernandez, Catherine","Hernandez, Catherine",creator
"creator::Tater, Mallory","Tater, Mallory",creator
"creator::Vanderstoop, Doreen","Vanderstoop, Doreen",creator
"creator::Trafford, Matthew J.","Trafford, Matthew J.",creator
"creator::Butler, Jenna","Butler, Jenna",creator
"creator::Johns, Jessica","Johns, Jessica",creator
"creator::Lilley, Joanna","Lilley, Joanna",creator
"creator::Lambert, Shaena","Lambert, Shaena",creator
"creator::Kaminiarz, Verena","Kaminiarz, Verena",creator
"creator::Kamal, Sheena","Kamal, Sheena",creator
"creator::Reid-Benta, Zalika","Reid-Benta, Zalika",creator
"creator::Newman, Carey","Newman, Carey",creator
"creator::Craigie, Gregor","Craigie, Gregor",creator
"creator::Wang, Jack","Wang, Jack",creator
"creator::Christie, Michael","Christie, Michael",creator
"creator::Sakamoto, Kerri","Sakamoto, Kerri",creator
"creator::Shidmehr, Nilofar","Shidmehr, Nilofar",creator
"creator::Mascarenhas, Derek","Mascarenhas, Derek",creator
"creator::Wallace, Jade","Wallace, Jade",creator
"creator::Doyle, Henry","Doyle, Henry",creator
"creator::Tanaka, Sho","Tanaka, Sho",creator
"creator::Quoin, Sally","Quoin, Sally",creator
"creator::Snowdon, Captain","Snowdon, Captain",creator
"creator::Conrad, Angie","Conrad, Angie",creator
"creator::Harris, Jane","Harris, Jane",creator
"creator::Panko, Dominique","Panko, Dominique",creator
"creator::Nicholson, Cecily","Nicholson, Cecily",creator
"creator::LaFrance, Danielle","LaFrance, Danielle",creator
"creator::Tulchinsky, Aren X.","Tulchinsky, Aren X.",creator
"creator::Hiroko, Erica","Hiroko, Erica",creator
"creator::Wiebe, Sam","Wiebe, Sam",creator
"creator::Adderson, Caroline","Adderson, Caroline",creator
"creator::Compton, Wayde","Compton, Wayde",creator
"creator::Prendergast, Gabrielle","Prendergast, Gabrielle",creator
"creator::Boteju, Tanya","Boteju, Tanya",creator
"creator::Cook, Eileen","Cook, Eileen",creator
"creator::Lee, Jen Sookfong","Lee, Jen Sookfong",creator
"creator::Saatchi, Anaheed","Saatchi, Anaheed",creator
"creator::Chesham, Andrew","Chesham, Andrew",creator
"creator::Stonehouse, Cathy","Stonehouse, Cathy",creator
"creator::Cliff, Tony","Cliff, Tony",creator
"creator::Cosgrave, Bill","Cosgrave, Bill",creator
"creator::Demers, Charles","Demers, Charles",creator
"creator::Wang, Holman","Wang, Holman",creator
"creator::Stone, Tiffany","Stone, Tiffany",creator
"creator::Senior, Olive","Senior, Olive",creator
"creator::Geary, David","Geary, David",creator
"creator::Leung, Laifong","Leung, Laifong",creator
"creator::Parkin, Andrew","Parkin, Andrew",creator
"creator::Arnott, Joanne","Arnott, Joanne",creator
"creator::Aweida, Ghia","Aweida, Ghia",creator
"creator::Chan, William","Chan, William",creator
"creator::Huang, Dongdong","Huang, Dongdong",creator
"creator::Lo, Anita","Lo, Anita",creator
"creator::Loh, Joseph Synn Kune","Loh, Joseph Synn Kune",creator
"creator::Shen, Jiazhuang","Shen, Jiazhuang",creator
"creator::Yang, Qing","Yang, Qing",creator
"creator::Zeng, Bill","Zeng, Bill",creator
"creator::Chan, Wahying","Chan, Wahying",creator
"creator::Smith, Heather","Smith, Heather",creator
"creator::Wada, Rachel","Wada, Rachel",creator
"creator::Kirton, Jonina","Kirton, Jonina",creator
"creator::Van Tol, Alex","Van Tol, Alex",creator
"creator::Ridge, Yolanda","Ridge, Yolanda",creator
"creator::Mulder, Michelle","Mulder, Michelle",creator
"creator::Graham, Danielle R.","Graham, Danielle R.",creator
"creator::Beladi, Tara","Beladi, Tara",creator
"creator::Cee, Delica","Cee, Delica",creator
creator::Satanix,Satanix,creator
"creator::Zappa, Osvaldo","Zappa, Osvaldo",creator
"creator::Carbone, Eloise","Carbone, Eloise",creator
"creator::Militano, Carmelo","Militano, Carmelo",creator
"creator::Dagnino, Arianna","Dagnino, Arianna",creator
"creator::Lordon, Claire","Lordon, Claire",creator
"creator::De Montigny, Suzanne","De Montigny, Suzanne",creator
"creator::Juma, Liliane Leila","Juma, Liliane Leila",creator
"creator::Boehm, Heige S.","Boehm, Heige S.",creator
"creator::Barker, Michelle","Barker, Michelle",creator
"creator::Lam, Fiona Tinwei","Lam, Fiona Tinwei",creator
"creator::Acheson, Alison","Acheson, Alison",creator
"creator::Hansen, Emma","Hansen, Emma",creator
"creator::Bascaramurty, Dakshana","Bascaramurty, Dakshana",creator
"creator::Maracle, Lee","Maracle, Lee",creator
"creator::Bopp, Columpa","Bopp, Columpa",creator
"creator::Carter, Tania","Carter, Tania",creator
"creator::Waechtler, Heidi","Waechtler, Heidi",creator
"creator::Lam, Brian","Lam, Brian",creator
"creator::Gorman, Don","Gorman, Don",creator
"creator::Linka, Ruth","Linka, Ruth",creator
"creator::Guerra, Pia","Guerra, Pia",creator
"creator::Boothby, Ian","Boothby, Ian",creator
"creator::Dawn, Amber","Dawn, Amber",creator
"creator::Kaur, Kiran","Kaur, Kiran",creator
"creator::Nilson, Geoffrey","Nilson, Geoffrey",creator
"creator::Brett, Brian","Brett, Brian",creator
"creator::Brown, Michelle Poirier","Brown, Michelle Poirier",creator
"creator::Johnson, Elena","Johnson, Elena",creator
"creator::Beavington, Lee","Beavington, Lee",creator
"creator::Donawa, Wendy","Donawa, Wendy",creator
"creator::Taylor, Rob","Taylor, Rob",creator
"creator::Cowper, Daniel","Cowper, Daniel",creator
"creator::McAdam, Rhoda","McAdam, Rhoda",creator
"creator::Bhat, Shashi","Bhat, Shashi",creator
"creator::McAdam, Tash","McAdam, Tash",creator
"creator::Sheena, Kamal","Sheena, Kamal",creator
"creator::Kilbourne, Christina","Kilbourne, Christina",creator
"creator::Cole, Desmond","Cole, Desmond",creator
"creator::Cooper, Afua","Cooper, Afua",creator
"creator::Hoogland, Cornelia","Hoogland, Cornelia",creator
"creator::Cunningham, Francine","Cunningham, Francine",creator
"creator::Jamieson, Kyla","Jamieson, Kyla",creator
"creator::Daniell, Ruth","Daniell, Ruth",creator
"creator::Buis, Susan","Buis, Susan",creator
"creator::Wallace, Russell","Wallace, Russell",creator
"creator::Felix, TJ","Felix, TJ",creator
"creator::Kehewin, Wanda","Kehewin, Wanda",creator
"creator::Harman, Whess","Harman, Whess",creator
"creator::Jaffer, Taslim","Jaffer, Taslim",creator
"creator::Jeshani, Natasha","Jeshani, Natasha",creator
"creator::Thandhi, Raj","Thandhi, Raj",creator
"creator::Yu, Angie","Yu, Angie",creator
"creator::Kaye, Anna Ling","Kaye, Anna Ling",creator
"creator::Guillermo, Kawika","Guillermo, Kawika",creator
"creator::Shimotakahara, Leslie","Shimotakahara, Leslie",creator
"creator::Wong, Todd","Wong, Todd",creator
"creator::Chong, Kevin","Chong, Kevin",creator
"creator::Smith, Charlie","Smith, Charlie",creator
"creator::Fong, Peg","Fong, Peg",creator
"creator::Taylor, Wanda Lauren","Taylor, Wanda Lauren",creator
"creator::Sadu, Itah","Sadu, Itah",creator
"creator::Taylor, Alex","Taylor, Alex",creator
"creator::Carolan, Trevor","Carolan, Trevor",creator
"creator::Weisberg, LJ","Weisberg, LJ",creator
"creator::MacLeod, Carrie","MacLeod, Carrie",creator
"creator::Whittle-Brown, Kareece (Kari)","Whittle-Brown, Kareece (Kari)",creator
"creator::Bramble, Fiona","Bramble, Fiona",creator
"creator::Morse, Garry Thomas","Morse, Garry Thomas",creator
"creator::Gottfriedson, Garry","Gottfriedson, Garry",creator
"creator::Bose, Chris","Bose, Chris",creator
"creator::Bates, Margo","Bates, Margo",creator
"creator::McGuire, Tara","McGuire, Tara",creator
"creator::Wang, Isabella","Wang, Isabella",creator
"creator::Thomas-Peter, B.A.","Thomas-Peter, B.A.",creator
"creator::Tregebov, Rhea","Tregebov, Rhea",creator
"creator::Hunter, Aislinn","Hunter, Aislinn",creator
"creator::Hozar, Nazanine","Hozar, Nazanine",creator
"creator::Rosenberg, Lisa","Rosenberg, Lisa",creator
"creator::Saklikar, Renée","Saklikar, Renée",creator
"creator::Quarmby, Lynne","Quarmby, Lynne",creator
"creator::Todd, Loretta","Todd, Loretta",creator
"creator::Bonneau, Tracey Kim","Bonneau, Tracey Kim",creator
"creator::Prince, Brenda","Prince, Brenda",creator
"creator::Wilson-Raybould, Jody","Wilson-Raybould, Jody",creator
"creator::Farina, Laura","Farina, Laura",creator
"creator::Nish, Bonnie","Nish, Bonnie",creator
"creator::Wallace, Yvonne","Wallace, Yvonne",creator
"creator::Bitek, Otoniya Juliane Okot","Bitek, Otoniya Juliane Okot",creator
"creator::Magnus, Ebony","Magnus, Ebony",creator
"creator::Tanaka, Candie","Tanaka, Candie",creator
"creator::Sinatra, Dank","Sinatra, Dank",creator
creator::Satinix,Satinix,creator
"creator::McKay, Don","McKay, Don",creator
"creator::Dragland, Stan","Dragland, Stan",creator
"creator::Munce, Alayna","Munce, Alayna",creator
"creator::Vernart, Sarah","Vernart, Sarah",creator
"creator::B.-e., Lindsay","B.-e., Lindsay",creator
"creator::Akintade, Peace","Akintade, Peace",creator
"creator::Farrant, M.A.C.","Farrant, M.A.C.",creator
"creator::Rankin, Ian","Rankin, Ian",creator
"creator::Gulliver, Roland","Gulliver, Roland",creator
"creator::Babcock, Heather","Babcock, Heather",creator
"creator::Munteanu, Nina","Munteanu, Nina",creator
"creator::Panofsky, Ruth","Panofsky, Ruth",creator
"creator::Rykov, Mary","Rykov, Mary",creator
"creator::Premji, Munira","Premji, Munira",creator
"creator::Madhavji, Huse","Madhavji, Huse",creator
"creator::North, Ryan","North, Ryan",creator
"creator::Pullinger, Kate","Pullinger, Kate",creator
"creator::Humphreys, Helen","Humphreys, Helen",creator
"creator::Dundas, Deborah","Dundas, Deborah",creator
"creator::Heti, Sheila","Heti, Sheila",creator
"creator::Doctor, Farzana","Doctor, Farzana",creator
"creator::Melchor, Fernanda","Melchor, Fernanda",creator
"creator::Keyzad, Niyosha","Keyzad, Niyosha",creator
"creator::Jadid, Saeed","Jadid, Saeed",creator
"creator::Khan, Tasmina","Khan, Tasmina",creator
"creator::Paul, Sujit Kusum","Paul, Sujit Kusum",creator
"creator::Chakraborty, Dilip Kumar","Chakraborty, Dilip Kumar",creator
"creator::Majumder, Surajit Roy","Majumder, Surajit Roy",creator
"creator::Saha, Manosi","Saha, Manosi",creator
"creator::Dās, Subrata Kumāra","Dās, Subrata Kumāra",creator
"creator::Sereda, David","Sereda, David",creator
"creator::Allen, Colleen","Allen, Colleen",creator
"creator::Whiteley, Ken","Whiteley, Ken",creator
"creator::Wagler, Tyler","Wagler, Tyler",creator
"creator::Akhtar, Ayad","Akhtar, Ayad",creator
"creator::Azar, Shokoofeh","Azar, Shokoofeh",creator
"creator::O'Brien, Wendy","O'Brien, Wendy",creator
"creator::Del Amo, Jean-Baptiste","Del Amo, Jean-Baptiste",creator
"creator::Wiseman, Adele","Wiseman, Adele",creator
"creator::Bergen, David","Bergen, David",creator
"creator::Brown, Janie","Brown, Janie",creator
"creator::Levine, Liz","Levine, Liz",creator
"creator::Billingham, Mark","Billingham, Mark",creator
"creator::Stintzi, John Elizabeth","Stintzi, John Elizabeth",creator
"creator::Orriols, Marta","Orriols, Marta",creator
"creator::Ramirez, Ainissa","Ramirez, Ainissa",creator
"creator::McKenzie, Catherine","McKenzie, Catherine",creator
"creator::Onstad, Katrina","Onstad, Katrina",creator
"creator::Ford, Richard","Ford, Richard",creator
"creator::Wolitzer, Meg","Wolitzer, Meg",creator
"creator::Macintyre, Ben","Macintyre, Ben",creator
"creator::Shephard, Michelle","Shephard, Michelle",creator
"creator::Mathieu, Manuel","Mathieu, Manuel",creator
"creator::Danticat, Edwidge","Danticat, Edwidge",creator
"creator::McKeon, Lauren","McKeon, Lauren",creator
"creator::Parise, Michelle","Parise, Michelle",creator
"creator::St. John Mandel, Emily","St. John Mandel, Emily",creator
"creator::Endicott, Marina","Endicott, Marina",creator
"creator::McCann, Colum","McCann, Colum",creator
"creator::Boyagoda, Randy","Boyagoda, Randy",creator
"creator::Couture, Christa","Couture, Christa",creator
"creator::Rogers, Damian","Rogers, Damian",creator
"creator::Graham, Catherine","Graham, Catherine",creator
"creator::Kehlmann, Daniel","Kehlmann, Daniel",creator
"creator::Trabucco Zerán, Alia","Trabucco Zerán, Alia",creator
"creator::McDermid, Val","McDermid, Val",creator
"creator::Jacobson, Roy","Jacobson, Roy",creator
"creator::Gowan, Lee","Gowan, Lee",creator
"creator::Urquhart, Emily","Urquhart, Emily",creator
"creator::Nurse, Donna Bailey","Nurse, Donna Bailey",creator
"creator::de Mariaffi, Elisabeth","de Mariaffi, Elisabeth",creator
"creator::Davidson, Craig","Davidson, Craig",creator
"creator::Matuk, Nyla Jean","Matuk, Nyla Jean",creator
"creator::Pevlin, Geoff","Pevlin, Geoff",creator
"creator::Thompson, Andrea","Thompson, Andrea",creator
"creator::Wani, Sanna","Wani, Sanna",creator
"creator::Haldane, Susan","Haldane, Susan",creator
"creator::Kerr, Connor","Kerr, Connor",creator
"creator::Pirmohamed, Alycia","Pirmohamed, Alycia",creator
"creator::Harris, Maureen Scott","Harris, Maureen Scott",creator
"creator::Dumont, Marilyn","Dumont, Marilyn",creator
"creator::Offman, Craig","Offman, Craig",creator
"creator::Keefe, Patrick Radden","Keefe, Patrick Radden",creator
"creator::Mengiste, Maaza","Mengiste, Maaza",creator
"creator::Lederman, Marsha","Lederman, Marsha",creator
"creator::Lou, Ehan","Lou, Ehan",creator
"creator::Waltner-Toews, David","Waltner-Toews, David",creator
"creator::Tuite, Ashleigh","Tuite, Ashleigh",creator
"creator::Picard, André","Picard, André",creator
"creator::Thompson, Cheryl","Thompson, Cheryl",creator
"creator::Lee, Karen","Lee, Karen",creator
"creator::Granados, Marlowe","Granados, Marlowe",creator
"creator::Fowles, Stacey May","Fowles, Stacey May",creator
"creator::Goodings, Lennie","Goodings, Lennie",creator
"creator::Irani, Anosh","Irani, Anosh",creator
"creator::Clarke, Austin","Clarke, Austin",creator
"creator::Ruthnum, Naben","Ruthnum, Naben",creator
"creator::Chang, Janie","Chang, Janie",creator
"creator::Hare, Louise","Hare, Louise",creator
"creator::Pereira, Judith","Pereira, Judith",creator
"creator::Shapiro, James","Shapiro, James",creator
"creator::Healy, Brendan","Healy, Brendan",creator
"creator::Coleman, Bill","Coleman, Bill",creator
"creator::Suri, Timea Wharton","Suri, Timea Wharton",creator
"creator::Burashko, Andrew","Burashko, Andrew",creator
"creator::Parr, Dan","Parr, Dan",creator
"creator::Allison, Thom","Allison, Thom",creator
"creator::Hoskins, Gregory","Hoskins, Gregory",creator
"creator::Huhtanen, Carla","Huhtanen, Carla",creator
"creator::Bruneau, Carol","Bruneau, Carol",creator
"creator::Carter, Sue","Carter, Sue",creator
"creator::Strube, Cornelia","Strube, Cornelia",creator
"creator::Tumarkin, Maria","Tumarkin, Maria",creator
"creator::Walschots, Natalie Zina","Walschots, Natalie Zina",creator
"creator::Aiello, K.J.","Aiello, K.J.",creator
"creator::Englander, Nathan","Englander, Nathan",creator
"creator::Barrett, Colin","Barrett, Colin",creator
"creator::Raffan, James","Raffan, James",creator
"creator::Ludwig, Sidura","Ludwig, Sidura",creator
"creator::Reva, Maria","Reva, Maria",creator
"creator::Donaldson, Emily","Donaldson, Emily",creator
"creator::Hosseini, Khaled","Hosseini, Khaled",creator
"creator::Tawakoli, Baqir","Tawakoli, Baqir",creator
"creator::Sadat, Shahrbanoo","Sadat, Shahrbanoo",creator
"creator::Lynch, Marc Herman","Lynch, Marc Herman",creator
"creator::Bala, Sharon","Bala, Sharon",creator
"creator::Maclear, Kyo","Maclear, Kyo",creator
"creator::McMahon, Serah-Marie","McMahon, Serah-Marie",creator
"creator::Athaide, Tina","Athaide, Tina",creator
"creator::Mitchell, Brandon","Mitchell, Brandon",creator
"creator::Hatfield, Percy","Hatfield, Percy",creator
"creator::Adjei, Randell","Adjei, Randell",creator
"creator::Ungurenaşu, Alexei","Ungurenaşu, Alexei",creator
"creator::Ajmeri, Shaukat","Ajmeri, Shaukat",creator
"creator::Ali, Elham","Ali, Elham",creator
"creator::Sanford, Emily","Sanford, Emily",creator
"creator::Pathare, Sonia","Pathare, Sonia",creator
"creator::Amdemichael, Hannah","Amdemichael, Hannah",creator
"creator::Kay Clark, Nancy","Kay Clark, Nancy",creator
"creator::Emmerton, Dorianne","Emmerton, Dorianne",creator
"creator::Molavi, Fereshteh","Molavi, Fereshteh",creator
"creator::Rozeboom, Cyn","Rozeboom, Cyn",creator
"creator::Patnaik, Ellora","Patnaik, Ellora",creator
"creator::Bhaneja, Raoul","Bhaneja, Raoul",creator
"creator::P’ng, Jonathan","P’ng, Jonathan",creator
"creator::S. Roy, Zoë","S. Roy, Zoë",creator
"creator::Tennant, Jamie","Tennant, Jamie",creator
"creator::Baer, Larry","Baer, Larry",creator
"creator::Del Bucchia, Dina","Del Bucchia, Dina",creator
"creator::Villalobos, Juan Pablo","Villalobos, Juan Pablo",creator
"creator::Foran, Charlie","Foran, Charlie",creator
"creator::Gopnik, Blake","Gopnik, Blake",creator
"creator::Taylor, Kate","Taylor, Kate",creator
"creator::Gill, Marie-Andrée","Gill, Marie-Andrée",creator
"creator::Savoie-Bernard, Chloé","Savoie-Bernard, Chloé",creator
"creator::Adamson, Gil","Adamson, Gil",creator
"creator::Galway, Liam","Galway, Liam",creator
"creator::Henderson, Matthew","Henderson, Matthew",creator
"creator::Champsee, Sonal","Champsee, Sonal",creator
"creator::Baudot, Laure","Baudot, Laure",creator
"creator::Reader, Deanna","Reader, Deanna",creator
"creator::Sookfong Lee, Jen","Sookfong Lee, Jen",creator
"creator::Jones, Gavin","Jones, Gavin",creator
"creator::Wilmot, Andrew","Wilmot, Andrew",creator
"creator::Malik, Laila","Malik, Laila",creator
"creator::Vaillant, Sonia","Vaillant, Sonia",creator
"creator::Krishnan, Prakash","Krishnan, Prakash",creator
"creator::Leung, Carianne","Leung, Carianne",creator
"creator::Bhat, Kiran","Bhat, Kiran",creator
"creator::Kirton, Jónína","Kirton, Jónína",creator
"creator::Downing, Antonio Michael","Downing, Antonio Michael",creator
"creator::Lee, Fonda","Lee, Fonda",creator
"creator::Polk, C.L.","Polk, C.L.",creator
"creator::Olding, Susan","Olding, Susan",creator
"creator::Pendziwol, Jean","Pendziwol, Jean",creator
"creator::Haggarty, Holly","Haggarty, Holly",creator
"creator::Constantineau, Vera","Constantineau, Vera",creator
"creator::Sharpe, Jenny","Sharpe, Jenny",creator
"creator::Jones, Marianne","Jones, Marianne",creator
"creator::Rosenman, John B.","Rosenman, John B.",creator
"creator::Chacaby, Ma-Nee","Chacaby, Ma-Nee",creator
"creator::Wylie, Jodene","Wylie, Jodene",creator
"creator::Hearn Hill, Bonnie","Hearn Hill, Bonnie",creator
"creator::Strong, Graham","Strong, Graham",creator
"creator::Lundy, Randy","Lundy, Randy",creator
"creator::Fredsti, Dana","Fredsti, Dana",creator
"creator::Bye, Clayton","Bye, Clayton",creator
"creator::Pszczolko, Elizabeth","Pszczolko, Elizabeth",creator
"creator::Sharma, Sanjana","Sharma, Sanjana",creator
"creator::Dixon-Cooper, Hazel","Dixon-Cooper, Hazel",creator
"creator::Fergus Moore, Peter","Fergus Moore, Peter",creator
"creator::Campbell, Charles","Campbell, Charles",creator
"creator::Hargreaves, Tessa","Hargreaves, Tessa",creator
"creator::Agnew, Marion","Agnew, Marion",creator
"creator::Birmingham, Elizabeth","Birmingham, Elizabeth",creator
"creator::Linklater, Gail","Linklater, Gail",creator
"creator::Stockwell, Meagan","Stockwell, Meagan",creator
"creator::Fallis, Terry","Fallis, Terry",creator
"creator::Macdonald, Cathy","Macdonald, Cathy",creator
"creator::Parsons, Don","Parsons, Don",creator
"creator::Loyst, Cynthia","Loyst, Cynthia",creator
"creator::Allen, Jessica","Allen, Jessica",creator
"creator::Hoey, Dominic","Hoey, Dominic",creator
"creator::McNish, Hollie","McNish, Hollie",creator
"creator::Musa, Omar","Musa, Omar",creator
"creator::Pedersen, Michael","Pedersen, Michael",creator
"creator::Walters, Eric","Walters, Eric",creator
"creator::Deen, Natasha","Deen, Natasha",creator
"creator::Bow, Erin","Bow, Erin",creator
"creator::Kacer, Kathy","Kacer, Kathy",creator
"creator::Roach Smith, Marion","Roach Smith, Marion",creator
"creator::Niigan Noodin Adler, Nathan","Niigan Noodin Adler, Nathan",creator
"creator::Spade, Robert","Spade, Robert",creator
"creator::Spade, Keeshig","Spade, Keeshig",creator
"creator::Pedri-Spade, Celeste","Pedri-Spade, Celeste",creator
"creator::Shannacappo, Neal","Shannacappo, Neal",creator
"creator::Cardinal, Cliff","Cardinal, Cliff",creator
"creator::Washburn, Michaela","Washburn, Michaela",creator
"creator::Ramsay, Bob","Ramsay, Bob",creator
"creator::McAdam, Colin","McAdam, Colin",creator
"creator::Clarke, Fiona Raye","Clarke, Fiona Raye",creator
"creator::Moscrop, Dave","Moscrop, Dave",creator
"creator::Levinson, Marc","Levinson, Marc",creator
"creator::Spurway, Amy","Spurway, Amy",creator
"creator::Simmins, Marjorie","Simmins, Marjorie",creator
"creator::Betasamosake Simpson, Leanne","Betasamosake Simpson, Leanne",creator
"creator::Silver Slayter, Rebecca","Silver Slayter, Rebecca",creator
"creator::Fitch, Sheree","Fitch, Sheree",creator
"creator::Thomas, Rebecca","Thomas, Rebecca",creator
"creator::Paddon, Susan","Paddon, Susan",creator
"creator::Bernard, Mary Louise","Bernard, Mary Louise",creator
"creator::Gail Coles, Megan","Gail Coles, Megan",creator
"creator::Vermette, Katherena","Vermette, Katherena",creator
"creator::Currie, Andrea","Currie, Andrea",creator
"creator::Curwin, Julie","Curwin, Julie",creator
"creator::Crewe, Leslie","Crewe, Leslie",creator
"creator::Pepall, Rosalind M.","Pepall, Rosalind M.",creator
"creator::Kelly, Jeanette","Kelly, Jeanette",creator
"creator::Saltzman, Devyani","Saltzman, Devyani",creator
"creator::Coben, Harlan","Coben, Harlan",creator
"creator::Barclay, Linwood","Barclay, Linwood",creator
"creator::serada, david","serada, david",creator
"creator::Penner, Hayley Gene","Penner, Hayley Gene",creator
"creator::Donahue, Anne T.","Donahue, Anne T.",creator
"creator::Di Pietrantonio, Donatella","Di Pietrantonio, Donatella",creator
"creator::Ducharme, Réjean","Ducharme, Réjean",creator
"creator::Stratford, Madeleine","Stratford, Madeleine",creator
"creator::Beattie, Stephen W.","Beattie, Stephen W.",creator
"creator::de Meijer, Sadiqa","de Meijer, Sadiqa",creator
"creator::Fiorito, Joe","Fiorito, Joe",creator
"creator::Purdham, Medrie","Purdham, Medrie",creator
"creator::Trussler, Michael","Trussler, Michael",creator
"creator::Benning, Sheri","Benning, Sheri",creator
"creator::Choy, Wayson","Choy, Wayson",creator
"creator::Thien, Madeleine","Thien, Madeleine",creator
"creator::Bezmogis, David","Bezmogis, David",creator
"creator::McCann, Sean","McCann, Sean",creator
"creator::Aragon, Andrea","Aragon, Andrea",creator
"creator::Hughes, Clara","Hughes, Clara",creator
"creator::Robinson, Marilynne","Robinson, Marilynne",creator
"creator::Bailey Nurse, Donna","Bailey Nurse, Donna",creator
"creator::Bijlani, Diksha","Bijlani, Diksha",creator
"creator::Hernandez, Kyle","Hernandez, Kyle",creator
creator::LKN,LKN,creator
"creator::Roy, Zoey","Roy, Zoey",creator
creator::Yours Truly KK (Kimathi Kaumbutho),Yours Truly KK (Kimathi Kaumbutho),creator
"creator::Reece, Luke","Reece, Luke",creator
"creator::Hiaasen, Carl","Hiaasen, Carl",creator
"creator::Macfarlane, Robert","Macfarlane, Robert",creator
"creator::Morris, Jackie","Morris, Jackie",creator
"creator::Smyth, Janet","Smyth, Janet",creator
"creator::Ellis, Deborah","Ellis, Deborah",creator
"creator::Lee, Cliff","Lee, Cliff",creator
"creator::Maalouf, Amin","Maalouf, Amin",creator
"creator::McCormick, Gregory John","McCormick, Gregory John",creator
"creator::Pugsley, Alex","Pugsley, Alex",creator
"creator::Stuart, Douglas","Stuart, Douglas",creator
"creator::Archer, Bert","Archer, Bert",creator
"creator::Tavares, Gonçalo M.","Tavares, Gonçalo M.",creator
"creator::Ribeiro, Anabela Mota","Ribeiro, Anabela Mota",creator
"creator::Hahn, Daniel","Hahn, Daniel",creator
"creator::Wynne-Jones, Tim","Wynne-Jones, Tim",creator
"creator::Bailey, Samantha M.","Bailey, Samantha M.",creator
"creator::Celona, Marjorie","Celona, Marjorie",creator
"creator::El Akkad, Omar","El Akkad, Omar",creator
"creator::Naga, Noor","Naga, Noor",creator
"creator::Colbert, Jade","Colbert, Jade",creator
"creator::Tamaki, Jillian","Tamaki, Jillian",creator
"creator::Gay, Mary-Louise","Gay, Mary-Louise",creator
"creator::Reitmaier, Heidi","Reitmaier, Heidi",creator
"creator::Harvey, Samantha","Harvey, Samantha",creator
"creator::Campbell, Chad","Campbell, Chad",creator
"creator::Leviston, Frances","Leviston, Frances",creator
"creator::Carrick-Varty, Joe","Carrick-Varty, Joe",creator
"creator::Matuk, Nyla","Matuk, Nyla",creator
"creator::Vincent, John Emil","Vincent, John Emil",creator
"creator::Boychuk, Jenny","Boychuk, Jenny",creator
"creator::Morin, Alexie","Morin, Alexie",creator
"creator::Gilbert, Sky","Gilbert, Sky",creator
"creator::Meisner, Natalie","Meisner, Natalie",creator
"creator::Leiren-Young, Mark","Leiren-Young, Mark",creator
"creator::Cook, Christopher","Cook, Christopher",creator
"creator::Lakra, Arun","Lakra, Arun",creator
"creator::St. Bernard, Donna-Michelle","St. Bernard, Donna-Michelle",creator
"creator::Mackenzie, Matthew","Mackenzie, Matthew",creator
"creator::Baig, Bilal","Baig, Bilal",creator
"creator::Mand, Jordi","Mand, Jordi",creator
"creator::Brullemans, Pascal","Brullemans, Pascal",creator
"creator::Diamond, Alexis","Diamond, Alexis",creator
"creator::Murphy, Colleen","Murphy, Colleen",creator
"creator::Arluk, Reneltta","Arluk, Reneltta",creator
"creator::McGrath, Janet Tamalik","McGrath, Janet Tamalik",creator
"creator::Quintana, Christine","Quintana, Christine",creator
"creator::Graham, Beth","Graham, Beth",creator
"creator::Foster, Norm","Foster, Norm",creator
"creator::Davies, Trina","Davies, Trina",creator
"creator::Macivor, Daniel","Macivor, Daniel",creator
"creator::Shields, Erin","Shields, Erin",creator
"creator::Nolan, Yvette","Nolan, Yvette",creator
"creator::Yeung, Norman","Yeung, Norman",creator
"creator::Grant, Michael","Grant, Michael",creator
"creator::Salverson, Julie","Salverson, Julie",creator
"creator::Chafe, Robert","Chafe, Robert",creator
"creator::Parasram, Jivesh","Parasram, Jivesh",creator
"creator::Grant, Shauntay","Grant, Shauntay",creator
"creator::Jeffery, Michaela","Jeffery, Michaela",creator
"creator::Fricker, Karen","Fricker, Karen",creator
"creator::Sylvestre, Olivier","Sylvestre, Olivier",creator
"creator::Theodore, Bobby","Theodore, Bobby",creator
"creator::Verdier, Marie-Claude","Verdier, Marie-Claude",creator
"creator::Abalos, Byron","Abalos, Byron",creator
"creator::Mapili, Andrea","Mapili, Andrea",creator
"creator::Walsh, Cat","Walsh, Cat",creator
"creator::Monahan, Lynda","Monahan, Lynda",creator
"creator::Bowden, Mark","Bowden, Mark",creator
"creator::MacDougall, Sarah","MacDougall, Sarah",creator
"creator::Troyer, John","Troyer, John",creator
"creator::Ebenstein, Joanna","Ebenstein, Joanna",creator
"creator::Omer, Ardo","Omer, Ardo",creator
"creator::Bin Hassan, Umar","Bin Hassan, Umar",creator
"creator::Cleeves, Ann","Cleeves, Ann",creator
"creator::Ing, Tiffanie","Ing, Tiffanie",creator
"creator::Gay, Marie-Louise","Gay, Marie-Louise",creator
"creator::Kilomba, Grada","Kilomba, Grada",creator
"creator::Clarke, Fiona Ray","Clarke, Fiona Ray",creator
"creator::Leipciger, Sarah","Leipciger, Sarah",creator
"creator::Penner, Robert","Penner, Robert",creator
"creator::Hill, Gerald","Hill, Gerald",creator
"creator::York, Alissa","York, Alissa",creator
"creator::Itani, Frances","Itani, Frances",creator
"creator::Strube, Cordelia","Strube, Cordelia",creator
"creator::Cole, Susan G.","Cole, Susan G.",creator
"creator::Freeman, John","Freeman, John",creator
"creator::Johnson, Daisy","Johnson, Daisy",creator
"creator::Russo, Richard","Russo, Richard",creator
"creator::Good, Michelle","Good, Michelle",creator
"creator::Lavallée, Lynn","Lavallée, Lynn",creator
"creator::Ansloos, Jeffrey","Ansloos, Jeffrey",creator
"creator::McCue, Duncan","McCue, Duncan",creator
"creator::Carroll, Sean B.","Carroll, Sean B.",creator
"creator::Ziya, Tong","Ziya, Tong",creator
creator::d’bi.young,d’bi.young,creator
"creator::Abdulhamid, Waleed","Abdulhamid, Waleed",creator
"creator::Masheane, Napo Popo","Masheane, Napo Popo",creator
"creator::Rowe, Mohammed","Rowe, Mohammed",creator
"creator::Lyon, Annabel","Lyon, Annabel",creator
"creator::O’Brien, Wendy","O’Brien, Wendy",creator
"creator::Hill, Lawrence","Hill, Lawrence",creator
"creator::D'Oliveira, Damon","D'Oliveira, Damon",creator
"creator::Ratushniak, Bryan","Ratushniak, Bryan",creator
"creator::Curd, David","Curd, David",creator
"creator::McCall Smith, Alexander","McCall Smith, Alexander",creator
"creator::Vik, Siss","Vik, Siss",creator
"creator::Riise, Mona B.","Riise, Mona B.",creator
"creator::McKenzie, Desiree","McKenzie, Desiree",creator
creator::Motion,Motion,creator
"creator::B., Britta","B., Britta",creator
"creator::Lee, Hermione","Lee, Hermione",creator
"creator::Reid, Fiona","Reid, Fiona",creator
"creator::Haldoupis, Nicole","Haldoupis, Nicole",creator
"creator::Lynes, Jeanette","Lynes, Jeanette",creator
"creator::Webber, George","Webber, George",creator
"creator::Goldeneagle, Carol Rose","Goldeneagle, Carol Rose",creator
"creator::McDonald, John","McDonald, John",creator
"creator::Mintz, Sarah","Mintz, Sarah",creator
"creator::Burke, Kelley Jo","Burke, Kelley Jo",creator
"creator::Marcotte, Amanda","Marcotte, Amanda",creator
"creator::Ibrahim, S.K.","Ibrahim, S.K.",creator
"creator::Leblanc, Amy","Leblanc, Amy",creator
"creator::Flemmer, Kyle","Flemmer, Kyle",creator
"creator::Reimer, Nikki","Reimer, Nikki",creator
"creator::Kemick, Richard Kelly","Kemick, Richard Kelly",creator
"creator::Truscello, Michael","Truscello, Michael",creator
"creator::Berry, David","Berry, David",creator
"creator::Williamson, Alex","Williamson, Alex",creator
"creator::Allore, John","Allore, John",creator
"creator::Pearson, Patricia","Pearson, Patricia",creator
"creator::Turow, Scott","Turow, Scott",creator
"creator::Taylor, Timothy","Taylor, Timothy",creator
"creator::Horn, Roni","Horn, Roni",creator
"creator::Moser, Benjamin","Moser, Benjamin",creator
"creator::Ravatn, Agnes","Ravatn, Agnes",creator
"creator::Swan, Dane","Swan, Dane",creator
"creator::Petch, Charlie","Petch, Charlie",creator
"creator::Morgan, Dwayne","Morgan, Dwayne",creator
"creator::Austria, Jennilee","Austria, Jennilee",creator
"creator::Mordecai, Pamela","Mordecai, Pamela",creator
"creator::Reddy, Pratap","Reddy, Pratap",creator
"creator::Yee, Sennah,","Yee, Sennah,",creator
"creator::Smith, Charles C.","Smith, Charles C.",creator
"creator::Fraser, Michael","Fraser, Michael",creator
"creator::Botha, Danila","Botha, Danila",creator
"creator::Dean, Leesa","Dean, Leesa",creator
"creator::D'Onorio, Daniele","D'Onorio, Daniele",creator
"creator::Enger, Thomas","Enger, Thomas",creator
"creator::Blunt, Giles","Blunt, Giles",creator
"creator::De Leon, Adrian","De Leon, Adrian",creator
"creator::Hassan, Diriye","Hassan, Diriye",creator
"creator::Scheier, Jacob","Scheier, Jacob",creator
"creator::bill, bissett","bill, bissett",creator
"creator::Porter, Anna","Porter, Anna",creator
"creator::Ferguson, Will","Ferguson, Will",creator
"creator::O'Hagan, Andrew","O'Hagan, Andrew",creator
"creator::Lawrence, William","Lawrence, William",creator
"creator::Naestad, Irene","Naestad, Irene",creator
"creator::Sorbie, Anne","Sorbie, Anne",creator
"creator::Veness, Josie Charlene","Veness, Josie Charlene",creator
"creator::Tsomondo, Sue-Shane","Tsomondo, Sue-Shane",creator
"creator::Maillie, Tereasa","Maillie, Tereasa",creator
"creator::of the tower, mary","of the tower, mary",creator
"creator::Adler, Nathan","Adler, Nathan",creator
"creator::Jones, Adam Garnet","Jones, Adam Garnet",creator
"creator::Castilloux Calderon, Gabriel","Castilloux Calderon, Gabriel",creator
"creator::Thomas, Angie","Thomas, Angie",creator
"creator::Levy, Deborah","Levy, Deborah",creator
"creator::Hurtig, Leslie","Hurtig, Leslie",creator
"creator::Hrab, Naseem","Hrab, Naseem",creator
"creator::Horvath, Polly","Horvath, Polly",creator
"creator::Cassidy, Sara","Cassidy, Sara",creator
"creator::Patrick, Ryan B.","Patrick, Ryan B.",creator
"creator::Foggo, Cheryl","Foggo, Cheryl",creator
"creator::Tidlund, Mary","Tidlund, Mary",creator
"creator::Martini, Clem","Martini, Clem",creator
"creator::Deibert, Ronald J.","Deibert, Ronald J.",creator
"creator::Braem, Meg","Braem, Meg",creator
"creator::Pollon, Logan","Pollon, Logan",creator
"creator::Vanessa, Lady","Vanessa, Lady",creator
"creator::Gurel, Katie","Gurel, Katie",creator
"creator::Vilu, Ethan","Vilu, Ethan",creator
"creator::gallos aquines, jacqueline","gallos aquines, jacqueline",creator
"creator::McCaig, Joann","McCaig, Joann",creator
"creator::Butala, Sharon","Butala, Sharon",creator
"creator::Withey, Elizabeth","Withey, Elizabeth",creator
"creator::Bickel, Barbara","Bickel, Barbara",creator
"creator::Snowber, Celeste","Snowber, Celeste",creator
"creator::Adedipe, Adetola","Adedipe, Adetola",creator
"creator::Adams, Adrienne","Adams, Adrienne",creator
"creator::Maillie, Teresa","Maillie, Teresa",creator
"creator::Delisle, Jennifer Bowering","Delisle, Jennifer Bowering",creator
"creator::Martin, Lisa","Martin, Lisa",creator
"creator::McFadzean, Dakota","McFadzean, Dakota",creator
"creator::Maslany, Daniel","Maslany, Daniel",creator
"creator::Pfeifer, Jayden","Pfeifer, Jayden",creator
"creator::Robertsen, David A.","Robertsen, David A.",creator
"creator::Fan, Eric","Fan, Eric",creator
"creator::Fan, Terry","Fan, Terry",creator
"creator::Nelson, Colleen","Nelson, Colleen",creator
"creator::Scott, Jordan","Scott, Jordan",creator
"creator::Lawrence, Lee","Lawrence, Lee",creator
"creator::Dunning, Norma","Dunning, Norma",creator
"creator::Gray-Cosgrove, Carmella","Gray-Cosgrove, Carmella",creator
"creator::Zier-Vogel, Lindsay","Zier-Vogel, Lindsay",creator
"creator::Kind, Dani","Kind, Dani",creator
"creator::Arbuckle, Michelle","Arbuckle, Michelle",creator
"creator::Antle, Angela","Antle, Angela",creator
"creator::Daley, Kelisha","Daley, Kelisha",creator
"creator::Gomes, Martin","Gomes, Martin",creator
"creator::Hoàng, Khiềm","Hoàng, Khiềm",creator
"creator::Jack, Shahaddah","Jack, Shahaddah",creator
"creator::Rahman, Zara","Rahman, Zara",creator
"creator::Mckenzie, Desiree","Mckenzie, Desiree",creator
"creator::smith, charles c.","smith, charles c.",creator
"creator::Litzenberger, Shannon","Litzenberger, Shannon",creator
"creator::Mortley, Michael","Mortley, Michael",creator
"creator::Lindsay, Bakari","Lindsay, Bakari",creator
"creator::Aronyk-Schell, Morgyn","Aronyk-Schell, Morgyn",creator
"creator::Dubé, Peter","Dubé, Peter",creator
"creator::Van Valkenburg, Anna","Van Valkenburg, Anna",creator
"creator::Jarman, Mark Anthony","Jarman, Mark Anthony",creator
"creator::Lapointe, Annette","Lapointe, Annette",creator
"creator::Watada, Terry","Watada, Terry",creator
"creator::Sanders, Dan","Sanders, Dan",creator
"creator::Donaldson, Jesse","Donaldson, Jesse",creator
"creator::Burnham, Clint","Burnham, Clint",creator
"creator::Bryan, Ali","Bryan, Ali",creator
"creator::Shirtliffe, Leanne","Shirtliffe, Leanne",creator
"creator::Ferguson, Genki","Ferguson, Genki",creator
"creator::Maylor, Micheline","Maylor, Micheline",creator
"creator::Barger, John Wall","Barger, John Wall",creator
"creator::Manasc, Vivian","Manasc, Vivian",creator
"creator::Pannekoek, Frits","Pannekoek, Frits",creator
"creator::Van Tighem, Kevin","Van Tighem, Kevin",creator
"creator::Osenton, Evan","Osenton, Evan",creator
"creator::Collins, Cobra","Collins, Cobra",creator
"creator::Jaworska, Aldona","Jaworska, Aldona",creator
"creator::Hrehirchuk, Stephanie","Hrehirchuk, Stephanie",creator
"creator::Drummond, Joanna","Drummond, Joanna",creator
"creator::Blain, Janice","Blain, Janice",creator
"creator::Savage-Hughes, Carlan","Savage-Hughes, Carlan",creator
"creator::Stickland, Eugene","Stickland, Eugene",creator
"creator::Leckie, Dale Allen","Leckie, Dale Allen",creator
"creator::Altrows, Rona","Altrows, Rona",creator
"creator::van Herk, Aritha","van Herk, Aritha",creator
"creator::MacFayden, Laurie","MacFayden, Laurie",creator
"creator::Kirman, Paula","Kirman, Paula",creator
"creator::Brar, Moni","Brar, Moni",creator
"creator::Bateman, Debbie","Bateman, Debbie",creator
"creator::Sanders, Beth","Sanders, Beth",creator
"creator::Garner, Samantha","Garner, Samantha",creator
"creator::Ibeas, Bryan","Ibeas, Bryan",creator
"creator::Diaczuk, Doug","Diaczuk, Doug",creator
"creator::Deveau, Dave","Deveau, Dave",creator
creator::Laiwan,Laiwan,creator
"creator::Hindmarch, Gladys","Hindmarch, Gladys",creator
"creator::Eng, Mercedes","Eng, Mercedes",creator
"creator::Truss, Sally","Truss, Sally",creator
"creator::Hunt, Christopher","Hunt, Christopher",creator
"creator::Burnett-Wachmann, Shawna","Burnett-Wachmann, Shawna",creator
"creator::Johnson, Brooke","Johnson, Brooke",creator
"creator::Lee, Corey","Lee, Corey",creator
"creator::Somers, Sandi","Somers, Sandi",creator
"creator::Afework, Bethel","Afework, Bethel",creator
creator::Audder,Audder,creator
creator::Jeziah,Jeziah,creator
creator::Fatuma,Fatuma,creator
"creator::Tucker, Diane","Tucker, Diane",creator
"creator::Wilson, Sheri-D","Wilson, Sheri-D",creator
"creator::Williams, Kimberley","Williams, Kimberley",creator
"creator::Demers, James","Demers, James",creator
"creator::Robinson, Michelle","Robinson, Michelle",creator
"creator::Markides, Jennifer","Markides, Jennifer",creator
"creator::Medland, Pamela","Medland, Pamela",creator
"creator::Hansen, Vivian","Hansen, Vivian",creator
"creator::Stebner, Kevin","Stebner, Kevin",creator
"creator::o’brien, katie","o’brien, katie",creator
"creator::Oster, Bailey","Oster, Bailey",creator
"creator::Lizee, Marilyn","Lizee, Marilyn",creator
"creator::LeMay, Matt","LeMay, Matt",creator
"creator::Aigen, Razielle","Aigen, Razielle",creator
"creator::Fitzpatrick, Ryan","Fitzpatrick, Ryan",creator
"creator::Fong, Nicole Raziya","Fong, Nicole Raziya",creator
"creator::Kurd, Rahat","Kurd, Rahat",creator
"creator::Smith, Dale","Smith, Dale",creator
"creator::Désil, Junie","Désil, Junie",creator
"creator::Stinzi, John Elizabeth","Stinzi, John Elizabeth",creator
"creator::Manning, Corinne","Manning, Corinne",creator
"creator::Moore, Carley","Moore, Carley",creator
"creator::Wong, Lindsay","Wong, Lindsay",creator
"creator::Parker, Fawn","Parker, Fawn",creator
"creator::Lisicky, Paul","Lisicky, Paul",creator
"creator::Neufeld, Juliana","Neufeld, Juliana",creator
"creator::Lazarus, Eve","Lazarus, Eve",creator
"creator::Richardson, Jael","Richardson, Jael",creator
"creator::Senior, Paulette","Senior, Paulette",creator
"creator::Larissa, Lai","Larissa, Lai",creator
"creator::Naked, Bif","Naked, Bif",creator
"creator::Lebleu Richter, Jeannette","Lebleu Richter, Jeannette",creator
"creator::Lewis, Naomi K.","Lewis, Naomi K.",creator
"creator::Stewart, Jeremy","Stewart, Jeremy",creator
"creator::bennett, andrea","bennett, andrea",creator
"creator::Leroux, Mathieu","Leroux, Mathieu",creator
"creator::Samson, Pierre","Samson, Pierre",creator
"creator::Chaves, Martha","Chaves, Martha",creator
"creator::Thesen, Sharon","Thesen, Sharon",creator
"creator::Gallant, Janet","Gallant, Janet",creator
"creator::Gilbert, Kerry","Gilbert, Kerry",creator
"creator::Cornwall, Lecia","Cornwall, Lecia",creator
"creator::Jackson, Geoffrey","Jackson, Geoffrey",creator
"creator::Haynes, Elizabeth","Haynes, Elizabeth",creator
"creator::Macpherson, Margaret","Macpherson, Margaret",creator
"creator::fitzpatrick, ryan","fitzpatrick, ryan",creator
"creator::Dobson, Kit","Dobson, Kit",creator
"creator::Hajnoczky, Helen","Hajnoczky, Helen",creator
"creator::Simpson, Natalie","Simpson, Natalie",creator
"creator::Chan, Weyman","Chan, Weyman",creator
"creator::Beaulieu, Derek","Beaulieu, Derek",creator
"creator::Epstein, Marcia Jenneth","Epstein, Marcia Jenneth",creator
"creator::Leonardson, Eric","Leonardson, Eric",creator
"creator::Simmers, Kyle","Simmers, Kyle",creator
"creator::Owen, Ryan Danny","Owen, Ryan Danny",creator
"creator::Proulx, Shea","Proulx, Shea",creator
"creator::Doyle, Debbie J.","Doyle, Debbie J.",creator
"creator::Allin, Gwyn","Allin, Gwyn",creator
"creator::Haley, Trish","Haley, Trish",creator
"creator::Hoglund, Val","Hoglund, Val",creator
"creator::McGreal-Dinning, Debbie","McGreal-Dinning, Debbie",creator
"creator::Cordeiro, Elizabeth","Cordeiro, Elizabeth",creator
"creator::Zickfoose, Sherri","Zickfoose, Sherri",creator
"creator::Dalby, J. Thomas","Dalby, J. Thomas",creator
"creator::Shyba, Lorene","Shyba, Lorene",creator
"creator::Martin, David","Martin, David",creator
"creator::Dronyk, Dymphny","Dronyk, Dymphny",creator
"creator::Miles, Kirk","Miles, Kirk",creator
"creator::Shepherd, Kelly","Shepherd, Kelly",creator
"creator::Weslowski, RC","Weslowski, RC",creator
"creator::Navarro, Anna","Navarro, Anna",creator
"creator::Woodman Kerkham, Cynthia","Woodman Kerkham, Cynthia",creator
"creator::Azadi, Anushka","Azadi, Anushka",creator
"creator::Williamson, John","Williamson, John",creator
"creator::Clarke, Alison","Clarke, Alison",creator
"creator::Specht, Marie","Specht, Marie",creator
"creator::Swart, Laura","Swart, Laura",creator
"creator::Lee, Deirdre","Lee, Deirdre",creator
"creator::Gomez, Tito","Gomez, Tito",creator
"creator::Bige, Tawahum","Bige, Tawahum",creator
"creator::Haney, Lori D.","Haney, Lori D.",creator
"creator::Ali, Ahmed","Ali, Ahmed",creator
"creator::Bickersteth, Bertrand","Bickersteth, Bertrand",creator
"creator::Mason-John, Valerie","Mason-John, Valerie",creator
"creator::Vernon, Karina","Vernon, Karina",creator
"creator::Dillon, A. B.","Dillon, A. B.",creator
"creator::Kelly, Claire","Kelly, Claire",creator
"creator::Naested, Irene","Naested, Irene",creator
"creator::Sinha, Pankhuri","Sinha, Pankhuri",creator
"creator::Bragg, Mary Lee","Bragg, Mary Lee",creator
"creator::Morton, Colin","Morton, Colin",creator
"creator::Quartermain, Meredith","Quartermain, Meredith",creator
"creator::Skuce, Traci","Skuce, Traci",creator
"creator::Lavigne, C.J.","Lavigne, C.J.",creator
"creator::Jacobs, Heidi L.M.","Jacobs, Heidi L.M.",creator
"creator::Devlin, A.J.","Devlin, A.J.",creator
"creator::Hackinen, Meaghan Marie","Hackinen, Meaghan Marie",creator
"creator::Howell, Niall","Howell, Niall",creator
"creator::Cinnamon, Bruce","Cinnamon, Bruce",creator
"creator::Midgley, Peter","Midgley, Peter",creator
"creator::Whitson, Audrey J.","Whitson, Audrey J.",creator
"creator::Heffernan, Seamus","Heffernan, Seamus",creator
"creator::Toews, J.G.","Toews, J.G.",creator
"creator::McCammon, Sean","McCammon, Sean",creator
"creator::Ruder, Susanne","Ruder, Susanne",creator
"creator::Bowering, George","Bowering, George",creator
"creator::Giroux, Hélène","Giroux, Hélène",creator
"creator::King, Thomas","King, Thomas",creator
"creator::Harewood, Adrian","Harewood, Adrian",creator
"creator::Grossman, Lev","Grossman, Lev",creator
"creator::Neal, Alan","Neal, Alan",creator
"creator::Mandel, Emily St. John","Mandel, Emily St. John",creator
"creator::Van Oldenbarneveld, Lucy","Van Oldenbarneveld, Lucy",creator
"creator::Lim, Thea","Lim, Thea",creator
"creator::Wilson, Neil","Wilson, Neil",creator
"creator::Abma, Sandra","Abma, Sandra",creator
"creator::Fawcett, Katherine","Fawcett, Katherine",creator
"creator::Wheeler, Anne","Wheeler, Anne",creator
"creator::Lisac, Mark","Lisac, Mark",creator
"creator::O’Neill, John","O’Neill, John",creator
"creator::Boucher, Norm","Boucher, Norm",creator
"creator::Carew, D.B.","Carew, D.B.",creator
"creator::Dawn, Jaclyn","Dawn, Jaclyn",creator
"creator::Hofmann, Karen","Hofmann, Karen",creator
"creator::Holowack, Kevin","Holowack, Kevin",creator
"creator::Huser, Glen","Huser, Glen",creator
"creator::Neil, Danial","Neil, Danial",creator
"creator::McBride, Karen","McBride, Karen",creator
"creator::Douglas, Rhonda","Douglas, Rhonda",creator
"creator::Steski, Carol Harvey","Steski, Carol Harvey",creator
"creator::Ranada, Leah","Ranada, Leah",creator
"creator::Zuliani, Andy","Zuliani, Andy",creator
"creator::Wharton, Thomas","Wharton, Thomas",creator
"creator::Benison, C.C.","Benison, C.C.",creator
"creator::Robb, Peter","Robb, Peter",creator
"creator::McPherson, Christian","McPherson, Christian",creator
"creator::Johnston, Susan","Johnston, Susan",creator
"creator::Toles, George","Toles, George",creator
"creator::Gillmor, Alison","Gillmor, Alison",creator
"creator::Macdonald, Catherine","Macdonald, Catherine",creator
"creator::Bumstead, Michael","Bumstead, Michael",creator
"creator::Perraun, Ky","Perraun, Ky",creator
"creator::Enright, Kristian","Enright, Kristian",creator
"creator::Mak, Starkie","Mak, Starkie",creator
"creator::Lam, Nancy","Lam, Nancy",creator
"creator::Reynolds, John Lawrence","Reynolds, John Lawrence",creator
"creator::Amos, Robert","Amos, Robert",creator
"creator::Warren, Michael","Warren, Michael",creator
"creator::Samarakoon-Amunugama, Ruwanmali","Samarakoon-Amunugama, Ruwanmali",creator
"creator::Joseph, Lauren","Joseph, Lauren",creator
"creator::Bradbury, Laura","Bradbury, Laura",creator
"creator::Wellman, Rebecca","Wellman, Rebecca",creator
"creator::Orser, Daisy","Orser, Daisy",creator
"creator::Dann, Moira","Dann, Moira",creator
"creator::Whishaw, Iona","Whishaw, Iona",creator
"creator::Hamilton, Ian","Hamilton, Ian",creator
"creator::Klassen, S. L.","Klassen, S. L.",creator
"creator::Unger, Andrew","Unger, Andrew",creator
"creator::Albanese, Eleanor","Albanese, Eleanor",creator
"creator::Burke, Ann","Burke, Ann",creator
"creator::Telfer, Geordie","Telfer, Geordie",creator
"creator::Griffin, Brit","Griffin, Brit",creator
"creator::Bird, Alex","Bird, Alex",creator
"creator::Giuliano, David","Giuliano, David",creator
"creator::Newberry, Sarah","Newberry, Sarah",creator
"creator::Burgess, Kayt","Burgess, Kayt",creator
"creator::Bell, Jocelyn","Bell, Jocelyn",creator
"creator::Ah-Sen, Jean Marc","Ah-Sen, Jean Marc",creator
"creator::Reed, Marina L.","Reed, Marina L.",creator
"creator::Boyd, Marian Grace","Boyd, Marian Grace",creator
"creator::Mays, Mariianne","Mays, Mariianne",creator
"creator::Caldwell, Claire","Caldwell, Claire",creator
"creator::Santur, Hassan Ghedi","Santur, Hassan Ghedi",creator
"creator::Murphy, Sarah Xerar","Murphy, Sarah Xerar",creator
"creator::Tsai, Addie","Tsai, Addie",creator
"creator::Burkowicz, Taslim","Burkowicz, Taslim",creator
"creator::Pearson, Matthew","Pearson, Matthew",creator
"creator::Watson, Rebecca","Watson, Rebecca",creator
"creator::Lalonde, Julie S.","Lalonde, Julie S.",creator
"creator::Quin, Sara","Quin, Sara",creator
"creator::Quin, Tegan","Quin, Tegan",creator
"creator::Evans, Kellylee","Evans, Kellylee",creator
"creator::McCann, Séan","McCann, Séan",creator
"creator::Suttcliffe, Mark","Suttcliffe, Mark",creator
"creator::Iyer, Pico","Iyer, Pico",creator
"creator::Schneider, Peter","Schneider, Peter",creator
"creator::Awad, Mona","Awad, Mona",creator
"creator::Sampson, Mark","Sampson, Mark",creator
"creator::Wicks, Heidi","Wicks, Heidi",creator
"creator::Vandall, P.C.","Vandall, P.C.",creator
"creator::Dunnion, Kristyn","Dunnion, Kristyn",creator
"creator::Tallo, Katie","Tallo, Katie",creator
"creator::Thornley, Scott","Thornley, Scott",creator
"creator::Stuart, Amy","Stuart, Amy",creator
"creator::Saikaley, Adam","Saikaley, Adam",creator
"creator::Nakhaei, Noora","Nakhaei, Noora",creator
"creator::Reeves, Kevin","Reeves, Kevin",creator
"creator::Baillie, Martha","Baillie, Martha",creator
"creator::Descheneaux, Nadine","Descheneaux, Nadine",creator
"creator::Dubuc, Marianne","Dubuc, Marianne",creator
"creator::Polak, Monique","Polak, Monique",creator
"creator::Merola, Caroline","Merola, Caroline",creator
"creator::Lukidis, Lydia","Lukidis, Lydia",creator
"creator::Nadeau, Christine","Nadeau, Christine",creator
"creator::Gregoire, Joan","Gregoire, Joan",creator
"creator::de Loppinot, Dominique","de Loppinot, Dominique",creator
"creator::Varin, Chloé","Varin, Chloé",creator
"creator::Boulerice, Simon","Boulerice, Simon",creator
"creator::Gutnick, David","Gutnick, David",creator
"creator::Forsythe, Matthew","Forsythe, Matthew",creator
"creator::O'Leary, Sara","O'Leary, Sara",creator
"creator::Moser, Elise","Moser, Elise",creator
"creator::Renaud, Anne","Renaud, Anne",creator
"creator::Silva, María Quintana","Silva, María Quintana",creator
creator::Beatriz Carvalho,Beatriz Carvalho,creator
"creator::Lim, Diya","Lim, Diya",creator
"creator::Perrault, Mélanie","Perrault, Mélanie",creator
"creator::Fergus, Maureen","Fergus, Maureen",creator
"creator::Fisette, Alain","Fisette, Alain",creator
"creator::Kadarusman, Michelle","Kadarusman, Michelle",creator
"creator::Alary, Laura","Alary, Laura",creator
"creator::Reich, Kass","Reich, Kass",creator
"creator::King, Wesley","King, Wesley",creator
"creator::Rogers, Shelagh","Rogers, Shelagh",creator
"creator::Kunsken, David","Kunsken, David",creator
"creator::Heartfield, Kate","Heartfield, Kate",creator
"creator::Wilson, Sean","Wilson, Sean",creator
"creator::Lauren, Beukes","Lauren, Beukes",creator
"creator::Carey, M.R.","Carey, M.R.",creator
"creator::Klotz, Hattie","Klotz, Hattie",creator
"creator::Groulx, David","Groulx, David",creator
"creator::Sunstrum, Kimberly","Sunstrum, Kimberly",creator
"creator::Molope, Kagiso Lesego","Molope, Kagiso Lesego",creator
"creator::O'Farrell, Maggie","O'Farrell, Maggie",creator
"creator::Perry, Curtis","Perry, Curtis",creator
"creator::Hammonds Reed, Christina","Hammonds Reed, Christina",creator
"creator::Chang-Richardson, Ellen","Chang-Richardson, Ellen",creator
"creator::Wong, Lindsay,","Wong, Lindsay,",creator
"creator::Shafak, Elif","Shafak, Elif",creator
"creator::Kaur, Jasmin","Kaur, Jasmin",creator
"creator::Bodger, Holly","Bodger, Holly",creator
"creator::Banks, Russell","Banks, Russell",creator
"creator::Martin, Sandra","Martin, Sandra",creator
"creator::Allende, Isabel","Allende, Isabel",creator
"creator::Aguirre, Carmen","Aguirre, Carmen",creator
"creator::Theroux, Paul","Theroux, Paul",creator
"creator::Ivison, John","Ivison, John",creator
"creator::Bailey, Samantha","Bailey, Samantha",creator
"creator::Harding, Robyn","Harding, Robyn",creator
"creator::Nay, Roz","Nay, Roz",creator
"creator::Shapiro, Rob","Shapiro, Rob",creator
"creator::Gould, John","Gould, John",creator
"creator::Robertson, Ray","Robertson, Ray",creator
"creator::Beattie, Steven W.","Beattie, Steven W.",creator
"creator::Graham, Laurie D.","Graham, Laurie D.",creator
"creator::Khanna, Vish","Khanna, Vish",creator
"creator::Henderson, Mathew","Henderson, Mathew",creator
"creator::Revulva, Rasiqra","Revulva, Rasiqra",creator
"creator::Steffler, John","Steffler, John",creator
creator::Lily Wang,Lily Wang,creator
"creator::Fan, David","Fan, David",creator
"creator::Duncan, Nana aba","Duncan, Nana aba",creator
"creator::Arsenault, Elise","Arsenault, Elise",creator
"creator::Jakobsen, Lis","Jakobsen, Lis",creator
"creator::Vallis, Chantal","Vallis, Chantal",creator
"creator::Badour, Britta","Badour, Britta",creator
"creator::Barnett, Nathanya","Barnett, Nathanya",creator
"creator::El Bakkouri, Farah","El Bakkouri, Farah",creator
"creator::Greenblatt, Natasha","Greenblatt, Natasha",creator
"creator::Hohn, Nadia L.","Hohn, Nadia L.",creator
"creator::Rajagopalan, Deepa","Rajagopalan, Deepa",creator
"creator::Mackay, Pauline","Mackay, Pauline",creator
"creator::Vanderhaeghe, Guy","Vanderhaeghe, Guy",creator
"creator::Wente, Jesse","Wente, Jesse",creator
"creator::Johnston, Wayne","Johnston, Wayne",creator
"creator::Keiley, Jillian","Keiley, Jillian",creator
"creator::Holland, Eva","Holland, Eva",creator
"creator::Arthurson, Wayne","Arthurson, Wayne",creator
"creator::Kinney, Ian","Kinney, Ian",creator
"creator::Youngblut, Shelley","Youngblut, Shelley",creator
"creator::Weinman, Sarah","Weinman, Sarah",creator
"creator::Ho, Karen K.","Ho, Karen K.",creator
"creator::Skolkin-Smith, Leora","Skolkin-Smith, Leora",creator
"creator::Jones, Stephen Graham","Jones, Stephen Graham",creator
"creator::Backman, Fredrik","Backman, Fredrik",creator
"creator::Robertson, David Alexander","Robertson, David Alexander",creator
"creator::Kuipers, Alice","Kuipers, Alice",creator
"creator::Chaulk, Mike","Chaulk, Mike",creator
"creator::Cox, Anna","Cox, Anna",creator
"creator::Jackman, Clifford","Jackman, Clifford",creator
"creator::Hill, Jeremy Luke","Hill, Jeremy Luke",creator
"creator::Trethewey, Laura","Trethewey, Laura",creator
"creator::Taylor, Drew Hayden","Taylor, Drew Hayden",creator
"creator::Dunic, Leanne","Dunic, Leanne",creator
"creator::Halfe, Louise Bernice","Halfe, Louise Bernice",creator
"creator::Hunt, Dallas","Hunt, Dallas",creator
"creator::Lau, Grace","Lau, Grace",creator
"creator::Norris, Ken","Norris, Ken",creator
"creator::Boan, Selina","Boan, Selina",creator
"creator::Deerchild, Rosanna","Deerchild, Rosanna",creator
"creator::Forbes, Andrew","Forbes, Andrew",creator
"creator::Cranbury, Sean","Cranbury, Sean",creator
"creator::Klassen, Jon","Klassen, Jon",creator
"creator::Picoult, Jodi","Picoult, Jodi",creator
"creator::Gyasi, Yaa","Gyasi, Yaa",creator
"creator::Jewell, Lisa","Jewell, Lisa",creator
"creator::Nugent, Liz","Nugent, Liz",creator
"creator::Ware, Ruth","Ware, Ruth",creator
"creator::Posner, Michael","Posner, Michael",creator
"creator::Gilmor, Don","Gilmor, Don",creator
"creator::Hertwig, Benjamin","Hertwig, Benjamin",creator
"creator::Thúy, Kim","Thúy, Kim",creator
"creator::Nichols, Mark","Nichols, Mark",creator
"creator::Lui, Lainey","Lui, Lainey",creator
"creator::Barwin, Gary","Barwin, Gary",creator
"creator::Richardson, Bill","Richardson, Bill",creator
"creator::Dixon, Glenn","Dixon, Glenn",creator
"creator::Buchanan, Rowan Hisayo","Buchanan, Rowan Hisayo",creator
"creator::Lye, Harriet Alida","Lye, Harriet Alida",creator
"creator::Quammie, Bee","Quammie, Bee",creator
"creator::Garniss, Marc","Garniss, Marc",creator
"creator::Bobker, Danielle","Bobker, Danielle",creator
"creator::Frank, Marcie","Frank, Marcie",creator
"creator::Feng, Linda Rui","Feng, Linda Rui",creator
"creator::Choi, Ann Y. K.","Choi, Ann Y. K.",creator
"creator::Ní Ghríofa, Doireann","Ní Ghríofa, Doireann",creator
"creator::Austin, Emily R.","Austin, Emily R.",creator
"creator::Jalaluddin, Uzma","Jalaluddin, Uzma",creator
"creator::Whittall, Zoe","Whittall, Zoe",creator
"creator::Abdullah, Silmy","Abdullah, Silmy",creator
"creator::Ali, Kazim","Ali, Kazim",creator
"creator::Al-Solaylee, Kamal","Al-Solaylee, Kamal",creator
"creator::Clamen, Jenn","Clamen, Jenn",creator
"creator::Tremblay, Francine","Tremblay, Francine",creator
"creator::Walton, Dawnie","Walton, Dawnie",creator
"creator::Charland, Ben","Charland, Ben",creator
"creator::Allen, Noelle","Allen, Noelle",creator
"creator::Belot, Ross","Belot, Ross",creator
"creator::Weinberg, Paul","Weinberg, Paul",creator
"creator::Green, Matthew","Green, Matthew",creator
"creator::Bin, Matthew","Bin, Matthew",creator
"creator::Shkimba, Margaret","Shkimba, Margaret",creator
"creator::Wayland, Sarah","Wayland, Sarah",creator
"creator::Doolittle, Robyn","Doolittle, Robyn",creator
"creator::Hayes, Molly","Hayes, Molly",creator
"creator::Fisseha, Rebecca","Fisseha, Rebecca",creator
"creator::Hamm, Annette","Hamm, Annette",creator
"creator::Cooper, Sally","Cooper, Sally",creator
"creator::Jones, Amy","Jones, Amy",creator
"creator::Shingoose, Nahanni","Shingoose, Nahanni",creator
"creator::Stone, Anne","Stone, Anne",creator
"creator::Perly, Susan","Perly, Susan",creator
"creator::Pohl-Weary, Emily","Pohl-Weary, Emily",creator
"creator::Dashtgard, Annahid","Dashtgard, Annahid",creator
"creator::Wills, Jenny Heijun","Wills, Jenny Heijun",creator
"creator::Coady, Lynn","Coady, Lynn",creator
"creator::Khan, Adnan","Khan, Adnan",creator
"creator::Huard, Isael","Huard, Isael",creator
"creator::Erregue-Sacchi, Luciana","Erregue-Sacchi, Luciana",creator
"creator::Melfi, Marco","Melfi, Marco",creator
"creator::Bongco Philipzig, Mila","Bongco Philipzig, Mila",creator
"creator::Sayed, Asma","Sayed, Asma",creator
"creator::Ruiz Aguirre, Ana","Ruiz Aguirre, Ana",creator
"creator::Gebremichael, Shimelis","Gebremichael, Shimelis",creator
"creator::Abdellatif, Yasser","Abdellatif, Yasser",creator
"creator::Hasan, Tazeen","Hasan, Tazeen",creator
"creator::Salman, Maitham","Salman, Maitham",creator
"creator::Chen, Leilei","Chen, Leilei",creator
"creator::Sewell, Anna Marie","Sewell, Anna Marie",creator
"creator::Oniță, Adriana","Oniță, Adriana",creator
"creator::Friedman, Ann","Friedman, Ann",creator
"creator::Sow, Aminatou","Sow, Aminatou",creator
"creator::Zoledziowski, Anya","Zoledziowski, Anya",creator
"creator::Knott, Helen","Knott, Helen",creator
"creator::Riddle, Emily","Riddle, Emily",creator
"creator::Pan, Adrienne","Pan, Adrienne",creator
"creator::La Cerva, Gina Rae","La Cerva, Gina Rae",creator
"creator::Zarankin, Julia","Zarankin, Julia",creator
"creator::Ekelund, Torbjørn","Ekelund, Torbjørn",creator
"creator::Kienlen, Alexis","Kienlen, Alexis",creator
"creator::Keteku, Ian","Keteku, Ian",creator
"creator::Singh, Harnarayan","Singh, Harnarayan",creator
"creator::Spector, Mark","Spector, Mark",creator
"creator::Weigel, Matthew James","Weigel, Matthew James",creator
"creator::Coady, Liam","Coady, Liam",creator
"creator::Mohamed, Amina","Mohamed, Amina",creator
"creator::West, Lindy","West, Lindy",creator
"creator::Auger, Karrie","Auger, Karrie",creator
"creator::Giroux, S.","Giroux, S.",creator
"creator::Hank, Saltwater","Hank, Saltwater",creator
"creator::Johnson, Zoë","Johnson, Zoë",creator
"creator::Cockrall-King, Jennifer","Cockrall-King, Jennifer",creator
"creator::Berg, Mary","Berg, Mary",creator
"creator::Wearing, Alison","Wearing, Alison",creator
"creator::Fulton, Nora","Fulton, Nora",creator
"creator::Nardone, Michael","Nardone, Michael",creator
"creator::Dukelow, Alisha","Dukelow, Alisha",creator
"creator::McGreal, Ryan","McGreal, Ryan",creator
"creator::Ekoko, Beatrice","Ekoko, Beatrice",creator
"creator::Hurely, Sean","Hurely, Sean",creator
"creator::Michelle, Brianna","Michelle, Brianna",creator
"creator::Raw, Jen","Raw, Jen",creator
"creator::Davy, Denis","Davy, Denis",creator
"creator::Cruikshank, Ken","Cruikshank, Ken",creator
"creator::Lukasik, Lynda","Lukasik, Lynda",creator
"creator::Warrian, Peter","Warrian, Peter",creator
"creator::Papamarko, Sofi","Papamarko, Sofi",creator
"creator::Nayebzadah, Rahela","Nayebzadah, Rahela",creator
"creator::Lee, David Neil","Lee, David Neil",creator
"creator::Vermeersch, Paul","Vermeersch, Paul",creator
"creator::Tysdal, David Scott","Tysdal, David Scott",creator
"creator::Berry, Michelle","Berry, Michelle",creator
"creator::Pigeon, Marguerite","Pigeon, Marguerite",creator
"creator::Nowaczyk, Margaret","Nowaczyk, Margaret",creator
"creator::McCandless, Rowan","McCandless, Rowan",creator
"creator::Totaro, Donato","Totaro, Donato",creator
"creator::Lynk, Mary","Lynk, Mary",creator
"creator::Bergvall, Caroline","Bergvall, Caroline",creator
"creator::Raza Kolb, Anjuli Fatima","Raza Kolb, Anjuli Fatima",creator
"creator::Tawil, Rana","Tawil, Rana",creator
"creator::Cox, Alexei Perry","Cox, Alexei Perry",creator
"creator::Abraham, George","Abraham, George",creator
"creator::Elkin, Lauren","Elkin, Lauren",creator
"creator::St.Félix, Doreen","St.Félix, Doreen",creator
"creator::Mlotek, Haley","Mlotek, Haley",creator
"creator::Dhir, Poonam","Dhir, Poonam",creator
"creator::Stallings, A.E.","Stallings, A.E.",creator
"creator::Penny, Louise","Penny, Louise",creator
"creator::Friesen, Eric","Friesen, Eric",creator
"creator::McNally, Ben","McNally, Ben",creator
"creator::Hassan, Ali","Hassan, Ali",creator
"creator::Bell, Barbara","Bell, Barbara",creator
"creator::Linwood, Barclay","Linwood, Barclay",creator
"creator::Schoemperlen, Diane","Schoemperlen, Diane",creator
"creator::Thomas, Joan","Thomas, Joan",creator
"creator::Tsiang, Sarah Yi-Mei","Tsiang, Sarah Yi-Mei",creator
"creator::Knowles, Tricia","Knowles, Tricia",creator
"creator::Macauley, Aara","Macauley, Aara",creator
"creator::Urquhart, Jane","Urquhart, Jane",creator
"creator::Krampien, Celia","Krampien, Celia",creator
"creator::Grady, Wayne","Grady, Wayne",creator
"creator::Scanlan, Lawrence","Scanlan, Lawrence",creator
"creator::Donovan, Natasha","Donovan, Natasha",creator
"creator::Green, Abena Beloved","Green, Abena Beloved",creator
"creator::Heroux, Jason","Heroux, Jason",creator
"creator::Fogarty, Catherine","Fogarty, Catherine",creator
"creator::Best, Ashley-Elizabeth","Best, Ashley-Elizabeth",creator
"creator::Cullen, Nancy Jo","Cullen, Nancy Jo",creator
"creator::Lee, Ys","Lee, Ys",creator
"creator::MacLeod, Kirsteen","MacLeod, Kirsteen",creator
"creator::Reisman, Heather","Reisman, Heather",creator
"creator::Russel, Kate Elizabeth","Russel, Kate Elizabeth",creator
"creator::Libenson, Terri","Libenson, Terri",creator
"creator::Läckberg, Camilla","Läckberg, Camilla",creator
"creator::McKinnon, Hannah Mary","McKinnon, Hannah Mary",creator
"creator::Rosenthal, Jason B.","Rosenthal, Jason B.",creator
"creator::Tankard, Jeremy","Tankard, Jeremy",creator
"creator::Tankard, Hermione","Tankard, Hermione",creator
"creator::Joshi, Alka","Joshi, Alka",creator
"creator::Palmer, Dorothy Ellen","Palmer, Dorothy Ellen",creator
"creator::Barris, Ted","Barris, Ted",creator
"creator::Barker, Keith","Barker, Keith",creator
"creator::Domet, Stephanie","Domet, Stephanie",creator
"creator::Gillies,  Jennifer","Gillies,  Jennifer",creator
"creator::Foss, Krista","Foss, Krista",creator
"creator::Plante, Hazel Jane","Plante, Hazel Jane",creator
"creator::Holtz, Nairne","Holtz, Nairne",creator
"creator::Plett, Casey","Plett, Casey",creator
"creator::Bock, Dennis","Bock, Dennis",creator
"creator::Van Staalduinen, Brent","Van Staalduinen, Brent",creator
"creator::Sinaee, Bardia","Sinaee, Bardia",creator
"creator::Diduck, Ashton","Diduck, Ashton",creator
"creator::Randjbar, Ari","Randjbar, Ari",creator
"creator::Azad, Bahareh","Azad, Bahareh",creator
"creator::Bruno Lobo, Marcia","Bruno Lobo, Marcia",creator
"creator::Burgoyne, Sarah","Burgoyne, Sarah",creator
"creator::MacEachern, Jessi","MacEachern, Jessi",creator
"creator::Gloom, Ennie","Gloom, Ennie",creator
"creator::Haney, Bronwyn","Haney, Bronwyn",creator
"creator::Hasham, Chemar-Ali","Hasham, Chemar-Ali",creator
"creator::Spahr, Juliana","Spahr, Juliana",creator
"creator::Makarova, Liza","Makarova, Liza",creator
"creator::Akbar, Kaveh","Akbar, Kaveh",creator
"creator::Warner, Marina","Warner, Marina",creator
"creator::Sterns, Kate","Sterns, Kate",creator
"creator::Matthews, Airea D.","Matthews, Airea D.",creator
"creator::Farnel, Amanda","Farnel, Amanda",creator
"creator::MacLean, Lucinda","MacLean, Lucinda",creator
"creator::Gabbert, Elisa","Gabbert, Elisa",creator
"creator::O'Neill, Heather","O'Neill, Heather",creator
"creator::Chatterjee, Ronjaunee","Chatterjee, Ronjaunee",creator
"creator::Mcleod, Katherine","Mcleod, Katherine",creator
"creator::Robinsong, Erin","Robinsong, Erin",creator
"creator::Morris, Effy","Morris, Effy",creator
"creator::Shockley, Evie","Shockley, Evie",creator
"creator::Goyette, Sue","Goyette, Sue",creator
"creator::Mockler, Kathryn","Mockler, Kathryn",creator
"creator::Hackman, Benjamin","Hackman, Benjamin",creator
"creator::Malla, Pasha","Malla, Pasha",creator
"creator::Karwacki, JP","Karwacki, JP",creator
"creator::Sadowski, Debra","Sadowski, Debra",creator
"creator::Byrnes, Terence","Byrnes, Terence",creator
"creator::Wilder, Georgia","Wilder, Georgia",creator
"creator::Gwathmey, Matthew","Gwathmey, Matthew",creator
"creator::Gouliaras, Eleni","Gouliaras, Eleni",creator
"creator::Priest, Robert","Priest, Robert",creator
"creator::Wood, Heather J.","Wood, Heather J.",creator
"creator::Arlotto, Rosa","Arlotto, Rosa",creator
"creator::Clink, David","Clink, David",creator
"creator::Sosa-Velazquez, Maida","Sosa-Velazquez, Maida",creator
"creator::Code, Margaret","Code, Margaret",creator
"creator::Ghosh, Suparna","Ghosh, Suparna",creator
"creator::Panth, Shayona","Panth, Shayona",creator
"creator::Oughton, John","Oughton, John",creator
"creator::Campbell, Shelly","Campbell, Shelly",creator
"creator::Zan, Bänoo","Zan, Bänoo",creator
"creator::Echlin, Kim","Echlin, Kim",creator
"creator::Mullins, Rhonda","Mullins, Rhonda",creator
"creator::Walton,  Jennifer","Walton,  Jennifer",creator
"creator::McCormack, J. A.","McCormack, J. A.",creator
"creator::Jones, El","Jones, El",creator
"creator::joudry, shalan","joudry, shalan",creator
"creator::Hathaway, Luke","Hathaway, Luke",creator
"creator::Saucier, Jocelyne","Saucier, Jocelyne",creator
"creator::Gibb, Camilla","Gibb, Camilla",creator
"creator::Cross-Blanchard, Molly","Cross-Blanchard, Molly",creator
"creator::Saaed, Jamal","Saaed, Jamal",creator
"creator::Ball, Erin","Ball, Erin",creator
"creator::Lipsius, Mike","Lipsius, Mike",creator
creator::Tracy Wai de Boer,Tracy Wai de Boer,creator
"creator::Sutherland, Fraser","Sutherland, Fraser",creator
"creator::Da Costa, Zach","Da Costa, Zach",creator
"creator::Fefferman, Stanley","Fefferman, Stanley",creator
"creator::Crangle, Fiona","Crangle, Fiona",creator
"creator::Albertalli, Becky","Albertalli, Becky",creator
"creator::McCaslin, Susan","McCaslin, Susan",creator
"creator::Day, David","Day, David",creator
"creator::Cottrill, Jeff","Cottrill, Jeff",creator
"creator::Chenette, Sue","Chenette, Sue",creator
"creator::Sosa-Valazques, Maida","Sosa-Valazques, Maida",creator
"creator::Zeltserman, Ella","Zeltserman, Ella",creator
"creator::Hill, Debbie Okun","Hill, Debbie Okun",creator
"creator::Figge, Fran","Figge, Fran",creator
"creator::Sosa Velasquez, Maida","Sosa Velasquez, Maida",creator
"creator::Urquhart, Jaime","Urquhart, Jaime",creator
"creator::Lorimer, Lois","Lorimer, Lois",creator
"creator::Patriarca, Gianna","Patriarca, Gianna",creator
"creator::Goodier, Sharon","Goodier, Sharon",creator
"creator::Burgham, Ian","Burgham, Ian",creator
"creator::Ens, Sarah","Ens, Sarah",creator
"creator::Jenoff, Marvyne","Jenoff, Marvyne",creator
"creator::Parth, Shayona","Parth, Shayona",creator
"creator::Pyle, Nathan. W","Pyle, Nathan. W",creator
"creator::Applegate, Katherine","Applegate, Katherine",creator
"creator::Belle, Kimberly","Belle, Kimberly",creator
"creator::Hamilton, Karen","Hamilton, Karen",creator
"creator::McMillan, Rachel","McMillan, Rachel",creator
"creator::Lambert, Kevin","Lambert, Kevin",creator
"creator::Kelly, Adrian Michael","Kelly, Adrian Michael",creator
"creator::McGrath, Eamon","McGrath, Eamon",creator
"creator::Puth, Charlie","Puth, Charlie",creator
"creator::Tucker, Heather","Tucker, Heather",creator
"creator::Emmett, Rik","Emmett, Rik",creator
"creator::Murray, George","Murray, George",creator
"creator::Sol, Adam","Sol, Adam",creator
"creator::Bowen, Gail","Bowen, Gail",creator
"creator::MacDonald, Janice E.","MacDonald, Janice E.",creator
"creator::Dorsey, Candas J.","Dorsey, Candas J.",creator
"creator::Platz, Kayleigh","Platz, Kayleigh",creator
"creator::Redwine, C.J.","Redwine, C.J.",creator
"creator::Preto, Nicki Pau","Preto, Nicki Pau",creator
"creator::Ross, Aleksandra","Ross, Aleksandra",creator
"creator::Robson, Jennifer","Robson, Jennifer",creator
"creator::Harmel, Kristin","Harmel, Kristin",creator
"creator::Jenoff, Pam","Jenoff, Pam",creator
"creator::Peters, Glynis","Peters, Glynis",creator
"creator::Smith, Kim","Smith, Kim",creator
"creator::Yuksel, M.O.","Yuksel, M.O.",creator
"creator::Aly, Hatem","Aly, Hatem",creator
"creator::Stapley, Marissa","Stapley, Marissa",creator
"creator::Homa, Ava","Homa, Ava",creator
"creator::Bhathena, Tanaz","Bhathena, Tanaz",creator
"creator::Nanua, Sarena","Nanua, Sarena",creator
"creator::Nanua, Sasha","Nanua, Sasha",creator
"creator::Saunder, Bernie","Saunder, Bernie",creator
"creator::Adlington, Lucy","Adlington, Lucy",creator
"creator::North, Sheila","North, Sheila",creator
"creator::Bailey, Tessa","Bailey, Tessa",creator
"creator::Holiday, Jenny","Holiday, Jenny",creator
"creator::Tan, Sue Lynn","Tan, Sue Lynn",creator
"creator::Torgerson, Angela","Torgerson, Angela",creator
"creator::Sullivan, Rosemary","Sullivan, Rosemary",creator
"creator::Callahan Henry, Patti","Callahan Henry, Patti",creator
"creator::McConvey, J.R.","McConvey, J.R.",creator
"creator::Hetherington, Victoria","Hetherington, Victoria",creator
"creator::D’Izzia, Guglielmo","D’Izzia, Guglielmo",creator
"creator::LeBlanc, Tyler","LeBlanc, Tyler",creator
"creator::Pittaway, Kim","Pittaway, Kim",creator
"creator::Lee, Philip","Lee, Philip",creator
"creator::Hoolboom, Mike","Hoolboom, Mike",creator
"creator::Barry, Paddy","Barry, Paddy",creator
"creator::Keefe, M’Liz","Keefe, M’Liz",creator
"creator::Bryan, Marie","Bryan, Marie",creator
"creator::Surani, Moez","Surani, Moez",creator
"creator::Green, Hannah","Green, Hannah",creator
"creator::Martine, Aicha","Martine, Aicha",creator
"creator::Quirion, Josh","Quirion, Josh",creator
"creator::Sutton, Malcolm","Sutton, Malcolm",creator
"creator::Stauffer, Vanessa","Stauffer, Vanessa",creator
"creator::Bourrie, Mark","Bourrie, Mark",creator
"creator::Jacobsen, Roy","Jacobsen, Roy",creator
"creator::Walcott, Rinaldo","Walcott, Rinaldo",creator
"creator::Pierre, Terese","Pierre, Terese",creator
"creator::Rykon, Mary","Rykon, Mary",creator
"creator::Yin, Anna","Yin, Anna",creator
"creator::Sutterfield, Allen","Sutterfield, Allen",creator
"creator::Humphrey, Stephen","Humphrey, Stephen",creator
"creator::Welch, Rob","Welch, Rob",creator
"creator::Radmore, Claudia Coutu","Radmore, Claudia Coutu",creator
"creator::Blackwood, Clara","Blackwood, Clara",creator
"creator::Barrett, Gavin","Barrett, Gavin",creator
"creator::Holmes, Monique","Holmes, Monique",creator
"creator::Johnson, Becky","Johnson, Becky",creator
"creator::Cooper, Paige","Cooper, Paige",creator
"creator::Lamb, Sybil","Lamb, Sybil",creator
"creator::Quinn, Shannon","Quinn, Shannon",creator
"creator::Guriel, Jason","Guriel, Jason",creator
"creator::McCartney, Sharon","McCartney, Sharon",creator
"creator::Callanan, Andreae","Callanan, Andreae",creator
"creator::Feeney, Elaine","Feeney, Elaine",creator
"creator::Callanan, Mark","Callanan, Mark",creator
"creator::Glynn, Tracy","Glynn, Tracy",creator
"creator::Palmer, David","Palmer, David",creator
"creator::Guitard, Nicholas","Guitard, Nicholas",creator
"creator::Sinclair, Sue","Sinclair, Sue",creator
"creator::Quiviger, Pascale","Quiviger, Pascale",creator
creator::Lederhendler,Lederhendler,creator
"creator::Lorsung, Éireann","Lorsung, Éireann",creator
"creator::Cayley, Kate","Cayley, Kate",creator
"creator::Stacey, Micheal","Stacey, Micheal",creator
"creator::Lewis, Francine","Lewis, Francine",creator
"creator::Wallin, Myna","Wallin, Myna",creator
"creator::Rogal, Stan","Rogal, Stan",creator
"creator::Rogers, Kate","Rogers, Kate",creator
"creator::Meyer, Bruce","Meyer, Bruce",creator
"creator::Assenza, Valentino","Assenza, Valentino",creator
"creator::De Giacomo, Rocco","De Giacomo, Rocco",creator
"creator::Di Placido, Sonia","Di Placido, Sonia",creator
"creator::Cristofoli, Norman","Cristofoli, Norman",creator
"creator::Cheung, Stanford","Cheung, Stanford",creator
"creator::Landry, Barbara","Landry, Barbara",creator
"creator::Penny, Michael","Penny, Michael",creator
"creator::Hosein, Jennifer","Hosein, Jennifer",creator
"creator::Powe, B.W.","Powe, B.W.",creator
"creator::Di Sciascio-Andrews, Josie","Di Sciascio-Andrews, Josie",creator
"creator::Stokes, Denis","Stokes, Denis",creator
"creator::Hartsfield, Carla","Hartsfield, Carla",creator
"creator::MacDonald, Tanis","MacDonald, Tanis",creator
"creator::Posner, Harry","Posner, Harry",creator
"creator::Watala, Terry","Watala, Terry",creator
"creator::Chopra, Meena","Chopra, Meena",creator
"creator::Bean, Lexie","Bean, Lexie",creator
"creator::Sjöholm, Dorothy","Sjöholm, Dorothy",creator
"creator::Brecken, Sue","Brecken, Sue",creator
"creator::Barber, Marsha","Barber, Marsha",creator
"creator::Brydges, David","Brydges, David",creator
"creator::Cessac, Christopher","Cessac, Christopher",creator
"creator::Di Saverio, Marc","Di Saverio, Marc",creator
"creator::Faieta, Leah","Faieta, Leah",creator
"creator::Costa, Paul Edward","Costa, Paul Edward",creator
"creator::Clarke, George Elliott","Clarke, George Elliott",creator
"creator::Hamilton, Tom Gannon","Hamilton, Tom Gannon",creator
"creator::Brydges, David Clayson","Brydges, David Clayson",creator
"creator::Iacobelli, Luciano","Iacobelli, Luciano",creator
"creator::P'ng, Joshua","P'ng, Joshua",creator
"creator::Truscott, Mark","Truscott, Mark",creator
"creator::Killeen, Mercedes","Killeen, Mercedes",creator
"creator::Roberts, Jim","Roberts, Jim",creator
"creator::Langevin, Donna","Langevin, Donna",creator
"creator::Clowater, Roberta","Clowater, Roberta",creator
"creator::Pitts, Gordon","Pitts, Gordon",creator
"creator::Emery, Herb","Emery, Herb",creator
"creator::Hadhad, Tareq","Hadhad, Tareq",creator
"creator::Tattrie, Jon","Tattrie, Jon",creator
"creator::Chapman, Marie","Chapman, Marie",creator
"creator::Coyle, Mary","Coyle, Mary",creator
"creator::Wilson, James","Wilson, James",creator
"creator::Christmas, Jane","Christmas, Jane",creator
"creator::Dreaver, Audrey","Dreaver, Audrey",creator
"creator::McCabe, Steve","McCabe, Steve",creator
"creator::Stones, David","Stones, David",creator
"creator::Campbell, Brett","Campbell, Brett",creator
"creator::Connors, Patrick Timothy","Connors, Patrick Timothy",creator
"creator::Potter, Ron","Potter, Ron",creator
"creator::Bartel, Tanja","Bartel, Tanja",creator
"creator::Hutchinson, Chris","Hutchinson, Chris",creator
"creator::Finlay, Triny","Finlay, Triny",creator
"creator::Mudenyo, Elizabeth","Mudenyo, Elizabeth",creator
"creator::Wai de Boer, Tracy","Wai de Boer, Tracy",creator
"creator::Cortese, Franco","Cortese, Franco",creator
"creator::Czaga, Kayla","Czaga, Kayla",creator
"creator::Heron, Farah","Heron, Farah",creator
"creator::Hansen, Naomi","Hansen, Naomi",creator
"creator::Demchuk, David","Demchuk, David",creator
"creator::Powning, Peter","Powning, Peter",creator
"creator::Leroux, John","Leroux, John",creator
"creator::Robertson, Patricia","Robertson, Patricia",creator
"creator::English, Sharon","English, Sharon",creator
"creator::Hallett Butler, Michelle","Hallett Butler, Michelle",creator
"creator::Enfield, Tyler","Enfield, Tyler",creator
"creator::Kimber, Stephen","Kimber, Stephen",creator
"creator::Sheppard, Dale","Sheppard, Dale",creator
"creator::Carroll, Cynthia","Carroll, Cynthia",creator
"creator::Alexander, Susanne","Alexander, Susanne",creator
"creator::Greenfield, Nathan M","Greenfield, Nathan M",creator
"creator::Hutchinson, Michael","Hutchinson, Michael",creator
"creator::Powning, Beth","Powning, Beth",creator
"creator::Lalonde, Benoit","Lalonde, Benoit",creator
"creator::Haynes, Michael","Haynes, Michael",creator
"creator::Nason, Riel","Nason, Riel",creator
"creator::Marlow, Kathryn","Marlow, Kathryn",creator
"creator::Natasha, Nolan","Natasha, Nolan",creator
"creator::Barlow, Janet","Barlow, Janet",creator
"creator::Kelly, Dianne","Kelly, Dianne",creator
"creator::Heslop, Kevin Andrew","Heslop, Kevin Andrew",creator
"creator::Berkel, Jenny","Berkel, Jenny",creator
"creator::Englert, Síle","Englert, Síle",creator
"creator::LeBlanc, Amy","LeBlanc, Amy",creator
"creator::McMillan, Amber","McMillan, Amber",creator
"creator::Harper, Grace","Harper, Grace",creator
"creator::McCormack, Judith","McCormack, Judith",creator
"creator::Omatsu, Maryka","Omatsu, Maryka",creator
"creator::Addario, Frank","Addario, Frank",creator
"creator::Whiteman, Bruce","Whiteman, Bruce",creator
"creator::Levine, Elise","Levine, Elise",creator
"creator::Yun, Jung","Yun, Jung",creator
"creator::Clermont, Stéfanie","Clermont, Stéfanie",creator
"creator::McNally, Danielle","McNally, Danielle",creator
"creator::Purcell, Kaitlyn","Purcell, Kaitlyn",creator
"creator::Dundas Oke, Emily","Dundas Oke, Emily",creator
"creator::Jenkins, Carrie","Jenkins, Carrie",creator
"creator::Evans, Bill","Evans, Bill",creator
"creator::Rebrec, Angela","Rebrec, Angela",creator
"creator::de Nada, Anne","de Nada, Anne",creator
"creator::Trainor, Kim","Trainor, Kim",creator
"creator::Silver, Dawna","Silver, Dawna",creator
"creator::Lau, Doretta","Lau, Doretta",creator
"creator::Landa, Tom","Landa, Tom",creator
"creator::Landa, Kalissa","Landa, Kalissa",creator
"creator::Ashton, Jenn","Ashton, Jenn",creator
"creator::Singh, Ranjit","Singh, Ranjit",creator
"creator::Mori, Isabella","Mori, Isabella",creator
"creator::Sylliboy, Michelle","Sylliboy, Michelle",creator
creator::Afuwa,Afuwa,creator
"creator::Torme, T. K.","Torme, T. K.",creator
"creator::Taylor, Rachel","Taylor, Rachel",creator
"creator::Asrani, Aaniya","Asrani, Aaniya",creator
"creator::Broomer, Stephen","Broomer, Stephen",creator
"creator::Zryd, Michael","Zryd, Michael",creator
"creator::Sternberg, Barbara","Sternberg, Barbara",creator
"creator::Shedden, Jim","Shedden, Jim",creator
"creator::Kashmere, Brett","Kashmere, Brett",creator
"creator::Hunter, Andrew","Hunter, Andrew",creator
"creator::Howard, Talibah","Howard, Talibah",creator
"creator::McLaren, Norman","McLaren, Norman",creator
"creator::Wieland, Joyce","Wieland, Joyce",creator
"creator::Dysart, Jennifer","Dysart, Jennifer",creator
"creator::Vermette, Rhayne","Vermette, Rhayne",creator
"creator::Kerr, Richard","Kerr, Richard",creator
"creator::Whitehead, Kyle","Whitehead, Kyle",creator
"creator::Egan, Kelly","Egan, Kelly",creator
"creator::Torosian, Garine","Torosian, Garine",creator
"creator::Lipsett, Arthur","Lipsett, Arthur",creator
"creator::McCluskey, Elaine","McCluskey, Elaine",creator
"creator::Aquino, Eloisa","Aquino, Eloisa",creator
"creator::Cooke, Cait","Cooke, Cait",creator
"creator::Galluccio, Steve","Galluccio, Steve",creator
"creator::Negin, Louis","Negin, Louis",creator
"creator::Brooks, Russell","Brooks, Russell",creator
creator::Stong Jesse,Stong Jesse,creator
"creator::Patterson, Christopher B","Patterson, Christopher B",creator
"creator::Moran, Patrick","Moran, Patrick",creator
"creator::Moreno-García, Silvia","Moreno-García, Silvia",creator
"creator::Echard, Siân","Echard, Siân",creator
"creator::Magonet, Jessica","Magonet, Jessica",creator
"creator::Shi, Jane","Shi, Jane",creator
"creator::Swanson, Anna","Swanson, Anna",creator
"creator::Lapena, Shari","Lapena, Shari",creator
"creator::Audrain, Ashley","Audrain, Ashley",creator
"creator::Lawson, Mary","Lawson, Mary",creator
"creator::Quinn, Kate","Quinn, Kate",creator
"creator::Matlow, Rachel","Matlow, Rachel",creator
"creator::Cassidy, Walt","Cassidy, Walt",creator
"creator::Tan, Eddy Boudel","Tan, Eddy Boudel",creator
"creator::Nguyen, Jackie","Nguyen, Jackie",creator
"creator::Saklikar, Renée Sarojini","Saklikar, Renée Sarojini",creator
"creator::Tamez, Margo","Tamez, Margo",creator
"creator::Steinberg, Myriam","Steinberg, Myriam",creator
"creator::Wong, Jane","Wong, Jane",creator
"creator::Sawatzky, Ellie","Sawatzky, Ellie",creator
"creator::Ducharme, Justin","Ducharme, Justin",creator
"creator::Eegeesiak, Ooleepeeka","Eegeesiak, Ooleepeeka",creator
"creator::Thomas, Kay","Thomas, Kay",creator
"creator::Wyss, Senaqwila","Wyss, Senaqwila",creator
"creator::Martin-Bird, Samantha","Martin-Bird, Samantha",creator
creator::Rahat Kurd,Rahat Kurd,creator
"creator::Allen, Norman","Allen, Norman",creator
"creator::Arima, Phlip","Arima, Phlip",creator
"creator::Gurevich, Nick","Gurevich, Nick",creator
"creator::L'Abbé, Pierre","L'Abbé, Pierre",creator
"creator::Santo, Fransisco","Santo, Fransisco",creator
"creator::Cairns, Philip","Cairns, Philip",creator
"creator::Williams, Christena","Williams, Christena",creator
"creator::Schiffler, Carrie","Schiffler, Carrie",creator
"creator::Currin, Jen","Currin, Jen",creator
"creator::Casper, Claudia","Casper, Claudia",creator
"creator::Pearson, Miranda","Pearson, Miranda",creator
"creator::Kerr, Conor","Kerr, Conor",creator
"creator::Campbell, Nicola","Campbell, Nicola",creator
"creator::Gigot, Jami","Gigot, Jami",creator
"creator::Levell, Nicola","Levell, Nicola",creator
"creator::Van Niekerk, Colleen","Van Niekerk, Colleen",creator
"creator::Galbraith, Bree","Galbraith, Bree",creator
"creator::Surkan, Neil","Surkan, Neil",creator
"creator::Deguire, Eric","Deguire, Eric",creator
"creator::Ménard, Marie-Gabrielle","Ménard, Marie-Gabrielle",creator
"creator::Grubišić, Katia","Grubišić, Katia",creator
"creator::Georgescu, Ioana","Georgescu, Ioana",creator
"creator::da Silva, Zinzi","da Silva, Zinzi",creator
"creator::Bayne, Clarence","Bayne, Clarence",creator
"creator::Williams, Dorothy W","Williams, Dorothy W",creator
"creator::Martinez, Rachel","Martinez, Rachel",creator
"creator::Doyle Péan, Laura,","Doyle Péan, Laura,",creator
"creator::Regem, Cithara","Regem, Cithara",creator
"creator::Lewis, Naomi K","Lewis, Naomi K",creator
"creator::Shenfeld, Karen","Shenfeld, Karen",creator
"creator::Wolff, Elana","Wolff, Elana",creator
"creator::Malyon, Carol","Malyon, Carol",creator
"creator::Varnam, Kit","Varnam, Kit",creator
"creator::Edwards, Allan","Edwards, Allan",creator
"creator::Joudry, Shalan","Joudry, Shalan",creator
"creator::McCraken, Kathleen","McCraken, Kathleen",creator
"creator::Ricketts, Vanessa","Ricketts, Vanessa",creator
"creator::Morse, Gary Thomas","Morse, Gary Thomas",creator
"creator::Clews, Brenda","Clews, Brenda",creator
"creator::Fahner, Kim","Fahner, Kim",creator
"creator::Norman, Chad","Norman, Chad",creator
"creator::Figueroa, Kathy","Figueroa, Kathy",creator
"creator::Furster, Laura","Furster, Laura",creator
"creator::Pitts, Brandon","Pitts, Brandon",creator
"creator::Roberts, Greer","Roberts, Greer",creator
"creator::Bouvier, Rita E.","Bouvier, Rita E.",creator
"creator::Major, Alice","Major, Alice",creator
"creator::Gatwenzi, Aurore","Gatwenzi, Aurore",creator
"creator::Sitoski, Richard- Yves","Sitoski, Richard- Yves",creator
"creator::Marques, Irene","Marques, Irene",creator
"creator::Pannell, Chris","Pannell, Chris",creator
"creator::Gallagher, Ben","Gallagher, Ben",creator
"creator::Pierce, E. Alex","Pierce, E. Alex",creator
"creator::Schellenberg, Angeline","Schellenberg, Angeline",creator
"creator::Cameron, Kat","Cameron, Kat",creator
"creator::Delisle, Jennifer","Delisle, Jennifer",creator
"creator::Chafe, Aidan","Chafe, Aidan",creator
"creator::De Boer, Tracy Wai","De Boer, Tracy Wai",creator
"creator::Rebick, Judy","Rebick, Judy",creator
"creator::Nunes, Julia","Nunes, Julia",creator
"creator::Smith, Dianah","Smith, Dianah",creator
"creator::Cawthorne, Jane","Cawthorne, Jane",creator
"creator::Ingram, Jay","Ingram, Jay",creator
"creator::Haigh, Ken","Haigh, Ken",creator
"creator::Morin, Elaine","Morin, Elaine",creator
"creator::Haynes, Rayanne","Haynes, Rayanne",creator
"creator::Lacey, Claire","Lacey, Claire",creator
"creator::Sedivy, Julie","Sedivy, Julie",creator
"creator::Snyder, Carrie","Snyder, Carrie",creator
"creator::Abdou, Angie","Abdou, Angie",creator
"creator::Robinson, Shima","Robinson, Shima",creator
"creator::Holmes, Nancy","Holmes, Nancy",creator
"creator::Bradley, Gavin","Bradley, Gavin",creator
"creator::Poirier Brown, Michelle","Poirier Brown, Michelle",creator
"creator::Kishkan, Theresa","Kishkan, Theresa",creator
"creator::Stallworthy, Bob","Stallworthy, Bob",creator
"creator::Engström, Tyler","Engström, Tyler",creator
"creator::Kay, Skylar","Kay, Skylar",creator
"creator::Dempster, Barry","Dempster, Barry",creator
"creator::Garebian, Keith","Garebian, Keith",creator
"creator::Blythe, Ali","Blythe, Ali",creator
"creator::Salah, Trish","Salah, Trish",creator
"creator::Awkward-Rich, Cameron","Awkward-Rich, Cameron",creator
"creator::Conrad, C. A.","Conrad, C. A.",creator
"creator::Sindu, S. J.","Sindu, S. J.",creator
"creator::Guri, River Halen","Guri, River Halen",creator
"creator::Fiszer, Doris","Fiszer, Doris",creator
"creator::Tunney, Deborah-Anne","Tunney, Deborah-Anne",creator
"creator::Merpaw, Amanda","Merpaw, Amanda",creator
"creator::Bergeron, Jean-Philippe","Bergeron, Jean-Philippe",creator
"creator::Johnstone, Jim,","Johnstone, Jim,",creator
"creator::Tija, Sherwin","Tija, Sherwin",creator
"creator::Fadden, Robyn","Fadden, Robyn",creator
"creator::Jaffe, Ellen S.","Jaffe, Ellen S.",creator
"creator::Gripp, Andreas","Gripp, Andreas",creator
"creator::Marchand, Blaine","Marchand, Blaine",creator
"creator::Osler, Richard","Osler, Richard",creator
"creator::Smith, Kristen","Smith, Kristen",creator
"creator::Steeves, JJ","Steeves, JJ",creator
"creator::Mohabir, Nalini","Mohabir, Nalini",creator
"creator::Cummings, Ronald","Cummings, Ronald",creator
"creator::Fraser, Malcolm","Fraser, Malcolm",creator
"creator::O’Neill, Heather","O’Neill, Heather",creator
"creator::White, Evelyn C.","White, Evelyn C.",creator
"creator::Pearson, Paul","Pearson, Paul",creator
"creator::Hamel, Cary","Hamel, Cary",creator
"creator::MacIvor, Daniel","MacIvor, Daniel",creator
"creator::Malaborza, Sonya","Malaborza, Sonya",creator
"creator::Vaah, Elizabeth Allua","Vaah, Elizabeth Allua",creator
"creator::Ware, Syrus Marcus","Ware, Syrus Marcus",creator
"creator::Mulatu, Makda","Mulatu, Makda",creator
"creator::Tsabari, Ayelet","Tsabari, Ayelet",creator
"creator::Smith, Brad","Smith, Brad",creator
"creator::Joudrey, M. C.","Joudrey, M. C.",creator
"creator::Ferguson, Joel Robert","Ferguson, Joel Robert",creator
"creator::Carter, Lauren","Carter, Lauren",creator
"creator::Dorsey, Candas Jane","Dorsey, Candas Jane",creator
"creator::Favro, Terri","Favro, Terri",creator
"creator::Diehl, Charlene","Diehl, Charlene",creator
"creator::Ackerman, Marianne","Ackerman, Marianne",creator
"creator::Sherman, David","Sherman, David",creator
"creator::Pivato, Juliana","Pivato, Juliana",creator
"creator::Fishman, Mark","Fishman, Mark",creator
"creator::Conlin, Christy Ann","Conlin, Christy Ann",creator
"creator::Bourne, Shakirah","Bourne, Shakirah",creator
"creator::Greenwald, Roger","Greenwald, Roger",creator
"creator::Bertin, Kris","Bertin, Kris",creator
"creator::Forbes, Alexander","Forbes, Alexander",creator
"creator::Roher, Rebecca","Roher, Rebecca",creator
"creator::K̦enin̦š, Laura","K̦enin̦š, Laura",creator
"creator::MacIsaac, Colleen","MacIsaac, Colleen",creator
"creator::Dej, Erin","Dej, Erin",creator
"creator::Davy, Denise","Davy, Denise",creator
"creator::Joseph, Ameil","Joseph, Ameil",creator
"creator::Rogers, Janet Marie","Rogers, Janet Marie",creator
"creator::MacDonald, Ann-Marie","MacDonald, Ann-Marie",creator
"creator::Mc Donnell, Conor","Mc Donnell, Conor",creator
"creator::Corkery, Mary","Corkery, Mary",creator
"creator::Tolmie, Sarah","Tolmie, Sarah",creator
"creator::Larew, Hiram","Larew, Hiram",creator
"creator::Damptey, Kojo","Damptey, Kojo",creator
"creator::Engström, Tyler","Engström, Tyler",creator
"creator::Evans, Lesley-Anne","Evans, Lesley-Anne",creator
"creator::Mohamed, Premee","Mohamed, Premee",creator
"creator::Naccarato, Alessandra","Naccarato, Alessandra",creator
"creator::McKeon, Laura","McKeon, Laura",creator
"creator::Welsh, Moira","Welsh, Moira",creator
"creator::Joseph, Clifton","Joseph, Clifton",creator
"creator::Jones, Cherie","Jones, Cherie",creator
"creator::Dougherty,  C. Elizabeth","Dougherty,  C. Elizabeth",creator
"creator::Gillies, Jennifer","Gillies, Jennifer",creator
"creator::Varghese, Anuja","Varghese, Anuja",creator
"creator::Bélanger, Jennifer","Bélanger, Jennifer",creator
"creator::Boudel Tan, Eddy","Boudel Tan, Eddy",creator
"creator::Fortier, Vincent","Fortier, Vincent",creator
"creator::Walsh, Jane","Walsh, Jane",creator
"creator::Craft, Marilou","Craft, Marilou",creator
"creator::Ninkuru, Kim","Ninkuru, Kim",creator
"creator::Constam, Simon","Constam, Simon",creator
"creator::Roberts-Reilly, Frances","Roberts-Reilly, Frances",creator
"creator::Lafortune, DM","Lafortune, DM",creator
"creator::Reibetanz, John","Reibetanz, John",creator
"creator::Mohammadi, Kashayar","Mohammadi, Kashayar",creator
"creator::Pardy, Stedmond","Pardy, Stedmond",creator
"creator::Martin, D. S. (Don)","Martin, D. S. (Don)",creator
"creator::Eng, Jean","Eng, Jean",creator
"creator::Sampson, Ian","Sampson, Ian",creator
"creator::Hale, Amanda","Hale, Amanda",creator
"creator::Wake, Julian","Wake, Julian",creator
"creator::Pozo, José del","Pozo, José del",creator
"creator::Shaw, Ian Thomas","Shaw, Ian Thomas",creator
"creator::Peña Alfaro, Silvia","Peña Alfaro, Silvia",creator
"creator::Fretwell, Kathy","Fretwell, Kathy",creator
"creator::Fick, Marlon","Fick, Marlon",creator
"creator::Goodden, Ted","Goodden, Ted",creator
"creator::Sileika, Antanas","Sileika, Antanas",creator
"creator::D'Alfonso, Antonio","D'Alfonso, Antonio",creator
"creator::Burton, Wendy","Burton, Wendy",creator
"creator::Friesen, Bernice","Friesen, Bernice",creator
"creator::Dandurand, Joseph","Dandurand, Joseph",creator
"creator::Levine, Eleanor","Levine, Eleanor",creator
"creator::Newington, Nina","Newington, Nina",creator
"creator::Kessaris, Andreas","Kessaris, Andreas",creator
"creator::Haskins, David","Haskins, David",creator
"creator::Bell, Wade","Bell, Wade",creator
"creator::Waterfall, Rhonda","Waterfall, Rhonda",creator
"creator::Levy, Jerry","Levy, Jerry",creator
"creator::Warner, Jessica","Warner, Jessica",creator
"creator::Shea, Theresa","Shea, Theresa",creator
"creator::Grills, Barry","Grills, Barry",creator
"creator::Katz, Stephanie Montana","Katz, Stephanie Montana",creator
"creator::Gasparini, Len","Gasparini, Len",creator
"creator::Pawlick, Thomas F.","Pawlick, Thomas F.",creator
"creator::Hutchman, Laurence","Hutchman, Laurence",creator
"creator::Urbanyi, Pablo","Urbanyi, Pablo",creator
"creator::Hero, Natalia","Hero, Natalia",creator
"creator::Haeck, Phil","Haeck, Phil",creator
"creator::Wainwright, J.A.","Wainwright, J.A.",creator
"creator::Lefevbre, Mark Leslie","Lefevbre, Mark Leslie",creator
"creator::Aloisio, Anita","Aloisio, Anita",creator
"creator::Morgan, Dwayne,","Morgan, Dwayne,",creator
"creator::Gratton, Andrée-Anne","Gratton, Andrée-Anne",creator
"creator::Ng, Wayne","Ng, Wayne",creator
"creator::Graf, Adele","Graf, Adele",creator
"creator::Hoàng, Anvi","Hoàng, Anvi",creator
"creator::Carley, Glenn","Carley, Glenn",creator
"creator::Stocking, Sophie","Stocking, Sophie",creator
"creator::Domini, John","Domini, John",creator
"creator::Di Cintio, Marcello","Di Cintio, Marcello",creator
"creator::Actis, Andrea","Actis, Andrea",creator
"creator::Uswak, Sabrina","Uswak, Sabrina",creator
"creator::Hahnel, Lori","Hahnel, Lori",creator
"creator::Dale, Stephen","Dale, Stephen",creator
"creator::Mihali, Felicia","Mihali, Felicia",creator
"creator::Famà, Nino","Famà, Nino",creator
"creator::Katz, Montana","Katz, Montana",creator
"creator::Burdman, Raphael","Burdman, Raphael",creator
"creator::Ghadery, Hollay","Ghadery, Hollay",creator
"creator::Douglas, W. Strawn","Douglas, W. Strawn",creator
"creator::Davies, Adriana","Davies, Adriana",creator
"creator::Guzzo-McParland, Connie","Guzzo-McParland, Connie",creator
"creator::Lentricchia, Frank","Lentricchia, Frank",creator
"creator::Pietropaolo, Damiano","Pietropaolo, Damiano",creator
"creator::Kilanko, Yejide","Kilanko, Yejide",creator
"creator::Adams, Jerome","Adams, Jerome",creator
"creator::Hilles, Robert","Hilles, Robert",creator
"creator::Pivato, Emma","Pivato, Emma",creator
"creator::Van Norman, Brian","Van Norman, Brian",creator
"creator::Babin, Miléna","Babin, Miléna",creator
"creator::Engbretson, Don","Engbretson, Don",creator
"creator::Cohen, Joy","Cohen, Joy",creator
"creator::Engebretson, Don","Engebretson, Don",creator
"creator::Dowdall, Anna","Dowdall, Anna",creator
"creator::Mendel, Charlotte R.","Mendel, Charlotte R.",creator
"creator::Bélanger, Paul","Bélanger, Paul",creator
"creator::Steinfeld, J.J.","Steinfeld, J.J.",creator
"creator::Wilson, K.R.","Wilson, K.R.",creator
"creator::McGreal, Shayne A.","McGreal, Shayne A.",creator
"creator::Pool, Jennifer","Pool, Jennifer",creator
"creator::Whyte, Ewan","Whyte, Ewan",creator
"creator::George, Lee","George, Lee",creator
"creator::Hickey, David","Hickey, David",creator
"creator::Chytra, Lesia","Chytra, Lesia",creator
"creator::Raman-Wilms, Menaka","Raman-Wilms, Menaka",creator
"creator::Avasilichoaei, Oana","Avasilichoaei, Oana",creator
"creator::Cowan, Judith","Cowan, Judith",creator
"creator::Shaw, Ian","Shaw, Ian",creator
"creator::Roitman, Gina","Roitman, Gina",creator
"creator::Schnurmacher, Thomas","Schnurmacher, Thomas",creator
"creator::Gilchrist, Claire","Gilchrist, Claire",creator
"creator::Connolly, Kevin","Connolly, Kevin",creator
"creator::Germaine, Mary","Germaine, Mary",creator
"creator::Camp, Kate","Camp, Kate",creator
"creator::Benmergui, Ralph","Benmergui, Ralph",creator
"creator::Graham, Genevieve","Graham, Genevieve",creator
"creator::Choi, Ann Y. K","Choi, Ann Y. K",creator
"creator::Ferguson, Susan J.","Ferguson, Susan J.",creator
"creator::Bhattacharya, Tithi","Bhattacharya, Tithi",creator
"creator::Lennard, Natasha","Lennard, Natasha",creator
"creator::Kelly, Kim","Kelly, Kim",creator
"creator::Burley, Shane","Burley, Shane",creator
"creator::Bray, Mark","Bray, Mark",creator
"creator::Loomis, Erik","Loomis, Erik",creator
"creator::Chomsky, Noam","Chomsky, Noam",creator
"creator::Nelson, Sara","Nelson, Sara",creator
"creator::Davis Gates, Stacy","Davis Gates, Stacy",creator
"creator::Jaffe, Sarah","Jaffe, Sarah",creator
"creator::Monet, Aja","Monet, Aja",creator
"creator::Espada, Martín","Espada, Martín",creator
"creator::Treviño, Wendy","Treviño, Wendy",creator
"creator::Nowak, Mark","Nowak, Mark",creator
"creator::Frohman, Denice","Frohman, Denice",creator
"creator::Olivarez, José","Olivarez, José",creator
"creator::Chin, Staceyann","Chin, Staceyann",creator
"creator::Guiñansaca, Sonia","Guiñansaca, Sonia",creator
"creator::Nzinga, Ayodele","Nzinga, Ayodele",creator
"creator::McIntyre, Alando","McIntyre, Alando",creator
"creator::Lewis, Christine","Lewis, Christine",creator
"creator::Limón, Ada","Limón, Ada",creator
"creator::Early, Calvin","Early, Calvin",creator
"creator::Olufemi, Lol","Olufemi, Lol",creator
"creator::Tippet, Ben","Tippet, Ben",creator
"creator::Foster, Dawn","Foster, Dawn",creator
"creator::Riofrancos, Thea N.","Riofrancos, Thea N.",creator
"creator::Rozworski, Michal","Rozworski, Michal",creator
"creator::Wilt, James","Wilt, James",creator
"creator::Bollier, David.","Bollier, David.",creator
"creator::Nuñez-Janes, Mariela","Nuñez-Janes, Mariela",creator
"creator::Castro Rodriguez, Fidel","Castro Rodriguez, Fidel",creator
"creator::Martinez, Pedro Santiago","Martinez, Pedro Santiago",creator
"creator::Pavey, Stephen C.","Pavey, Stephen C.",creator
"creator::Palmater, Pam","Palmater, Pam",creator
"creator::Gobby, Jen","Gobby, Jen",creator
"creator::Camfield, David","Camfield, David",creator
"creator::Fryar, Christienna","Fryar, Christienna",creator
"creator::Haiven, Max","Haiven, Max",creator
"creator::Antwi, Phanuel‏","Antwi, Phanuel‏",creator
"creator::Kennedy, Joe","Kennedy, Joe",creator
"creator::Niven, Alex","Niven, Alex",creator
"creator::Potter, Shawna","Potter, Shawna",creator
"creator::Aronoff, Kate","Aronoff, Kate",creator
"creator::Leonard, Sarah","Leonard, Sarah",creator
"creator::Fletcher, Bill, Jr.","Fletcher, Bill, Jr.",creator
"creator::Milstein, Cindy","Milstein, Cindy",creator
"creator::Campbell, Scott","Campbell, Scott",creator
"creator::Dirik, Dilar","Dirik, Dilar",creator
"creator::Mian, Sarah","Mian, Sarah",creator
"creator::Coles, Megan Gail","Coles, Megan Gail",creator
"creator::Osman, Oubah","Osman, Oubah",creator
"creator::Dakin, Pauline","Dakin, Pauline",creator
"creator::Grant, Vicki","Grant, Vicki",creator
"creator::Taylor, Wanda","Taylor, Wanda",creator
"creator::Lucas, Chad","Lucas, Chad",creator
creator::Garrison Gary,Garrison Gary,creator
creator::The Artist Keyana,The Artist Keyana,creator
creator::Perkins Don,Perkins Don,creator
creator::Jah'mal Dion,Jah'mal Dion,creator
creator::Alzati Stefani,Alzati Stefani,creator
creator::Demas Corine,Demas Corine,creator
"creator::Alzati, Stefani","Alzati, Stefani",creator
"creator::Alderson, Scott","Alderson, Scott",creator
"creator::Fraser, David","Fraser, David",creator
"creator::Crewe, Lesley","Crewe, Lesley",creator
"creator::Critch, Mark","Critch, Mark",creator
"creator::Poole, Lee-Anne","Poole, Lee-Anne",creator
"creator::Doshi, Avni","Doshi, Avni",creator
"creator::Rogers, Janet","Rogers, Janet",creator
"creator::Malone, Stephens Gerard","Malone, Stephens Gerard",creator
"creator::Turner, Ryan","Turner, Ryan",creator
"creator::Walsh, Helen","Walsh, Helen",creator
creator::The Haughian Brothers Band,The Haughian Brothers Band,creator
"creator::Chapman, Brenda","Chapman, Brenda",creator
"creator::Vannicola, Joanne","Vannicola, Joanne",creator
"creator::Jerreat-Poole, Adan","Jerreat-Poole, Adan",creator
"creator::DuPuis, J.J.","DuPuis, J.J.",creator
"creator::Wood, Heather","Wood, Heather",creator
"creator::Mirza, Fawzia","Mirza, Fawzia",creator
"creator::Kerbel, Deborah","Kerbel, Deborah",creator
"creator::Baker, Jacqueline","Baker, Jacqueline",creator
"creator::Braid, Alison","Braid, Alison",creator
"creator::Watts, Carl","Watts, Carl",creator
"creator::Leslie, Alex","Leslie, Alex",creator
"creator::Englert, Síle","Englert, Síle",creator
"creator::Perez, Marc","Perez, Marc",creator
"creator::Pirani, Ayaz","Pirani, Ayaz",creator
"creator::Smith, Mahaila","Smith, Mahaila",creator
"creator::Strathman, Samuel","Strathman, Samuel",creator
"creator::Lavery, Grace","Lavery, Grace",creator
"creator::Bey, Marquis","Bey, Marquis",creator
"creator::Moody, Alys","Moody, Alys",creator
"creator::Ram, Harsha","Ram, Harsha",creator
"creator::Ross, Stephen Joseph","Ross, Stephen Joseph",creator
"creator::Staudt, Kaitlin","Staudt, Kaitlin",creator
"creator::Sutherland, Camilla","Sutherland, Camilla",creator
"creator::Drumsta, Emily","Drumsta, Emily",creator
"creator::Resnikoff, Ariel","Resnikoff, Ariel",creator
"creator::Sugita, Sho","Sugita, Sho",creator
"creator::Karasick, Adeena","Karasick, Adeena",creator
"creator::Bernstein, Charles","Bernstein, Charles",creator
"creator::Brown, Nathan","Brown, Nathan",creator
"creator::Sharma, Manish","Sharma, Manish",creator
"creator::Zolf, Rachel","Zolf, Rachel",creator
"creator::Muldoon, Paul","Muldoon, Paul",creator
"creator::Neubert, Joe","Neubert, Joe",creator
"creator::LoRe, Josephine","LoRe, Josephine",creator
"creator::Macarty, Jami","Macarty, Jami",creator
"creator::James, LeLand","James, LeLand",creator
"creator::Flavin, Francis Edward","Flavin, Francis Edward",creator
"creator::Teeluck, Julia","Teeluck, Julia",creator
"creator::barlow, j tate","barlow, j tate",creator
"creator::Mackie, Jeffrey","Mackie, Jeffrey",creator
"creator::Ricketti, Michael","Ricketti, Michael",creator
"creator::Gillis, Susan","Gillis, Susan",creator
"creator::Tait, Lynn","Tait, Lynn",creator
"creator::Janot, Antoine","Janot, Antoine",creator
"creator::Millar, Hazel","Millar, Hazel",creator
"creator::Cormier-Larose, Catherine","Cormier-Larose, Catherine",creator
"creator::King, Perry","King, Perry",creator
"creator::Saunders, Bernie","Saunders, Bernie",creator
"creator::Simonds, Merilyn","Simonds, Merilyn",creator
"creator::Matin, Sumaiya","Matin, Sumaiya",creator
"creator::Hall, Renata","Hall, Renata",creator
"creator::Benaim, Sabrina","Benaim, Sabrina",creator
"creator::Desforges, Jaclyn","Desforges, Jaclyn",creator
"creator::Akunyili-Parr, Chidiogo","Akunyili-Parr, Chidiogo",creator
"creator::Raughley, Sarah","Raughley, Sarah",creator
"creator::Stevens, Chevy","Stevens, Chevy",creator
"creator::Pruden, Jana G.","Pruden, Jana G.",creator
"creator::Bailey, Barry","Bailey, Barry",creator
"creator::MacFadzean, Matthew","MacFadzean, Matthew",creator
"creator::Hoang, Jolie Phuong","Hoang, Jolie Phuong",creator
"creator::Nowaczyk, Małgorzata","Nowaczyk, Małgorzata",creator
"creator::Palmater, Pamela D.","Palmater, Pamela D.",creator
"creator::Manuel, Doreen","Manuel, Doreen",creator
"creator::McFarlane, Peter","McFarlane, Peter",creator
"creator::Manuel, Kanahus","Manuel, Kanahus",creator
"creator::Mastragostino, Matteo","Mastragostino, Matteo",creator
"creator::Ranghiasci, Alessandro","Ranghiasci, Alessandro",creator
"creator::Milan, Courtney","Milan, Courtney",creator
"creator::jJalaluddin, Uzma","jJalaluddin, Uzma",creator
"creator::Mouallem, Omar","Mouallem, Omar",creator
"creator::Velji, Zain","Velji, Zain",creator
"creator::Swift, Jamie","Swift, Jamie",creator
"creator::Power, Elaine M.","Power, Elaine M.",creator
"creator::Wynne, Kathleen","Wynne, Kathleen",creator
"creator::Gazan, Leah","Gazan, Leah",creator
"creator::Florence, Elinor","Florence, Elinor",creator
"creator::Walschots, Natalie, Zina","Walschots, Natalie, Zina",creator
"creator::Dixon, Celine Caruso","Dixon, Celine Caruso",creator
"creator::Trofimuk, Thomas","Trofimuk, Thomas",creator
"creator::Pyper, Andrew","Pyper, Andrew",creator
"creator::Chan, Marty","Chan, Marty",creator
"creator::Brown, Karma","Brown, Karma",creator
"creator::Emily St. John, Mandel","Emily St. John, Mandel",creator
"creator::Simons, Paula","Simons, Paula",creator
"creator::Lipscombe, Jesse","Lipscombe, Jesse",creator
"creator::Mohamed, Timiro","Mohamed, Timiro",creator
"creator::Massing, Conni","Massing, Conni",creator
"creator::Loyer, Celina","Loyer, Celina",creator
"creator::Ashenburg, Katherine","Ashenburg, Katherine",creator
"creator::Kimmel, Fran","Kimmel, Fran",creator
"creator::Burton, Nicole Marie","Burton, Nicole Marie",creator
"creator::Goldring, Hugh","Goldring, Hugh",creator
"creator::Dyck, Erika","Dyck, Erika",creator
"creator::Post, Veronica","Post, Veronica",creator
"creator::Ocelot, Catherine","Ocelot, Catherine",creator
"creator::Sommer, Anna","Sommer, Anna",creator
"creator::Jensen, Aleshia","Jensen, Aleshia",creator
"creator::Dascher, Helge","Dascher, Helge",creator
"creator::Lin, Hartley","Lin, Hartley",creator
"creator::Smyth, Fiona","Smyth, Fiona",creator
"creator::Williams, Eric Kostiuk","Williams, Eric Kostiuk",creator
"creator::Michaud, Sébastien","Michaud, Sébastien",creator
"creator::Surette, Denis","Surette, Denis",creator
"creator::Banks, Catherine","Banks, Catherine",creator
"creator::McLean, Christine","McLean, Christine",creator
"creator::Trembles, Rick","Trembles, Rick",creator
"creator::Undi, Chim","Undi, Chim",creator
"creator::Crocker, Sophie","Crocker, Sophie",creator
"creator::Bishop, Shaelin","Bishop, Shaelin",creator
"creator::Gaines, Samme","Gaines, Samme",creator
"creator::Hopfe, Safiya","Hopfe, Safiya",creator
"creator::Sasagawa, Emi","Sasagawa, Emi",creator
"creator::Thompson, Rachel","Thompson, Rachel",creator
"creator::De Barros, Karmella Cen Benedito","De Barros, Karmella Cen Benedito",creator
"creator::Sealy, Jasmine","Sealy, Jasmine",creator
"creator::Jackson, Jessi Lee","Jackson, Jessi Lee",creator
"creator::McKeown, Kit","McKeown, Kit",creator
"creator::Edwards, Leah","Edwards, Leah",creator
creator::Ting Wei Jen,Ting Wei Jen,creator
"creator::Semach, Geffen","Semach, Geffen",creator
"creator::Alwani, Sami","Alwani, Sami",creator
"creator::Selena, the Stripper","Selena, the Stripper",creator
"creator::Wany, Stanley","Wany, Stanley",creator
"creator::McBurnie, Jonathan.","McBurnie, Jonathan.",creator
"creator::Tsung, Joanne","Tsung, Joanne",creator
"creator::Mariam, Bethlehem","Mariam, Bethlehem",creator
"creator::Jin, Andrea","Jin, Andrea",creator
"creator::Neumeyer, Randee","Neumeyer, Randee",creator
"creator::Nock, Samantha","Nock, Samantha",creator
"creator::Erasmus, Savannah","Erasmus, Savannah",creator
"creator::Gilpin-Jackson, Yabome","Gilpin-Jackson, Yabome",creator
"creator::Cao, Jewel","Cao, Jewel",creator
"creator::Bradley, Cayenne","Bradley, Cayenne",creator
"creator::Golshan, Sahar","Golshan, Sahar",creator
"creator::Misztal, Megan","Misztal, Megan",creator
"creator::Ian, John","Ian, John",creator
"creator::Blanchard, Barry","Blanchard, Barry",creator
"creator::Kirkby, Bruce","Kirkby, Bruce",creator
"creator::Martel, Lynn","Martel, Lynn",creator
"creator::Mort, Helen","Mort, Helen",creator
"creator::McDonald, Bernadette","McDonald, Bernadette",creator
"creator::Loring, Kevin","Loring, Kevin",creator
"creator::Bathory, Laakkuluk Williamson","Bathory, Laakkuluk Williamson",creator
"creator::Derksen, Cris","Derksen, Cris",creator
"creator::Ndala, Blaise","Ndala, Blaise",creator
"creator::Leblanc, Samuel","Leblanc, Samuel",creator
"creator::Eaton, Chris","Eaton, Chris",creator
"creator::Richardson, Robin","Richardson, Robin",creator
"creator::Moeller, Vanessa","Moeller, Vanessa",creator
"creator::Maeve, Zoe","Maeve, Zoe",creator
"creator::Sharp, Sid","Sharp, Sid",creator
"creator::Lamichhane, SaraSwoti","Lamichhane, SaraSwoti",creator
"creator::Sahni, Archna","Sahni, Archna",creator
"creator::Thomas, Emily","Thomas, Emily",creator
"creator::MacLeod, Susan","MacLeod, Susan",creator
"creator::Spidell, Heather","Spidell, Heather",creator
"creator::Brydges, David C.","Brydges, David C.",creator
"creator::Hamaliuk, Don","Hamaliuk, Don",creator
"creator::Langford, Erik","Langford, Erik",creator
"creator::Fretwell, Katerina","Fretwell, Katerina",creator
"creator::Demas, Corine","Demas, Corine",creator
"creator::The Artist, Keyana","The Artist, Keyana",creator
"creator::Hammond, Lois","Hammond, Lois",creator
"creator::McIlwraith, Naomi","McIlwraith, Naomi",creator
"creator::Sinclair, Patti","Sinclair, Patti",creator
"creator::Ahlers, Sonja","Ahlers, Sonja",creator
"creator::Bonaparte, Jordan","Bonaparte, Jordan",creator
"creator::Tristen, Sienna","Tristen, Sienna",creator
"creator::Zhong, Irene","Zhong, Irene",creator
"creator::Tosswill, Brianna","Tosswill, Brianna",creator
"creator::Salazar, Rebecca","Salazar, Rebecca",creator
"creator::Wang, Phoebe","Wang, Phoebe",creator
"creator::Burns, Melinda","Burns, Melinda",creator
"creator::Vandersteen, Max","Vandersteen, Max",creator
"creator::Pokharel, Sharmila","Pokharel, Sharmila",creator
"creator::Gunn, Brenda","Gunn, Brenda",creator
"creator::Okot Bitek, Otoniya Juliane","Okot Bitek, Otoniya Juliane",creator
"creator::Undi, Chimwemwe","Undi, Chimwemwe",creator
"creator::Landels, JM","Landels, JM",creator
"creator::Donoghue, Michael","Donoghue, Michael",creator
"creator::Piccolo, Rina","Piccolo, Rina",creator
"creator::Duncan, Melissa Mary","Duncan, Melissa Mary",creator
"creator::Anastasiou, Mel","Anastasiou, Mel",creator
"creator::Jendrzejewski, Ingrid","Jendrzejewski, Ingrid",creator
"creator::Odasso, AJ","Odasso, AJ",creator
"creator::Felix, Kate","Felix, Kate",creator
"creator::Toews, Mitchell","Toews, Mitchell",creator
"creator::Harbridge, Kim","Harbridge, Kim",creator
"creator::Bourque, Crystal","Bourque, Crystal",creator
"creator::Lester, R. Daniel","Lester, R. Daniel",creator
"creator::van Didden, Hannah","van Didden, Hannah",creator
"creator::Martins, Kim","Martins, Kim",creator
"creator::Pieters, Susan","Pieters, Susan",creator
"creator::Lee, AJ","Lee, AJ",creator
"creator::Milne, David","Milne, David",creator
"creator::MacDonald, Cameron","MacDonald, Cameron",creator
"creator::Kwiatkowski, Charlene","Kwiatkowski, Charlene",creator
"creator::Goentoro, Ashley Rose","Goentoro, Ashley Rose",creator
"creator::Osborne, Emily","Osborne, Emily",creator
"creator::Wagner, KT","Wagner, KT",creator
"creator::Crilly, Brandon","Crilly, Brandon",creator
"creator::Mandybura, Cadence","Mandybura, Cadence",creator
"creator::Leong, SL","Leong, SL",creator
"creator::Porzio, Abner","Porzio, Abner",creator
"creator::Ludmerer, Nancy","Ludmerer, Nancy",creator
"creator::Goddard, Michelle F","Goddard, Michelle F",creator
"creator::Robertson, Leo X","Robertson, Leo X",creator
"creator::Streeter, PG","Streeter, PG",creator
"creator::MacNair, Erin","MacNair, Erin",creator
"creator::Carre, Brenda","Carre, Brenda",creator
"creator::Anderson, Colleen","Anderson, Colleen",creator
"creator::Smith, Janet","Smith, Janet",creator
"creator::Scott, Graham Robert","Scott, Graham Robert",creator
"creator::Humphreys, CC","Humphreys, CC",creator
"creator::Handman, Misha","Handman, Misha",creator
"creator::Wibberley, LA","Wibberley, LA",creator
"creator::Holden Rothman, Claire","Holden Rothman, Claire",creator
"creator::Kap, Ryanne","Kap, Ryanne",creator
"creator::B., Daphné","B., Daphné",creator
"creator::Sullivan, Andrew F.","Sullivan, Andrew F.",creator
"creator::Wright, Angela","Wright, Angela",creator
"creator::Albert, Charles","Albert, Charles",creator
"creator::Averett, Bronwyn","Averett, Bronwyn",creator
"creator::Bradford, David","Bradford, David",creator
"creator::Kneifel, Emilie","Kneifel, Emilie",creator
"creator::Krause, Carol","Krause, Carol",creator
"creator::Ho, S F","Ho, S F",creator
"creator::Seoane, Israel","Seoane, Israel",creator
"creator::Chabitnoy, Abigail","Chabitnoy, Abigail",creator
"creator::Hogue, Tarah","Hogue, Tarah",creator
"creator::Conery, Ashlee","Conery, Ashlee",creator
"creator::Mohammandi, Khashayar","Mohammandi, Khashayar",creator
"creator::Chambers, Chris","Chambers, Chris",creator
"creator::Chan, Sharon Miki","Chan, Sharon Miki",creator
"creator::Daley, Andrew","Daley, Andrew",creator
"creator::LaPointe, Michael","LaPointe, Michael",creator
"creator::Shelstad, Sam","Shelstad, Sam",creator
"creator::Ball, Hilary","Ball, Hilary",creator
"creator::Barnier, Vannessa","Barnier, Vannessa",creator
"creator::Cole, Megan","Cole, Megan",creator
"creator::FitzHywel, Katherine","FitzHywel, Katherine",creator
"creator::Jabbour, Bashar Lulu","Jabbour, Bashar Lulu",creator
"creator::Maultsaid, Deirdre","Maultsaid, Deirdre",creator
"creator::Russell, Michael","Russell, Michael",creator
"creator::Turnbull, Gillian","Turnbull, Gillian",creator
"creator::Vondrak, Elizabeth","Vondrak, Elizabeth",creator
"creator::Cadeau, Charmaine","Cadeau, Charmaine",creator
"creator::Cameron, Katie","Cameron, Katie",creator
"creator::Everest, Clay","Everest, Clay",creator
"creator::Harrison, Elizabeth","Harrison, Elizabeth",creator
"creator::Hoy, Alyson","Hoy, Alyson",creator
"creator::Parr, A.A.","Parr, A.A.",creator
"creator::Ralph, Anna","Ralph, Anna",creator
"creator::Robinson, Jessica Anne","Robinson, Jessica Anne",creator
"creator::Byrne, Kerry C.","Byrne, Kerry C.",creator
"creator::Bendiy, Anna","Bendiy, Anna",creator
"creator::Ohaegbu, Chimedum","Ohaegbu, Chimedum",creator
"creator::Albert, Jen","Albert, Jen",creator
"creator::Sorg, Arley","Sorg, Arley",creator
"creator::Valcius, Léonicka","Valcius, Léonicka",creator
"creator::Stewen, Lawrence","Stewen, Lawrence",creator
"creator::Mehrotra, Rati","Mehrotra, Rati",creator
"creator::Seljak-Byrne, Kerry","Seljak-Byrne, Kerry",creator
"creator::Justice, Daniel Heath","Justice, Daniel Heath",creator
"creator::El-Mohtar, Amal","El-Mohtar, Amal",creator
"creator::Betts, Amanda","Betts, Amanda",creator
"creator::Liao, Victoria","Liao, Victoria",creator
"creator::Kirtland, Kim-Mei","Kirtland, Kim-Mei",creator
"creator::McConvey, J. R.","McConvey, J. R.",creator
"creator::Brown, Hannah (Helen)","Brown, Hannah (Helen)",creator
"creator::Abdi, Nur","Abdi, Nur",creator
"creator::Taylor, Jess","Taylor, Jess",creator
"creator::Blake, Becky","Blake, Becky",creator
"creator::Guenther, Faye","Guenther, Faye",creator
"creator::Elliott, Alicia","Elliott, Alicia",creator
"creator::Shah, Aparna Kaji","Shah, Aparna Kaji",creator
"creator::Kurchak, Sarah","Kurchak, Sarah",creator
"creator::Kirsch, Sharon","Kirsch, Sharon",creator
"creator::Freedman, S. M.","Freedman, S. M.",creator
"creator::Manthorpe, Jonathan","Manthorpe, Jonathan",creator
"creator::Côté, Marc","Côté, Marc",creator
"creator::Lavery, Lauren","Lavery, Lauren",creator
"creator::Wu, Fan","Wu, Fan",creator
"creator::Johnson, Falen","Johnson, Falen",creator
"creator::Bowen, Leah Simone","Bowen, Leah Simone",creator
"creator::Brockobić, Erin","Brockobić, Erin",creator
"creator::Allen, Lillian","Allen, Lillian",creator
"creator::Dixon, Sean","Dixon, Sean",creator
"creator::Moëlla, Sabrina","Moëlla, Sabrina",creator
"creator::Hohn, Nadia","Hohn, Nadia",creator
"creator::Anipare, Sifton","Anipare, Sifton",creator
"creator::Carter, Kern","Carter, Kern",creator
"creator::Ohlin, Alix","Ohlin, Alix",creator
"creator::Bourque, Noel","Bourque, Noel",creator
"creator::Bowers, Cedar","Bowers, Cedar",creator
"creator::Button, Lana","Button, Lana",creator
"creator::Winter, Bess","Winter, Bess",creator
"creator::Westhead, Jessica","Westhead, Jessica",creator
"creator::McCormack, Derek","McCormack, Derek",creator
"creator::Atkinson, Nathalie","Atkinson, Nathalie",creator
"creator::Angus, Cal","Angus, Cal",creator
"creator::Cholette, Gabriel","Cholette, Gabriel",creator
"creator::Darsigny, Marie","Darsigny, Marie",creator
"creator::Borin, Tara","Borin, Tara",creator
"creator::Pilotte, Natasha","Pilotte, Natasha",creator
"creator::MacDougall, Charles","MacDougall, Charles",creator
"creator::Savoie, Marilou","Savoie, Marilou",creator
"creator::Dugas, Pauline","Dugas, Pauline",creator
"creator::Wilhelmy, Audrée","Wilhelmy, Audrée",creator
"creator::Bergeron, Patrick","Bergeron, Patrick",creator
"creator::Basbous, Sami","Basbous, Sami",creator
"creator::Crummey, Michael","Crummey, Michael",creator
"creator::Armstrong, Sally","Armstrong, Sally",creator
"creator::Leblanc, Danielle","Leblanc, Danielle",creator
"creator::Rabagliati, Michel","Rabagliati, Michel",creator
"creator::Réhel, Jean-Christophe","Réhel, Jean-Christophe",creator
"creator::Richard, Zachary","Richard, Zachary",creator
"creator::Roy, Jonathan","Roy, Jonathan",creator
"creator::Parris, Amanda","Parris, Amanda",creator
"creator::Peacock, Shane","Peacock, Shane",creator
"creator::Padro, Tayla","Padro, Tayla",creator
"creator::Beaudry, Nicole","Beaudry, Nicole",creator
"creator::Woodfolk, Ashley","Woodfolk, Ashley",creator
"creator::Lyga, Barry","Lyga, Barry",creator
"creator::Philippe, Ben","Philippe, Ben",creator
"creator::Morrow, Bethany C.","Morrow, Bethany C.",creator
"creator::Rebele-Henry, Brynne","Rebele-Henry, Brynne",creator
"creator::Terrana, Diane","Terrana, Diane",creator
"creator::Dugan, Jennifer","Dugan, Jennifer",creator
"creator::Dubeau, JF","Dubeau, JF",creator
"creator::Treggiari, Jo","Treggiari, Jo",creator
"creator::Hur, June","Hur, June",creator
"creator::Locke, Katherine","Locke, Katherine",creator
"creator::Powell, Kelly","Powell, Kelly",creator
"creator::Myracle, Lauren","Myracle, Lauren",creator
"creator::Betcherman, Michael","Betcherman, Michael",creator
"creator::Baden, Morgan","Baden, Morgan",creator
"creator::Sarif, Morgan Shamim","Sarif, Morgan Shamim",creator
"creator::MacKendrick, Stephanie","MacKendrick, Stephanie",creator
"creator::Nesch, Thorsten","Nesch, Thorsten",creator
"creator::Boteyu, Tanja","Boteyu, Tanja",creator
"creator::Boulley, Angeline","Boulley, Angeline",creator
"creator::Clayton, Dhonielle","Clayton, Dhonielle",creator
"creator::Forna, Namina","Forna, Namina",creator
"creator::Freedman, Aimee","Freedman, Aimee",creator
"creator::Hansen, Regina","Hansen, Regina",creator
"creator::Jouhanneau, Anne-Sophie","Jouhanneau, Anne-Sophie",creator
"creator::Le, Loan","Le, Loan",creator
"creator::Maldonado, Crystal","Maldonado, Crystal",creator
"creator::Mlynowski, Sarah","Mlynowski, Sarah",creator
"creator::Painter, Lynn","Painter, Lynn",creator
"creator::Pérez, Celia C.","Pérez, Celia C.",creator
"creator::Perl, Erica S.","Perl, Erica S.",creator
"creator::Rajurkar, Anuradha D.","Rajurkar, Anuradha D.",creator
"creator::Sambury, Liselle","Sambury, Liselle",creator
"creator::Sharpe, Tess","Sharpe, Tess",creator
"creator::Shuttleworth, Ashley","Shuttleworth, Ashley",creator
"creator::Suk, Sarah","Suk, Sarah",creator
"creator::Summers, Courtney","Summers, Courtney",creator
"creator::Thomas, Aiden","Thomas, Aiden",creator
"creator::Viva, Frank","Viva, Frank",creator
"creator::Whitlock, Nathan","Whitlock, Nathan",creator
"creator::Babyn, André","Babyn, André",creator
"creator::Pflug, Ursula","Pflug, Ursula",creator
"creator::Micallef, Shawn","Micallef, Shawn",creator
"creator::Loreto, Nora","Loreto, Nora",creator
"creator::Paradkar, Shree","Paradkar, Shree",creator
"creator::Keesmaat, Jennifer","Keesmaat, Jennifer",creator
"creator::Lee, Karen K.","Lee, Karen K.",creator
"creator::Richardson, Jael Ealey","Richardson, Jael Ealey",creator
"creator::Pitter, Jay","Pitter, Jay",creator
"creator::Brown, Drew","Brown, Drew",creator
"creator::Augustine, Judy Marie","Augustine, Judy Marie",creator
"creator::Bailhache, Léonore","Bailhache, Léonore",creator
"creator::Collin, Marie-Christine","Collin, Marie-Christine",creator
"creator::Adbel-Samad,  Reem Fayyad","Adbel-Samad,  Reem Fayyad",creator
"creator::Gould, Xavier","Gould, Xavier",creator
"creator::Bossé, Paul","Bossé, Paul",creator
"creator::Houle, Jennifer","Houle, Jennifer",creator
"creator::Leblanc, Georgette","Leblanc, Georgette",creator
"creator::Arsenault, Marc","Arsenault, Marc",creator
"creator::Surette, Jean","Surette, Jean",creator
"creator::Haché, Jonah","Haché, Jonah",creator
"creator::Highway, Tomson","Highway, Tomson",creator
"creator::Blais, Marie-Claire","Blais, Marie-Claire",creator
"creator::Grubisic, Katia","Grubisic, Katia",creator
"creator::Ohi, Ruth","Ohi, Ruth",creator
"creator::Staunton, Ted","Staunton, Ted",creator
"creator::Lebeuf, Darren","Lebeuf, Darren",creator
"creator::Castillo, Ani","Castillo, Ani",creator
"creator::Bertelli, Mariella","Bertelli, Mariella",creator
"creator::Alicia, Jennifer","Alicia, Jennifer",creator
"creator::Becker, Helaine","Becker, Helaine",creator
"creator::Sutherland, Joel A","Sutherland, Joel A",creator
"creator::Dupuis, Jenny Kay","Dupuis, Jenny Kay",creator
"creator::Paas-Lang, Sophie","Paas-Lang, Sophie",creator
"creator::Ifill, Erica","Ifill, Erica",creator
"creator::Unwin, Peter","Unwin, Peter",creator
"creator::Misri, Angela","Misri, Angela",creator
"creator::Wah, Fred","Wah, Fred",creator
"creator::Dulai, Phinder","Dulai, Phinder",creator
"creator::Gowan, Helen","Gowan, Helen",creator
"creator::Thibault, André","Thibault, André",creator
"creator::Her, Chu-sha","Her, Chu-sha",creator
"creator::Anderson, Caroline","Anderson, Caroline",creator
"creator::Hutton, June","Hutton, June",creator
"creator::Wanless, Tony","Wanless, Tony",creator
"creator::Peart, Danny","Peart, Danny",creator
"creator::Rowntree, Lenore","Rowntree, Lenore",creator
"creator::Hillhouse, Andy","Hillhouse, Andy",creator
"creator::Wilson, Cam","Wilson, Cam",creator
"creator::Gubbels, Brent","Gubbels, Brent",creator
"creator::Teodoro, José","Teodoro, José",creator
"creator::Gatchalian, C. E.","Gatchalian, C. E.",creator
"creator::Deverell, William","Deverell, William",creator
"creator::Quitzau, Lester","Quitzau, Lester",creator
"creator::Saba, Maria","Saba, Maria",creator
"creator::Gatchalian, C.E.","Gatchalian, C.E.",creator
"creator::Barryman, Romila","Barryman, Romila",creator
"creator::Lowe, Terence M.","Lowe, Terence M.",creator
"creator::Fung, Richard","Fung, Richard",creator
"creator::Sloane, Ty","Sloane, Ty",creator
"creator::Yao, Diamond","Yao, Diamond",creator
"creator::Ah-Sen, Kevin","Ah-Sen, Kevin",creator
"creator::Mitchell, Serene","Mitchell, Serene",creator
"creator::Curd, Dale","Curd, Dale",creator
"creator::Taylor, Paul","Taylor, Paul",creator
"creator::Maharaj, Joshna","Maharaj, Joshna",creator
"creator::Jordan-Fenton, Christy","Jordan-Fenton, Christy",creator
"creator::Major, Kevin","Major, Kevin",creator
"creator::Stone, D. K.","Stone, D. K.",creator
"creator::GoldenEagle, Carol Rose","GoldenEagle, Carol Rose",creator
"creator::Gunraj, Andrea","Gunraj, Andrea",creator
"creator::Verdecchia, Guillermo","Verdecchia, Guillermo",creator
"creator::Parmar, Sarena","Parmar, Sarena",creator
"creator::Steves, Rick","Steves, Rick",creator
"creator::Johnson, Jessica","Johnson, Jessica",creator
"creator::Lindberg, Tracey","Lindberg, Tracey",creator
"creator::Galloway, Matt","Galloway, Matt",creator
"creator::Miller, David","Miller, David",creator
"creator::Methot, Suzanne","Methot, Suzanne",creator
"creator::Moscrop, David","Moscrop, David",creator
"creator::Teillet, Jean","Teillet, Jean",creator
"creator::Baker, Carleigh","Baker, Carleigh",creator
"creator::Dalton, Simone","Dalton, Simone",creator
"creator::Leclerc, Christine","Leclerc, Christine",creator
"creator::Jennings, Maureen","Jennings, Maureen",creator
"creator::Delany, Vicki","Delany, Vicki",creator
"creator::Crane, Dede","Crane, Dede",creator
"creator::Theis, Leona","Theis, Leona",creator
"creator::Willis, Deborah","Willis, Deborah",creator
"creator::O’Gorman, Kate","O’Gorman, Kate",creator
"creator::June Johnson, Kim","June Johnson, Kim",creator
"creator::Maillard, Keith","Maillard, Keith",creator
"creator::Quarmby, Lynne Marie","Quarmby, Lynne Marie",creator
"creator::Bunch, Adam","Bunch, Adam",creator
"creator::Lui, Elaine","Lui, Elaine",creator
"creator::Caesar-Chavannes, Celina","Caesar-Chavannes, Celina",creator
"creator::Dwivedi, Supriya","Dwivedi, Supriya",creator
"creator::Potts, Kerry","Potts, Kerry",creator
"creator::Redbird, Duke","Redbird, Duke",creator
"creator::Luby, Brittany","Luby, Brittany",creator
"creator::Lou, Ethan","Lou, Ethan",creator
"creator::MacLeod, Elizabeth","MacLeod, Elizabeth",creator
"creator::Wishinsky, Frieda","Wishinsky, Frieda",creator
"creator::Guy, Cylita","Guy, Cylita",creator
"creator::Dumais, Sandra","Dumais, Sandra",creator
"creator::Vrana, A.J.","Vrana, A.J.",creator
"creator::Jones, Alexandra Mae","Jones, Alexandra Mae",creator
"creator::Parikh, Amita","Parikh, Amita",creator
"creator::Faulkner, Andrew","Faulkner, Andrew",creator
"creator::Larsen, Andrew","Larsen, Andrew",creator
"creator::Shin, Ann","Shin, Ann",creator
"creator::Lazurko, Anne","Lazurko, Anne",creator
"creator::Simpson, Ansley","Simpson, Ansley",creator
"creator::Bhandari, Aparita","Bhandari, Aparita",creator
"creator::Touré, Assiyah Jamilla","Touré, Assiyah Jamilla",creator
"creator::Ghan, Ben Berman","Ghan, Ben Berman",creator
"creator::Kaplan, Beth","Kaplan, Beth",creator
"creator::Rosenbaum, Bev Katz","Rosenbaum, Bev Katz",creator
"creator::McLachlan, Brian","McLachlan, Brian",creator
"creator::Arthur, Bruce","Arthur, Bruce",creator
creator::Cadence Weapon,Cadence Weapon,creator
"creator::Mok, Carmen","Mok, Carmen",creator
"creator::Vowel, Chelsea","Vowel, Chelsea",creator
"creator::Case, Cheryll","Case, Cheryll",creator
"creator::Yathiraju, Chinmayi","Yathiraju, Chinmayi",creator
"creator::Vadnais, Christiane","Vadnais, Christiane",creator
"creator::Smith, Christine Miskonoodinkwe","Smith, Christine Miskonoodinkwe",creator
"creator::Spain, Chy Ryan","Spain, Chy Ryan",creator
"creator::Crangle, Claudine","Crangle, Claudine",creator
"creator::Caetano, Cody","Caetano, Cody",creator
"creator::Mintz, Corey","Mintz, Corey",creator
"creator::Woo, Dan K.","Woo, Dan K.",creator
"creator::Rider, David","Rider, David",creator
"creator::Promislow, Dawn","Promislow, Dawn",creator
"creator::McFadden, Deanna","McFadden, Deanna",creator
"creator::Falaye, Deborah","Falaye, Deborah",creator
"creator::Paas, Dorothea","Paas, Dorothea",creator
"creator::Shannon, Drew","Shannon, Drew",creator
"creator::Russell, Ella","Russell, Ella",creator
"creator::Healey, Emma","Healey, Emma",creator
"creator::Pepler, Erin","Pepler, Erin",creator
"creator::Corinthios, Gisele","Corinthios, Gisele",creator
"creator::Grisenthwaite, G. A","Grisenthwaite, G. A",creator
"creator::Khan, H. N.","Khan, H. N.",creator
"creator::Bhagwani, Hemant","Bhagwani, Hemant",creator
"creator::Skelton, J. Wallace","Skelton, J. Wallace",creator
"creator::Torres, J.","Torres, J.",creator
"creator::Singh Sandhu, Jaskaran","Singh Sandhu, Jaskaran",creator
"creator::Li, Jason","Li, Jason",creator
"creator::Ho, Jeff","Ho, Jeff",creator
"creator::Yuen, Jenny","Yuen, Jenny",creator
"creator::Himelfarb, Jordan","Himelfarb, Jordan",creator
"creator::Rosen, Josh","Rosen, Josh",creator
"creator::Grant, Joyce","Grant, Joyce",creator
"creator::Lin, Judy I.","Lin, Judy I.",creator
"creator::Liu, Karon","Liu, Karon",creator
"creator::Chomyshyn, Kate","Chomyshyn, Kate",creator
"creator::Freiman, Kate","Freiman, Kate",creator
"creator::Bruce, Katherine","Bruce, Katherine",creator
"creator::Friedman, Kathy","Friedman, Kathy",creator
"creator::Lu, Kathy","Lu, Kathy",creator
"creator::Welch, Katie","Welch, Katie",creator
"creator::Zdybel, Katie","Zdybel, Katie",creator
"creator::Fu, Kim","Fu, Kim",creator
"creator::Rushowy, Kristin","Rushowy, Kristin",creator
"creator::Ahmad, Layla","Ahmad, Layla",creator
"creator::Carranza, Leonarda","Carranza, Leonarda",creator
"creator::Iqbal, Maria","Iqbal, Maria",creator
"creator::Bátiz, Martha","Bátiz, Martha",creator
"creator::Cohn, Martin Regg","Cohn, Martin Regg",creator
"creator::Barlow, Maude","Barlow, Maude",creator
"creator::Kearney, Megan","Kearney, Megan",creator
"creator::Ogilvie, Megan","Ogilvie, Megan",creator
"creator::Cook, Méira","Cook, Méira",creator
"creator::Yousif, Nadine","Yousif, Nadine",creator
"creator::Page, Nathan","Page, Nathan",creator
"creator::Alang, Navneet","Alang, Navneet",creator
"creator::Brewer, Nic","Brewer, Nic",creator
"creator::Markotić, Nicole","Markotić, Nicole",creator
"creator::Malli, Nisa","Malli, Nisa",creator
"creator::Javed, Noor","Javed, Noor",creator
"creator::Korgemagi, Pamela","Korgemagi, Pamela",creator
"creator::Roy, Paromita","Roy, Paromita",creator
"creator::Storms, Patricia","Storms, Patricia",creator
"creator::Mudhar, Raju","Mudhar, Raju",creator
"creator::Patel, Reema","Patel, Reema",creator
"creator::Winger, Rob","Winger, Rob",creator
"creator::Benzie, Richard","Benzie, Richard",creator
"creator::McGill, Robert","McGill, Robert",creator
"creator::Maynard, Robyn","Maynard, Robyn",creator
"creator::Pemberton, Rollie","Pemberton, Rollie",creator
"creator::Bergman, S. Bear","Bergman, S. Bear",creator
"creator::Eitizaz, Saba","Eitizaz, Saba",creator
"creator::Hussain, Salma","Hussain, Salma",creator
"creator::Hiyate, Sam","Hiyate, Sam",creator
"creator::Wong, Sandra SG","Wong, Sandra SG",creator
"creator::Kim, Sang","Kim, Sang",creator
"creator::Jama, Sarah","Jama, Sarah",creator
"creator::Tsiang, Sarah","Tsiang, Sarah",creator
"creator::Nuana, Sarena","Nuana, Sarena",creator
"creator::Nuana, Sasha","Nuana, Sasha",creator
"creator::Jennings, Sharon","Jennings, Sharon",creator
"creator::King, Sharon","King, Sharon",creator
"creator::Murray, Sheila","Murray, Sheila",creator
"creator::Anipare, Sifton Tracey","Anipare, Sifton Tracey",creator
"creator::Singh, Sonya","Singh, Sonya",creator
"creator::Hegele, Sydney","Hegele, Sydney",creator
"creator::Toten, Teresa","Toten, Teresa",creator
"creator::Kalinowsk, Tess","Kalinowsk, Tess",creator
"creator::Nawaz, Zarqa","Nawaz, Zarqa",creator
"creator::Aziz, Zohal","Aziz, Zohal",creator
"creator::Freedman-Lawson, Saul","Freedman-Lawson, Saul",creator
creator::Some-Sum,Some-Sum,creator
"creator::Tzadeka (van der Giessen, Maigan)","Tzadeka (van der Giessen, Maigan)",creator
"creator::Calderón, Gabe","Calderón, Gabe",creator
creator::Tab CA,Tab CA,creator
creator::Dwennimmen,Dwennimmen,creator
creator::Ellen,Ellen,creator
"creator::De Dios, Daniel","De Dios, Daniel",creator
"creator::Guzman, Victoria","Guzman, Victoria",creator
"creator::Smith, Morgan","Smith, Morgan",creator
"creator::Ramadan, Omar","Ramadan, Omar",creator
creator::Saint,Saint,creator
"creator::Campos-Silvius, Sarah","Campos-Silvius, Sarah",creator
creator::Some Sum,Some Sum,creator
"creator::Shirt, Donovan","Shirt, Donovan",creator
"creator::Dwennimmen (Robinson, Shima A.)","Dwennimmen (Robinson, Shima A.)",creator
"creator::Some Sum (Summers, Ryan)","Some Sum (Summers, Ryan)",creator
"creator::Love, Joy","Love, Joy",creator
"creator::Leblanc, Holly","Leblanc, Holly",creator
"creator::Topia, Zoii","Topia, Zoii",creator
"creator::Goulding, Selena","Goulding, Selena",creator
"creator::Spector, Shira","Spector, Shira",creator
"creator::Stirling, Shane","Stirling, Shane",creator
"creator::Wolman, Lauren","Wolman, Lauren",creator
"creator::Kaur Sidhu, Robyn","Kaur Sidhu, Robyn",creator
"creator::Bryan, Jay","Bryan, Jay",creator
"creator::Maitland, Kristine","Maitland, Kristine",creator
"creator::Chakravarthy, Ankur","Chakravarthy, Ankur",creator
"creator::Nore, Gordon","Nore, Gordon",creator
"creator::Marcon, E.C.","Marcon, E.C.",creator
"creator::Ziemelis, Mārta","Ziemelis, Mārta",creator
"creator::Moran, James K.","Moran, James K.",creator
creator::Tom,Tom,creator
creator::Ananda,Ananda,creator
"creator::Temitayo M., Apanaki","Temitayo M., Apanaki",creator
"creator::Nadarajan, Anjalee","Nadarajan, Anjalee",creator
"creator::Flores, Yvette","Flores, Yvette",creator
"creator::Millar, Alexander","Millar, Alexander",creator
"creator::Gudiño, Sofí","Gudiño, Sofí",creator
"creator::Silva, Patricia","Silva, Patricia",creator
"creator::Müller St. Thomas, Amber Helene","Müller St. Thomas, Amber Helene",creator
"creator::Peterson, Cleopatria","Peterson, Cleopatria",creator
"creator::Castrillon, Jaene F.","Castrillon, Jaene F.",creator
"creator::Sitoski, Richard-Yves","Sitoski, Richard-Yves",creator
"creator::Jones, Catherine","Jones, Catherine",creator
"creator::Brown, Jen","Brown, Jen",creator
"creator::Hirst, Elizabeth","Hirst, Elizabeth",creator
"creator::Pisciotto, Alyssa","Pisciotto, Alyssa",creator
"creator::Boom Boom, Bianca","Boom Boom, Bianca",creator
creator::Deep Blue Honey,Deep Blue Honey,creator
creator::El Toro,El Toro,creator
"creator::Klein, Keiran","Klein, Keiran",creator
"creator::Klein, Eli","Klein, Eli",creator
"creator::McGregor, Hanlon","McGregor, Hanlon",creator
creator::I FURIOSI,I FURIOSI,creator
"creator::Persaud, Jasmine Noseworthy","Persaud, Jasmine Noseworthy",creator
"creator::De La Mar, Juan","De La Mar, Juan",creator
"creator::Byenkya, Mugabi","Byenkya, Mugabi",creator
"creator::Yukiko, Robin","Yukiko, Robin",creator
"creator::Alland, Sandra","Alland, Sandra",creator
"creator::shn, shn","shn, shn",creator
"creator::azarus, Syd","azarus, Syd",creator
"creator::Hampson, Sharon","Hampson, Sharon",creator
"creator::Hampson, Randi","Hampson, Randi",creator
"creator::Janzen, Cora","Janzen, Cora",creator
"creator::Roy, Wendy","Roy, Wendy",creator
"creator::Starblanket, Gina","Starblanket, Gina",creator
"creator::Tootoosis, Jade","Tootoosis, Jade",creator
"creator::Hubbard, Tasha","Hubbard, Tasha",creator
"creator::Youssef, Marcus","Youssef, Marcus",creator
"creator::Ayache, Makram","Ayache, Makram",creator
"creator::Salmon, Holly Flauto","Salmon, Holly Flauto",creator
"creator::Bige, Tawahum Justin Peter","Bige, Tawahum Justin Peter",creator
"creator::Gowans, Helen","Gowans, Helen",creator
"creator::Beckman,  Thomas","Beckman,  Thomas",creator
"creator::Manning, Julie Tamiko","Manning, Julie Tamiko",creator
"creator::Saimoto, Laura","Saimoto, Laura",creator
"creator::Lowe, Terence","Lowe, Terence",creator
"creator::Sur, Sanchari","Sur, Sanchari",creator
"creator::Tabanera, Maribeth","Tabanera, Maribeth",creator
"creator::Lo, Chase","Lo, Chase",creator
"creator::Dao, William","Dao, William",creator
"creator::Lewis, Catherine","Lewis, Catherine",creator
"creator::Jagoo, Krystal","Jagoo, Krystal",creator
"creator::Karkhanis, Niliema","Karkhanis, Niliema",creator
"creator::Nyoka, Gail","Nyoka, Gail",creator
"creator::Pierre, Gertrude","Pierre, Gertrude",creator
"creator::Malik, Tariq","Malik, Tariq",creator
"creator::Ray, Melanie","Ray, Melanie",creator
"creator::Albert, Liv","Albert, Liv",creator
"creator::Leon, Donna","Leon, Donna",creator
"creator::Rose, Rachel","Rose, Rachel",creator
"creator::Patchett, Ann","Patchett, Ann",creator
"creator::Lane, Patrick","Lane, Patrick",creator
"creator::Schellenberg, Angeline Janel","Schellenberg, Angeline Janel",creator
"creator::Severson-Baker, Juleta","Severson-Baker, Juleta",creator
"creator::Byggdin, K. R.","Byggdin, K. R.",creator
"creator::Marshall, Vanessa","Marshall, Vanessa",creator
"creator::Nekrasosky, Vera","Nekrasosky, Vera",creator
"creator::Sardar, Haya","Sardar, Haya",creator
"creator::Lalli, Sonya","Lalli, Sonya",creator
"creator::Campbell, Maria","Campbell, Maria",creator
"creator::Marken, Ron","Marken, Ron",creator
"creator::Welldon, Christine","Welldon, Christine",creator
"creator::Ruus, Syr","Ruus, Syr",creator
"creator::Langille, Carole","Langille, Carole",creator
"creator::Best, Laura","Best, Laura",creator
"creator::Stansfield, R. E.","Stansfield, R. E.",creator
"creator::Hemming, Deborah","Hemming, Deborah",creator
"creator::deVries, Cornelis","deVries, Cornelis",creator
"creator::Leblanc, Tyler","Leblanc, Tyler",creator
"creator::Doucet, Jane","Doucet, Jane",creator
"creator::Morrissey, Donna","Morrissey, Donna",creator
"creator::Purcell, Veronica","Purcell, Veronica",creator
"creator::Heide, Chris","Heide, Chris",creator
"creator::Wiseman, David","Wiseman, David",creator
"creator::Moreira, Carol","Moreira, Carol",creator
"creator::Hull, Jan Fancy","Hull, Jan Fancy",creator
"creator::Porter, C.S.","Porter, C.S.",creator
"creator::Tocker, Robyn","Tocker, Robyn",creator
"creator::Begamudré, Ven","Begamudré, Ven",creator
"creator::Ulrich, Maureen","Ulrich, Maureen",creator
"creator::Powell, Marie","Powell, Marie",creator
"creator::Tushabe, Iryn","Tushabe, Iryn",creator
"creator::Herriot, Trevor","Herriot, Trevor",creator
"creator::Arbuthnott, Shane","Arbuthnott, Shane",creator
"creator::Fox, Bevann","Fox, Bevann",creator
"creator::GoldenEagle, Carol","GoldenEagle, Carol",creator
"creator::Silverthorne, Judith","Silverthorne, Judith",creator
"creator::Miller-Schroeder, Patricia","Miller-Schroeder, Patricia",creator
"creator::Driver, Deana","Driver, Deana",creator
"creator::Roberta, Jean","Roberta, Jean",creator
"creator::Driscoll, Cara Gay","Driscoll, Cara Gay",creator
"creator::Bower, Annette","Bower, Annette",creator
"creator::Logan, Zachari","Logan, Zachari",creator
"creator::Hobsbawn-Smith, Dee","Hobsbawn-Smith, Dee",creator
"creator::Semko, Jay","Semko, Jay",creator
"creator::Clausson, Nils","Clausson, Nils",creator
"creator::Richard, Bernice","Richard, Bernice",creator
"creator::Allard-Will, Mark","Allard-Will, Mark",creator
"creator::Kuwabong, Dannabang","Kuwabong, Dannabang",creator
"creator::Alimchandani, Meenakshi","Alimchandani, Meenakshi",creator
"creator::Hamdani, Sumaiya Abbas","Hamdani, Sumaiya Abbas",creator
"creator::Roach, Leslie","Roach, Leslie",creator
"creator::Menon, Uma","Menon, Uma",creator
"creator::Yékú, James","Yékú, James",creator
creator::Devakanthan,Devakanthan,creator
"creator::Rodrigo, Nedra","Rodrigo, Nedra",creator
"creator::Viswanathan, Padma","Viswanathan, Padma",creator
"creator::Chandrakanthan, A. J. V.","Chandrakanthan, A. J. V.",creator
"creator::Elkouri, Rima","Elkouri, Rima",creator
"creator::Vernon, Thom","Vernon, Thom",creator
"creator::Bellehumeur-Allatt, Tanya","Bellehumeur-Allatt, Tanya",creator
"creator::Walker, Katherine","Walker, Katherine",creator
"creator::Seys, Wendy","Seys, Wendy",creator
"creator::Hoblyn, Lucy","Hoblyn, Lucy",creator
"creator::Laflèche, Isabelle","Laflèche, Isabelle",creator
"creator::Lim, Natalie","Lim, Natalie",creator
"creator::Mak, Kathy","Mak, Kathy",creator
"creator::Breit, Nicole","Breit, Nicole",creator
"creator::Earl, Amanda Charlotte","Earl, Amanda Charlotte",creator
"creator::Chai, Joylyn","Chai, Joylyn",creator
"creator::Sharp, Cynthia","Sharp, Cynthia",creator
"creator::Thibault, Simon","Thibault, Simon",creator
"creator::Ramsey, Sherry D.","Ramsey, Sherry D.",creator
"creator::Showler, Suzannah","Showler, Suzannah",creator
"creator::Bombardier, Cooper Lee","Bombardier, Cooper Lee",creator
"creator::Francis, Mayann","Francis, Mayann",creator
"creator::Quon, Anna","Quon, Anna",creator
"creator::Osadebamwen, Jack","Osadebamwen, Jack",creator
"creator::Leclerc, Claudya","Leclerc, Claudya",creator
"creator::Milosavljevic, Raquel","Milosavljevic, Raquel",creator
"creator::Blume, Carlie","Blume, Carlie",creator
"creator::French, Andrew","French, Andrew",creator
"creator::Van Dyk, Leah","Van Dyk, Leah",creator
"creator::Le, Winston","Le, Winston",creator
"creator::Kundan, Mahtab","Kundan, Mahtab",creator
"creator::Gifford, James","Gifford, James",creator
"creator::Mitchell, Shandi","Mitchell, Shandi",creator
"creator::Burnet, Jaime","Burnet, Jaime",creator
"creator::Sewell, Raymond","Sewell, Raymond",creator
"creator::Meuse, Theresa","Meuse, Theresa",creator
"creator::Joe, Ann","Joe, Ann",creator
"creator::Peters, Amanda","Peters, Amanda",creator
"creator::Bell, Kanaar","Bell, Kanaar",creator
"creator::Covell, Tim","Covell, Tim",creator
"creator::Lewis, Billy","Lewis, Billy",creator
"creator::Ferrante, Paola","Ferrante, Paola",creator
"creator::Edwards, Michael","Edwards, Michael",creator
"creator::Yang, Lucy","Yang, Lucy",creator
"creator::Davis, Tanya","Davis, Tanya",creator
"creator::Glenn, Lorri Neilsen","Glenn, Lorri Neilsen",creator
"creator::Bruneau, Carole","Bruneau, Carole",creator
"creator::Wesley, Gloria Ann","Wesley, Gloria Ann",creator
"creator::McKay, Ami","McKay, Ami",creator
"creator::Sternberg, Samantha","Sternberg, Samantha",creator
"creator::Wheaton, Margo","Wheaton, Margo",creator
"creator::Wilson, Rita","Wilson, Rita",creator
"creator::Lee, Dierdre","Lee, Dierdre",creator
"creator::Bowden, Angela","Bowden, Angela",creator
"creator::Cousins, Rose","Cousins, Rose",creator
"creator::Lee, Owen","Lee, Owen",creator
"creator::Hoffman, Leanne","Hoffman, Leanne",creator
"creator::Elrick, Michelle","Elrick, Michelle",creator
"creator::Belyea, Michael","Belyea, Michael",creator
"creator::Woods, David","Woods, David",creator
"creator::Kavanagh, Judy","Kavanagh, Judy",creator
"creator::Turpin, Bill","Turpin, Bill",creator
"creator::Davis, Milton","Davis, Milton",creator
"creator::Kirksey, Taaq","Kirksey, Taaq",creator
"creator::Schwier, Karin Melberg","Schwier, Karin Melberg",creator
"creator::Kehler, Allan","Kehler, Allan",creator
"creator::Johnson, Harold R.","Johnson, Harold R.",creator
"creator::Forsyth, Janice","Forsyth, Janice",creator
"creator::Hudson, Sandy","Hudson, Sandy",creator
"creator::Diverlus, Rodney","Diverlus, Rodney",creator
"creator::Dunlop, Bonnie","Dunlop, Bonnie",creator
"creator::Bishop, Mary Harelkin","Bishop, Mary Harelkin",creator
"creator::Boschman, Robert","Boschman, Robert",creator
"creator::Tegenkamp, Diana Hope","Tegenkamp, Diana Hope",creator
"creator::Diallo, Habiba Cooper","Diallo, Habiba Cooper",creator
"creator::Karpan, Arlene","Karpan, Arlene",creator
"creator::Karpan, Robin","Karpan, Robin",creator
"creator::Mouré, Erín","Mouré, Erín",creator
"creator::Hamel, Madonna","Hamel, Madonna",creator
"creator::Remlinger, Paula Jane","Remlinger, Paula Jane",creator
"creator::Braidek, Carla","Braidek, Carla",creator
"creator::Mourre, Helen","Mourre, Helen",creator
"creator::Worrell, P. J.","Worrell, P. J.",creator
"creator::Kydd, Allison","Kydd, Allison",creator
"creator::Farmer, Sonia","Farmer, Sonia",creator
"creator::Lavers, Michael","Lavers, Michael",creator
"creator::Porter, Pamela","Porter, Pamela",creator
"creator::Power, Melanie","Power, Melanie",creator
"creator::Walker, Hilary","Walker, Hilary",creator
"creator::Lu, Emily","Lu, Emily",creator
"creator::Sandals, Leah","Sandals, Leah",creator
"creator::Webstad, Phyllis","Webstad, Phyllis",creator
"creator::Joseph, Bob","Joseph, Bob",creator
"creator::Seesequasis, Paul","Seesequasis, Paul",creator
"creator::Davis, Heather","Davis, Heather",creator
"creator::Eastley, Gillian","Eastley, Gillian",creator
"creator::Garber, Rachel","Garber, Rachel",creator
"creator::McIntyre, Tanya","McIntyre, Tanya",creator
"creator::Paulette-Coughlin, Elizabeth","Paulette-Coughlin, Elizabeth",creator
"creator::Sise, Phyllis","Sise, Phyllis",creator
"creator::McFetridge, John","McFetridge, John",creator
"creator::Goodman, Joanna","Goodman, Joanna",creator
"creator::Miller, K.D.","Miller, K.D.",creator
"creator::McDonald, Bob,","McDonald, Bob,",creator
"creator::Joannides, Amos","Joannides, Amos",creator
"creator::Leuck, Angela","Leuck, Angela",creator
"creator::Martignacco, Carole","Martignacco, Carole",creator
"creator::Crossfield, Maurice","Crossfield, Maurice",creator
"creator::Redmile, Meghan","Redmile, Meghan",creator
"creator::Turner, Peter","Turner, Peter",creator
"creator::McNeney, Arley","McNeney, Arley",creator
"creator::Ngidi, Sandile","Ngidi, Sandile",creator
"creator::Shield, Alix","Shield, Alix",creator
"creator::Saunders, Susan L.","Saunders, Susan L.",creator
"creator::Webb, Chantelle","Webb, Chantelle",creator
"creator::Alook, Angele","Alook, Angele",creator
"creator::Fuechtmann, Danielle","Fuechtmann, Danielle",creator
"creator::McGowan, Gil","McGowan, Gil",creator
"creator::Wheatley, Gerald","Wheatley, Gerald",creator
"creator::MacDonald, Janice","MacDonald, Janice",creator
"creator::Horowitz, Anthony","Horowitz, Anthony",creator
"creator::Everett, Sarah","Everett, Sarah",creator
"creator::Yakeleya, Raymond","Yakeleya, Raymond",creator
"creator::Stewart, Sarah","Stewart, Sarah",creator
"creator::Goose, Leanne","Goose, Leanne",creator
"creator::Mountain, Antoine","Mountain, Antoine",creator
"creator::Poitras, Colette","Poitras, Colette",creator
"creator::Olaosebikan, Morenike","Olaosebikan, Morenike",creator
"creator::Fraser, Brad","Fraser, Brad",creator
"creator::MacIntyre, Linden","MacIntyre, Linden",creator
"creator::Jespersen, Ryan","Jespersen, Ryan",creator
"creator::Bird-Wilson, Lisa","Bird-Wilson, Lisa",creator
"creator::McKillop, Kyle","McKillop, Kyle",creator
"creator::Andrew, Suzanne Alyssa","Andrew, Suzanne Alyssa",creator
"creator::hiroko, erica","hiroko, erica",creator
"creator::Poirier, Daniel","Poirier, Daniel",creator
"creator::Jakobsen Lepri, Hege Anita","Jakobsen Lepri, Hege Anita",creator
"creator::Smart, Neko","Smart, Neko",creator
"creator::Das, Nabina","Das, Nabina",creator
"creator::Swami, Sridala","Swami, Sridala",creator
"creator::Karnoor, Maithreyi","Karnoor, Maithreyi",creator
"creator::Christle, Heather","Christle, Heather",creator
"creator::Trussler, Mark","Trussler, Mark",creator
"creator::Goodison, Lorna","Goodison, Lorna",creator
"creator::Ojaide, Tanure","Ojaide, Tanure",creator
"creator::Afolabi, Taiwo Okunola","Afolabi, Taiwo Okunola",creator
"creator::El Mugammar, Laila","El Mugammar, Laila",creator
"creator::Bissett Perea, Jessica","Bissett Perea, Jessica",creator
"creator::Mohamed, Tameera","Mohamed, Tameera",creator
"creator::Jenkins, Carrie S.","Jenkins, Carrie S.",creator
"creator::Boden, Andrew","Boden, Andrew",creator
"creator::Martinello, Domenica","Martinello, Domenica",creator
"creator::Omar, Asel","Omar, Asel",creator
"creator::Tad-y, Steffi","Tad-y, Steffi",creator
"creator::Morrill, Natalie","Morrill, Natalie",creator
"creator::Anslow, Alannah","Anslow, Alannah",creator
"creator::Woo, Elaine","Woo, Elaine",creator
"creator::Jaeggle, M. W.","Jaeggle, M. W.",creator
"creator::Owen, Williams","Owen, Williams",creator
"creator::Crymble, Phillip","Crymble, Phillip",creator
"creator::Loveday, Jolene","Loveday, Jolene",creator
"creator::Johnson, Kim June","Johnson, Kim June",creator
"creator::Chantsev, Aleksandr","Chantsev, Aleksandr",creator
"creator::Crawford, Lucas","Crawford, Lucas",creator
"creator::Burton, Wilfred","Burton, Wilfred",creator
"creator::Dogniez, Cort","Dogniez, Cort",creator
"creator::Dufour Bowes, Arnolda","Dufour Bowes, Arnolda",creator
"creator::Foon, Dennis","Foon, Dennis",creator
"creator::Gray Smith, Monique","Gray Smith, Monique",creator
"creator::Linklater, Teedly","Linklater, Teedly",creator
"creator::McKay, Marlene","McKay, Marlene",creator
"creator::Morin, Randy","Morin, Randy",creator
"creator::Scofield, Gregory","Scofield, Gregory",creator
"creator::Weenie, Kendra","Weenie, Kendra",creator
"creator::Lemay, Shawna","Lemay, Shawna",creator
"creator::Parrish, Rhonda","Parrish, Rhonda",creator
"creator::Ridgely, Darren","Ridgely, Darren",creator
"creator::Petrash, Adam","Petrash, Adam",creator
"creator::Langhurst, Barbara","Langhurst, Barbara",creator
"creator::Major, Carol","Major, Carol",creator
"creator::Gonzalez, Xochitl","Gonzalez, Xochitl",creator
"creator::Babiak, Todd","Babiak, Todd",creator
"creator::Paul, Julie","Paul, Julie",creator
"creator::Sebastian, Troy","Sebastian, Troy",creator
"creator::Joseph, Eve","Joseph, Eve",creator
"creator::Boan, Selena","Boan, Selena",creator
"creator::Thompson, Linda K.","Thompson, Linda K.",creator
"creator::Dumont, Dawn","Dumont, Dawn",creator
"creator::Dixon, Glenn,","Dixon, Glenn,",creator
"creator::Akiwenzie-Damm, Kateri","Akiwenzie-Damm, Kateri",creator
"creator::Calder, Kathryn","Calder, Kathryn",creator
"creator::Desai, Sara","Desai, Sara",creator
"creator::Geller, Danielle","Geller, Danielle",creator
"creator::Goranson, Tamara","Goranson, Tamara",creator
"creator::Carla, Funk","Carla, Funk",creator
"creator::Farrant, M. A. C.","Farrant, M. A. C.",creator
"creator::Bird, Brandi","Bird, Brandi",creator
"creator::Wake, Hal","Wake, Hal",creator
"creator::Bourque, Sharon","Bourque, Sharon",creator
"creator::McCartney, JoAnn","McCartney, JoAnn",creator
"creator::Wesaquate, Kevin","Wesaquate, Kevin",creator
"creator::Wolf, Gabriel","Wolf, Gabriel",creator
"creator::Crier, Nautia","Crier, Nautia",creator
"creator::Reign, Tai","Reign, Tai",creator
"creator::Skye, Liberty","Skye, Liberty",creator
"creator::Dozlaw, Devon","Dozlaw, Devon",creator
creator::Axis,Axis,creator
"creator::Tootoosis, Tala","Tootoosis, Tala",creator
creator::loudvoice,loudvoice,creator
creator::Poetik,Poetik,creator
"creator::Ahenakew, Austin","Ahenakew, Austin",creator
"creator::Dill, Khodi","Dill, Khodi",creator
"creator::Kelly, Joanne M.","Kelly, Joanne M.",creator
"creator::Béchard, Deni","Béchard, Deni",creator
"creator::Bienvenu, Sophie","Bienvenu, Sophie",creator
"creator::Boisjoli, Jean","Boisjoli, Jean",creator
"creator::Dandeneau, Louise","Dandeneau, Louise",creator
"creator::Larue, Stéphane","Larue, Stéphane",creator
"creator::Léveillé, JR","Léveillé, JR",creator
"creator::Georges, Karoline","Georges, Karoline",creator
"creator::Mbonimpa, Melchior","Mbonimpa, Melchior",creator
"creator::McCreesh, Alison","McCreesh, Alison",creator
"creator::Michaud, Andrée A.","Michaud, Andrée A.",creator
"creator::Saint-Cerny, Anne-Marie","Saint-Cerny, Anne-Marie",creator
"creator::O'Reilly, Amber","O'Reilly, Amber",creator
"creator::McCaffrey, Taylor","McCaffrey, Taylor",creator
"creator::Cadieux, Keith","Cadieux, Keith",creator
"creator::Rubin, Tamar","Rubin, Tamar",creator
"creator::Tenumah, Alero","Tenumah, Alero",creator
"creator::Wong, Alison","Wong, Alison",creator
"creator::Creed, Carolyn Joy","Creed, Carolyn Joy",creator
"creator::Anqele, Delshan","Anqele, Delshan",creator
"creator::Jenkins, Harvey","Jenkins, Harvey",creator
"creator::Scoles, James","Scoles, James",creator
"creator::Libby, Jeffrey","Libby, Jeffrey",creator
"creator::Brannagan Frederiksen, Melanie","Brannagan Frederiksen, Melanie",creator
"creator::Cain, Noah","Cain, Noah",creator
"creator::Shebahkeget, Özten","Shebahkeget, Özten",creator
creator::Seream,Seream,creator
"creator::Rodrigues, Tazi","Rodrigues, Tazi",creator
"creator::Antony, Jessica","Antony, Jessica",creator
"creator::Streit, David","Streit, David",creator
"creator::Brandt, Di","Brandt, Di",creator
"creator::Ruprai, Sharanpal Kaur","Ruprai, Sharanpal Kaur",creator
"creator::Mercredi, Duncan","Mercredi, Duncan",creator
"creator::Bylthe, Ali","Bylthe, Ali",creator
"creator::Benjamin, Chris","Benjamin, Chris",creator
"creator::Morgan-Cole, Trudy","Morgan-Cole, Trudy",creator
"creator::Landry, Janice","Landry, Janice",creator
"creator::DeLory, Alison","DeLory, Alison",creator
"creator::Cameron, Ian Arthur","Cameron, Ian Arthur",creator
"creator::Stanton, Marlene","Stanton, Marlene",creator
"creator::Ramprashad, Shereen","Ramprashad, Shereen",creator
"creator::Léveillé, J. R.","Léveillé, J. R.",creator
"creator::Cayer, Lori","Cayer, Lori",creator
"creator::Redsun, Victoria","Redsun, Victoria",creator
"creator::Wittman, Kristen","Wittman, Kristen",creator
"creator::Cooley, Dennis","Cooley, Dennis",creator
"creator::Opaleke, Bola","Opaleke, Bola",creator
"creator::Day, Julian","Day, Julian",creator
"creator::Bechtel, Greg","Bechtel, Greg",creator
"creator::Sheldon, Melaina","Sheldon, Melaina",creator
"creator::Shorty, Sharon","Shorty, Sharon",creator
"creator::Kinew, Wab","Kinew, Wab",creator
"creator::Gastant' Aucoin, Duane","Gastant' Aucoin, Duane",creator
"creator::Gates, Michael","Gates, Michael",creator
"creator::Jensen, Marilyn","Jensen, Marilyn",creator
"creator::Dumont Walker, Dawn","Dumont Walker, Dawn",creator
"creator::Harris, Kate","Harris, Kate",creator
"creator::Van Lieshout, Diyet","Van Lieshout, Diyet",creator
"creator::van Schaik, Kasia","van Schaik, Kasia",creator
"creator::Blum, Hadas","Blum, Hadas",creator
"creator::Mokha, Avleen K","Mokha, Avleen K",creator
"creator::Dolven, Jeff","Dolven, Jeff",creator
"creator::Mailhot, Terese Marie","Mailhot, Terese Marie",creator
"creator::Bradasch, Robin","Bradasch, Robin",creator
"creator::McLeod, Georgette","McLeod, Georgette",creator
"creator::LeBlanc, Curtis","LeBlanc, Curtis",creator
"creator::Lee, Nancy","Lee, Nancy",creator
"creator::Garfinkle, Samara","Garfinkle, Samara",creator
"creator::Kirsh, Erin","Kirsh, Erin",creator
"creator::Evans, Christopher","Evans, Christopher",creator
"creator::Salazar Leon, Rebecca","Salazar Leon, Rebecca",creator
"creator::Parizeau, Df","Parizeau, Df",creator
"creator::Collis, Stephen","Collis, Stephen",creator
"creator::Berman, Sarah","Berman, Sarah",creator
"creator::Davidson, Sara Florence","Davidson, Sara Florence",creator
"creator::O’ Reilly, Patrick","O’ Reilly, Patrick",creator
"creator::Smith, Sonya","Smith, Sonya",creator
"creator::Ho, K.","Ho, K.",creator
"creator::Tate, Bronwen","Tate, Bronwen",creator
"creator::Waitt, Meghan","Waitt, Meghan",creator
"creator::Draper, Jan","Draper, Jan",creator
"creator::Domingue, Etienne","Domingue, Etienne",creator
"creator::Fortier, Anne","Fortier, Anne",creator
"creator::Purcell, Jason","Purcell, Jason",creator
"creator::Baht, Shashi","Baht, Shashi",creator
"creator::Fox, Lori","Fox, Lori",creator
"creator::Ferguson, Jenny","Ferguson, Jenny",creator
"creator::Isomura, Erica H.","Isomura, Erica H.",creator
"creator::Jones, Megan Fennya","Jones, Megan Fennya",creator
"creator::Stratis, Niko","Stratis, Niko",creator
"creator::McGregor, Hannah","McGregor, Hannah",creator
"creator::Zomparelli, Daniel","Zomparelli, Daniel",creator
"creator::Stepanic, Matthew","Stepanic, Matthew",creator
"creator::Pooles, Anton","Pooles, Anton",creator
"creator::Fonda, Nick","Fonda, Nick",creator
"creator::Croll, Su","Croll, Su",creator
"creator::Sobel, Dava","Sobel, Dava",creator
"creator::Welton, Rebecca","Welton, Rebecca",creator
"creator::Doherty, Sheryl","Doherty, Sheryl",creator
"creator::Wood Barrett, Rebecca","Wood Barrett, Rebecca",creator
"creator::White, Karen Lee","White, Karen Lee",creator
"creator::Denny, Kilmeny","Denny, Kilmeny",creator
"creator::Duncan, Lynn","Duncan, Lynn",creator
"creator::Watt, K. Jane","Watt, K. Jane",creator
"creator::Croll, Jennifer","Croll, Jennifer",creator
"creator::Knoch, Jen","Knoch, Jen",creator
"creator::Stoller, Justin","Stoller, Justin",creator
"creator::Sutherland, Suzanne","Sutherland, Suzanne",creator
"creator::Trafford, Tanya","Trafford, Tanya",creator
"creator::Vogler, Stephen","Vogler, Stephen",creator
"creator::McDaid, Amy","McDaid, Amy",creator
"creator::Robertson, David","Robertson, David",creator
"creator::Rohda, Lori","Rohda, Lori",creator
"creator::Das, Geeta","Das, Geeta",creator
"creator::Das, Rajan","Das, Rajan",creator
"creator::Feser, Dean","Feser, Dean",creator
"creator::Steel, Rosalind","Steel, Rosalind",creator
"creator::Bentley, Nicola","Bentley, Nicola",creator
"creator::Keevil, Rosemary","Keevil, Rosemary",creator
"creator::Anthony, Leslie","Anthony, Leslie",creator
"creator::Sorge, Bernice Angeline","Sorge, Bernice Angeline",creator
"creator::Macdonald, Mary","Macdonald, Mary",creator
"creator::Keplinger, David","Keplinger, David",creator
"creator::Gernes, Ulrikka S.","Gernes, Ulrikka S.",creator
"creator::Nielsen, Carsten René","Nielsen, Carsten René",creator
"creator::Cowie, Amber","Cowie, Amber",creator
"creator::Wrobel, Stephanie","Wrobel, Stephanie",creator
"creator::Brandon, Chris","Brandon, Chris",creator
"creator::Lambie, Gordon","Lambie, Gordon",creator
"creator::Lebaron, John","Lebaron, John",creator
"creator::Lawrence, Grant","Lawrence, Grant",creator
"creator::Gabereau, Vicki","Gabereau, Vicki",creator
"creator::Leach, Sara","Leach, Sara",creator
"creator::Al Kontar, Hassan","Al Kontar, Hassan",creator
"creator::Smith, Nicole L.","Smith, Nicole L.",creator
"creator::Kribs, Elizabeth","Kribs, Elizabeth",creator
"creator::O’Keeffe, Anna Comfort","O’Keeffe, Anna Comfort",creator
"creator::Prose, Nita","Prose, Nita",creator
"creator::Renouf, Susan","Renouf, Susan",creator
"creator::Wilensky, Shirarose","Wilensky, Shirarose",creator
"creator::Zawerbny, Janice","Zawerbny, Janice",creator
"creator::Talaga, Tanya","Talaga, Tanya",creator
"creator::Loucas, Christina","Loucas, Christina",creator
"creator::Gardner, Meredith","Gardner, Meredith",creator
"creator::Johnson, Sadeqa","Johnson, Sadeqa",creator
"creator::Morton, Alexandra","Morton, Alexandra",creator
"creator::Anderson-Dargatz, Gail","Anderson-Dargatz, Gail",creator
"creator::Deverell, Bill","Deverell, Bill",creator
"creator::Fielding, Joy","Fielding, Joy",creator
"creator::Owens, Jo","Owens, Jo",creator
"creator::Young, Terence,","Young, Terence,",creator
"creator::Knight, Chelene","Knight, Chelene",creator
"creator::Mulloy, Pamela","Mulloy, Pamela",creator
"creator::Smith, Russell","Smith, Russell",creator
"creator::Swan, Susan","Swan, Susan",creator
"creator::Buyers, Jane","Buyers, Jane",creator
"creator::Bryant, Susan","Bryant, Susan",creator
"creator::Lee, Y. S.","Lee, Y. S.",creator
"creator::Jones, Robert, Jr.","Jones, Robert, Jr.",creator
"creator::Vassanji, M.G.","Vassanji, M.G.",creator
"creator::Zhao, Xiran Jay","Zhao, Xiran Jay",creator
"creator::Gundar-Goshen, Ayelet","Gundar-Goshen, Ayelet",creator
"creator::Blume, Judy","Blume, Judy",creator
"creator::Bilchik, Nadia","Bilchik, Nadia",creator
"creator::Chopra, Deepak","Chopra, Deepak",creator
"creator::Ottolenghi, Yotam","Ottolenghi, Yotam",creator
"creator::Foer, Jonathan Safran","Foer, Jonathan Safran",creator
"creator::Gold, Judy,","Gold, Judy,",creator
"creator::Goldberg, Myla","Goldberg, Myla",creator
"creator::Masad, Ilana","Masad, Ilana",creator
"creator::Wosk, Yosef","Wosk, Yosef",creator
"creator::Harding-Russell, Gillian","Harding-Russell, Gillian",creator
"creator::Canton, Licia","Canton, Licia",creator
"creator::Healey, Haley","Healey, Haley",creator
"creator::Shoroplova, Nina","Shoroplova, Nina",creator
"creator::Cusmano, Dominic","Cusmano, Dominic",creator
creator::Bill Stephen,Bill Stephen,creator
"creator::Hume, Margaret Anne","Hume, Margaret Anne",creator
"creator::Hicks, Caitlin","Hicks, Caitlin",creator
"creator::Skidmore, Pat","Skidmore, Pat",creator
"creator::Carmichael, Jacqueline Larson","Carmichael, Jacqueline Larson",creator
"creator::Neema, Nadine","Neema, Nadine",creator
"creator::Steinwand, Tammy","Steinwand, Tammy",creator
"creator::Davis, Joy","Davis, Joy",creator
"creator::Knox, Jack","Knox, Jack",creator
"creator::Saklikar, Renée Sarojini","Saklikar, Renée Sarojini",creator
"creator::Tobin, Alicia","Tobin, Alicia",creator
"creator::Lamb, Jamie","Lamb, Jamie",creator
"creator::Barnes, Sydney","Barnes, Sydney",creator
"creator::MacKay, Elly","MacKay, Elly",creator
"creator::VanSickle, Vikki","VanSickle, Vikki",creator
"creator::Nielsen, Susin","Nielsen, Susin",creator
"creator::Milman, Isa","Milman, Isa",creator
"creator::Bar-el, Dan","Bar-el, Dan",creator
"creator::Humphrey, Anna","Humphrey, Anna",creator
"creator::Hayter-Menzies, Grant","Hayter-Menzies, Grant",creator
"creator::Spathelfer, Teoni","Spathelfer, Teoni",creator
"creator::Leo, Tchadas","Leo, Tchadas",creator
"creator::Brouwer, Sigmund","Brouwer, Sigmund",creator
"creator::Darlow, Stephen","Darlow, Stephen",creator
"creator::Windsor, Kevin","Windsor, Kevin",creator
"creator::McNarry, John","McNarry, John",creator
"creator::Birrell, Dave","Birrell, Dave",creator
"creator::Ogilvie, Keith C.","Ogilvie, Keith C.",creator
"creator::Bailey, Linda","Bailey, Linda",creator
"creator::Sutherland, Joel A.","Sutherland, Joel A.",creator
"creator::Proverbs, Wendy","Proverbs, Wendy",creator
"creator::Lang, Catherine","Lang, Catherine",creator
"creator::Atkinson, Cale","Atkinson, Cale",creator
"creator::Clanton, Ben","Clanton, Ben",creator
"creator::Soloy, Lauren","Soloy, Lauren",creator
"creator::Elliott, Zetta","Elliott, Zetta",creator
"creator::Arrow, Emily","Arrow, Emily",creator
"creator::Jocelyn, Marthe","Jocelyn, Marthe",creator
"creator::Ripp, Pernille","Ripp, Pernille",creator
"creator::Flett, Julie","Flett, Julie",creator
"creator::Edwards, Bruce","Edwards, Bruce",creator
"creator::Harbridge, Paul","Harbridge, Paul",creator
"creator::Bisaillon, Josée","Bisaillon, Josée",creator
"creator::Butler, Chris","Butler, Chris",creator
"creator::Smith, Lori Joy","Smith, Lori Joy",creator
"creator::Watt, Melanie","Watt, Melanie",creator
"creator::Cammy, Jeremy","Cammy, Jeremy",creator
"creator::Wahl, Phoebe","Wahl, Phoebe",creator
"creator::Stinson, Kathy","Stinson, Kathy",creator
"creator::Austen, Catherine","Austen, Catherine",creator
"creator::Cassidy, Sean","Cassidy, Sean",creator
"creator::Desmarais, Éric","Desmarais, Éric",creator
"creator::Haas, John","Haas, John",creator
"creator::Skaff, Madona","Skaff, Madona",creator
"creator::Taylor-Davidson, Sue","Taylor-Davidson, Sue",creator
"creator::Proulx, Melanie","Proulx, Melanie",creator
"creator::Lanni, Ashley","Lanni, Ashley",creator
"creator::Balasa, Raluca","Balasa, Raluca",creator
"creator::McLean, Matti","McLean, Matti",creator
"creator::Sargent, Lynne","Sargent, Lynne",creator
"creator::Fréchette, Caroline","Fréchette, Caroline",creator
"creator::Balasa, Raluca,","Balasa, Raluca,",creator
"creator::Gordon, Cait","Gordon, Cait",creator
"creator::Verdandi, Una","Verdandi, Una",creator
"creator::Skaff-Koren, Madona","Skaff-Koren, Madona",creator
"creator::Caul, Kaitlin","Caul, Kaitlin",creator
"creator::Wolf, Jamieson","Wolf, Jamieson",creator
"creator::King, Stephen Graham","King, Stephen Graham",creator
"creator::Fréchette, Nathan","Fréchette, Nathan",creator
"creator::Johnson, Talia C.","Johnson, Talia C.",creator
"creator::Mulrooney, Lisa","Mulrooney, Lisa",creator
"creator::Regehr, Daniel","Regehr, Daniel",creator
"creator::Ludwig, Autumn","Ludwig, Autumn",creator
"creator::Ingraham, Sharon","Ingraham, Sharon",creator
"creator::Garrison, Gary","Garrison, Gary",creator
"creator::Myggland-Carter, Leanne","Myggland-Carter, Leanne",creator
"creator::Lamichhane, Sara","Lamichhane, Sara",creator
"creator::Kartz, Ellen","Kartz, Ellen",creator
"creator::Koso, Silvia","Koso, Silvia",creator
"creator::McIlwraith, Naomi L.","McIlwraith, Naomi L.",creator
"creator::Cline, Kayleigh","Cline, Kayleigh",creator
"creator::Lore, Josephine","Lore, Josephine",creator
"creator::Marshall, Anne Gerard","Marshall, Anne Gerard",creator
"creator::Acharya, Pushpa","Acharya, Pushpa",creator
"creator::Thiel, Gloria","Thiel, Gloria",creator
"creator::Gully, Gary","Gully, Gary",creator
"creator::Guilly, Stef","Guilly, Stef",creator
"creator::Subedi, Prakash","Subedi, Prakash",creator
"creator::Ghimire, Anuja","Ghimire, Anuja",creator
"creator::McElwaine, Clint","McElwaine, Clint",creator
"creator::Ingraham, S.E.","Ingraham, S.E.",creator
"creator::Aryal, Khem K.","Aryal, Khem K.",creator
"creator::Hammand, Lois","Hammand, Lois",creator
"creator::Frankson, A. Gregory","Frankson, A. Gregory",creator
"creator::Saikaley, Sonia","Saikaley, Sonia",creator
"creator::Gordon, Bruce","Gordon, Bruce",creator
"creator::Lacey, Randy","Lacey, Randy",creator
"creator::Kingett, Robert","Kingett, Robert",creator
"creator::Saint-Éloi, Rodney","Saint-Éloi, Rodney",creator
"creator::Haughton, Asante","Haughton, Asante",creator
"creator::Rogers, Jamaal Jackson","Rogers, Jamaal Jackson",creator
"creator::Jones, Reed","Jones, Reed",creator
"creator::Gordon,  Bruce D.","Gordon,  Bruce D.",creator
creator::Randy Lacey,Randy Lacey,creator
"creator::McCarthy-Brandt, Mary Louise","McCarthy-Brandt, Mary Louise",creator
"creator::Jackson, Emanuelle","Jackson, Emanuelle",creator
"creator::Malcolm, Chevelle","Malcolm, Chevelle",creator
"creator::Donaldson-Yarmey, Joan","Donaldson-Yarmey, Joan",creator
"creator::Pal, Mariam S.","Pal, Mariam S.",creator
"creator::Guenette,  Betty","Guenette,  Betty",creator
"creator::Butler, Sarah Louise","Butler, Sarah Louise",creator
"creator::Farnsworth, Vanessa","Farnsworth, Vanessa",creator
"creator::Rose, Nancy","Rose, Nancy",creator
"creator::DeBenedet, Dayna","DeBenedet, Dayna",creator
"creator::Stephanie, Roberts","Stephanie, Roberts",creator
"creator::Jamali Rad, Anahita","Jamali Rad, Anahita",creator
"creator::Păpucaru, Rebecca","Păpucaru, Rebecca",creator
"creator::MacDonald, Lisa","MacDonald, Lisa",creator
"creator::Simmonds, Erica","Simmonds, Erica",creator
"creator::Wong, Jared","Wong, Jared",creator
"creator::Michaels, Sean","Michaels, Sean",creator
"creator::Shaheen-Hussain, Samir","Shaheen-Hussain, Samir",creator
"creator::Gabriel, Katsi'tsákwas Ellen","Gabriel, Katsi'tsákwas Ellen",creator
"creator::Cheuk, Sam","Cheuk, Sam",creator
"creator::Langhorst, Barbara","Langhorst, Barbara",creator
creator::KIRBY,KIRBY,creator
"creator::Culp, Miranda","Culp, Miranda",creator
"creator::Comtois, Louise","Comtois, Louise",creator
"creator::Miller, Geordie","Miller, Geordie",creator
"creator::Gilmer, Jeremy Thomas","Gilmer, Jeremy Thomas",creator
"creator::Borel, Michelle","Borel, Michelle",creator
"creator::Ibeh, Chukwuebuka","Ibeh, Chukwuebuka",creator
"creator::Jarman, Mark","Jarman, Mark",creator
"creator::Robinson, Matt","Robinson, Matt",creator
"creator::Rubin, Talya","Rubin, Talya",creator
"creator::Wainwright, Rufus","Wainwright, Rufus",creator
"creator::Fantetti, Eufemia","Fantetti, Eufemia",creator
"creator::Broeckaert, Logan","Broeckaert, Logan",creator
"creator::Hong, Janet","Hong, Janet",creator
"creator::Justino, Camila","Justino, Camila",creator
"creator::Pottle, Adam","Pottle, Adam",creator
"creator::Havs, Niels","Havs, Niels",creator
"creator::Brask, Per","Brask, Per",creator
"creator::konaté, nènè myriam","konaté, nènè myriam",creator
"creator::Touré, Assiyah Jamilla","Touré, Assiyah Jamilla",creator
"creator::Adeleye, Yemisi","Adeleye, Yemisi",creator
"creator::Brown, Ra'anaa","Brown, Ra'anaa",creator
"creator::Martinez, John Paul","Martinez, John Paul",creator
"creator::Omura, Lark","Omura, Lark",creator
"creator::Medina, Sarah Maria","Medina, Sarah Maria",creator
"creator::Rocker, Pam","Rocker, Pam",creator
creator::http://viaf.org/viaf/1022157771967848930003,http://viaf.org/viaf/1022157771967848930003,creator
"creator::Weiser, Angela","Weiser, Angela",creator
"creator::Gerard Marshall, Anne","Gerard Marshall, Anne",creator
"creator::Rixon, Lindy","Rixon, Lindy",creator
"creator::Soon, Michelle","Soon, Michelle",creator
"creator::Alook, Alyssa","Alook, Alyssa",creator
"creator::Lamichhane, Saraswoti","Lamichhane, Saraswoti",creator
"creator::McFaddin, Lorraine","McFaddin, Lorraine",creator
"creator::Requier, Pierrette","Requier, Pierrette",creator
"creator::Yannone, Sandra","Yannone, Sandra",creator
"creator::Schuelke, Thomas","Schuelke, Thomas",creator
"creator::Wastasecoot, Brenda","Wastasecoot, Brenda",creator
"creator::Sacuta, Norm","Sacuta, Norm",creator
"creator::Grienauer, Trudy","Grienauer, Trudy",creator
"creator::Sharma, Yuyutsu","Sharma, Yuyutsu",creator
"creator::Ryan, Kydra","Ryan, Kydra",creator
"creator::Holowitz, Adam Corrigan","Holowitz, Adam Corrigan",creator
"creator::Doyle, Carolyn","Doyle, Carolyn",creator
"creator::Smet, Eddy","Smet, Eddy",creator
"creator::Kocmarek, Ivan","Kocmarek, Ivan",creator
"creator::Chadha, Akshi","Chadha, Akshi",creator
"creator::Dawkins, Matthew","Dawkins, Matthew",creator
"creator::Li, Ashley","Li, Ashley",creator
"creator::Ward-Zbeetnoff, Courtney","Ward-Zbeetnoff, Courtney",creator
"creator::Froese, Nadia","Froese, Nadia",creator
"creator::sinclair, patti","sinclair, patti",creator
"creator::Koensgen, Laurie","Koensgen, Laurie",creator
"creator::Garnhum, Dennis","Garnhum, Dennis",creator
"creator::Milde, Michael","Milde, Michael",creator
"creator::Singh, Ruby","Singh, Ruby",creator
"creator::Kourkoutis, Hill","Kourkoutis, Hill",creator
"creator::Sterritt, Angela","Sterritt, Angela",creator
"creator::Schur, Michael","Schur, Michael",creator
"creator::Cameron, Claire","Cameron, Claire",creator
"creator::Sedaris, David","Sedaris, David",creator
"creator::Masutani, Matsuki","Masutani, Matsuki",creator
"creator::Janess, Danielle","Janess, Danielle",creator
"creator::Gane, Lorraine","Gane, Lorraine",creator
"creator::Haggart, David","Haggart, David",creator
"creator::Hayes, Diana","Hayes, Diana",creator
"creator::Apol, Lauara","Apol, Lauara",creator
"creator::Dopp, Jamie","Dopp, Jamie",creator
"creator::McConachy, Medwyn","McConachy, Medwyn",creator
"creator::Braley, Susan","Braley, Susan",creator
"creator::Kulpas, Leila","Kulpas, Leila",creator
"creator::Lockhart, D.A.","Lockhart, D.A.",creator
"creator::Merasty, Francine","Merasty, Francine",creator
"creator::Loveday, Jeremy","Loveday, Jeremy",creator
"creator::Inverarity, Geoffrey","Inverarity, Geoffrey",creator
"creator::Lee, Sharon Sunhye","Lee, Sharon Sunhye",creator
"creator::Swanson, John","Swanson, John",creator
"creator::Geddes, Gary","Geddes, Gary",creator
"creator::Issenman, Nancy","Issenman, Nancy",creator
"creator::Lonsdale, Margaret","Lonsdale, Margaret",creator
"creator::Andrews, Kelsey","Andrews, Kelsey",creator
"creator::Wilson, Shawnda","Wilson, Shawnda",creator
"creator::Crosfield, Linda","Crosfield, Linda",creator
"creator::Scarfone, Joey","Scarfone, Joey",creator
"creator::Hill, Alan","Hill, Alan",creator
"creator::de Leeuw, Sarah","de Leeuw, Sarah",creator
"creator::Halligan, Carol","Halligan, Carol",creator
"creator::Nguyen, Vinh","Nguyen, Vinh",creator
"creator::Ethari, Lamees Al","Ethari, Lamees Al",creator
"creator::Åkerström, Lola Akinmade","Åkerström, Lola Akinmade",creator
"creator::MacKinnon, J.B.","MacKinnon, J.B.",creator
"creator::Cyca, Michelle","Cyca, Michelle",creator
"creator::Audlaluk, Larry","Audlaluk, Larry",creator
"creator::Wiersema, Robert","Wiersema, Robert",creator
"creator::Wheeler, Kim","Wheeler, Kim",creator
"creator::Chambers, Guy","Chambers, Guy",creator
"creator::Turlock, Greg","Turlock, Greg",creator
"creator::Devin, Margaret","Devin, Margaret",creator
"creator::Souder, Vivian","Souder, Vivian",creator
"creator::Stehn, Antje","Stehn, Antje",creator
"creator::Henley, Tara","Henley, Tara",creator
"creator::Bar, Moni","Bar, Moni",creator
"creator::Witte, Darlene","Witte, Darlene",creator
"creator::Noorbakhsh, Mansour","Noorbakhsh, Mansour",creator
"creator::Hawkins, Paula","Hawkins, Paula",creator
"creator::Von Rennenkampff, Susanne","Von Rennenkampff, Susanne",creator
creator::Thóra Hjörleifsdóttir,Thóra Hjörleifsdóttir,creator
creator::Einar Kárason,Einar Kárason,creator
"creator::Lapeña, Shari","Lapeña, Shari",creator
"creator::Fisher, Kathy","Fisher, Kathy",creator
"creator::Trajkov, Igor Pop","Trajkov, Igor Pop",creator
"creator::Hoeft, Kendall","Hoeft, Kendall",creator
"creator::Lapps, Joy","Lapps, Joy",creator
"creator::Dixon, Beau","Dixon, Beau",creator
"creator::Lee, Erica Violet","Lee, Erica Violet",creator
"creator::John, Aisha Sasha","John, Aisha Sasha",creator
"creator::Ade-Lam, Sze-Yang","Ade-Lam, Sze-Yang",creator
"creator::Jo Lee,  Janice","Jo Lee,  Janice",creator
"creator::Bhattarai, Narayan","Bhattarai, Narayan",creator
"creator::Pritchard, Joy","Pritchard, Joy",creator
"creator::Dow, Janis","Dow, Janis",creator
"creator::Ingram Gunn, Ellamae","Ingram Gunn, Ellamae",creator
"creator::Latour, Gilles","Latour, Gilles",creator
"creator::Laliberte, Mark","Laliberte, Mark",creator
"creator::Carson, Anne","Carson, Anne",creator
"creator::Bagoo, Andre","Bagoo, Andre",creator
"creator::Despatie, Stéphane","Despatie, Stéphane",creator
"creator::O’Reilly, Amber","O’Reilly, Amber",creator
"creator::Cousineau Mollen, Maya","Cousineau Mollen, Maya",creator
"creator::Kane, Donna","Kane, Donna",creator
"creator::Trahan, Michaël","Trahan, Michaël",creator
"creator::Legris, Sylvia","Legris, Sylvia",creator
"creator::Hunter, Catherine","Hunter, Catherine",creator
"creator::Bell, Vanessa","Bell, Vanessa",creator
"creator::Priske, Rusty","Priske, Rusty",creator
"creator::Hamdan, Khaleefa ‘Apollo the Child’","Hamdan, Khaleefa ‘Apollo the Child’",creator
"creator::Patterson, Daniel Mark","Patterson, Daniel Mark",creator
creator::Satinka,Satinka,creator
"creator::O’Gorman, Sean","O’Gorman, Sean",creator
creator::textcurious,textcurious,creator
"creator::Trivedi, Amish","Trivedi, Amish",creator
"creator::Trottier, Amélie","Trottier, Amélie",creator
"creator::MCDONALD, MCKENZIE","MCDONALD, MCKENZIE",creator
"creator::Nevo, Eshkol","Nevo, Eshkol",creator
"creator::Gewirtz, Abigail","Gewirtz, Abigail",creator
"creator::Lebrecht, Norman","Lebrecht, Norman",creator
"creator::Kurth, Richard","Kurth, Richard",creator
"creator::Guelfenbein, Carla","Guelfenbein, Carla",creator
"creator::Wener Herlin, Abby","Wener Herlin, Abby",creator
"creator::Carner, Talia","Carner, Talia",creator
"creator::Matas, Carol","Matas, Carol",creator
"creator::Wolkenstein, M. Evan","Wolkenstein, M. Evan",creator
"creator::Sharma, Ambica","Sharma, Ambica",creator
"creator::Marin, M-X","Marin, M-X",creator
"creator::Hladík, Bára","Hladík, Bára",creator
"creator::quest, seeley","quest, seeley",creator
"creator::Vaccariello, Pamela","Vaccariello, Pamela",creator
"creator::Oestreicher, Sky","Oestreicher, Sky",creator
"creator::Xurukulasuriya, Dexter","Xurukulasuriya, Dexter",creator
"creator::Winter, Kathleen","Winter, Kathleen",creator
"creator::Pinsker, Sarah","Pinsker, Sarah",creator
"creator::Szpara, K.M.","Szpara, K.M.",creator
"creator::Drukker, Kelly Norah","Drukker, Kelly Norah",creator
"creator::Camozzi, Lp","Camozzi, Lp",creator
"creator::Ramcharitar, Jerome","Ramcharitar, Jerome",creator
"creator::Ward, Catriona","Ward, Catriona",creator
"creator::Valente, Catherynne M","Valente, Catherynne M",creator
"creator::Little, Willow Loveday","Little, Willow Loveday",creator
"creator::Tremblay, Marie-Josée","Tremblay, Marie-Josée",creator
"creator::Palmer, Ada","Palmer, Ada",creator
"creator::Walton, Jo","Walton, Jo",creator
"creator::Aoki, Ryka","Aoki, Ryka",creator
"creator::Anders, Charlie Jane","Anders, Charlie Jane",creator
"creator::Mosco, Rosemary","Mosco, Rosemary",creator
"creator::McCulloch, Gretchen","McCulloch, Gretchen",creator
"creator::Prévost, Adèle-Élise","Prévost, Adèle-Élise",creator
"creator::Ellsworth, Theo","Ellsworth, Theo",creator
"creator::Vandermeer, Jeff","Vandermeer, Jeff",creator
"creator::Horn, Dara","Horn, Dara",creator
"creator::Baddiel, David","Baddiel, David",creator
"creator::Garrett, Leah","Garrett, Leah",creator
"creator::https://viaf.org/viaf/19403717/#Milman,_Isa","https://viaf.org/viaf/19403717/#Milman,_Isa",creator
"creator::Kaiser, Menachem","Kaiser, Menachem",creator
"creator::Chakrabarti, Jai","Chakrabarti, Jai",creator
"creator::Thomas, Peyton","Thomas, Peyton",creator
"creator::Deibert, Amanda","Deibert, Amanda",creator
"creator::Zeremba, Eve","Zeremba, Eve",creator
"creator::Staples, Dennis","Staples, Dennis",creator
"creator::Edwards, KD","Edwards, KD",creator
"creator::Bailey, Mathis","Bailey, Mathis",creator
"creator::Chow, Derrick","Chow, Derrick",creator
"creator::Gee, Bailey","Gee, Bailey",creator
"creator::Kafai, Shayda","Kafai, Shayda",creator
"creator::Sharman, Zena","Sharman, Zena",creator
"creator::T., Ashley","T., Ashley",creator
"creator::Niles-Craig, Jade","Niles-Craig, Jade",creator
"creator::Garrido, Monica","Garrido, Monica",creator
"creator::Perry-Fagant, Natasha","Perry-Fagant, Natasha",creator
"creator::Palanca, Riley","Palanca, Riley",creator
"creator::Larochette, Nathanael","Larochette, Nathanael",creator
"creator::Chan, Marc-Alexandre","Chan, Marc-Alexandre",creator
"creator::Thicke, Shawn","Thicke, Shawn",creator
"creator::Yeung, Tracy","Yeung, Tracy",creator
"creator::Stuart, John ""Triangles""","Stuart, John ""Triangles""",creator
"creator::Stuart, John","Stuart, John",creator
"creator::De Roller, Lauren","De Roller, Lauren",creator
"creator::Echanove, Alvaro","Echanove, Alvaro",creator
creator::Quique,Quique,creator
"creator::McLeod, Katherine","McLeod, Katherine",creator
"creator::Goddard, James Nicholas Dumile","Goddard, James Nicholas Dumile",creator
"creator::Cloutier, Jennifer","Cloutier, Jennifer",creator
"creator::Degen, John","Degen, John",creator
"creator::Daher, Anita","Daher, Anita",creator
"creator::Choyce, Lesley","Choyce, Lesley",creator
"creator::Chiderah Harris-Eze, Mirabelle","Chiderah Harris-Eze, Mirabelle",creator
"creator::Saulay, Jason","Saulay, Jason",creator
"creator::Bancheri, Salvatore","Bancheri, Salvatore",creator
"creator::Cusmano, Domenic","Cusmano, Domenic",creator
"creator::Agostinelli, Gianluca","Agostinelli, Gianluca",creator
"creator::Panati, Annalisa","Panati, Annalisa",creator
"creator::Verticchio, Giulia","Verticchio, Giulia",creator
"creator::Wiebe, Mariianne Mays","Wiebe, Mariianne Mays",creator
"creator::Druick, Don","Druick, Don",creator
"creator::Henderson, Keith","Henderson, Keith",creator
"creator::Cohen, Leamore","Cohen, Leamore",creator
"creator::Lehrer, Riva","Lehrer, Riva",creator
"creator::Mines, Rachel","Mines, Rachel",creator
"creator::Brodoff, Ami Sands","Brodoff, Ami Sands",creator
"creator::Morris, Heather","Morris, Heather",creator
"creator::Hegerat, Betty Jane","Hegerat, Betty Jane",creator
"creator::Edgar, Patti","Edgar, Patti",creator
"creator::Carmichael, Jacqueline","Carmichael, Jacqueline",creator
"creator::Novik, Stephen","Novik, Stephen",creator
"creator::Touchie, Jeneva","Touchie, Jeneva",creator
"creator::Touchie, Samantha","Touchie, Samantha",creator
"creator::Mundy, Vi","Mundy, Vi",creator
"creator::Mundy, Bob","Mundy, Bob",creator
"creator::Hietkamp, Lenore","Hietkamp, Lenore",creator
"creator::Zucchiatti, Joe","Zucchiatti, Joe",creator
"creator::Timmins, Leslie","Timmins, Leslie",creator
"creator::Stein, Carla","Stein, Carla",creator
"creator::Buckna, Pat","Buckna, Pat",creator
"creator::Donald, R.E.","Donald, R.E.",creator
"creator::Kim, Laesa","Kim, Laesa",creator
"creator::Claudia, Cornwall","Claudia, Cornwall",creator
"creator::Floody, David","Floody, David",creator
"creator::Nelson, Colton","Nelson, Colton",creator
"creator::Lake, Avery","Lake, Avery",creator
"creator::Liem, T.","Liem, T.",creator
"creator::Sralla, Patty Sandoval","Sralla, Patty Sandoval",creator
"creator::Drybrough, Vicki","Drybrough, Vicki",creator
"creator::Fulton, Warren D.","Fulton, Warren D.",creator
"creator::Novik, Stephen W","Novik, Stephen W",creator
"creator::Byrne, Anna","Byrne, Anna",creator
"creator::Gauthier, CV","Gauthier, CV",creator
"creator::Shapiro, Susan","Shapiro, Susan",creator
"creator::Yamolky, Lozan","Yamolky, Lozan",creator
"creator::Granirer, Pnina","Granirer, Pnina",creator
"creator::Papernick, Johnathan","Papernick, Johnathan",creator
"creator::Niedzviecki, Hal","Niedzviecki, Hal",creator
"creator::Carter, Michaela","Carter, Michaela",creator
"creator::Clayton, Meg Waite","Clayton, Meg Waite",creator
"creator::Stursberg, Richard","Stursberg, Richard",creator
"creator::Green, Henry","Green, Henry",creator
"creator::Sokatch, Daniel","Sokatch, Daniel",creator
"creator::Lowther, Christine","Lowther, Christine",creator
"creator::Trihn, Johnny","Trihn, Johnny",creator
"creator::Hayes, Diana E.","Hayes, Diana E.",creator
"creator::Sutter, Sandra","Sutter, Sandra",creator
"creator::Mooney, Malcolm","Mooney, Malcolm",creator
"creator::Trainer, Yvonne","Trainer, Yvonne",creator
"creator::Weyman-Jones, Thomas G.","Weyman-Jones, Thomas G.",creator
"creator::Dar, Qurat","Dar, Qurat",creator
"creator::Dingle, Erin","Dingle, Erin",creator
"creator::Mak, Jaymee","Mak, Jaymee",creator
"creator::Misch, Lucia","Misch, Lucia",creator
"creator::Neblett, Adrian","Neblett, Adrian",creator
"creator::Polis, Zach","Polis, Zach",creator
"creator::Trinh, Johnny D.","Trinh, Johnny D.",creator
"creator::Samuel, Sabrina","Samuel, Sabrina",creator
"creator::O’Keefe, Brie","O’Keefe, Brie",creator
"creator::Lafferty, Catherine","Lafferty, Catherine",creator
"creator::Sinclair, Niigaanwewidam James","Sinclair, Niigaanwewidam James",creator
"creator::Redvers, Tunchai","Redvers, Tunchai",creator
"creator::Fournier, Jamesie","Fournier, Jamesie",creator
"creator::Gregersen, Leif","Gregersen, Leif",creator
"creator::Antoine-Meyzonnade, Cécile","Antoine-Meyzonnade, Cécile",creator
"creator::Cohen, Sidney","Cohen, Sidney",creator
"creator::Zingel, Avery","Zingel, Avery",creator
"creator::Bulckaert, Jay","Bulckaert, Jay",creator
"creator::McNeill, Lindsey","McNeill, Lindsey",creator
"creator::Ootes, Jake","Ootes, Jake",creator
"creator::Walden, Jen","Walden, Jen",creator
"creator::Hurcomb, Fran","Hurcomb, Fran",creator
"creator::Sarkadi, Laurie","Sarkadi, Laurie",creator
"creator::Halen Guri, River","Halen Guri, River",creator
"creator::Scott, Robyn","Scott, Robyn",creator
"creator::Essery, Isis","Essery, Isis",creator
"creator::De Bastiani, Lana","De Bastiani, Lana",creator
"creator::Currie, Miranda","Currie, Miranda",creator
"creator::Willett, Mindy","Willett, Mindy",creator
"creator::Wright-Fraser, Karen","Wright-Fraser, Karen",creator
"creator::Cyr, Gail","Cyr, Gail",creator
"creator::Blanco, Samï","Blanco, Samï",creator
"creator::Henry, Amber","Henry, Amber",creator
"creator::Lafferty, Katłįà","Lafferty, Katłįà",creator
"creator::Bastedo, Jamie","Bastedo, Jamie",creator
"creator::Leventoyannis Harvey, Stella","Leventoyannis Harvey, Stella",creator
"creator::Klassen, Lois","Klassen, Lois",creator
"creator::Anderson, Suzanne","Anderson, Suzanne",creator
"creator::Manuel, Jennifer","Manuel, Jennifer",creator
"creator::Cool, Al","Cool, Al",creator
"creator::Waddy, Allan","Waddy, Allan",creator
"creator::Nelson, Mary","Nelson, Mary",creator
"creator::Ramdin-Firth, Bernice","Ramdin-Firth, Bernice",creator
"creator::Masters, Tom","Masters, Tom",creator
"creator::Forbes, Liz","Forbes, Liz",creator
"creator::Gallagher, Diane","Gallagher, Diane",creator
"creator::Silcott, Jane","Silcott, Jane",creator
"creator::Thorkelson, Erika","Thorkelson, Erika",creator
"creator::Bryce, Herb","Bryce, Herb",creator
"creator::Monticue, Andrea","Monticue, Andrea",creator
"creator::Raby-Dunne, Susan","Raby-Dunne, Susan",creator
"creator::Fulford, Annette","Fulford, Annette",creator
"creator::Walker, Liz Rachel","Walker, Liz Rachel",creator
"creator::Graham, Shirley","Graham, Shirley",creator
"creator::Levitt, Peter","Levitt, Peter",creator
"creator::Ace, Cathy","Ace, Cathy",creator
"creator::LeBox, Annette","LeBox, Annette",creator
"creator::Nelson, KB","Nelson, KB",creator
"creator::Payne, Ronda","Payne, Ronda",creator
"creator::Fred, Randy","Fred, Randy",creator
"creator::Tessier, Corinne","Tessier, Corinne",creator
"creator::Watson, Galadriel","Watson, Galadriel",creator
"creator::Ross, Alan","Ross, Alan",creator
"creator::Paradis, Claire","Paradis, Claire",creator
"creator::Starr, Ellen Carey","Starr, Ellen Carey",creator
"creator::Kendell, Linda","Kendell, Linda",creator
"creator::MacPherson, Barb","MacPherson, Barb",creator
"creator::Shales Lefkos, Patti","Shales Lefkos, Patti",creator
"creator::Macfarlane, Leigh","Macfarlane, Leigh",creator
"creator::McArthur, Mike","McArthur, Mike",creator
"creator::Metcalfe, Nygel","Metcalfe, Nygel",creator
"creator::Rozek, Jane Catherine","Rozek, Jane Catherine",creator
"creator::McLeod, Darrel","McLeod, Darrel",creator
"creator::Chapman, Aaron","Chapman, Aaron",creator
"creator::Wickwire, Wendy","Wickwire, Wendy",creator
"creator::B, Daphné","B, Daphné",creator
"creator::Nakehk'o, Dëneze","Nakehk'o, Dëneze",creator
"creator::LaBine, Joseph","LaBine, Joseph",creator
"creator::Moir, Rita","Moir, Rita",creator
"creator::Kennedy, Jake","Kennedy, Jake",creator
"creator::Bowman, Norah","Bowman, Norah",creator
"creator::Lundgren, Jodi","Lundgren, Jodi",creator
"creator::Goh, Kagan","Goh, Kagan",creator
"creator::Lockhart, Daniel","Lockhart, Daniel",creator
"creator::Porter, Michelle","Porter, Michelle",creator
"creator::Travis, TeaJai","Travis, TeaJai",creator
"creator::Henry, Natasha","Henry, Natasha",creator
"creator::Gervais, Marty","Gervais, Marty",creator
"creator::Smith, Laurie","Smith, Laurie",creator
"creator::Badoa, Samantha","Badoa, Samantha",creator
"creator::Spinosa, Dani","Spinosa, Dani",creator
"creator::Younge-Ullman, Danielle","Younge-Ullman, Danielle",creator
"creator::Anderson, Emily","Anderson, Emily",creator
"creator::MacDonald, Dan","MacDonald, Dan",creator
"creator::Toffan, Will","Toffan, Will",creator
"creator::Kaiser, Jackie","Kaiser, Jackie",creator
"creator::Yoon, Janie","Yoon, Janie",creator
"creator::Al Ethari, Lamees","Al Ethari, Lamees",creator
"creator::Dobozy, Tamas","Dobozy, Tamas",creator
"creator::Vashegyi MacDonald, Ágnes","Vashegyi MacDonald, Ágnes",creator
"creator::Martin, Sara","Martin, Sara",creator
"creator::Nguyen, Nam","Nguyen, Nam",creator
"creator::Scott, Susan","Scott, Susan",creator
"creator::I'Anson, Chioke","I'Anson, Chioke",creator
"creator::Tacon, Claire","Tacon, Claire",creator
"creator::Kolentsis, Alysia","Kolentsis, Alysia",creator
"creator::McNeil, Jean","McNeil, Jean",creator
"creator::Hrastovec, Peter","Hrastovec, Peter",creator
"creator::Bissett, Bill","Bissett, Bill",creator
"creator::Baird, Natalie","Baird, Natalie",creator
"creator::Conklin Hutchinson, Kim","Conklin Hutchinson, Kim",creator
"creator::Aladejebi, Funké","Aladejebi, Funké",creator
"creator::Moore Davis, Irene","Moore Davis, Irene",creator
"creator::MacDonald, John","MacDonald, John",creator
"creator::Grisenthwaite, G. A.","Grisenthwaite, G. A.",creator
"creator::Laforme, R. Stacey","Laforme, R. Stacey",creator
"creator::Jacobs, Heidi","Jacobs, Heidi",creator
"creator::Jacobs, Dale","Jacobs, Dale",creator
"creator::Leary, Ron","Leary, Ron",creator
"creator::Janisse-Barlow, Melanie","Janisse-Barlow, Melanie",creator
"creator::Robson, Kelly","Robson, Kelly",creator
"creator::Dickinson, Mary Lou","Dickinson, Mary Lou",creator
"creator::Westhed, Jessica","Westhed, Jessica",creator
"creator::Woods, Jane","Woods, Jane",creator
"creator::Ghaderay, Holly","Ghaderay, Holly",creator
"creator::Salazar, Grace","Salazar, Grace",creator
"creator::Nordstrom Higdon, Emmy","Nordstrom Higdon, Emmy",creator
"creator::Aidid, Shadiya","Aidid, Shadiya",creator
"creator::Conlin, Christy-Ann","Conlin, Christy-Ann",creator
"creator::Woollcott, Tory","Woollcott, Tory",creator
"creator::Chiang, Sylv","Chiang, Sylv",creator
"creator::Harper, Maika","Harper, Maika",creator
"creator::Crimeli, Gabe","Crimeli, Gabe",creator
"creator::Taylor, Josh","Taylor, Josh",creator
"creator::Holden, Sarabeth","Holden, Sarabeth",creator
"creator::Covello, Paul","Covello, Paul",creator
"creator::Frank, Simon","Frank, Simon",creator
"creator::Reid, Aimee","Reid, Aimee",creator
"creator::Syed, Anoosha","Syed, Anoosha",creator
"creator::Chua, Charlene","Chua, Charlene",creator
"creator::Lee, Sherry","Lee, Sherry",creator
"creator::Weber, Annie","Weber, Annie",creator
"creator::Syliboy, Alan","Syliboy, Alan",creator
"creator::MacLennan-Dunphy, Brenda","MacLennan-Dunphy, Brenda",creator
"creator::Conall, Bill","Conall, Bill",creator
"creator::Paul, Shawnee","Paul, Shawnee",creator
"creator::Doyle, Brian","Doyle, Brian",creator
"creator::Macleod, Andrew","Macleod, Andrew",creator
"creator::Hamilton, Sylvia","Hamilton, Sylvia",creator
"creator::MacLeod, Alexander","MacLeod, Alexander",creator
"creator::Le Blanc, Barbara","Le Blanc, Barbara",creator
"creator::Bourgeois, Ronald","Bourgeois, Ronald",creator
"creator::Sanger, Daniel","Sanger, Daniel",creator
"creator::Singh, Jaspreet","Singh, Jaspreet",creator
"creator::Johnston, Liz","Johnston, Liz",creator
"creator::Lindner, Erik","Lindner, Erik",creator
"creator::Jones, Francis R.","Jones, Francis R.",creator
"creator::Indongo, Nantali","Indongo, Nantali",creator
"creator::Baniahmadi, Baharan","Baniahmadi, Baharan",creator
"creator::Farah, Safy-Hallan","Farah, Safy-Hallan",creator
"creator::Hay, Gina","Hay, Gina",creator
"creator::Ross, David","Ross, David",creator
"creator::Edugyan, Esi","Edugyan, Esi",creator
"creator::Jallow, Toufah","Jallow, Toufah",creator
"creator::McElroy, Gil","McElroy, Gil",creator
"creator::Rustin, Rebecca","Rustin, Rebecca",creator
"creator::Gander, Forrest","Gander, Forrest",creator
"creator::Rhodes, Shane","Rhodes, Shane",creator
"creator::Tierney, Orchid","Tierney, Orchid",creator
"creator::Strang, Catriona","Strang, Catriona",creator
"creator::McCrae, Laura K.","McCrae, Laura K.",creator
"creator::Schmalz, Fred","Schmalz, Fred",creator
"creator::Nealon, Chris","Nealon, Chris",creator
"creator::Rohrer, Matthew","Rohrer, Matthew",creator
"creator::Ray Hill, Laurie","Ray Hill, Laurie",creator
"creator::Brookes, Paul","Brookes, Paul",creator
"creator::Izsak, Emily","Izsak, Emily",creator
"creator::Clay, Adam","Clay, Adam",creator
"creator::kneifel, émilie","kneifel, émilie",creator
"creator::Johnson, Chris","Johnson, Chris",creator
"creator::Caple, Natalee","Caple, Natalee",creator
"creator::Burns, Megan","Burns, Megan",creator
"creator::Valencia, Jacqueline","Valencia, Jacqueline",creator
"creator::Sweeney, Heather","Sweeney, Heather",creator
"creator::Higdon, Hailey","Higdon, Hailey",creator
"creator::Mooney, Jacob McArthur","Mooney, Jacob McArthur",creator
"creator::Reid, Monty","Reid, Monty",creator
"creator::Emery, Curtis S.","Emery, Curtis S.",creator
"creator::Gordon, Noah Eli","Gordon, Noah Eli",creator
"creator::Greenberg, Arielle","Greenberg, Arielle",creator
"creator::Schönmaier, Eleonore","Schönmaier, Eleonore",creator
"creator::mclennan, rob","mclennan, rob",creator
"creator::hanna, natalie","hanna, natalie",creator
"creator::Koehn, David","Koehn, David",creator
"creator::Eleftherion, Melissa","Eleftherion, Melissa",creator
"creator::Adams, Carrie Olivia","Adams, Carrie Olivia",creator
"creator::Cruz, Cynthia","Cruz, Cynthia",creator
"creator::Pollari, Niina","Pollari, Niina",creator
"creator::Bruno, Franklin","Bruno, Franklin",creator
"creator::Campos, Isabel Sobral","Campos, Isabel Sobral",creator
"creator::Browning, Sommer","Browning, Sommer",creator
"creator::Redvers, T'áncháy","Redvers, T'áncháy",creator
"creator::Vance, Erin Emily Ann","Vance, Erin Emily Ann",creator
"creator::Beers, Shaindel","Beers, Shaindel",creator
"creator::Rowley, Mari-Lou","Rowley, Mari-Lou",creator
"creator::Loveys, Grant","Loveys, Grant",creator
"creator::Deutch, Amanda","Deutch, Amanda",creator
"creator::Gruber, Adrienne","Gruber, Adrienne",creator
"creator::Manery, Rob","Manery, Rob",creator
"creator::Rivera, Eléna","Rivera, Eléna",creator
"creator::Unsworth, Lydia","Unsworth, Lydia",creator
"creator::Raziya Fong, Nicole","Raziya Fong, Nicole",creator
"creator::Koostachin, Jules Arita","Koostachin, Jules Arita",creator
"creator::Greco, Heidi","Greco, Heidi",creator
"creator::Belford, Ken","Belford, Ken",creator
"creator::Neumire, Bill","Neumire, Bill",creator
"creator::Thatcher, Christina","Thatcher, Christina",creator
"creator::Alidio, Kimberley","Alidio, Kimberley",creator
"creator::Fishman, Lisa","Fishman, Lisa",creator
"creator::Maloukis, Rose","Maloukis, Rose",creator
"creator::Solomon, Misha","Solomon, Misha",creator
"creator::Fick, Marlon L.","Fick, Marlon L.",creator
"creator::O’Reilly, Nathanael","O’Reilly, Nathanael",creator
"creator::Hunter, Carrie","Hunter, Carrie",creator
"creator::Kinaschuk, Kyle","Kinaschuk, Kyle",creator
"creator::Peterson, Andrew K.","Peterson, Andrew K.",creator
"creator::Downs, Buck","Downs, Buck",creator
"creator::Weaver, Andy","Weaver, Andy",creator
"creator::Murman, Emily","Murman, Emily",creator
"creator::Iantosca, Tony","Iantosca, Tony",creator
"creator::Hasegawa, Jennifer","Hasegawa, Jennifer",creator
"creator::Wilkinson, Joshua Marie","Wilkinson, Joshua Marie",creator
"creator::Farley, Claire","Farley, Claire",creator
"creator::Montreuil, Mike","Montreuil, Mike",creator
"creator::Prine, Tom","Prine, Tom",creator
"creator::Does, Amelia","Does, Amelia",creator
"creator::Coffin, Shayne","Coffin, Shayne",creator
"creator::Duffy, Tim","Duffy, Tim",creator
"creator::Beckman, Joshua","Beckman, Joshua",creator
"creator::Corey, Joshua","Corey, Joshua",creator
"creator::Bennet, John M.","Bennet, John M.",creator
"creator::Heins, Jay","Heins, Jay",creator
"creator::Russo, Emmalea","Russo, Emmalea",creator
"creator::Witte, Valerie","Witte, Valerie",creator
"creator::Yeary, James","Yeary, James",creator
"creator::Gabb, Vanessa Jimenez","Gabb, Vanessa Jimenez",creator
"creator::Mody, Monica","Mody, Monica",creator
"creator::Drai, Jenny","Drai, Jenny",creator
"creator::Robinson, Ben","Robinson, Ben",creator
"creator::Logan, Nate","Logan, Nate",creator
"creator::Naughton, Katie","Naughton, Katie",creator
"creator::Bracken, Sue","Bracken, Sue",creator
"creator::Scott, Cam","Scott, Cam",creator
"creator::Foster, Clarise","Foster, Clarise",creator
"creator::Sterne, Jonathan","Sterne, Jonathan",creator
"creator::Wiercinski, Jared","Wiercinski, Jared",creator
"creator::Dueck, Cameron","Dueck, Cameron",creator
"creator::Moore, Chloe","Moore, Chloe",creator
"creator::Dueck, Dora","Dueck, Dora",creator
"creator::Zafar, Samra","Zafar, Samra",creator
"creator::van Oldenbarneveld, Lucy","van Oldenbarneveld, Lucy",creator
"creator::Gehl, Lynn","Gehl, Lynn",creator
"creator::Strachan, Larry","Strachan, Larry",creator
"creator::Shearer, Karis","Shearer, Karis",creator
"creator::Thiessen, Amy","Thiessen, Amy",creator
"creator::Tayler, Felicity","Tayler, Felicity",creator
"creator::Aubin, Mathieu","Aubin, Mathieu",creator
"creator::Feaster, Patrick","Feaster, Patrick",creator
"creator::Matas, Manuel","Matas, Manuel",creator
"creator::Dueck, Nathan","Dueck, Nathan",creator
"creator::Toews, John","Toews, John",creator
"creator::Bendavid, Marc","Bendavid, Marc",creator
"creator::Richardson, Tannis M.","Richardson, Tannis M.",creator
"creator::MacLeod, Terry","MacLeod, Terry",creator
"creator::Klassen, Sarah","Klassen, Sarah",creator
"creator::Sherren, Reg","Sherren, Reg",creator
"creator::Stewart, Janet","Stewart, Janet",creator
"creator::Burns, James A.","Burns, James A.",creator
"creator::Goldsborough, Gordon","Goldsborough, Gordon",creator
"creator::Levine, Allan","Levine, Allan",creator
"creator::Pyle, Kai Minosh","Pyle, Kai Minosh",creator
"creator::Small, Sami Jo","Small, Sami Jo",creator
"creator::Hextall, Leah","Hextall, Leah",creator
"creator::Eyamie, Jeffrey John","Eyamie, Jeffrey John",creator
"creator::Rubenstein, Lorne","Rubenstein, Lorne",creator
"creator::Miles, Lynn","Miles, Lynn",creator
"creator::Dionne, Julien","Dionne, Julien",creator
"creator::Dunn, Maria","Dunn, Maria",creator
"creator::London, Jack R.","London, Jack R.",creator
"creator::Rosner, Anna","Rosner, Anna",creator
"creator::Leach, Jamie","Leach, Jamie",creator
"creator::Leach, Reggie","Leach, Reggie",creator
"creator::Elias, David","Elias, David",creator
"creator::Fontaine, Jerry","Fontaine, Jerry",creator
"creator::Shawnoo, Patricia","Shawnoo, Patricia",creator
"creator::Lesage, Doreen ‘Shingwauk Pine’","Lesage, Doreen ‘Shingwauk Pine’",creator
"creator::Boissoneau, Darrell","Boissoneau, Darrell",creator
"creator::Pego, Steve","Pego, Steve",creator
"creator::Hanlon, Christine","Hanlon, Christine",creator
"creator::Kirbyson, Geoff","Kirbyson, Geoff",creator
"creator::Mackling, Greg","Mackling, Greg",creator
"creator::Lukowich, Morris","Lukowich, Morris",creator
"creator::Kyte, Jim","Kyte, Jim",creator
"creator::McVie, Tom","McVie, Tom",creator
"creator::Ballantyne, Sonya","Ballantyne, Sonya",creator
"creator::Spillett-Sumner, Tasha","Spillett-Sumner, Tasha",creator
"creator::Mason, Raymond","Mason, Raymond",creator
"creator::Hudson, Glenn","Hudson, Glenn",creator
"creator::Dietrick, Linda","Dietrick, Linda",creator
"creator::Ronald, Philip","Ronald, Philip",creator
"creator::Rabinovitch, Celia","Rabinovitch, Celia",creator
"creator::McCoy, Ann","McCoy, Ann",creator
"creator::Kelly, Brendan","Kelly, Brendan",creator
"creator::Adams, Christopher","Adams, Christopher",creator
"creator::Bernhardt, Darren","Bernhardt, Darren",creator
"creator::Dineen, Trevor","Dineen, Trevor",creator
"creator::Passey, Alex","Passey, Alex",creator
"creator::Perrun, Sean","Perrun, Sean",creator
"creator::Besner, Neil","Besner, Neil",creator
"creator::Clavelle, Karen","Clavelle, Karen",creator
"creator::Joudrey, Matt","Joudrey, Matt",creator
"creator::Markotić, Nicole","Markotić, Nicole",creator
"creator::Schott, Barbara","Schott, Barbara",creator
"creator::Brandt, Gerald","Brandt, Gerald",creator
"creator::Czerneda, Julie E.","Czerneda, Julie E.",creator
"creator::Bucsis, Anastasia","Bucsis, Anastasia",creator
"creator::Radford, Eric","Radford, Eric",creator
"creator::Voth, Chris","Voth, Chris",creator
"creator::Craft, Aimée","Craft, Aimée",creator
creator::Lucy,Lucy,creator
"creator::Schott, Philipp","Schott, Philipp",creator
"creator::Kelly, Joanne","Kelly, Joanne",creator
"creator::Bernbaum, Joel","Bernbaum, Joel",creator
"creator::Burkholder Harris, Kaite","Burkholder Harris, Kaite",creator
"creator::Cogan, Leah","Cogan, Leah",creator
"creator::Jean, Michel","Jean, Michel",creator
"creator::Lavigne, Mishka","Lavigne, Mishka",creator
"creator::Huard, Julie","Huard, Julie",creator
"creator::Beresford-Kroeger, Diana","Beresford-Kroeger, Diana",creator
"creator::Waldman, Jon","Waldman, Jon",creator
"creator::McNabb, Lauren","McNabb, Lauren",creator
"creator::Lester, Louella","Lester, Louella",creator
"creator::Bowen, Kelly","Bowen, Kelly",creator
"creator::Robuck, Erika","Robuck, Erika",creator
"creator::Blodgett, E. D.","Blodgett, E. D.",creator
"creator::Morris, Paul","Morris, Paul",creator
"creator::Heidenreich, Rosmarin","Heidenreich, Rosmarin",creator
"creator::Hilton, Carol Anne","Hilton, Carol Anne",creator
"creator::Harris, Colin","Harris, Colin",creator
"creator::Toles, George E.","Toles, George E.",creator
"creator::Toles, Thomas","Toles, Thomas",creator
"creator::DeLuca, Marjorie (M.M.)","DeLuca, Marjorie (M.M.)",creator
"creator::Cote, Rachel Vorona","Cote, Rachel Vorona",creator
"creator::Kapsalis, Terri","Kapsalis, Terri",creator
"creator::Goade, Michaela","Goade, Michaela",creator
"creator::Bird, Lawrence","Bird, Lawrence",creator
"creator::Hargraves, Peter","Hargraves, Peter",creator
"creator::Wohl, Sharon","Wohl, Sharon",creator
"creator::Goodhand, Seyward","Goodhand, Seyward",creator
"creator::Cariou, Warren","Cariou, Warren",creator
"creator::Kindzierski, Lovern","Kindzierski, Lovern",creator
"creator::Halftone, Holly","Halftone, Holly",creator
"creator::Finbow, Alexander","Finbow, Alexander",creator
"creator::Cushman, Rachel","Cushman, Rachel",creator
"creator::Daehnke, Jon Darin","Daehnke, Jon Darin",creator
"creator::Dunkin, Jessica","Dunkin, Jessica",creator
"creator::McDermott, Larry","McDermott, Larry",creator
"creator::Zoe, John B.","Zoe, John B.",creator
"creator::Erickson, Bruce","Erickson, Bruce",creator
"creator::Peers, Laura","Peers, Laura",creator
"creator::Krotz, Sarah Wylie","Krotz, Sarah Wylie",creator
"creator::High, Steven","High, Steven",creator
"creator::Seubert, David","Seubert, David",creator
"creator::Miya, Chelsea","Miya, Chelsea",creator
"creator::Neugebauer, Tomasz","Neugebauer, Tomasz",creator
"creator::Driedger, MaryLou","Driedger, MaryLou",creator
"creator::Zaidman, Harriet","Zaidman, Harriet",creator
"creator::Gunter, Jen","Gunter, Jen",creator
"creator::Zoratti, Jen","Zoratti, Jen",creator
"creator::Woolford, Andrew","Woolford, Andrew",creator
"creator::Mainville, Valerie","Mainville, Valerie",creator
"creator::Perreault, Carrie","Perreault, Carrie",creator
"creator::Horton, Mabel","Horton, Mabel",creator
"creator::Gordon, Lewis","Gordon, Lewis",creator
"creator::Manji, Firoze","Manji, Firoze",creator
"creator::Mehmood, Tariq","Mehmood, Tariq",creator
"creator::Kalu, Peter","Kalu, Peter",creator
"creator::Burgess, Melvin","Burgess, Melvin",creator
"creator::Tamale, Sylvia","Tamale, Sylvia",creator
"creator::Abbas, Sara","Abbas, Sara",creator
"creator::Oumari, Selma","Oumari, Selma",creator
"creator::Alkinani, Zeidon","Alkinani, Zeidon",creator
"creator::Saab, Jade","Saab, Jade",creator
"creator::Ayoub, Joey","Ayoub, Joey",creator
"creator::Afary, Frieday","Afary, Frieday",creator
"creator::Blanchard, Jim","Blanchard, Jim",creator
"creator::Laberis, Steph","Laberis, Steph",creator
"creator::Hasselriis, Kaj","Hasselriis, Kaj",creator
"creator::Lazowski, Anna","Lazowski, Anna",creator
"creator::Smith, Brady","Smith, Brady",creator
"creator::Kim, Jessica","Kim, Jessica",creator
"creator::Steinberg, David","Steinberg, David",creator
"creator::Goldstone, Gabriele","Goldstone, Gabriele",creator
"creator::Carmichael, Jodi","Carmichael, Jodi",creator
"creator::Thomas-Müller, Clayton","Thomas-Müller, Clayton",creator
"creator::MacIsaac, Kathie","MacIsaac, Kathie",creator
"creator::Hall, Chris","Hall, Chris",creator
"creator::Attrell, Chris","Attrell, Chris",creator
"creator::Halfe, Louise B - Sky Dancer","Halfe, Louise B - Sky Dancer",creator
"creator::Smith, Colin","Smith, Colin",creator
"creator::Gabriel, Rosemary","Gabriel, Rosemary",creator
"creator::Auxier, Jonathan","Auxier, Jonathan",creator
"creator::McNaughton, Krista","McNaughton, Krista",creator
"creator::Siegel, Alisa","Siegel, Alisa",creator
"creator::Madayag Knazan, Primrose","Madayag Knazan, Primrose",creator
"creator::Magz, Tyler","Magz, Tyler",creator
"creator::Gipson, Ferren","Gipson, Ferren",creator
"creator::Alleyne, Ainara","Alleyne, Ainara",creator
"creator::French, Whitney","French, Whitney",creator
"creator::Barbour, Dale","Barbour, Dale",creator
"creator::Sigurdson, Ben","Sigurdson, Ben",creator
"creator::J, Evan","J, Evan",creator
"creator::Horosko, Teresa","Horosko, Teresa",creator
"creator::Fiola, Chantal","Fiola, Chantal",creator
"creator::Forsythe, Laura","Forsythe, Laura",creator
"creator::Enright, Robert","Enright, Robert",creator
"creator::Bowler, Kate","Bowler, Kate",creator
"creator::Agger, Helen Olsen","Agger, Helen Olsen",creator
"creator::Brownlie, Jarvis","Brownlie, Jarvis",creator
"creator::Filmon, Gary","Filmon, Gary",creator
"creator::Dilello, Ty","Dilello, Ty",creator
"creator::Douglas, Jordy","Douglas, Jordy",creator
"creator::Merbaum, Lindsay","Merbaum, Lindsay",creator
"creator::Landry, Jess","Landry, Jess",creator
"creator::Graham, Joanna","Graham, Joanna",creator
"creator::Ridgley, Darren","Ridgley, Darren",creator
"creator::Trinh, Linda","Trinh, Linda",creator
"creator::Birnie, Sheldon","Birnie, Sheldon",creator
"creator::Shoalts, Adam","Shoalts, Adam",creator
"creator::Moncrieff, J.H.","Moncrieff, J.H.",creator
"creator::Evans, Kahla","Evans, Kahla",creator
"creator::Dobbie, Dorothy","Dobbie, Dorothy",creator
"creator::Tomato, Mr.","Tomato, Mr.",creator
"creator::Sinha, Meera","Sinha, Meera",creator
"creator::Wise, Ian","Wise, Ian",creator
"creator::Forget, Evelyn","Forget, Evelyn",creator
"creator::Owczar, Hannah","Owczar, Hannah",creator
"creator::Bird, Lindsay","Bird, Lindsay",creator
"creator::Walbourne-Gough, Douglas","Walbourne-Gough, Douglas",creator
"creator::Fitzpatrick, Jamie","Fitzpatrick, Jamie",creator
"creator::Schofield, Anakana","Schofield, Anakana",creator
"creator::Henman, Pat","Henman, Pat",creator
"creator::Jones, Shayna","Jones, Shayna",creator
"creator::Liebich, Rayya","Liebich, Rayya",creator
"creator::Mohammed, Zaynab","Mohammed, Zaynab",creator
"creator::Purcell, Anna","Purcell, Anna",creator
"creator::Moore, Lisa","Moore, Lisa",creator
"creator::Vaillant, John","Vaillant, John",creator
"creator::Bowes, Matt","Bowes, Matt",creator
"creator::Johnstone, Vici","Johnstone, Vici",creator
"creator::Steeves, Andrew","Steeves, Andrew",creator
"creator::Brown, Andy","Brown, Andy",creator
"creator::Sherwin, Tjia","Sherwin, Tjia",creator
"creator::McKay, Sheryl","McKay, Sheryl",creator
"creator::Royden, Loewen","Royden, Loewen",creator
"creator::Friesen, Aileen","Friesen, Aileen",creator
"creator::Duncan, Rebecca","Duncan, Rebecca",creator
"creator::Bateman, Jackie","Bateman, Jackie",creator
"creator::McKay, Dodie Graham","McKay, Dodie Graham",creator
"creator::Froman, Karen","Froman, Karen",creator
"creator::Hajer, Jesse","Hajer, Jesse",creator
"creator::MacKinnon, Shauna","MacKinnon, Shauna",creator
"creator::Besel, Donna","Besel, Donna",creator
"creator::Short, Donn","Short, Donn",creator
"creator::MacDougall, Bruce","MacDougall, Bruce",creator
"creator::Clarke, Paul T.","Clarke, Paul T.",creator
"creator::Lagace-Wiens, Philippe","Lagace-Wiens, Philippe",creator
"creator::Sais, Darrell","Sais, Darrell",creator
"creator::Olsen, Gregg M.","Olsen, Gregg M.",creator
"creator::Comack, Elizabeth","Comack, Elizabeth",creator
"creator::Lam, Fiona","Lam, Fiona",creator
"creator::Javier, Carlo","Javier, Carlo",creator
"creator::Kapenda, Kevin","Kapenda, Kevin",creator
"creator::D'Sa, Rachel","D'Sa, Rachel",creator
"creator::Janie, Change","Janie, Change",creator
"creator::Leventhal, Anna","Leventhal, Anna",creator
"creator::Estabrooks, Josef","Estabrooks, Josef",creator
"creator::Olsen, Sylvia","Olsen, Sylvia",creator
"creator::Haysome, Ian","Haysome, Ian",creator
"creator::Young, Ken","Young, Ken",creator
"creator::Smith, Graham Hingangaroa","Smith, Graham Hingangaroa",creator
"creator::McCaskill, Don","McCaskill, Don",creator
"creator::Courchene, Darren","Courchene, Darren",creator
"creator::Judge, Andrew","Judge, Andrew",creator
"creator::Fontaine, Phil","Fontaine, Phil",creator
"creator::Bowes, Barbara","Bowes, Barbara",creator
"creator::Reid, Eliza","Reid, Eliza",creator
"creator::Markstrom, Victoria","Markstrom, Victoria",creator
"creator::Chomichuk, GMB","Chomichuk, GMB",creator
"creator::Ranville, Errol","Ranville, Errol",creator
"creator::Dery, Mark","Dery, Mark",creator
"creator::McCormick, Gregory","McCormick, Gregory",creator
"creator::Luyk, Sean","Luyk, Sean",creator
"creator::Filreis, Alan","Filreis, Alan",creator
"creator::Funk, Julie","Funk, Julie",creator
"creator::Fong, Deanna","Fong, Deanna",creator
"creator::Talero, Emma","Talero, Emma",creator
"creator::O'Driscoll, Michael J","O'Driscoll, Michael J",creator
"creator::Copeland, Stacey","Copeland, Stacey",creator
"creator::Roberge, Andrew","Roberge, Andrew",creator
"creator::Sayers, Jentery","Sayers, Jentery",creator
"creator::Curtis, Nathalie","Curtis, Nathalie",creator
"creator::Stocklassa, Jan","Stocklassa, Jan",creator
"creator::Washburn, Kawai Strong","Washburn, Kawai Strong",creator
"creator::Rosenthal, Jason","Rosenthal, Jason",creator
"creator::Ien, Marci","Ien, Marci",creator
creator::Julia,Julia,creator
creator::Jo-Ann,Jo-Ann,creator
"creator::Wong, Danielle","Wong, Danielle",creator
creator::Alyssa,Alyssa,creator
"creator::Stahr, Celia","Stahr, Celia",creator
"creator::Petitjean, Marc","Petitjean, Marc",creator
"creator::Jaimes, Héctor","Jaimes, Héctor",creator
"creator::Tuer, Dot","Tuer, Dot",creator
"creator::Taylor, Yuval","Taylor, Yuval",creator
"creator::Shah, Sonia","Shah, Sonia",creator
"creator::Kwan, Jennifer","Kwan, Jennifer",creator
"creator::Shapland, Jenn","Shapland, Jenn",creator
"creator::Evaristo, Bernardine","Evaristo, Bernardine",creator
"creator::Moore, Susanna","Moore, Susanna",creator
"creator::McDiarmid, Jessica","McDiarmid, Jessica",creator
"creator::Whitman, Lorraine","Whitman, Lorraine",creator
"creator::Majumdar, Megha","Majumdar, Megha",creator
"creator::Broom, Sarah","Broom, Sarah",creator
"creator::Svensson, Patrik","Svensson, Patrik",creator
"creator::Vasil, Adria","Vasil, Adria",creator
"creator::Pandya, Parul","Pandya, Parul",creator
"creator::Kirkpatrick, Kate","Kirkpatrick, Kate",creator
"creator::Fulford, Sarah","Fulford, Sarah",creator
"creator::Moshfegh, Ottessa","Moshfegh, Ottessa",creator
"creator::Gevisser, Mark","Gevisser, Mark",creator
"creator::Rivera, Patria","Rivera, Patria",creator
"creator::Rivera, Joe","Rivera, Joe",creator
"creator::Chao, Lien","Chao, Lien",creator
"creator::Allen, Jess","Allen, Jess",creator
"creator::Susskind, Daniel","Susskind, Daniel",creator
"creator::Bednar, Vass","Bednar, Vass",creator
"creator::Vuong, Ocean","Vuong, Ocean",creator
"creator::Homer-Dixon, Thomas","Homer-Dixon, Thomas",creator
"creator::Wyatt, Kyle","Wyatt, Kyle",creator
"creator::Yip, Wendy","Yip, Wendy",creator
"creator::Wong, David","Wong, David",creator
"creator::Enns, Marlene","Enns, Marlene",creator
creator::Ada,Ada,creator
creator::Cynda,Cynda,creator
"creator::Cheung, Winnie","Cheung, Winnie",creator
"creator::Beauchesne, Nicholas","Beauchesne, Nicholas",creator
"creator::Rubery, Matthew","Rubery, Matthew",creator
"creator::Levy, Michelle","Levy, Michelle",creator
"creator::Massoud, Mena","Massoud, Mena",creator
"creator::Gondek, Jyoti","Gondek, Jyoti",creator
"creator::Poy, Justin","Poy, Justin",creator
"creator::Cho, Lin","Cho, Lin",creator
"creator::Chan, Leo","Chan, Leo",creator
"creator::Garrard, JF","Garrard, JF",creator
"creator::Cho, Allan","Cho, Allan",creator
creator::Eric,Eric,creator
"creator::Rubin, Jeff","Rubin, Jeff",creator
"creator::Paez, Beatrice","Paez, Beatrice",creator
"creator::Lundy, Susan","Lundy, Susan",creator
"creator::Mack, Katie","Mack, Katie",creator
"creator::Gad-Nasr, Sophia","Gad-Nasr, Sophia",creator
"creator::Piketty, Thomas","Piketty, Thomas",creator
"creator::Serrano, Ana","Serrano, Ana",creator
"creator::Sanders, Leslie","Sanders, Leslie",creator
"creator::Ashby, Madeline","Ashby, Madeline",creator
"creator::Gene Penner, Hayley","Gene Penner, Hayley",creator
"creator::Dwarka, Menon","Dwarka, Menon",creator
"creator::Smarsh, Sarah","Smarsh, Sarah",creator
"creator::Boesveld, Sarah","Boesveld, Sarah",creator
"creator::Macmillan, Margaret","Macmillan, Margaret",creator
"creator::Ahmad, Aidsha","Ahmad, Aidsha",creator
"creator::Schneller, Johanna","Schneller, Johanna",creator
"creator::Seager, Sara","Seager, Sara",creator
"creator::Hlozek, Renée","Hlozek, Renée",creator
"creator::Elmir, Sergio","Elmir, Sergio",creator
"creator::O'Driscoll, Michael J.","O'Driscoll, Michael J.",creator
"creator::Chambers, Treena","Chambers, Treena",creator
"creator::Arcand, Faye","Arcand, Faye",creator
"creator::Dyer, K. C.","Dyer, K. C.",creator
"creator::Rogers, Linda","Rogers, Linda",creator
"creator::Slade, Michael","Slade, Michael",creator
"creator::Taylor, Sylvia","Taylor, Sylvia",creator
"creator::Paulsen, David A.","Paulsen, David A.",creator
"creator::Evanovich, Janet","Evanovich, Janet",creator
"creator::Cha, Steph","Cha, Steph",creator
"creator::Chang, Alexandra","Chang, Alexandra",creator
"creator::Yang, Susie","Yang, Susie",creator
"creator::Furey, Andrew","Furey, Andrew",creator
"creator::Maskalyk, James","Maskalyk, James",creator
"creator::Wong, Teresa","Wong, Teresa",creator
"creator::Richards, David Adams","Richards, David Adams",creator
"creator::Cameron, Peter","Cameron, Peter",creator
"creator::Harvey, Ken","Harvey, Ken",creator
"creator::Hester, Sam","Hester, Sam",creator
"creator::Dyck, Eric","Dyck, Eric",creator
"creator::Springer, Nancy","Springer, Nancy",creator
"creator::LaDuchesse, Chloé","LaDuchesse, Chloé",creator
"creator::Reid, Kiley","Reid, Kiley",creator
"creator::Newman-Bremang, Kathleen","Newman-Bremang, Kathleen",creator
"creator::Brown, Ron","Brown, Ron",creator
"creator::Bowles,  Vickery","Bowles,  Vickery",creator
"creator::Tory, John","Tory, John",creator
"creator::Garvia, Bailey","Garvia, Bailey",creator
"creator::Daubs, Katie","Daubs, Katie",creator
"creator::Ainsley, Paul","Ainsley, Paul",creator
"creator::Kaufman, Frederick","Kaufman, Frederick",creator
"creator::Bolongaro, Kait","Bolongaro, Kait",creator
"creator::Brent, Stephen","Brent, Stephen",creator
"creator::Doyle, Alan","Doyle, Alan",creator
"creator::Apostol, Gina","Apostol, Gina",creator
"creator::Mapa, Lorina","Mapa, Lorina",creator
"creator::Clare, Kerry","Clare, Kerry",creator
"creator::Renzetti, Elizabeth","Renzetti, Elizabeth",creator
"creator::Davies, Lynn","Davies, Lynn",creator
"creator::Pacey, Michael","Pacey, Michael",creator
"creator::Bartlett, Andrew","Bartlett, Andrew",creator
"creator::Kristmanson, Mark","Kristmanson, Mark",creator
"creator::Bauer, John","Bauer, John",creator
"creator::Bauer, Grace","Bauer, Grace",creator
"creator::Birdsell-Bauer, Louise","Birdsell-Bauer, Louise",creator
"creator::Albert, Jenna Lyn","Albert, Jenna Lyn",creator
"creator::Lavoie, Sophie","Lavoie, Sophie",creator
"creator::Quintana, Pilar","Quintana, Pilar",creator
"creator::Dieudonné, Adeline","Dieudonné, Adeline",creator
"creator::Gammon, Carolyn","Gammon, Carolyn",creator
"creator::Paschen, Renée von","Paschen, Renée von",creator
"creator::Ward, Tristis","Ward, Tristis",creator
"creator::Alfa, Ismaila","Alfa, Ismaila",creator
"creator::Jin, Meng","Jin, Meng",creator
"creator::Lau, Jennifer","Lau, Jennifer",creator
"creator::Martinez, Pilar","Martinez, Pilar",creator
"creator::Minett, Barb","Minett, Barb",creator
"creator::Lorimer, Jim","Lorimer, Jim",creator
"creator::Rabinovitch, Victor","Rabinovitch, Victor",creator
"creator::Bellatín, Mario","Bellatín, Mario",creator
"creator::Alanis, Salvador","Alanis, Salvador",creator
"creator::Hopkinson, Nalo","Hopkinson, Nalo",creator
"creator::Martin, Lateef","Martin, Lateef",creator
"creator::Lord, Karen","Lord, Karen",creator
"creator::Trethewey, Jordan","Trethewey, Jordan",creator
"creator::St-Aubin, Bruno","St-Aubin, Bruno",creator
"creator::Doherty, Susan","Doherty, Susan",creator
"creator::Nixon, Lindsay","Nixon, Lindsay",creator
"creator::Brunette, Alison","Brunette, Alison",creator
"creator::Fagan, Carrie","Fagan, Carrie",creator
"creator::Laukkanen, Owen","Laukkanen, Owen",creator
"creator::Kiwanuka, Nam","Kiwanuka, Nam",creator
"creator::Kandasamy, Meena","Kandasamy, Meena",creator
"creator::Payne, Tamara","Payne, Tamara",creator
"creator::Hassan, Huda","Hassan, Huda",creator
"creator::Flushy, Clifton","Flushy, Clifton",creator
"creator::Gessen, Masha","Gessen, Masha",creator
"creator::Ruparelia, Sanjay","Ruparelia, Sanjay",creator
"creator::Tadjo, Véronique","Tadjo, Véronique",creator
"creator::Okot Bitek, Juliane","Okot Bitek, Juliane",creator
"creator::Dosani, Naheed","Dosani, Naheed",creator
"creator::Oloixarac, Pola","Oloixarac, Pola",creator
"creator::Fletcher, Raquel","Fletcher, Raquel",creator
"creator::Goldman, Brian","Goldman, Brian",creator
"creator::Solomon, Rachelle","Solomon, Rachelle",creator
"creator::Caron, Julia","Caron, Julia",creator
"creator::Boucher, Marianne","Boucher, Marianne",creator
creator::Melissa,Melissa,creator
"creator::Fleming, Jessica Lea","Fleming, Jessica Lea",creator
"creator::Gornick, Vivian","Gornick, Vivian",creator
"creator::Reichs, Kathy","Reichs, Kathy",creator
"creator::Fizzell, J.L.","Fizzell, J.L.",creator
"creator::Felicien, Perdita","Felicien, Perdita",creator
"creator::Browne, Catherine","Browne, Catherine",creator
"creator::Blair, Keisha","Blair, Keisha",creator
"creator::Khalidi, Rashid","Khalidi, Rashid",creator
"creator::Ferguson, Anne","Ferguson, Anne",creator
"creator::Larocque, JP","Larocque, JP",creator
"creator::Batalion, Judy","Batalion, Judy",creator
"creator::Mbue, Imbolo","Mbue, Imbolo",creator
"creator::Mitchell, Alanna","Mitchell, Alanna",creator
"creator::Busch, Akiko","Busch, Akiko",creator
"creator::Bowles, Vickery","Bowles, Vickery",creator
"creator::Shrier, Howard","Shrier, Howard",creator
"creator::King, Katherine","King, Katherine",creator
"creator::Rodríguez, Reina María","Rodríguez, Reina María",creator
"creator::Hart, Carl","Hart, Carl",creator
"creator::Owusu-Bempah, Akwasi","Owusu-Bempah, Akwasi",creator
"creator::Ansari, Saleem","Ansari, Saleem",creator
"creator::Hedderwick, John","Hedderwick, John",creator
"creator::Jacob, Juliette Blake","Jacob, Juliette Blake",creator
"creator::Receno, Tasha","Receno, Tasha",creator
creator::ecoaborijanelle,ecoaborijanelle,creator
creator::MelVee X,MelVee X,creator
"creator::Coulson, Christine","Coulson, Christine",creator
"creator::Mattick, Lindsay","Mattick, Lindsay",creator
"creator::Scott, Martha","Scott, Martha",creator
"creator::O'Reilly, Gillian","O'Reilly, Gillian",creator
"creator::Hertz, Barry ‎","Hertz, Barry ‎",creator
"creator::Fan, Kit","Fan, Kit",creator
"creator::Nesteroff, Kliph","Nesteroff, Kliph",creator
"creator::McMahon, Ryan","McMahon, Ryan",creator
"creator::Palmater, Candy","Palmater, Candy",creator
"creator::Fontaine, Tim","Fontaine, Tim",creator
"creator::Bear, Tracy","Bear, Tracy",creator
"creator::Campbell, Tenille","Campbell, Tenille",creator
"creator::Turow, Joseph","Turow, Joseph",creator
"creator::Rutherfurd, Edward","Rutherfurd, Edward",creator
"creator::Chiu, Joanna","Chiu, Joanna",creator
"creator::Clement, Tanya E.","Clement, Tanya E.",creator
"creator::Brock, Teddie","Brock, Teddie",creator
creator::Veracity,Veracity,creator
creator::Liberty Skye,Liberty Skye,creator
"creator::Aitken, Neil","Aitken, Neil",creator
"creator::Graefe, Sara","Graefe, Sara",creator
"creator::McCown, Mary","McCown, Mary",creator
"creator::Sandilands, Catriona","Sandilands, Catriona",creator
"creator::Soubry, Bernard","Soubry, Bernard",creator
"creator::Szabo-Jones, Lisa","Szabo-Jones, Lisa",creator
"creator::Pureswaran, Deepa","Pureswaran, Deepa",creator
"creator::Bezmozgis, David","Bezmozgis, David",creator
"creator::Johnson, Maya","Johnson, Maya",creator
"creator::Heinerth, Jill","Heinerth, Jill",creator
"creator::Black, Peter","Black, Peter",creator
"creator::Yi, Melissa","Yi, Melissa",creator
"creator::Authier, Phil","Authier, Phil",creator
"creator::Cowan, T. L.","Cowan, T. L.",creator
"creator::Razlogova, Elena","Razlogova, Elena",creator
"creator::Fox, Kim","Fox, Kim",creator
"creator::Marlatt, Daphne","Marlatt, Daphne",creator
"creator::Itter, Carole","Itter, Carole",creator
"creator::Clark, Moe","Clark, Moe",creator
"creator::Moffatt, Kate","Moffatt, Kate",creator
"creator::Sharren, Kandice","Sharren, Kandice",creator
"creator::Carpenter, Craig","Carpenter, Craig",creator
"creator::Giovannoni, David","Giovannoni, David",creator
"creator::Hynes, Ben","Hynes, Ben",creator
"creator::Bloom, Myra","Bloom, Myra",creator
"creator::MacLeod, Katherine","MacLeod, Katherine",creator
"creator::Wilson, Michelle","Wilson, Michelle",creator
"creator::MacLellan, Ainslie","MacLellan, Ainslie",creator
"creator::Juby, Susan","Juby, Susan",creator
"creator::Grescoe, Taras","Grescoe, Taras",creator
"creator::Hamon, Max","Hamon, Max",creator
"creator::Fyson, Donald","Fyson, Donald",creator
"creator::Kingwell, Mark","Kingwell, Mark",creator
"creator::Authier, Philip","Authier, Philip",creator
"creator::Pepall, Rosalind","Pepall, Rosalind",creator
"creator::Bolduc, Mo","Bolduc, Mo",creator
"creator::Thottungal, Joe","Thottungal, Joe",creator
"creator::Leclerc, Héloïse","Leclerc, Héloïse",creator
"creator::Kopley, Emily","Kopley, Emily",creator
"creator::Little, Geoffrey","Little, Geoffrey",creator
"creator::Kim, Christine","Kim, Christine",creator
"creator::Ricci, Stephanie","Ricci, Stephanie",creator
"creator::Girouard, Scott Girouard","Girouard, Scott Girouard",creator
"creator::Morra, Linda","Morra, Linda",creator
creator::Sarah Feldman,Sarah Feldman,creator
creator::Joshua Levy,Joshua Levy,creator
"creator::Sarna, Lazar","Sarna, Lazar",creator
"creator::King, Richard","King, Richard",creator
"creator::Biskin, Karen","Biskin, Karen",creator
"creator::Naves, Elaine Kalman","Naves, Elaine Kalman",creator
"creator::Yanofsky, Joel","Yanofsky, Joel",creator
"creator::McEwan, Ian","McEwan, Ian",creator
"creator::Yachnin, Paul","Yachnin, Paul",creator
"creator::Peters, Brian M","Peters, Brian M",creator
"creator::Frutkin, Mark","Frutkin, Mark",creator
"creator::Anctil, Pierre","Anctil, Pierre",creator
"creator::Reichl, Ruth","Reichl, Ruth",creator
"creator::Simon, Sherry","Simon, Sherry",creator
"creator::Ressina, Maria","Ressina, Maria",creator
creator::http://viaf.org/viaf/49736821,http://viaf.org/viaf/49736821,creator
"creator::Rojinski, Arnold","Rojinski, Arnold",creator
"creator::Ravvin, Norman","Ravvin, Norman",creator
"creator::Goldsmith-Reber, Trudis Elisabeth","Goldsmith-Reber, Trudis Elisabeth",creator
"creator::Cohen, Yolande","Cohen, Yolande",creator
"creator::Soffer, Virginie","Soffer, Virginie",creator
"creator::Soderstrom, Mary","Soderstrom, Mary",creator
creator::John,John,creator
"creator::Lipsyc, Sonia-Sarah","Lipsyc, Sonia-Sarah",creator
creator::http://viaf.org/viaf/59401203,http://viaf.org/viaf/59401203,creator
"creator::Morgentaler, Goldie","Morgentaler, Goldie",creator
creator::Raizel (?),Raizel (?),creator
"creator::Moyes, Jojo","Moyes, Jojo",creator
"creator::Rosen, Delores","Rosen, Delores",creator
"creator::Rothman, Claire Holden","Rothman, Claire Holden",creator
"creator::Rooney, Sally","Rooney, Sally",creator
"creator::Lehrer, Alice Becker","Lehrer, Alice Becker",creator
"creator::Gottlieb, Lori","Gottlieb, Lori",creator
"creator::Moltke, Helmuth von","Moltke, Helmuth von",creator
"creator::Crelinsten, Michael","Crelinsten, Michael",creator
"creator::Levitin, Daniel","Levitin, Daniel",creator
"creator::Munroe-Blum, Heather","Munroe-Blum, Heather",creator
"creator::Tuil, Karine","Tuil, Karine",creator
"creator::Lamontagne, Marie-Andrée","Lamontagne, Marie-Andrée",creator
"creator::Dowson, Anne Lagacé","Dowson, Anne Lagacé",creator
"creator::Ing, Elis","Ing, Elis",creator
"creator::Udel, Miriam","Udel, Miriam",creator
"creator::Gonshor, Anna Fishman","Gonshor, Anna Fishman",creator
"creator::Finkelman, Yoel","Finkelman, Yoel",creator
"creator::Paul, Eddie","Paul, Eddie",creator
"creator::Batalion, Julie","Batalion, Julie",creator
"creator::Saad, Gad","Saad, Gad",creator
"creator::Kay, Barbara","Kay, Barbara",creator
"creator::Pomerance, Shelley","Pomerance, Shelley",creator
"creator::Allen-Shore, Lena","Allen-Shore, Lena",creator
"creator::Shore, Jacques J. M.","Shore, Jacques J. M.",creator
"creator::Sánchez, Alberto Ruy","Sánchez, Alberto Ruy",creator
"creator::Nopca, Jordi","Nopca, Jordi",creator
"creator::Fernandes, Miriam","Fernandes, Miriam",creator
"creator::Tapper, Jake","Tapper, Jake",creator
"creator::Garcia, Gabriela","Garcia, Gabriela",creator
"creator::Larson, Erik","Larson, Erik",creator
"creator::Brown, Jeffrey","Brown, Jeffrey",creator
"creator::Robinson, Ira","Robinson, Ira",creator
"creator::Chajes, Yossi","Chajes, Yossi",creator
"creator::Maitland, Crystal","Maitland, Crystal",creator
"creator::Stone, Eddie","Stone, Eddie",creator
"creator::Hashimi, Nadia","Hashimi, Nadia",creator
"creator::Ehrentreu, Chanie","Ehrentreu, Chanie",creator
"creator::Sasson, Vanessa","Sasson, Vanessa",creator
"creator::Sigalow, Emily","Sigalow, Emily",creator
"creator::Wisse, Ruth","Wisse, Ruth",creator
"creator::Raby, Eva Roskies","Raby, Eva Roskies",creator
"creator::Chabon, Michael","Chabon, Michael",creator
"creator::Legacé Dowson, Anne","Legacé Dowson, Anne",creator
"creator::Slepchik, Arlene","Slepchik, Arlene",creator
"creator::Grossman, David","Grossman, David",creator
"creator::Halevi-Wise, Yael","Halevi-Wise, Yael",creator
"creator::Shandler, Jeffrey","Shandler, Jeffrey",creator
"creator::Baker, Zachary M","Baker, Zachary M",creator
"creator::Jessen, Caroline","Jessen, Caroline",creator
"creator::Zenatti, Valérie","Zenatti, Valérie",creator
"creator::Ringuet, Chantal","Ringuet, Chantal",creator
"creator::Pinker, Steven","Pinker, Steven",creator
"creator::Davis, Fiona","Davis, Fiona",creator
"creator::Willet, Edward","Willet, Edward",creator
"creator::Pallagi, Elise","Pallagi, Elise",creator
"creator::Beaucage, Marjorie","Beaucage, Marjorie",creator
creator::Javelin,Javelin,creator
"creator::Parker, Arianna","Parker, Arianna",creator
"creator::Just, Delane","Just, Delane",creator
"creator::Canon, Ian","Canon, Ian",creator
"creator::Prodaniuk, Aliza","Prodaniuk, Aliza",creator
"creator::Moore, Andrea","Moore, Andrea",creator
"creator::Larsen, Mitchell","Larsen, Mitchell",creator
"creator::Thomas, Leigh","Thomas, Leigh",creator
"creator::Bell, Jillian","Bell, Jillian",creator
"creator::Waiser, Bill","Waiser, Bill",creator
"creator::Salloum, Habeeb","Salloum, Habeeb",creator
"creator::Al Soua, Wafaa","Al Soua, Wafaa",creator
"creator::Cormack, Jay","Cormack, Jay",creator
"creator::Ford, Scott A.","Ford, Scott A.",creator
"creator::Sunshine Bunch, The","Sunshine Bunch, The",creator
"creator::Stoller, Matt","Stoller, Matt",creator
"creator::Haberstroh, Ali","Haberstroh, Ali",creator
"creator::Oleksuik, Tanya","Oleksuik, Tanya",creator
"creator::Burnett, Richard Bugs","Burnett, Richard Bugs",creator
"creator::Kenner, Rob","Kenner, Rob",creator
"creator::Cowie, Del F","Cowie, Del F",creator
"creator::MacGillis, Alec","MacGillis, Alec",creator
"creator::Tiessen, Kaylie","Tiessen, Kaylie",creator
"creator::Taddeo, Lisa","Taddeo, Lisa",creator
"creator::Dundas, Debrah","Dundas, Debrah",creator
"creator::Ide, Joe","Ide, Joe",creator
"creator::Nolan, Megan","Nolan, Megan",creator
"creator::Patterson, Steve","Patterson, Steve",creator
"creator::Davis, Kate","Davis, Kate",creator
"creator::Arnett, Kristen","Arnett, Kristen",creator
"creator::Wagar, Jason","Wagar, Jason",creator
"creator::King, Ross","King, Ross",creator
"creator::King, Crystal","King, Crystal",creator
"creator::Arudpragasam, Anuk","Arudpragasam, Anuk",creator
"creator::Cader, Fathima","Cader, Fathima",creator
"creator::McCarthy, Jesse","McCarthy, Jesse",creator
"creator::McNamara, Rea","McNamara, Rea",creator
"creator::Wang, Xiaowei","Wang, Xiaowei",creator
"creator::Aman, Tahmima","Aman, Tahmima",creator
"creator::Nichols, Tom","Nichols, Tom",creator
"creator::Dundas, Deb","Dundas, Deb",creator
"creator::Colley, Linda","Colley, Linda",creator
"creator::Brayne, Sarah","Brayne, Sarah",creator
"creator::Farha, Leilani","Farha, Leilani",creator
"creator::Jobb, Dean","Jobb, Dean",creator
"creator::Brown, Natasha","Brown, Natasha",creator
"creator::Schulman, Sarah","Schulman, Sarah",creator
"creator::Coffin, Judith G.","Coffin, Judith G.",creator
"creator::Power, Elaine","Power, Elaine",creator
"creator::Kapoor, Garima Talwar","Kapoor, Garima Talwar",creator
"creator::Scoffield, Heather","Scoffield, Heather",creator
"creator::Ferris, Joshua","Ferris, Joshua",creator
"creator::Taylor, Charles","Taylor, Charles",creator
"creator::York, Jillian","York, Jillian",creator
"creator::Stevens, Yuan","Stevens, Yuan",creator
"creator::Lang, Luc","Lang, Luc",creator
"creator::Heminway, Annie","Heminway, Annie",creator
"creator::Sparks, Nicholas","Sparks, Nicholas",creator
"creator::Truong, Monique","Truong, Monique",creator
"creator::Bagusche, Frauke","Bagusche, Frauke",creator
"creator::Lagacé-Dowson, Anne","Lagacé-Dowson, Anne",creator
"creator::Teed, Dan","Teed, Dan",creator
"creator::Anaquod, Courtney-Dawn","Anaquod, Courtney-Dawn",creator
"creator::Bouvier, Rita","Bouvier, Rita",creator
"creator::Arcand, John","Arcand, John",creator
"creator::Innes, Robert Alexander","Innes, Robert Alexander",creator
"creator::Lafond, Mika","Lafond, Mika",creator
"creator::Skjeie, Cooper","Skjeie, Cooper",creator
"creator::Dorion, Leah","Dorion, Leah",creator
"creator::Johnson, Harold","Johnson, Harold",creator
"creator::Naytowhow, Joseph","Naytowhow, Joseph",creator
"creator::Hayden, Ashley","Hayden, Ashley",creator
"creator::Gereaux, Tara","Gereaux, Tara",creator
"creator::Oscienny, Karis","Oscienny, Karis",creator
"creator::Desjarlais, Joseph","Desjarlais, Joseph",creator
"creator::Linklater, Teresa","Linklater, Teresa",creator
"creator::Charlette, Colleen","Charlette, Colleen",creator
"creator::Sunchild-Peterson, Debbie","Sunchild-Peterson, Debbie",creator
"creator::Pewapsconias, Janelle","Pewapsconias, Janelle",creator
"creator::Charlotte, Colleen","Charlotte, Colleen",creator
"creator::Scramstad, Liam","Scramstad, Liam",creator
"creator::Bishop, Jennifer Dawn","Bishop, Jennifer Dawn",creator
"creator::Walton, Jack","Walton, Jack",creator
"creator::Bartzen, Della","Bartzen, Della",creator
"creator::Ratt, Solomon","Ratt, Solomon",creator
"creator::Buck, Wilfred","Buck, Wilfred",creator
"creator::Baker, Marie Annharte","Baker, Marie Annharte",creator
"creator::Pésémapéo Bordeleau, Virginia","Pésémapéo Bordeleau, Virginia",creator
"creator::Monnet, Émilie","Monnet, Émilie",creator
"creator::Bradette, Marie-Ève","Bradette, Marie-Ève",creator
"creator::Kurtness, J. D.","Kurtness, J. D.",creator
"creator::Picard-Sioui, Louis-Karl","Picard-Sioui, Louis-Karl",creator
"creator::Durand, Yves Sioui","Durand, Yves Sioui",creator
"creator::Sioui, Jean","Sioui, Jean",creator
"creator::Picard, Yolande Okia","Picard, Yolande Okia",creator
"creator::Bacon, Joséphine","Bacon, Joséphine",creator
"creator::Collin, Julie","Collin, Julie",creator
"creator::Obomsawin, Diane","Obomsawin, Diane",creator
"creator::Michael, Shayne","Michael, Shayne",creator
"creator::Raud, Pascal","Raud, Pascal",creator
"creator::Caravecchia, Emilie Sarah","Caravecchia, Emilie Sarah",creator
"creator::Major, Mélissa","Major, Mélissa",creator
"creator::Fontaine, Naomi","Fontaine, Naomi",creator
"creator::Janssen, Jessica","Janssen, Jessica",creator
"creator::Huberman, Isabella","Huberman, Isabella",creator
"creator::Couture Grondin, Élise","Couture Grondin, Élise",creator
"creator::Tremblay, Pierrot Ross","Tremblay, Pierrot Ross",creator
"creator::Burelle, Julie","Burelle, Julie",creator
"creator::Sioui Durand, Yves","Sioui Durand, Yves",creator
"creator::Côté, Jean-François","Côté, Jean-François",creator
"creator::Paul, Daniel","Paul, Daniel",creator
"creator::Cyr, Jean-François","Cyr, Jean-François",creator
"creator::Nicolas, Sylvie","Nicolas, Sylvie",creator
"creator::Godbout, Sabryna","Godbout, Sabryna",creator
"creator::Dufour, Emanuelle","Dufour, Emanuelle",creator
"creator::Vollant, Jeanne D'Arc","Vollant, Jeanne D'Arc",creator
"creator::Levesque Sioui, Andrée","Levesque Sioui, Andrée",creator
"creator::Sioui Wawanoloath, Christine","Sioui Wawanoloath, Christine",creator
"creator::Perkins, Félix","Perkins, Félix",creator
"creator::Purue, Odile","Purue, Odile",creator
"creator::Chaze, Ra'i","Chaze, Ra'i",creator
"creator::Bertrand, Nahka","Bertrand, Nahka",creator
"creator::Sioui Durand, Guy","Sioui Durand, Guy",creator
"creator::Bacon, Uasheshkun","Bacon, Uasheshkun",creator
"creator::Chilton, Eruoma Ottawa","Chilton, Eruoma Ottawa",creator
"creator::Rock, Kathia","Rock, Kathia",creator
"creator::Vallée, Marc","Vallée, Marc",creator
"creator::Cisneros, Domingo","Cisneros, Domingo",creator
"creator::Helme, Danièle-Taoahere","Helme, Danièle-Taoahere",creator
"creator::Scott, Walter","Scott, Walter",creator
"creator::Sioui, Jocelyn","Sioui, Jocelyn",creator
"creator::O’Bomsawin, Nicole","O’Bomsawin, Nicole",creator
"creator::Sioui-Durand, Yves","Sioui-Durand, Yves",creator
"creator::Bender, Charles","Bender, Charles",creator
"creator::Lévesque Sioui, Andrée","Lévesque Sioui, Andrée",creator
"creator::Cottinet, Marie-Loup","Cottinet, Marie-Loup",creator
"creator::Wylde, Cyndy","Wylde, Cyndy",creator
"creator::Bacon, Katia","Bacon, Katia",creator
"creator::Ottawa, Janis","Ottawa, Janis",creator
"creator::Kanapé Fontaine, Natasha","Kanapé Fontaine, Natasha",creator
"creator::Labarre, Carol","Labarre, Carol",creator
"creator::Boucher, Fiorella","Boucher, Fiorella",creator
"creator::Wabush, Pierre","Wabush, Pierre",creator
"creator::Ottawa, Nicolas","Ottawa, Nicolas",creator
"creator::Picard, Isabelle","Picard, Isabelle",creator
"creator::Morali, Laure","Morali, Laure",creator
"creator::Patrie, Daria","Patrie, Daria",creator
"creator::Cramer, David","Cramer, David",creator
"creator::Botha, Danie","Botha, Danie",creator
"creator::Dutfield, Andy","Dutfield, Andy",creator
"creator::Sweatman, Margaret","Sweatman, Margaret",creator
"creator::Lange, Barbara","Lange, Barbara",creator
creator::http://viaf.org/viaf/32011503,http://viaf.org/viaf/32011503,creator
"creator::Dutchyshen, Gaylene","Dutchyshen, Gaylene",creator
"creator::Hore, Ron","Hore, Ron",creator
"creator::Whiteway, Doug","Whiteway, Doug",creator
"creator::Benison, C. C.","Benison, C. C.",creator
"creator::Redekop, Magdalene","Redekop, Magdalene",creator
"creator::Monkman, Lenard","Monkman, Lenard",creator
"creator::Rae, Lara","Rae, Lara",creator
"creator::Kolesar, Slavka","Kolesar, Slavka",creator
"creator::Verstraete, Larry","Verstraete, Larry",creator
"creator::Komus, Matthew","Komus, Matthew",creator
"creator::Rutkowski, Chris","Rutkowski, Chris",creator
"creator::Gaudet, L.V.","Gaudet, L.V.",creator
"creator::Huson, Brett D.","Huson, Brett D.",creator
"creator::O'Rourke, Darla-Jean","O'Rourke, Darla-Jean",creator
"creator::Cook, Judy","Cook, Judy",creator
"creator::Coates, Dana","Coates, Dana",creator
"creator::Bridgman, Rae","Bridgman, Rae",creator
"creator::Valdron, Den","Valdron, Den",creator
"creator::Hamilton, Sharon","Hamilton, Sharon",creator
"creator::Needham, Merrilee","Needham, Merrilee",creator
"creator::Ditson, D. M.","Ditson, D. M.",creator
"creator::Scarrow, Kristine","Scarrow, Kristine",creator
"creator::Ledwell, Jane","Ledwell, Jane",creator
"creator::Kain, Stephanie, aka Mikayne, Stevie","Kain, Stephanie, aka Mikayne, Stevie",creator
"creator::Bull, Julie","Bull, Julie",creator
"creator::Dykerman, Sarah","Dykerman, Sarah",creator
"creator::Dingwell, Patsy","Dingwell, Patsy",creator
"creator::Rioux, Anne-Marie","Rioux, Anne-Marie",creator
"creator::Larsen, Patti","Larsen, Patti",creator
"creator::Pellissier-Lush, Julie","Pellissier-Lush, Julie",creator
"creator::Jordan Ross, Heather","Jordan Ross, Heather",creator
"creator::Flores, C. E.","Flores, C. E.",creator
"creator::Shaw, Justin","Shaw, Justin",creator
"creator::MacDonald, Michelle","MacDonald, Michelle",creator
"creator::Ajao, Pelumi","Ajao, Pelumi",creator
"creator::Iwunwa, Elizabeth","Iwunwa, Elizabeth",creator
"creator::Bulger, Terrilee","Bulger, Terrilee",creator
"creator::Flood, John","Flood, John",creator
"creator::Loughlin, Genevieve","Loughlin, Genevieve",creator
"creator::Mayne, Lori","Mayne, Lori",creator
"creator::Bradley, Shaun","Bradley, Shaun",creator
"creator::Burgoyne, Keith","Burgoyne, Keith",creator
"creator::McCallum, Kirstie","McCallum, Kirstie",creator
"creator::Lund, Kirstin","Lund, Kirstin",creator
"creator::Robinson, Bill","Robinson, Bill",creator
"creator::Gerbeza, Tea","Gerbeza, Tea",creator
"creator::Slind, Theressa","Slind, Theressa",creator
"creator::Cooley, Pat","Cooley, Pat",creator
"creator::Hampton, Ian","Hampton, Ian",creator
"creator::Walker, Caroline","Walker, Caroline",creator
"creator::Kohlman, Renée","Kohlman, Renée",creator
"creator::Sharp, Jenn","Sharp, Jenn",creator
"creator::Philips, Elizabeth","Philips, Elizabeth",creator
"creator::Driver, Deana J.","Driver, Deana J.",creator
"creator::Haigh, Jerry","Haigh, Jerry",creator
"creator::Lorer, Danica","Lorer, Danica",creator
"creator::Irvine, Stacy","Irvine, Stacy",creator
"creator::Irvine, Tim","Irvine, Tim",creator
creator::Ibonic,Ibonic,creator
creator::Parab Poet,Parab Poet,creator
creator::Eekwol,Eekwol,creator
"creator::River, Jordan","River, Jordan",creator
"creator::King, Cecil","King, Cecil",creator
"creator::Boyd, Debbie","Boyd, Debbie",creator
"creator::Wilcox, Brad","Wilcox, Brad",creator
"creator::Beecroft, Joan","Beecroft, Joan",creator
"creator::McGregor, Al","McGregor, Al",creator
"creator::Visconti, Gian Marco","Visconti, Gian Marco",creator
"creator::Aguirre, Ana Ruiz","Aguirre, Ana Ruiz",creator
"creator::Ortiz Moore, Antolina","Ortiz Moore, Antolina",creator
"creator::Leite, Laury","Leite, Laury",creator
"creator::Campbell, Tenille K","Campbell, Tenille K",creator
"creator::Robinson, Shima A","Robinson, Shima A",creator
"creator::di Cintio, Marcello","di Cintio, Marcello",creator
"creator::Samarasekera, Indira","Samarasekera, Indira",creator
"creator::Piper, Martha","Piper, Martha",creator
"creator::Raybould, Jody-Wilson","Raybould, Jody-Wilson",creator
"creator::McCarthy, Tara","McCarthy, Tara",creator
"creator::Wood, Alex","Wood, Alex",creator
"creator::Heath, Ellie","Heath, Ellie",creator
"creator::Disele, Lebogang","Disele, Lebogang",creator
"creator::Sjolie, Autumn","Sjolie, Autumn",creator
"creator::Loiselle, Annette","Loiselle, Annette",creator
"creator::Dasmohapatra, Soni","Dasmohapatra, Soni",creator
"creator::Vitale, Tom","Vitale, Tom",creator
"creator::Hingston, Michael","Hingston, Michael",creator
"creator::Jones, Chris","Jones, Chris",creator
"creator::Campbell, Twyla","Campbell, Twyla",creator
"creator::Mithrush, Fawnda","Mithrush, Fawnda",creator
"creator::Allen, Jayne","Allen, Jayne",creator
"creator::Greenidge, Kaitlyn","Greenidge, Kaitlyn",creator
"creator::Chancy, Myriam","Chancy, Myriam",creator
"creator::Edim, Glory","Edim, Glory",creator
"creator::Doerr, Anthony","Doerr, Anthony",creator
"creator::Aswany, Alaa Al","Aswany, Alaa Al",creator
"creator::Ayed, Nahlah","Ayed, Nahlah",creator
"creator::Boccaletti, Giulio","Boccaletti, Giulio",creator
"creator::Johnson, Steven","Johnson, Steven",creator
"creator::Gismondi, Melissa","Gismondi, Melissa",creator
"creator::Craig, Charmaine","Craig, Charmaine",creator
"creator::Hobson, Brandon","Hobson, Brandon",creator
"creator::Dewar, Elaine","Dewar, Elaine",creator
"creator::Cho, Zen","Cho, Zen",creator
"creator::Tidhar, Lavie","Tidhar, Lavie",creator
"creator::Montell, Amanda","Montell, Amanda",creator
"creator::Tanenhaus, Sam","Tanenhaus, Sam",creator
"creator::Cowart, Leigh","Cowart, Leigh",creator
"creator::Potter, Andrew","Potter, Andrew",creator
"creator::Bardeesy, Karim","Bardeesy, Karim",creator
"creator::de Kerangal, Maylis","de Kerangal, Maylis",creator
"creator::Hemingway, Annie","Hemingway, Annie",creator
"creator::Etizaz, Saba","Etizaz, Saba",creator
"creator::Besora, Max","Besora, Max",creator
"creator::Louie, Clarence","Louie, Clarence",creator
"creator::Jaffrelot, Christophe","Jaffrelot, Christophe",creator
"creator::Ghosh, Amitav","Ghosh, Amitav",creator
"creator::Lagacé Dowson, Anne","Lagacé Dowson, Anne",creator
"creator::Graham Jones, Stephen","Graham Jones, Stephen",creator
"creator::Nutall-Smith, Chris","Nutall-Smith, Chris",creator
"creator::Tannahill, Jordan","Tannahill, Jordan",creator
"creator::Marche, Stephen","Marche, Stephen",creator
"creator::Hedges, Chris","Hedges, Chris",creator
"creator::Ignatieff, Michael","Ignatieff, Michael",creator
"creator::Rustad, Harley","Rustad, Harley",creator
"creator::Shetler, Justin Alexander","Shetler, Justin Alexander",creator
"creator::Woo, Andrea","Woo, Andrea",creator
"creator::Law, Nathan","Law, Nathan",creator
"creator::Davis, Lydia","Davis, Lydia",creator
"creator::Jurczyk, Eva","Jurczyk, Eva",creator
"creator::Galgut, Damon","Galgut, Damon",creator
"creator::Downing, David","Downing, David",creator
"creator::Callahan, Patti","Callahan, Patti",creator
"creator::Lamb, Rebekah","Lamb, Rebekah",creator
"creator::Andrews, V.C.","Andrews, V.C.",creator
"creator::Neiderman, Andrew","Neiderman, Andrew",creator
"creator::Ahuja, Anjana","Ahuja, Anjana",creator
"creator::Vickers, Roy Henry","Vickers, Roy Henry",creator
"creator::Clifford, Mark L.","Clifford, Mark L.",creator
"creator::Sairafi, Negin","Sairafi, Negin",creator
"creator::Charnas, Dan","Charnas, Dan",creator
creator::Wan,Wan,creator
"creator::James, Marlon","James, Marlon",creator
"creator::Webb, Amy","Webb, Amy",creator
"creator::Hessel, Andrew","Hessel, Andrew",creator
"creator::Ghosh, Jayati","Ghosh, Jayati",creator
"creator::Davis, Angela","Davis, Angela",creator
"creator::Savage, Dan","Savage, Dan",creator
"creator::Burnett, Richard","Burnett, Richard",creator
"creator::Foo, Stephanie","Foo, Stephanie",creator
"creator::Shepherd, Michelle","Shepherd, Michelle",creator
"creator::Dimnik, Michelle","Dimnik, Michelle",creator
"creator::Azad, Nafiza","Azad, Nafiza",creator
"creator::Ouriou, Susan","Ouriou, Susan",creator
"creator::Bordeleau, Virginia Pésémapéo","Bordeleau, Virginia Pésémapéo",creator
"creator::Chartrand, Shane","Chartrand, Shane",creator
"creator::Sawyer, Robert J","Sawyer, Robert J",creator
"creator::Stone, Danika","Stone, Danika",creator
"creator::Heavy Shield, Hali","Heavy Shield, Hali",creator
"creator::Heavy Shield, Faye","Heavy Shield, Faye",creator
"creator::Weasel Head, Amber","Weasel Head, Amber",creator
"creator::John-Kehewin, Jamie","John-Kehewin, Jamie",creator
"creator::Mai’stoistowaakii, Sheena Potts","Mai’stoistowaakii, Sheena Potts",creator
"creator::Victoria, Emily","Victoria, Emily",creator
"creator::Thiessen, Hannah","Thiessen, Hannah",creator
"creator::Goerz, Gillian","Goerz, Gillian",creator
"creator::Pheasant-Neganigwane, Karen","Pheasant-Neganigwane, Karen",creator
"creator::Phillipe, Ben","Phillipe, Ben",creator
"creator::Khan, Sabina","Khan, Sabina",creator
"creator::Onomé, Louisa","Onomé, Louisa",creator
"creator::Lui, Trevor","Lui, Trevor",creator
"creator::Dynamites, Francheska","Dynamites, Francheska",creator
"creator::First Rider, Sheldon","First Rider, Sheldon",creator
"creator::Little Mustache, Mary Ellen","Little Mustache, Mary Ellen",creator
"creator::Bearhead, Charlene","Bearhead, Charlene",creator
"creator::Bearhead, Wilson","Bearhead, Wilson",creator
"creator::Penner, Lyndon","Penner, Lyndon",creator
"creator::Conn, Heather","Conn, Heather",creator
"creator::Tschoban, Jennie","Tschoban, Jennie",creator
"creator::Huber, Bruno","Huber, Bruno",creator
"creator::Rempel, Al","Rempel, Al",creator
"creator::Haley, Heather","Haley, Heather",creator
"creator::Cragg, Carys","Cragg, Carys",creator
"creator::Hurdle, Crystal","Hurdle, Crystal",creator
"creator::Rosnau, Laisha","Rosnau, Laisha",creator
"creator::Cole, Jessica","Cole, Jessica",creator
"creator::Brody, Jessica","Brody, Jessica",creator
"creator::Eve, DK","Eve, DK",creator
"creator::Bottomley, Jim","Bottomley, Jim",creator
"creator::Clay, dl","Clay, dl",creator
"creator::Davies, Nancy","Davies, Nancy",creator
"creator::Herring, W. M.","Herring, W. M.",creator
"creator::Lambert, D.","Lambert, D.",creator
"creator::Mayers, Joké L.","Mayers, Joké L.",creator
"creator::Knox, V.","Knox, V.",creator
"creator::Reichheld, David","Reichheld, David",creator
"creator::McLeod, Vicki","McLeod, Vicki",creator
"creator::Smart, Christine","Smart, Christine",creator
"creator::Hackinen, Meaghan","Hackinen, Meaghan",creator
"creator::Quon, Sally","Quon, Sally",creator
"creator::Kriete, Marilyn","Kriete, Marilyn",creator
"creator::Thorimbert, Lindsay","Thorimbert, Lindsay",creator
"creator::Wood, Faith","Wood, Faith",creator
"creator::Frid, Alejandro","Frid, Alejandro",creator
"creator::Fernandez, Raoul","Fernandez, Raoul",creator
"creator::John-Kehewin, Wanda","John-Kehewin, Wanda",creator
"creator::Key, Jessica","Key, Jessica",creator
"creator::Mortensen, Bryan","Mortensen, Bryan",creator
"creator::MacIsaac, Dan","MacIsaac, Dan",creator
"creator::Sarojini Saklikar, Renée","Sarojini Saklikar, Renée",creator
"creator::Sims, Andrew","Sims, Andrew",creator
"creator::Watson, Cristy","Watson, Cristy",creator
"creator::Kozak, Ruth","Kozak, Ruth",creator
"creator::Kilawna, Kelsie","Kilawna, Kelsie",creator
"creator::Gaia, Sita","Gaia, Sita",creator
"creator::Douglas, Angela","Douglas, Angela",creator
"creator::Farrant, M.A.C","Farrant, M.A.C",creator
"creator::Siebert, Melanie","Siebert, Melanie",creator
"creator::Brown, David","Brown, David",creator
"creator::Adolph, Valerie","Adolph, Valerie",creator
"creator::Matthews, Carol","Matthews, Carol",creator
"creator::Scott, Daniel G","Scott, Daniel G",creator
"creator::James, Terrance","James, Terrance",creator
"creator::Engelson, Bill","Engelson, Bill",creator
"creator::Miller, Janet","Miller, Janet",creator
"creator::Ashley, Marlet","Ashley, Marlet",creator
"creator::Lalonde, Michael","Lalonde, Michael",creator
"creator::Wakarchuk, Victor","Wakarchuk, Victor",creator
"creator::DyckFehderau, Ruth","DyckFehderau, Ruth",creator
"creator::Lee, Justin","Lee, Justin",creator
"creator::Milliman, Hayley","Milliman, Hayley",creator
"creator::Warrior, M. C.","Warrior, M. C.",creator
"creator::Camia, Shirley","Camia, Shirley",creator
"creator::DeGaine, Lauren Elle","DeGaine, Lauren Elle",creator
"creator::Olsen, Emily","Olsen, Emily",creator
"creator::Mann, Murray","Mann, Murray",creator
"creator::Wayland, Tom","Wayland, Tom",creator
"creator::Marshall Flaherty, Kate","Marshall Flaherty, Kate",creator
"creator::Johnk, Lzz","Johnk, Lzz",creator
"creator::Louann, Franci","Louann, Franci",creator
"creator::Herringer, Barbara","Herringer, Barbara",creator
"creator::Smekal, Pat","Smekal, Pat",creator
"creator::McIntosh, Leanne","McIntosh, Leanne",creator
"creator::Dickinson, Adam","Dickinson, Adam",creator
"creator::Fairbairn, Hazel","Fairbairn, Hazel",creator
"creator::Ramsay, Scott","Ramsay, Scott",creator
"creator::Wong, Rita","Wong, Rita",creator
"creator::paull, shauna","paull, shauna",creator
"creator::Jackson, Donny","Jackson, Donny",creator
"creator::Marley, Jayda","Marley, Jayda",creator
"creator::C, Laurel","C, Laurel",creator
"creator::Hussein, Ifrah","Hussein, Ifrah",creator
"creator::Haze, Ashlee","Haze, Ashlee",creator
"creator::Kayy, Tracey","Kayy, Tracey",creator
"creator::Fly, Sofia","Fly, Sofia",creator
creator::LaMoi,LaMoi,creator
"creator::Garad, Timaj","Garad, Timaj",creator
"creator::Alduwaisan, Rasha","Alduwaisan, Rasha",creator
"creator::Alnuaimi, Hoor Ali","Alnuaimi, Hoor Ali",creator
"creator::Elhillo, Safia","Elhillo, Safia",creator
"creator::Khalifa Alshehhi, Maryam","Khalifa Alshehhi, Maryam",creator
"creator::Khan, Zohab","Khan, Zohab",creator
creator::Kahsenniyo,Kahsenniyo,creator
creator::AJ,AJ,creator
"creator::Grace, Shelly","Grace, Shelly",creator
creator::A.G.,A.G.,creator
creator::Sulva,Sulva,creator
"creator::Delisca, David","Delisca, David",creator
"creator::Reé, Amoya","Reé, Amoya",creator
creator::Scarlett,Scarlett,creator
"creator::Rogato, Abe","Rogato, Abe",creator
"creator::Naomi, Sarah","Naomi, Sarah",creator
"creator::Jae, Kimberly","Jae, Kimberly",creator
creator::D'Mani,D'Mani,creator
creator::Amani,Amani,creator
"creator::Pricelys Roy, Zoey","Pricelys Roy, Zoey",creator
"creator::Chiasson, Luc-Antoine","Chiasson, Luc-Antoine",creator
"creator::Pope, Frances","Pope, Frances",creator
"creator::Mokha, Avleen","Mokha, Avleen",creator
"creator::Godin, Derek","Godin, Derek",creator
"creator::Wither, William John","Wither, William John",creator
"creator::Ross-Opazzo, Flo","Ross-Opazzo, Flo",creator
"creator::Sentes, Bryan","Sentes, Bryan",creator
"creator::den Haan, Jacalyn","den Haan, Jacalyn",creator
"creator::Connors, Patrick","Connors, Patrick",creator
"creator::Cotton, Shawn","Cotton, Shawn",creator
"creator::Fiore Laroche, David","Fiore Laroche, David",creator
"creator::Burman, Patrick","Burman, Patrick",creator
"creator::Olwell, Jim","Olwell, Jim",creator
"creator::Bailey, Morris","Bailey, Morris",creator
"creator::Jorgensen, Jan","Jorgensen, Jan",creator
"creator::McGrath, Carmelita","McGrath, Carmelita",creator
"creator::Richardson, Peter","Richardson, Peter",creator
"creator::Shalaby, Ibrahim","Shalaby, Ibrahim",creator
"creator::Al-Sameraie, Arwa","Al-Sameraie, Arwa",creator
"creator::Al-Dandashi, Jassim","Al-Dandashi, Jassim",creator
creator::CRYSTALCLEAR,CRYSTALCLEAR,creator
"creator::Taylor, Rae Marie","Taylor, Rae Marie",creator
"creator::Catalano, Francis","Catalano, Francis",creator
"creator::Mongeau, France","Mongeau, France",creator
"creator::Levinson, Zav","Levinson, Zav",creator
"creator::Linn, Brenda","Linn, Brenda",creator
"creator::Jiménez, Mariana","Jiménez, Mariana",creator
"creator::Nazywalskj, Tamara","Nazywalskj, Tamara",creator
"creator::Kellogg, Emily","Kellogg, Emily",creator
"creator::Wellman, Linsey","Wellman, Linsey",creator
"creator::Martin, Ian","Martin, Ian",creator
"creator::McKiver, Melody","McKiver, Melody",creator
"creator::Shuter, Set L","Shuter, Set L",creator
"creator::Bertram, Lillian Yvonne","Bertram, Lillian Yvonne",creator
creator::Unsociably High,Unsociably High,creator
"creator::Ladoucer, Ben","Ladoucer, Ben",creator
"creator::Verbree, Arianna","Verbree, Arianna",creator
"creator::liem, t.","liem, t.",creator
creator::mal/aimé,mal/aimé,creator
"creator::Parker Finley, Eve","Parker Finley, Eve",creator
"creator::ekwuyasi, francesca","ekwuyasi, francesca",creator
"creator::Ishaq, Shaya","Ishaq, Shaya",creator
"creator::Sánchez, Aymara Alvarado","Sánchez, Aymara Alvarado",creator
"creator::Wilkins, Grant","Wilkins, Grant",creator
"creator::Fejzić, Sanita","Fejzić, Sanita",creator
"creator::Despax, Valérie","Despax, Valérie",creator
"creator::Jones, Samantha","Jones, Samantha",creator
"creator::Gill, Lakshmi","Gill, Lakshmi",creator
"creator::Cognito, Ian","Cognito, Ian",creator
"creator::Renz, Enrico","Renz, Enrico",creator
"creator::Marshall, Rhiannon","Marshall, Rhiannon",creator
"creator::Zohra D, Mariam","Zohra D, Mariam",creator
"creator::Rafique, Fauzia","Rafique, Fauzia",creator
"creator::Barratt, Jessica","Barratt, Jessica",creator
"creator::McKenzie, Heidi","McKenzie, Heidi",creator
"creator::Sunshine Eagle, Priscilla","Sunshine Eagle, Priscilla",creator
"creator::Radheshwar, Jovian","Radheshwar, Jovian",creator
"creator::Alhamaydeh, Haytham","Alhamaydeh, Haytham",creator
"creator::SheLa Morrison, Nefertiti","SheLa Morrison, Nefertiti",creator
"creator::Janjua, Sana","Janjua, Sana",creator
"creator::Neuman, Carol","Neuman, Carol",creator
creator::Siadic,Siadic,creator
"creator::Hussain, Tariq","Hussain, Tariq",creator
"creator::Naz, Sophia","Naz, Sophia",creator
"creator::Duggal, Sherry","Duggal, Sherry",creator
"creator::Warren, Martha","Warren, Martha",creator
creator::Franz,Franz,creator
"creator::O'Sullivan, Gunargie","O'Sullivan, Gunargie",creator
"creator::Treiber, Jacqui","Treiber, Jacqui",creator
"creator::Edwards, Alanna","Edwards, Alanna",creator
"creator::Kim, Yong Nan","Kim, Yong Nan",creator
creator::Lend Me Your Underbelly,Lend Me Your Underbelly,creator
"creator::Musiej, Zofia","Musiej, Zofia",creator
"creator::Wallinger, Liam","Wallinger, Liam",creator
"creator::Snowbar, Celeste","Snowbar, Celeste",creator
creator::Her Ra,Her Ra,creator
"creator::Tomaszewski, Maggie","Tomaszewski, Maggie",creator
"creator::Friesen Hossack, Darcie","Friesen Hossack, Darcie",creator
creator::Waking Dream,Waking Dream,creator
"creator::Bowman, Arlene","Bowman, Arlene",creator
"creator::Carter, Barbara","Carter, Barbara",creator
"creator::Xia, Linda","Xia, Linda",creator
"creator::Arif, Samya","Arif, Samya",creator
"creator::Vierya, Deborah","Vierya, Deborah",creator
"creator::Hanif, Mohammed","Hanif, Mohammed",creator
creator::Metronomad,Metronomad,creator
"creator::Armerding, Elizabeth","Armerding, Elizabeth",creator
"creator::Aziz, Ammar","Aziz, Ammar",creator
"creator::Suhall, Sarah","Suhall, Sarah",creator
"creator::Westdorp, Ken","Westdorp, Ken",creator
"creator::Haskell, Joy","Haskell, Joy",creator
"creator::Avery, Morgan","Avery, Morgan",creator
creator::Randeep,Randeep,creator
"creator::Shahbaz, Haider","Shahbaz, Haider",creator
"creator::John-Kahewin, Wanda","John-Kahewin, Wanda",creator
"creator::Siddiqui, Nahid","Siddiqui, Nahid",creator
creator::Enternet Boy,Enternet Boy,creator
"creator::D., Missy","D., Missy",creator
"creator::Macready, Hannah","Macready, Hannah",creator
"creator::Kraljii Gardiner, Elee","Kraljii Gardiner, Elee",creator
"creator::Chayko, J.G.","Chayko, J.G.",creator
"creator::Jong, Tamara","Jong, Tamara",creator
"creator::Shukla, Barnali Ray","Shukla, Barnali Ray",creator
"creator::McMillan, Jessica Lee","McMillan, Jessica Lee",creator
"creator::Moe, Karen","Moe, Karen",creator
"creator::Dutt, Puneet","Dutt, Puneet",creator
"creator::Manole, Diana","Manole, Diana",creator
"creator::Moritz, A F","Moritz, A F",creator
"creator::Jenkins, Dwight","Jenkins, Dwight",creator
"creator::Lanthier, Kateri","Lanthier, Kateri",creator
"creator::Book, Shane","Book, Shane",creator
"creator::Zhu, Isabelle","Zhu, Isabelle",creator
"creator::Mendis, Yohani","Mendis, Yohani",creator
"creator::Li, Vivian","Li, Vivian",creator
"creator::Silver, Awi","Silver, Awi",creator
"creator::Lawrence, Bonita","Lawrence, Bonita",creator
"creator::Gokhale, Veena","Gokhale, Veena",creator
"creator::Ede, Amatoritsero","Ede, Amatoritsero",creator
"creator::Ghai, Nilambri","Ghai, Nilambri",creator
"creator::Pirbhai, Mariam","Pirbhai, Mariam",creator
"creator::Roberts Reily, Frances","Roberts Reily, Frances",creator
"creator::Leckie, Keith Ross","Leckie, Keith Ross",creator
"creator::Rich, Raquel","Rich, Raquel",creator
"creator::Freeman, Victoria","Freeman, Victoria",creator
"creator::Down, George","Down, George",creator
"creator::Ostovsky, Deborah","Ostovsky, Deborah",creator
"creator::Rawlings, Angela","Rawlings, Angela",creator
"creator::van Staalduinen, Brent","van Staalduinen, Brent",creator
"creator::Colman, Rob","Colman, Rob",creator
"creator::Barss, Kate","Barss, Kate",creator
"creator::Kameel Farah, John","Kameel Farah, John",creator
"creator::Bassnett, Madeline","Bassnett, Madeline",creator
"creator::Kempf, Mark","Kempf, Mark",creator
"creator::Sitter, Bonnie","Sitter, Bonnie",creator
"creator::Follett, Beth","Follett, Beth",creator
creator::Sound of Separation,Sound of Separation,creator
"creator::Melgard, Michael","Melgard, Michael",creator
"creator::Elston, Birgit","Elston, Birgit",creator
"creator::Germain, Brad","Germain, Brad",creator
"creator::Pollard, Anne","Pollard, Anne",creator
"creator::Scholman, Lena","Scholman, Lena",creator
"creator::Palmer, Chris","Palmer, Chris",creator
"creator::McAskill, Annick","McAskill, Annick",creator
"creator::Gill, Thom","Gill, Thom",creator
"creator::Richards, Simon","Richards, Simon",creator
"creator::Hutchinson, Aaron","Hutchinson, Aaron",creator
"creator::Fradkin, Barbara","Fradkin, Barbara",creator
"creator::Heslop, Kevin","Heslop, Kevin",creator
"creator::Melgaard, Michael","Melgaard, Michael",creator
"creator::Lee, David","Lee, David",creator
"creator::Burdick, Alice","Burdick, Alice",creator
"creator::Steski, Carol","Steski, Carol",creator
creator::NABI,NABI,creator
"creator::Rule, Bernadette","Rule, Bernadette",creator
"creator::Sebastianutti, Lori","Sebastianutti, Lori",creator
"creator::Miscione, Christine","Miscione, Christine",creator
"creator::Tessier, Liz","Tessier, Liz",creator
"creator::Evans Shaw, Susan","Evans Shaw, Susan",creator
"creator::Tan, Jennifer","Tan, Jennifer",creator
"creator::Turner, Jacqueline","Turner, Jacqueline",creator
"creator::Hedderwick, Jon","Hedderwick, Jon",creator
creator::The Noble Savage,The Noble Savage,creator
"creator::Johnston, Christine","Johnston, Christine",creator
"creator::Leedahl, Taylor","Leedahl, Taylor",creator
"creator::Wani, Emmanuel","Wani, Emmanuel",creator
"creator::Mason, Ky","Mason, Ky",creator
"creator::Jane, Micah","Jane, Micah",creator
creator::Zhe da Free,Zhe da Free,creator
"creator::Reimer, Dash","Reimer, Dash",creator
creator::Apollo the Child,Apollo the Child,creator
"creator::Adedipe, Tola","Adedipe, Tola",creator
creator::Harar,Harar,creator
creator::Sol,Sol,creator
creator::Billie the Kid,Billie the Kid,creator
"creator::Solomon, Anjalica","Solomon, Anjalica",creator
"creator::Castañeda, Héctor","Castañeda, Héctor",creator
creator::Zee,Zee,creator
"creator::Cardona, Lady Vanessa","Cardona, Lady Vanessa",creator
creator::Mystery,Mystery,creator
creator::Saabology,Saabology,creator
"creator::de Belen, Patrick","de Belen, Patrick",creator
"creator::Tse, Chris","Tse, Chris",creator
"creator::Joe Lee, Janice","Joe Lee, Janice",creator
"creator::Rea, Anotonette","Rea, Anotonette",creator
creator::Tawahum,Tawahum,creator
"creator::Lefevre, Marion J.","Lefevre, Marion J.",creator
"creator::Oakley, Emory","Oakley, Emory",creator
"creator::Tempo, Kit","Tempo, Kit",creator
"creator::Wall, Holden","Wall, Holden",creator
"creator::Jam, Static","Jam, Static",creator
creator::Spillious,Spillious,creator
"creator::Xiao, Beni","Xiao, Beni",creator
"creator::Koostachin, Jules","Koostachin, Jules",creator
"creator::Gebrewold, Jacob","Gebrewold, Jacob",creator
"creator::DC, Shauntelle","DC, Shauntelle",creator
"creator::Bahraini, Naseem","Bahraini, Naseem",creator
"creator::Jesus, Elle","Jesus, Elle",creator
"creator::Dear, Mariah","Dear, Mariah",creator
"creator::Warner, Andy","Warner, Andy",creator
"creator::Shoker, Kiran","Shoker, Kiran",creator
"creator::Lubendo, Noah","Lubendo, Noah",creator
"creator::Wong, Amanda","Wong, Amanda",creator
"creator::Valiquette, Sarah Jean","Valiquette, Sarah Jean",creator
"creator::Garrett, Catherine","Garrett, Catherine",creator
"creator::Shannon, Avery","Shannon, Avery",creator
creator::ruthless,ruthless,creator
"creator::Morden, Brad","Morden, Brad",creator
"creator::Fiati, Sedina","Fiati, Sedina",creator
creator::The Northwest Kid,The Northwest Kid,creator
"creator::McGrail, Justin","McGrail, Justin",creator
"creator::Duncan, S.R.","Duncan, S.R.",creator
"creator::Oliver, Alexandra","Oliver, Alexandra",creator
"creator::King, Cass","King, Cass",creator
creator::Rat Salad,Rat Salad,creator
"creator::Prefontaine, Andre","Prefontaine, Andre",creator
"creator::Avery, CR","Avery, CR",creator
"creator::Sable, Shane","Sable, Shane",creator
"creator::Ulysses, Magpie","Ulysses, Magpie",creator
"creator::MacRae, Johnny","MacRae, Johnny",creator
"creator::Goldsky, Angelic","Goldsky, Angelic",creator
creator::Icy Gaze,Icy Gaze,creator
"creator::Garrabrant, Karen","Garrabrant, Karen",creator
"creator::Poversky, Angelica","Poversky, Angelica",creator
"creator::Jo Lee, Janice","Jo Lee, Janice",creator
"creator::Cienska, Maita","Cienska, Maita",creator
"creator::Sealey-Qaylo, Aziza Moqia","Sealey-Qaylo, Aziza Moqia",creator
creator::Elliot,Elliot,creator
"creator::Schafer, Sol","Schafer, Sol",creator
"creator::Simonson, Logan","Simonson, Logan",creator
"creator::De Samedi, Dana","De Samedi, Dana",creator
"creator::Littlejohn, Sophia","Littlejohn, Sophia",creator
"creator::Neily, Dana","Neily, Dana",creator
"creator::Metaphor, Marie","Metaphor, Marie",creator
"creator::Berry, Hannah","Berry, Hannah",creator
"creator::Lane, Audrey","Lane, Audrey",creator
creator::Torsten,Torsten,creator
creator::MothePoet,MothePoet,creator
"creator::Albano-Crockford, Julia","Albano-Crockford, Julia",creator
creator::D'Scribe,D'Scribe,creator
creator::Lorelei,Lorelei,creator
"creator::Kassirer, Kay","Kassirer, Kay",creator
creator::AltogetherLisa,AltogetherLisa,creator
"creator::Sprecht, Marie Metaphor","Sprecht, Marie Metaphor",creator
"creator::Balachandran, Tharani","Balachandran, Tharani",creator
"creator::Harrison, Bronwyn","Harrison, Bronwyn",creator
"creator::Hill, Leanne","Hill, Leanne",creator
"creator::Stewart, Pam","Stewart, Pam",creator
"creator::Karoline, Victoria","Karoline, Victoria",creator
creator::Winnipeg Wallace,Winnipeg Wallace,creator
"creator::Barger, Inali","Barger, Inali",creator
creator::ELM,ELM,creator
"creator::Kimball, Deanna","Kimball, Deanna",creator
"creator::Blondin, River","Blondin, River",creator
"creator::Arthur, Paul Michael","Arthur, Paul Michael",creator
"creator::Dyck, Maryann","Dyck, Maryann",creator
"creator::Chalifoux, Aimee","Chalifoux, Aimee",creator
"creator::Schulyer, Hartley Reed","Schulyer, Hartley Reed",creator
"creator::Massey, Simon","Massey, Simon",creator
"creator::Devine, Devin","Devine, Devin",creator
"creator::Wilde, Veronica","Wilde, Veronica",creator
"creator::Aleck, Echo","Aleck, Echo",creator
creator::Sirreal,Sirreal,creator
"creator::Lewis, Rob","Lewis, Rob",creator
"creator::Valin, Delani","Valin, Delani",creator
"creator::Moonsister, Erin","Moonsister, Erin",creator
"creator::Stevenson, Richard","Stevenson, Richard",creator
"creator::Masson, Cynthea","Masson, Cynthea",creator
"creator::Inverarity, Geoff","Inverarity, Geoff",creator
"creator::Salij, Daniel","Salij, Daniel",creator
"creator::Carter, Annie","Carter, Annie",creator
"creator::Gilmore, Ashley","Gilmore, Ashley",creator
"creator::Chan, Anto","Chan, Anto",creator
"creator::Currie, Adrian","Currie, Adrian",creator
creator::Hannia,Hannia,creator
"creator::Oliveira, Dianne","Oliveira, Dianne",creator
creator::Velvet Wells,Velvet Wells,creator
creator::T-Bai,T-Bai,creator
creator::Britta B,Britta B,creator
creator::Haf n' Haf,Haf n' Haf,creator
creator::Many Lights,Many Lights,creator
creator::Allie,Allie,creator
creator::Mitch,Mitch,creator
creator::Hoodo Hersi,Hoodo Hersi,creator
"creator::Light, Jay","Light, Jay",creator
creator::SoulSis Aiesha,SoulSis Aiesha,creator
"creator::Peace, Cheryl","Peace, Cheryl",creator
creator::Roisin,Roisin,creator
creator::Annie,Annie,creator
"creator::Cheng, Hannia","Cheng, Hannia",creator
"creator::Shen, Lisa","Shen, Lisa",creator
creator::Shqdel,Shqdel,creator
"creator::Lin, Juliette","Lin, Juliette",creator
"creator::Faye, Terina","Faye, Terina",creator
"creator::Tyagi, Abhinav","Tyagi, Abhinav",creator
"creator::Antipolo, Veronica","Antipolo, Veronica",creator
"creator::Sotto, Marie","Sotto, Marie",creator
"creator::Wood, Aisha","Wood, Aisha",creator
creator::Siddhartha,Siddhartha,creator
"creator::Bole, Michael","Bole, Michael",creator
"creator::Vo, Huong","Vo, Huong",creator
"creator::Pang, Evan","Pang, Evan",creator
"creator::Hersi, Hoodo","Hersi, Hoodo",creator
"creator::Mac, Mitch","Mac, Mitch",creator
"creator::Abes, Trevor","Abes, Trevor",creator
creator::Rose,Rose,creator
creator::Aysanabe,Aysanabe,creator
creator::Jajé,Jajé,creator
"creator::Carter, Evan","Carter, Evan",creator
"creator::Chong, Vei","Chong, Vei",creator
"creator::Khurshid, Sulva","Khurshid, Sulva",creator
creator::Aysanabee,Aysanabee,creator
creator::Ziggiry,Ziggiry,creator
"creator::Luo, Anna","Luo, Anna",creator
"creator::Varesi, Leah","Varesi, Leah",creator
"creator::Toews, Richard","Toews, Richard",creator
"creator::Faber, Alyda","Faber, Alyda",creator
"creator::MacDonald, Sheilagh","MacDonald, Sheilagh",creator
"creator::Bogard, Judith","Bogard, Judith",creator
"creator::Blizzard, Gloria","Blizzard, Gloria",creator
"creator::Brown, Hannah","Brown, Hannah",creator
"creator::Hyder, Maheen","Hyder, Maheen",creator
"creator::Deverell, Rita Shelton","Deverell, Rita Shelton",creator
"creator::Choi, Ann Y.K.","Choi, Ann Y.K.",creator
"creator::Sulaiman, Sonia","Sulaiman, Sonia",creator
"creator::Nuñez, Marilo","Nuñez, Marilo",creator
"creator::Anthony, Carlos","Anthony, Carlos",creator
"creator::Gallion, Aisha","Gallion, Aisha",creator
"creator::Ortega, Johanny (Joa)","Ortega, Johanny (Joa)",creator
"creator::Toshiko Simpson, Leanne","Toshiko Simpson, Leanne",creator
"creator::Tran, Christine H.","Tran, Christine H.",creator
"creator::Pacific, Robin","Pacific, Robin",creator
"creator::Duncan, Carol B.","Duncan, Carol B.",creator
"creator::Barduhn, Rachel","Barduhn, Rachel",creator
"creator::Beckford, Darynell","Beckford, Darynell",creator
"creator::Jones, Michaela","Jones, Michaela",creator
"creator::Michelle, Ceilidh","Michelle, Ceilidh",creator
"creator::Woollcombe, Dharini","Woollcombe, Dharini",creator
"creator::des Rochers, Arianne","des Rochers, Arianne",creator
"creator::Lavoie, Sophie M.","Lavoie, Sophie M.",creator
"creator::Malena, Anne","Malena, Anne",creator
"creator::Grimmelt, Kristjanna","Grimmelt, Kristjanna",creator
"creator::Danzinger, Matthew","Danzinger, Matthew",creator
"creator::Monzon Rodrigues, Sofía","Monzon Rodrigues, Sofía",creator
"creator::Lazreg, Houssem Ben","Lazreg, Houssem Ben",creator
"creator::Guo, Wangtaolue (Gary)","Guo, Wangtaolue (Gary)",creator
"creator::Allemano, Marina","Allemano, Marina",creator
"creator::Calvé, Nicolas","Calvé, Nicolas",creator
"creator::Raynault-Desgagné, Patricia","Raynault-Desgagné, Patricia",creator
"creator::Girard, Guylaine","Girard, Guylaine",creator
"creator::Kunst, Gabriel","Kunst, Gabriel",creator
"creator::Hamelin, Louis","Hamelin, Louis",creator
"creator::Holden, Arthur","Holden, Arthur",creator
"creator::Kaplansky, Jonathan","Kaplansky, Jonathan",creator
"creator::Melançon, Charlotte","Melançon, Charlotte",creator
"creator::Brierley, Jane","Brierley, Jane",creator
"creator::Hellman, Thomas","Hellman, Thomas",creator
"creator::Moure, Erin","Moure, Erin",creator
"creator::Tapiero, Olivia","Tapiero, Olivia",creator
"creator::Dumont, Frédéric","Dumont, Frédéric",creator
"creator::Ego, Catherine","Ego, Catherine",creator
"creator::Clerson, David","Clerson, David",creator
"creator::Gagné, Paul","Gagné, Paul",creator
"creator::Saint-Martin, Lori","Saint-Martin, Lori",creator
"creator::Zeller, Ludwig","Zeller, Ludwig",creator
"creator::Ellenwood, Ray","Ellenwood, Ray",creator
"creator::Agnant, Marie-Célie","Agnant, Marie-Célie",creator
"creator::Flavien, Janice","Flavien, Janice",creator
"creator::Busby, Brian","Busby, Brian",creator
"creator::Godbout, Patricia","Godbout, Patricia",creator
"creator::Irimia, Alexandra","Irimia, Alexandra",creator
"creator::Philip, NourbeSe","Philip, NourbeSe",creator
"creator::Garcia, Flavia","Garcia, Flavia",creator
"creator::Markovskaia, Luba","Markovskaia, Luba",creator
"creator::Pelletier, Jean-Pierre","Pelletier, Jean-Pierre",creator
"creator::Pourbaix, Joël","Pourbaix, Joël",creator
"creator::Sadighi, Bahman","Sadighi, Bahman",creator
"creator::Murat-Ingles, Léa","Murat-Ingles, Léa",creator
"creator::Vercetty, Quentin","Vercetty, Quentin",creator
"creator::Chau Bradley, H. Felix","Chau Bradley, H. Felix",creator
"creator::Opheim, Ashley","Opheim, Ashley",creator
"creator::Bah, Valérie","Bah, Valérie",creator
"creator::Nadeau, Roxane","Nadeau, Roxane",creator
"creator::Wintour, Tranna","Wintour, Tranna",creator
"creator::Bergeron, Chris","Bergeron, Chris",creator
"creator::Appanah, Nathacha","Appanah, Nathacha",creator
"creator::Semujanga, Josias","Semujanga, Josias",creator
"creator::Belli, Gioconda","Belli, Gioconda",creator
"creator::Bejerman, Ingrid","Bejerman, Ingrid",creator
"creator::Mérand, Frédéric","Mérand, Frédéric",creator
"creator::Sanchez, Frédéric","Sanchez, Frédéric",creator
"creator::Roy, André","Roy, André",creator
"creator::Chabot, Denis-Martin","Chabot, Denis-Martin",creator
"creator::Mavrikakis, Catherine","Mavrikakis, Catherine",creator
"creator::Cercas, Javier","Cercas, Javier",creator
"creator::Palomares-Salas, Claudio","Palomares-Salas, Claudio",creator
"creator::Honoré, Carl","Honoré, Carl",creator
"creator::Antoniou, Helen","Antoniou, Helen",creator
"creator::Nikidis, Katherine","Nikidis, Katherine",creator
"creator::St-Hilaire, William","St-Hilaire, William",creator
"creator::Penslar, Derek","Penslar, Derek",creator
"creator::Lindon, Mathieu","Lindon, Mathieu",creator
"creator::Legendre, Claire","Legendre, Claire",creator
"creator::Jarrar, Randa","Jarrar, Randa",creator
"creator::Scott, Kim","Scott, Kim",creator
"creator::Mihesuah, Devon A.","Mihesuah, Devon A.",creator
"creator::Diagne, Souleymane Bachir","Diagne, Souleymane Bachir",creator
"creator::Abadie, Delphine","Abadie, Delphine",creator
"creator::Barakat, Hoda","Barakat, Hoda",creator
"creator::al-Shaykh, Hanan","al-Shaykh, Hanan",creator
"creator::Veloso, Caetano","Veloso, Caetano",creator
"creator::Coelho, Alexandra Lucas","Coelho, Alexandra Lucas",creator
"creator::Godin, Céleste","Godin, Céleste",creator
"creator::Avisilichioaei, Oana","Avisilichioaei, Oana",creator
"creator::Thuot, Marie-Ève","Thuot, Marie-Ève",creator
"creator::Mas, Victoria","Mas, Victoria",creator
"creator::Navarro, Pascale","Navarro, Pascale",creator
"creator::Kawczak, Paul","Kawczak, Paul",creator
"creator::Dorka-Fenech, Caroline","Dorka-Fenech, Caroline",creator
"creator::Asselin, Guillaume","Asselin, Guillaume",creator
"creator::Quinn, Judy","Quinn, Judy",creator
"creator::Lee, Jessica J.","Lee, Jessica J.",creator
"creator::Mill, Jessie","Mill, Jessie",creator
"creator::Dennewald, Martine","Dennewald, Martine",creator
"creator::Blackmore, Amy","Blackmore, Amy",creator
"creator::Soutar, Annabel","Soutar, Annabel",creator
"creator::Waldman, Ayelet","Waldman, Ayelet",creator
"creator::Hlehel, Ala","Hlehel, Ala",creator
"creator::Iraqi, Amjad","Iraqi, Amjad",creator
"creator::Rosen, Joseph","Rosen, Joseph",creator
"creator::Baroud, Nathalie","Baroud, Nathalie",creator
"creator::Tannous, Nathalie","Tannous, Nathalie",creator
"creator::Yared, Lamia","Yared, Lamia",creator
"creator::Torczyner, Jim","Torczyner, Jim",creator
"creator::Alhjooj, Anwar","Alhjooj, Anwar",creator
"creator::Bradford, D.M.","Bradford, D.M.",creator
"creator::Raynor, Cecily","Raynor, Cecily",creator
"creator::Guénette, Marie-France","Guénette, Marie-France",creator
"creator::Lehnen, Leila","Lehnen, Leila",creator
"creator::Quesada-Gómez, Catalina","Quesada-Gómez, Catalina",creator
"creator::Ponce de la Vega, Lidia","Ponce de la Vega, Lidia",creator
"creator::Dumitrescu, Alina","Dumitrescu, Alina",creator
"creator::Pronovost, André","Pronovost, André",creator
"creator::Reed, Fred","Reed, Fred",creator
"creator::Gollner, Adam","Gollner, Adam",creator
"creator::Martelly, Stéphane","Martelly, Stéphane",creator
"creator::Trop, Francesca","Trop, Francesca",creator
"creator::Molina Lora, Luis","Molina Lora, Luis",creator
"creator::Ferro Rojas, Gerardo","Ferro Rojas, Gerardo",creator
"creator::Beltrán, Gina","Beltrán, Gina",creator
"creator::Rentschler, Carrie","Rentschler, Carrie",creator
"creator::Boczkowski, Pablo","Boczkowski, Pablo",creator
"creator::Fuentes LaRoche, Cristina","Fuentes LaRoche, Cristina",creator
"creator::Boix Carcia, Marifé","Boix Carcia, Marifé",creator
"creator::Schulz Manaut, Marisol","Schulz Manaut, Marisol",creator
"creator::Schimel, Lawrence","Schimel, Lawrence",creator
"creator::Fortier, Ashley","Fortier, Ashley",creator
"creator::King, Nia","King, Nia",creator
"creator::Shukla, Nikesh","Shukla, Nikesh",creator
"creator::Swedowsky, Christine","Swedowsky, Christine",creator
"creator::Robert, Christian","Robert, Christian",creator
"creator::Spitz, Chantal","Spitz, Chantal",creator
"creator::Tuheiava-Richaud, Vāhi Sylvia","Tuheiava-Richaud, Vāhi Sylvia",creator
"creator::Gagné, Natacha","Gagné, Natacha",creator
"creator::Chaouni, Layla","Chaouni, Layla",creator
"creator::Dere, William Ging Wee","Dere, William Ging Wee",creator
"creator::El-Ghadban, Yara","El-Ghadban, Yara",creator
"creator::Béchard, Deni Ellis","Béchard, Deni Ellis",creator
"creator::Durandisse, Henri-Robert","Durandisse, Henri-Robert",creator
"creator::Lake, Ayavi","Lake, Ayavi",creator
"creator::Manaï, Bochra","Manaï, Bochra",creator
"creator::Beaulieu, Germaine","Beaulieu, Germaine",creator
"creator::Gaucher, Dominique","Gaucher, Dominique",creator
"creator::Turcotte, Élise","Turcotte, Élise",creator
"creator::al-Masri, Maram","al-Masri, Maram",creator
"creator::Boni, Tanella","Boni, Tanella",creator
"creator::Cohn, Marianne","Cohn, Marianne",creator
"creator::Bosco, Monique","Bosco, Monique",creator
"creator::Erdogan, Asli","Erdogan, Asli",creator
"creator::Morrison, Toni","Morrison, Toni",creator
"creator::Vieux-Chauvet, Marie","Vieux-Chauvet, Marie",creator
"creator::Szperling, Cecilia","Szperling, Cecilia",creator
"creator::Nicolas, Émilie","Nicolas, Émilie",creator
"creator::Turenne, Joujou","Turenne, Joujou",creator
"creator::Taubira, Christiane","Taubira, Christiane",creator
"creator::Raymond, Nadine","Raymond, Nadine",creator
creator::Webster,Webster,creator
"creator::Beauregard, Alexandrine Capolla","Beauregard, Alexandrine Capolla",creator
"creator::Keuchguerian, Armen","Keuchguerian, Armen",creator
"creator::LaRue, Monique","LaRue, Monique",creator
"creator::Morazzoni, Marta","Morazzoni, Marta",creator
"creator::Rochette, Joanne","Rochette, Joanne",creator
"creator::Garand, Dominique","Garand, Dominique",creator
"creator::Gamboa, Santiago","Gamboa, Santiago",creator
"creator::Martineau, Maureen","Martineau, Maureen",creator
"creator::Umstattd, Thomas (Jr.)","Umstattd, Thomas (Jr.)",creator
"creator::Ross, Tara K.","Ross, Tara K.",creator
"creator::Comer, Valerie","Comer, Valerie",creator
"creator::Meadows, Sally","Meadows, Sally",creator
"creator::Smit, Olivia","Smit, Olivia",creator
"creator::Dell Lowe, Zena","Dell Lowe, Zena",creator
"creator::Stiller, Karen","Stiller, Karen",creator
"creator::Wilker, Carolyn","Wilker, Carolyn",creator
"creator::Arends, Carolyn","Arends, Carolyn",creator
"creator::Larin, Robin","Larin, Robin",creator
"creator::Todd, Terrie","Todd, Terrie",creator
"creator::Payne, Kimberly","Payne, Kimberly",creator
creator::Ian Ferrier,Ian Ferrier,creator
creator::Avleen Mokha,Avleen Mokha,creator
creator::Jerome Ramcharitar,Jerome Ramcharitar,creator
creator::Marc-Alexandre Chan,Marc-Alexandre Chan,creator
creator::Samara Garfinkle,Samara Garfinkle,creator
creator::Shawn Thicke,Shawn Thicke,creator
creator::Tracy by the Irish Sea,Tracy by the Irish Sea,creator
"event::Argo Zoom Reading Series: Verse, Prose & Song","Argo Zoom Reading Series: Verse, Prose & Song",event
"event::Free Virtual Poetry Workshop, Tree Reading Series","Free Virtual Poetry Workshop, Tree Reading Series",event
"event::Online workshop and reading - Zacharin/Christie
Tree Reading Series","Online workshop and reading - Zacharin/Christie
Tree Reading Series",event
event::Coach House Books (Virtual) Wayzgoose 2020!,Coach House Books (Virtual) Wayzgoose 2020!,event
event::Watch Your Head Virtual Launch,Watch Your Head Virtual Launch,event
event::Entering Sappho Launch with Sarah Dowling and Sonnet L'Abbé,Entering Sappho Launch with Sarah Dowling and Sonnet L'Abbé,event
event::Indigenous Toronto Book Launch,Indigenous Toronto Book Launch,event
event::Online Graphic Novel Book Club - Familiar Face by Michael Deforge ,Online Graphic Novel Book Club - Familiar Face by Michael Deforge ,event
event::Graphic Novel Book Club - Palimpsest by Lisa Wool-Rim Sjöblom,Graphic Novel Book Club - Palimpsest by Lisa Wool-Rim Sjöblom,event
event::Graphic Novel Book Club - Umma's Table by Yeon-Sik Hong,Graphic Novel Book Club - Umma's Table by Yeon-Sik Hong,event
event::Graphic Novel Book Club: I Know You Rider by Leslie Stein,Graphic Novel Book Club: I Know You Rider by Leslie Stein,event
event::Graphic Novel Book Club: The Sky is Blue with a Single Cloud,Graphic Novel Book Club: The Sky is Blue with a Single Cloud,event
event::Adrian Tomine's virtual book tour,Adrian Tomine's virtual book tour,event
event::Summer Japan Book Club,Summer Japan Book Club,event
event::Eva Crocker - All I Ask,Eva Crocker - All I Ask,event
event::June Genji Book Club,June Genji Book Club,event
event::Graphic Novel Book Club: The Loneliness of the Long Distance,Graphic Novel Book Club: The Loneliness of the Long Distance,event
"event::Argo Zoom Reading Series: Verse, Prose & Song","Argo Zoom Reading Series: Verse, Prose & Song",event
"event::Argo Zoom Reading: Verse, Prose & Song","Argo Zoom Reading: Verse, Prose & Song",event
event::Trans and Nonbinary Book Club - nîtisânak,Trans and Nonbinary Book Club - nîtisânak,event
event::K.S. Villoso and Evan Winter: Storytelling as Resistance,K.S. Villoso and Evan Winter: Storytelling as Resistance,event
event::Sophie Yanow Virtual Book Tour,Sophie Yanow Virtual Book Tour,event
event::Librarie D + Q presents Jason Lutes and Sophie Yanow in conversation,Librarie D + Q presents Jason Lutes and Sophie Yanow in conversation,event
event::Michael DeForge's Virtual Heaven No Hell Tour,Michael DeForge's Virtual Heaven No Hell Tour,event
event::Tree Reading Series Featuring Jeff Blackman & Andy Verboom,Tree Reading Series Featuring Jeff Blackman & Andy Verboom,event
event::Tree turns 40!,Tree turns 40!,event
event::Tree's Annual Pride Event with Jaye Simpson & Arielle Twist,Tree's Annual Pride Event with Jaye Simpson & Arielle Twist,event
event::Tree September Reading with Brandon Wint & Titilope Sonuga,Tree September Reading with Brandon Wint & Titilope Sonuga,event
event::Tree Reading Series ft. Jillian Christmas & Lauren Turner,Tree Reading Series ft. Jillian Christmas & Lauren Turner,event
event::Tree Reading Series ft. Joy Priest & Tina Zafreen Alam,Tree Reading Series ft. Joy Priest & Tina Zafreen Alam,event
event::Tree Reading Series Ft. Xandria Phillips & Cassandra Myers,Tree Reading Series Ft. Xandria Phillips & Cassandra Myers,event
"event::Tree Reading Series ft. Jody Chan & Eunice Andrada
","Tree Reading Series ft. Jody Chan & Eunice Andrada
",event
event::Tree Reading Series Ft. Nisha Patel & Naima Yael Tokunow,Tree Reading Series Ft. Nisha Patel & Naima Yael Tokunow,event
event::Tree Reading Series ft. Terese Mason Pierre & Tatiana Johnson-Boria,Tree Reading Series ft. Terese Mason Pierre & Tatiana Johnson-Boria,event
event::Tree Reading Series ft. Sanna Wani & Em Dial,Tree Reading Series ft. Sanna Wani & Em Dial,event
event::Tree Reading Series ft. Inam Kang & Taylor Byas,Tree Reading Series ft. Inam Kang & Taylor Byas,event
event::Tree Reading Series: Natasha Ramoutar & Marianne Chan,Tree Reading Series: Natasha Ramoutar & Marianne Chan,event
event::October Genji Book Club,October Genji Book Club,event
"event::Book Club with the Author: Sarah Pinsker, ""A Song for a New Day""","Book Club with the Author: Sarah Pinsker, ""A Song for a New Day""",event
event::A Night of Horror,A Night of Horror,event
"event::Argo Zoom Reading Series: Verse, Prose & Song","Argo Zoom Reading Series: Verse, Prose & Song",event
event::Japan Book Club - Autumn,Japan Book Club - Autumn,event
event::Disability Series: Elsa Sjunneson and Dominik Parisien,Disability Series: Elsa Sjunneson and Dominik Parisien,event
event::Words & Music Online this Sunday,Words & Music Online this Sunday,event
event::Words & Music Online for the C(r)oolest Month,Words & Music Online for the C(r)oolest Month,event
event::Say Play and Dance at Words & Music Online,Say Play and Dance at Words & Music Online,event
event::Words & Music Solstice Show Sunday online,Words & Music Solstice Show Sunday online,event
"event::Silvervest, Barillaro, Paré and Mash at W&M Show Sunday","Silvervest, Barillaro, Paré and Mash at W&M Show Sunday",event
event::Summer in September at W&M Sunday,Summer in September at W&M Sunday,event
"event::Souaid, Scott, Sweet, Anderson and Video Winners Sunday","Souaid, Scott, Sweet, Anderson and Video Winners Sunday",event
"event::Trans & Nonbinary Book Club: The Four Profound Weaves, with R.B. Lemberg","Trans & Nonbinary Book Club: The Four Profound Weaves, with R.B. Lemberg",event
event::Black Writers Out Loud Sunday,Black Writers Out Loud Sunday,event
event::International Poets and Performers Sunday,International Poets and Performers Sunday,event
event::Cassandra Khaw & Malka Older in Conversation,Cassandra Khaw & Malka Older in Conversation,event
event::Black Writers/Black History,Black Writers/Black History,event
"event::Argo Zoom Reading Series: Verse, Prose & Song","Argo Zoom Reading Series: Verse, Prose & Song",event
event::The Light Returns March 21st,The Light Returns March 21st,event
"event::Poets, Music, Video and Art on Sunday","Poets, Music, Video and Art on Sunday",event
event::SpokenWeb Words & Music,SpokenWeb Words & Music,event
event::VIFF Creator Talk: Liz Tigelaar (Little Fires Everywhere),VIFF Creator Talk: Liz Tigelaar (Little Fires Everywhere),event
event::David Mitchell in Conversation with Lisa Christiansen,David Mitchell in Conversation with Lisa Christiansen,event
event::What We Talk About When We Talk About Love,What We Talk About When We Talk About Love,event
event::Atwater Poetry Project Online presents...Canisia Lubrin,Atwater Poetry Project Online presents...Canisia Lubrin,event
"event::Atwater Poetry Project Online presents...Oana Avasilichioaei & Margaret Christakos
","Atwater Poetry Project Online presents...Oana Avasilichioaei & Margaret Christakos
",event
event::Atwater Poetry Project Online presents Chantal Gibson!,Atwater Poetry Project Online presents Chantal Gibson!,event
event::APP Online presents Ben Ladouceur & K.B Thors!,APP Online presents Ben Ladouceur & K.B Thors!,event
event::APP Online: Klara du Plessis & Erín Moure!,APP Online: Klara du Plessis & Erín Moure!,event
event::APP Online: John Barton & Molly Peacock!,APP Online: John Barton & Molly Peacock!,event
"event::APP Online: Paul Celan/100
","APP Online: Paul Celan/100
",event
event::Provocations: A Mise en Translation,Provocations: A Mise en Translation,event
event::APP Online...Poem in Your Pocket Day & Journée du poème à porter!,APP Online...Poem in Your Pocket Day & Journée du poème à porter!,event
event::APP Online with Conyer Clayton & Lauren Turner,APP Online with Conyer Clayton & Lauren Turner,event
event::APP Online with Jessica Moore & Johanna Skibsrud,APP Online with Jessica Moore & Johanna Skibsrud,event
event::Poetry and Poetics: a trio of readings,Poetry and Poetics: a trio of readings,event
event::Hometown Launch,Hometown Launch,event
event::Fall Author Launch,Fall Author Launch,event
event::THIMBLES VIRTUAL BOOK TOUR,THIMBLES VIRTUAL BOOK TOUR,event
event::Spring Book Launch,Spring Book Launch,event
event::VIRTUAL READING & DISCUSSION WITH ABIGAIL ROELENS - THE JOY OF EDITING - THIMBLES VIRTUAL BOOK TOUR,VIRTUAL READING & DISCUSSION WITH ABIGAIL ROELENS - THE JOY OF EDITING - THIMBLES VIRTUAL BOOK TOUR,event
event::METHOD POETRY - INSTAGRAM LIVE EVENT W/ MARSHALL JAMES KAVANAUGH,METHOD POETRY - INSTAGRAM LIVE EVENT W/ MARSHALL JAMES KAVANAUGH,event
event::Soliloquies 25.1 Reading,Soliloquies 25.1 Reading,event
"event::Soliloquies Anthology 25.2 Reading
","Soliloquies Anthology 25.2 Reading
",event
event::Ritual: a filling Station panel discussion and issue launch,Ritual: a filling Station panel discussion and issue launch,event
event::Solastalgia Issue Launch!,Solastalgia Issue Launch!,event
event::Mirror Issue Virtual Launch Party!,Mirror Issue Virtual Launch Party!,event
event::Revolutionary Letters: A Diane Di Prima Marathon Reading,Revolutionary Letters: A Diane Di Prima Marathon Reading,event
event::Metatron Press | WWW Livestream Reading @ Anteism,Metatron Press | WWW Livestream Reading @ Anteism,event
event::March 2021 Flywheel,March 2021 Flywheel,event
event::filling Station Issue 76 online launch: Reading and Discussion,filling Station Issue 76 online launch: Reading and Discussion,event
event::Celebrating the 2020 Trillium Book Award for Poetry,Celebrating the 2020 Trillium Book Award for Poetry,event
event::Spotlight on Arsenal Pulp Press: Sachiko Murakami and Jillian Christmas,Spotlight on Arsenal Pulp Press: Sachiko Murakami and Jillian Christmas,event
event::VerseFest 2020: Festival Prelude,VerseFest 2020: Festival Prelude,event
"event::VerseFest 2020: Official Welcome
","VerseFest 2020: Official Welcome
",event
event::As Far As You Know with A.F. Moritz,As Far As You Know with A.F. Moritz,event
event::VerseFest 2020: Éditions David,VerseFest 2020: Éditions David,event
event::VerseFest 2020: Writers Festival Showcase,VerseFest 2020: Writers Festival Showcase,event
event::VerseFest 2020: VF Invitational Slam,VerseFest 2020: VF Invitational Slam,event
event::VerseFest 2020: American Interests,VerseFest 2020: American Interests,event
event::VerseFest 2020: Canthius,VerseFest 2020: Canthius,event
event::*NEW DATE* VerseFest 2020: Sunday Afternoon Special,*NEW DATE* VerseFest 2020: Sunday Afternoon Special,event
event::VerseFest 2020: Translate This,VerseFest 2020: Translate This,event
event::VerseFest 2020: KaDo,VerseFest 2020: KaDo,event
event::VerseFest 2020: Arc Poetry Magazine,VerseFest 2020: Arc Poetry Magazine,event
event::VerseFest 2020: AAOF,VerseFest 2020: AAOF,event
event::VerseFest 2020: Urban Legends,VerseFest 2020: Urban Legends,event
event::VerseFest 2020: In/Words & Blue Mondays,VerseFest 2020: In/Words & Blue Mondays,event
event::Sarah Urist Green: You Are An Artist,Sarah Urist Green: You Are An Artist,event
"event::Argo Zoom Reading Series: Verse, Prose & Song","Argo Zoom Reading Series: Verse, Prose & Song",event
"event::Silk and Ashes, Glitter and Steel: An Evening of Queer Speculative Fiction","Silk and Ashes, Glitter and Steel: An Evening of Queer Speculative Fiction",event
event::Disability Series #2: Beverly Barkon on Universal Design,Disability Series #2: Beverly Barkon on Universal Design,event
"event::Argo Zoom Reading Series: Verse, Prose & Song","Argo Zoom Reading Series: Verse, Prose & Song",event
"event::Argo Zoom Reading Series: Verse, Prose & Song","Argo Zoom Reading Series: Verse, Prose & Song",event
event::Karin Tidbeck: The Memory Theater,Karin Tidbeck: The Memory Theater,event
"event::VerseFest 2020: Transatlantic Showcase
","VerseFest 2020: Transatlantic Showcase
",event
event::VerseFest 2020: Plan 99,VerseFest 2020: Plan 99,event
"event::VerseFest 2020: Factory Lecture Series
","VerseFest 2020: Factory Lecture Series
",event
event::VerseFest 2020: Tree Reading Series,VerseFest 2020: Tree Reading Series,event
event::VerseFest 2020 Closing Event: Festival Readers,VerseFest 2020 Closing Event: Festival Readers,event
"event::FB Live - Joshua Levy, Virginia Konchan, Steven Heighton & More!","FB Live - Joshua Levy, Virginia Konchan, Steven Heighton & More!",event
"event::Fabulous Femmes of Canadian Lit! - Poetry, Spoken Word, Fiction","Fabulous Femmes of Canadian Lit! - Poetry, Spoken Word, Fiction",event
"event::Ashley Hynd, Kirby, J. Drew Lavigne, Michael Prior & Jean-Philippe Raiche","Ashley Hynd, Kirby, J. Drew Lavigne, Michael Prior & Jean-Philippe Raiche",event
"event::Book Launch Extravaganza! with Émilie Turmel, Anne Simpson, Emily Skov-Nielsen, Carolyne Van Der Meer, Reem Fayyad Abdel Samad","Book Launch Extravaganza! with Émilie Turmel, Anne Simpson, Emily Skov-Nielsen, Carolyne Van Der Meer, Reem Fayyad Abdel Samad",event
"event::Literary Luminaries - M. Travis Lane, Annick MacAskill, Conyer Clayton, Sherry Coffey and Ian Letourneau","Literary Luminaries - M. Travis Lane, Annick MacAskill, Conyer Clayton, Sherry Coffey and Ian Letourneau",event
event::Attic Owl - Open Mic!,Attic Owl - Open Mic!,event
"event::Book Launch Event with Nasreen Pejvack, Sarah Venart, Julie Gaudet, Ali Ettarnichi","Book Launch Event with Nasreen Pejvack, Sarah Venart, Julie Gaudet, Ali Ettarnichi",event
event::National Poetry Month Extravaganza!,National Poetry Month Extravaganza!,event
event::Voix du Québec/Voices of Quebec Launch,Voix du Québec/Voices of Quebec Launch,event
event::JUNEXTRAVAGANZA!,JUNEXTRAVAGANZA!,event
"event::Darryl Cunningham discusses his book, ""Billionaires"" with Sarah Glidden","Darryl Cunningham discusses his book, ""Billionaires"" with Sarah Glidden",event
event::Live & In Conversation: Aminder Dhaliwal & Cory Doctorow,Live & In Conversation: Aminder Dhaliwal & Cory Doctorow,event
event::Joe Ollmann's FICTIONAL FATHER launch w/ SETH!,Joe Ollmann's FICTIONAL FATHER launch w/ SETH!,event
event::MY BEGGING CHART virtual event with Keiler Roberts,MY BEGGING CHART virtual event with Keiler Roberts,event
event::FB Live War Torn Anniversary Reading with Hasan Namir,FB Live War Torn Anniversary Reading with Hasan Namir,event
event::Canada Performs Livestream Reading with Shani Mootoo,Canada Performs Livestream Reading with Shani Mootoo,event
event::LIVE poetry reading with Shannon Webb-Campbell,LIVE poetry reading with Shannon Webb-Campbell,event
event::Beloved Revolutionary Sweetheart Virtual Launch Party,Beloved Revolutionary Sweetheart Virtual Launch Party,event
"event::Small, Broke, and Kind of Dirty by Hana Shafi Virtual Book Launch","Small, Broke, and Kind of Dirty by Hana Shafi Virtual Book Launch",event
event::Jonathan Ball Virtual Book Launch,Jonathan Ball Virtual Book Launch,event
event::Japanese Eco-Lit: Erika Kobayashi and translator Brian Bergstrom,Japanese Eco-Lit: Erika Kobayashi and translator Brian Bergstrom,event
"event::Trans & Nonbinary Book Club: andrea bennett, ""Like A Boy but Not A Boy""","Trans & Nonbinary Book Club: andrea bennett, ""Like A Boy but Not A Boy""",event
"event::Argo Zoom Reading Series: Verse, Prose & Song","Argo Zoom Reading Series: Verse, Prose & Song",event
"event::Book Launch: H. Nigel Thomas, Easily Fooled","Book Launch: H. Nigel Thomas, Easily Fooled",event
event::Elly Bangs in conversation with Kameron Hurley,Elly Bangs in conversation with Kameron Hurley,event
event::Annalee Newitz in conversation with Ziya Tong,Annalee Newitz in conversation with Ziya Tong,event
"event::Book Launch: Cora Siré, Not in Vain You've Sent Me Light","Book Launch: Cora Siré, Not in Vain You've Sent Me Light",event
event::Rulebreakers: Genre-Bending Spec Fic Showcase,Rulebreakers: Genre-Bending Spec Fic Showcase,event
event::Nino Cipri and Jason Baltazar: On Horror,Nino Cipri and Jason Baltazar: On Horror,event
"event::Argo Zoom Reading Series: Verse, Prose & Song","Argo Zoom Reading Series: Verse, Prose & Song",event
event::Trans & Nonbinary Book Club: Victories Greater Than Death,Trans & Nonbinary Book Club: Victories Greater Than Death,event
"event::Argo Zoom Reading Series: Verse, Prose & Song","Argo Zoom Reading Series: Verse, Prose & Song",event
"event::Kate Sutherland Virtual Launch ""The Bones Are There""","Kate Sutherland Virtual Launch ""The Bones Are There""",event
"event::Sheung-King Virtual Launch ""You Are Eating an Orange. You Are Naked.""","Sheung-King Virtual Launch ""You Are Eating an Orange. You Are Naked.""",event
event::Book*hug Press Virtual Poetry Salon,Book*hug Press Virtual Poetry Salon,event
event::Virtual Launch of Trapsongs by Shannon Bramer,Virtual Launch of Trapsongs by Shannon Bramer,event
event::Phantompains by Therese Estacion Virtual Launch,Phantompains by Therese Estacion Virtual Launch,event
event::Catalogue d'oiseaux by Aaron Tucker Virtual Launch,Catalogue d'oiseaux by Aaron Tucker Virtual Launch,event
"event::We, Jane by Aimee Wall Virtual Launch","We, Jane by Aimee Wall Virtual Launch",event
event::Permanent Revolution by Gail Scott Virtual Book Launch,Permanent Revolution by Gail Scott Virtual Book Launch,event
event::An Evening With Wade Davis,An Evening With Wade Davis,event
event::An Afternoon with Leanne Betasamosake Simpson,An Afternoon with Leanne Betasamosake Simpson,event
event::Poetry Live! An Evening of Open Mic Poetry at Words,Poetry Live! An Evening of Open Mic Poetry at Words,event
event::The Poetics of Ecology,The Poetics of Ecology,event
event::Becoming a Writer: A Conversation for Aspiring Writers,Becoming a Writer: A Conversation for Aspiring Writers,event
event::Adam Gopnik: In Conversation with Josh Lambier,Adam Gopnik: In Conversation with Josh Lambier,event
event::Seth Klein: In Conversation,Seth Klein: In Conversation,event
event::The Poetry of Memoir: Lorna Crozier & Madhur Anand,The Poetry of Memoir: Lorna Crozier & Madhur Anand,event
event::Jesse Thistle: In Conversation with Janice Zolf,Jesse Thistle: In Conversation with Janice Zolf,event
event::Reimagining Disability,Reimagining Disability,event
event::Monumental Questions: Revisiting Controversial Monuments and Memorials,Monumental Questions: Revisiting Controversial Monuments and Memorials,event
event::Jane Munro & Penn Kemp: In Conversation,Jane Munro & Penn Kemp: In Conversation,event
event::James Reaney Memorial Lecture 2020: Words & Music,James Reaney Memorial Lecture 2020: Words & Music,event
event::Catherine Bush: In Conversation,Catherine Bush: In Conversation,event
event::Emma Donoghue: In Conversation with Manina Jones,Emma Donoghue: In Conversation with Manina Jones,event
event::The Forgotten Ones: Untold and Unseen Consequences of COVID-19,The Forgotten Ones: Untold and Unseen Consequences of COVID-19,event
event::An Evening with iskwē & Sarah Legault,An Evening with iskwē & Sarah Legault,event
event::Steven Heighton: In Conversation with Josh Lambier,Steven Heighton: In Conversation with Josh Lambier,event
event::Active Voice Presents: Christine Fellows & John K. Samson,Active Voice Presents: Christine Fellows & John K. Samson,event
event::A Two-Act Talk 'n' Shop: Zines & Zine Culture,A Two-Act Talk 'n' Shop: Zines & Zine Culture,event
"event::Richard Van Camp: ""The Power of Stories and The Medicine They Carry""","Richard Van Camp: ""The Power of Stories and The Medicine They Carry""",event
"event::Veda Hille: “Songs and Talking, What Else Do You Need?”","Veda Hille: “Songs and Talking, What Else Do You Need?”",event
"event::Jillian Horton: ""We Are All Perfectly Fine""","Jillian Horton: ""We Are All Perfectly Fine""",event
"event::Ivan Coyote: ""Care Of: Correspondence, Connections, and Cures""","Ivan Coyote: ""Care Of: Correspondence, Connections, and Cures""",event
event::Active Voice Presents: Cherie Dimaline,Active Voice Presents: Cherie Dimaline,event
event::In Search of Barnett: Reconstructing the John Davis Barnett Collection of Shakespeareana,In Search of Barnett: Reconstructing the John Davis Barnett Collection of Shakespeareana,event
event::Yolk 1.1 Launch Event,Yolk 1.1 Launch Event,event
event::Vehicule Poetry Workshop,Vehicule Poetry Workshop,event
event::Yolk 1.2 Launch,Yolk 1.2 Launch,event
event::The 2020 QWF Mentorship Reading - Online!,The 2020 QWF Mentorship Reading - Online!,event
event::Across the Platform: An Open Mic with QWF & Arts By The People,Across the Platform: An Open Mic with QWF & Arts By The People,event
event::Local Reads Book Club - Dominoes at the Crossroads,Local Reads Book Club - Dominoes at the Crossroads,event
event::Black Writers Out Loud,Black Writers Out Loud,event
event::Local Reads Book Club - Yasmeen Haddad Loves Joanasi Maqaittik,Local Reads Book Club - Yasmeen Haddad Loves Joanasi Maqaittik,event
event::Local Reads Book Club - Montreal City of Secrets,Local Reads Book Club - Montreal City of Secrets,event
event::Black Writers Out Loud - Spoken Word Edition,Black Writers Out Loud - Spoken Word Edition,event
event::2020 QWF Literary Awards Gala,2020 QWF Literary Awards Gala,event
event::Writing in Challenging Times,Writing in Challenging Times,event
event::Black Writers Out Loud at the Read Quebec Holiday Book Fest,Black Writers Out Loud at the Read Quebec Holiday Book Fest,event
event::Three Cups of Tea With Muslim Writers,Three Cups of Tea With Muslim Writers,event
event::Chronicling the Days: Dispatches from a Pandemic Book Launch,Chronicling the Days: Dispatches from a Pandemic Book Launch,event
event::QWF Mentorship Reading 2021,QWF Mentorship Reading 2021,event
event::Writers Out Loud: Playwrights on Palestine/Israel,Writers Out Loud: Playwrights on Palestine/Israel,event
event::[QWF] Writers Out Loud: Playwrights on Palestine/Israel II,[QWF] Writers Out Loud: Playwrights on Palestine/Israel II,event
"event::Lunch and Learn with Fabled Films Press
","Lunch and Learn with Fabled Films Press
",event
event::Shut Up & Write! with QWF (Online!),Shut Up & Write! with QWF (Online!),event
event::Shut Up & Write!,Shut Up & Write!,event
event::PEP Open Mic Online Edition,PEP Open Mic Online Edition,event
event::PEP Open Mic Online Edition,PEP Open Mic Online Edition,event
event::Planet Earth Poetry: Kim Goldberg,Planet Earth Poetry: Kim Goldberg,event
event::Planet Earth Poetry: M.C. Warrior,Planet Earth Poetry: M.C. Warrior,event
event::Planet Earth Poetry: Daniela Elza,Planet Earth Poetry: Daniela Elza,event
event::Planet Earth Poetry: Arleen Pare,Planet Earth Poetry: Arleen Pare,event
event::Planet Earth Poetry: Undressing Your Master Poet,Planet Earth Poetry: Undressing Your Master Poet,event
event::Planet Earth Poetry: Kyeren Regehr,Planet Earth Poetry: Kyeren Regehr,event
event::PEP Season 25 Kick-Off,PEP Season 25 Kick-Off,event
event::Sweet Water Anthology Launch,Sweet Water Anthology Launch,event
event::Marlene Grand Maitre and Daniel Scott,Marlene Grand Maitre and Daniel Scott,event
event::BRUCE RICE & TED LANDRUM,BRUCE RICE & TED LANDRUM,event
"event::All Open Mic Night: TWO POEMS EACH!
","All Open Mic Night: TWO POEMS EACH!
",event
event::Planet Earth Poetry: Ariel Gordon,Planet Earth Poetry: Ariel Gordon,event
event::Planet Earth Poetry: Allan Briesmaster,Planet Earth Poetry: Allan Briesmaster,event
event::A Reading From the Ether,A Reading From the Ether,event
event::Planet Earth Poetry: Maureen Hynes,Planet Earth Poetry: Maureen Hynes,event
event::Voicing Suicide Launch,Voicing Suicide Launch,event
event::Planet Earth Poetry: Joseph A. Dandurand,Planet Earth Poetry: Joseph A. Dandurand,event
event::Planet Earth Poetry: Kevin Spenst,Planet Earth Poetry: Kevin Spenst,event
event::Planet Earth Poetry: John Barton,Planet Earth Poetry: John Barton,event
event::Planet Earth Poetry: Wendy Morton & Kate Marshall Flaherty,Planet Earth Poetry: Wendy Morton & Kate Marshall Flaherty,event
event::Planet Earth Poetry: Jane Munro,Planet Earth Poetry: Jane Munro,event
"event::Planet Earth Poetry: Lorna Crozier
","Planet Earth Poetry: Lorna Crozier
",event
event::Planet Earth Poetry: The Handover,Planet Earth Poetry: The Handover,event
"event::Planet Earth Poetry: Evelyn Lau
","Planet Earth Poetry: Evelyn Lau
",event
event::Planet Earth Poetry: Susan Alexander,Planet Earth Poetry: Susan Alexander,event
"event::The Sky Is Falling, The Sky Is Falling: Pandemic Poems Anthology Launch","The Sky Is Falling, The Sky Is Falling: Pandemic Poems Anthology Launch",event
"event::Planet Earth Poetry: Patrick Friesen
","Planet Earth Poetry: Patrick Friesen
",event
event::Planet Earth Poetry: Tyler Pennock,Planet Earth Poetry: Tyler Pennock,event
event::Planet Earth Poetry: Derk Wynand,Planet Earth Poetry: Derk Wynand,event
event::Planet Earth Poetry: Canisia Lubrin,Planet Earth Poetry: Canisia Lubrin,event
event::Planet Earth Poetry: Irfan Ali,Planet Earth Poetry: Irfan Ali,event
event::Planet Earth Poetry: Dorothy Field & Kurt Trzcinski,Planet Earth Poetry: Dorothy Field & Kurt Trzcinski,event
"event::Planet Earth Poetry: Adrienne Drobnies
","Planet Earth Poetry: Adrienne Drobnies
",event
event::Planet Earth Poetry: Lindsay B-E,Planet Earth Poetry: Lindsay B-E,event
event::Spring Fling All Open Mic,Spring Fling All Open Mic,event
event::Planet Earth Poetry: Patricia Vickers,Planet Earth Poetry: Patricia Vickers,event
event::Planet Earth Poetry: Frontenac Quartet,Planet Earth Poetry: Frontenac Quartet,event
event::Planet Earth Poetry: Larissa Lai,Planet Earth Poetry: Larissa Lai,event
event::NaPoMo: Electronic Garret,NaPoMo: Electronic Garret,event
event::Planet Earth Poetry: Terence Young,Planet Earth Poetry: Terence Young,event
event::Planet Earth Poetry: Billeh Nickerson,Planet Earth Poetry: Billeh Nickerson,event
event::Planet Earth Poetry: Arleen Paré & Beth Kope,Planet Earth Poetry: Arleen Paré & Beth Kope,event
event::Planet Earth Poetry: Vanessa Shields,Planet Earth Poetry: Vanessa Shields,event
"event::Planet Earth Poetry: Kamal Parmar, Jude Neale, & Kieran Egan","Planet Earth Poetry: Kamal Parmar, Jude Neale, & Kieran Egan",event
event::Planet Earth Poetry: Barbara Nickel,Planet Earth Poetry: Barbara Nickel,event
"event::Planet Earth Poetry: Louise B. Halfe and James Summer
","Planet Earth Poetry: Louise B. Halfe and James Summer
",event
event::The Laboratory of Feminist Memory 3: Online,The Laboratory of Feminist Memory 3: Online,event
event::QueerReads | A Live Virtual Reading with Ivan Coyote,QueerReads | A Live Virtual Reading with Ivan Coyote,event
event::Smut Peddlers: An evening of LGBTQ erotica,Smut Peddlers: An evening of LGBTQ erotica,event
event::Panel: Navigating Your Transness Through The Community on GD TV,Panel: Navigating Your Transness Through The Community on GD TV,event
event::An Astrological Creative Writing Workshop with Shaunga Tagore,An Astrological Creative Writing Workshop with Shaunga Tagore,event
event::Toronto Virtual Book Launch: The Abortion Caravan,Toronto Virtual Book Launch: The Abortion Caravan,event
event::Unicorn Medicine: Creative Writing for Queer and Trans Folks,Unicorn Medicine: Creative Writing for Queer and Trans Folks,event
"event::Workshop: Introduction Afro-Futurist Writing
","Workshop: Introduction Afro-Futurist Writing
",event
"event::Hot Damn It's a Queer Slam Workshop with Dijah
","Hot Damn It's a Queer Slam Workshop with Dijah
",event
event::Virtual Toronto Lit Up: Bones,Virtual Toronto Lit Up: Bones,event
event::Brockton Writers Series July 2020,Brockton Writers Series July 2020,event
event::Traduire (depuis) les marges,Traduire (depuis) les marges,event
event::Smut Peddlers: An evening of LGBTQ erotica,Smut Peddlers: An evening of LGBTQ erotica,event
"event::Small, Broke, and Kind of Dirty by Hana Shafi Virtual Book Launch","Small, Broke, and Kind of Dirty by Hana Shafi Virtual Book Launch",event
"event::Book Launch for ""Confessions of a Teenage Drag King""","Book Launch for ""Confessions of a Teenage Drag King""",event
event::Launch: The Hammer of Witches by Kelly Rose Pflug-Back,Launch: The Hammer of Witches by Kelly Rose Pflug-Back,event
event::BOOK LAUNCH: Missing from the Village with Justin Ling,BOOK LAUNCH: Missing from the Village with Justin Ling,event
event::Smut Peddlers Book Launch: QUEER WEREWOLVES DESTROY CAPITALISM,Smut Peddlers Book Launch: QUEER WEREWOLVES DESTROY CAPITALISM,event
event::OUTRAGEOUS MISFITS Virtual Book Launch!,OUTRAGEOUS MISFITS Virtual Book Launch!,event
event::Readings of queer myth and history,Readings of queer myth and history,event
event::BOOK LAUNCH: Sick by Jody Chan,BOOK LAUNCH: Sick by Jody Chan,event
event::BOOK LAUNCH: IRL with Chris Stedman and Anthony Oliveira,BOOK LAUNCH: IRL with Chris Stedman and Anthony Oliveira,event
event::BOOK LAUNCH: The Dubious Gift of Dragon Blood,BOOK LAUNCH: The Dubious Gift of Dragon Blood,event
event::Live/Virtual Book Shopping & Recommendations with Michael Erickson,Live/Virtual Book Shopping & Recommendations with Michael Erickson,event
"event::Panel : INSTABILITY, INSECURITY, INSANITY – Mental Health and the Writer
","Panel : INSTABILITY, INSECURITY, INSANITY – Mental Health and the Writer
",event
event::WHAT IS? AN EVENING OF MEMOIR AND NONFICTION,WHAT IS? AN EVENING OF MEMOIR AND NONFICTION,event
event::IN-CONVERSATION WITH DANNY RAMADAN – Hiding Memoir in Fiction,IN-CONVERSATION WITH DANNY RAMADAN – Hiding Memoir in Fiction,event
"event::Workshop: SEX WRITING FOR TRAUMA SURVIVORS
","Workshop: SEX WRITING FOR TRAUMA SURVIVORS
",event
"event::Panel : QUEER PASTS, QUEER FUTURES – Writers Look Back and Reflect on What’s Next","Panel : QUEER PASTS, QUEER FUTURES – Writers Look Back and Reflect on What’s Next",event
"event::Reading: SALVE & BALM – Readings that soothe, mend or heal
","Reading: SALVE & BALM – Readings that soothe, mend or heal
",event
event::Reading : RACIALIZED IS A VERB,Reading : RACIALIZED IS A VERB,event
"event::Reading : BLAZING FEMMES
","Reading : BLAZING FEMMES
",event
event::BOOK LAUNCH: The Fabulous Zed Watson! by Basil Sylvester,BOOK LAUNCH: The Fabulous Zed Watson! by Basil Sylvester,event
"event::QueerReads Book Club | ""The Selected Works of Audre Lorde"" | Discussion","QueerReads Book Club | ""The Selected Works of Audre Lorde"" | Discussion",event
event::Best Lesbian Erotica of the Year Vol 5 with Glad Day Books,Best Lesbian Erotica of the Year Vol 5 with Glad Day Books,event
"event::Smut Peddlers: An evening of LGBTQ erotica
","Smut Peddlers: An evening of LGBTQ erotica
",event
event::DOUBLE BOOK LAUNCH: The Player & Proud to Play,DOUBLE BOOK LAUNCH: The Player & Proud to Play,event
event::Toronto Lit Up: Run Riot by Ash Winters,Toronto Lit Up: Run Riot by Ash Winters,event
event::Here & Now: Queer Italian Canadian readings (April),Here & Now: Queer Italian Canadian readings (April),event
event::BOOK LAUNCH: Indivisible with Daniel Aleman,BOOK LAUNCH: Indivisible with Daniel Aleman,event
event::Smut Peddlers: An evening of LGBTQ erotica,Smut Peddlers: An evening of LGBTQ erotica,event
event::BOOK LAUNCH: When You Get the Chance,BOOK LAUNCH: When You Get the Chance,event
"event::DOUBLE BOOK LAUNCH: All Fired Up & Hard Sell from Carina Press
","DOUBLE BOOK LAUNCH: All Fired Up & Hard Sell from Carina Press
",event
"event::BOOK LAUNCH: sulphurtongue with Rebecca Salazar and friends
","BOOK LAUNCH: sulphurtongue with Rebecca Salazar and friends
",event
"event::IN CONVERSATION: The Queer Evangelist by Rev. Cheri DiNovo
","IN CONVERSATION: The Queer Evangelist by Rev. Cheri DiNovo
",event
"event::BOOK LAUNCH: ""Three Seeking Stars"" by Avi Silver
","BOOK LAUNCH: ""Three Seeking Stars"" by Avi Silver
",event
event::Online only! // New Reads Book Club: The Overstory,Online only! // New Reads Book Club: The Overstory,event
event::Strange Futures Book Club: The Memory Police,Strange Futures Book Club: The Memory Police,event
"event::Online Only! // Gay Reads Book Club: Red At the Bone
","Online Only! // Gay Reads Book Club: Red At the Bone
",event
event::Online Only - Teen Book Club: Infinity Son,Online Only - Teen Book Club: Infinity Son,event
"event::Virtual Book Launch - The Subtweet by Vivek Shraya!
","Virtual Book Launch - The Subtweet by Vivek Shraya!
",event
event::Online Graphic Novel Book Club -Familiar Face by Michael Defoge,Online Graphic Novel Book Club -Familiar Face by Michael Defoge,event
event::Online New Reads Book Club: Weather by Jenny Offill,Online New Reads Book Club: Weather by Jenny Offill,event
"event::Strange Futures Book Club: Pet by Akwaeke Emezi
","Strange Futures Book Club: Pet by Akwaeke Emezi
",event
event::Virtual Event - Tessa McWatt launches Shame on Me!,Virtual Event - Tessa McWatt launches Shame on Me!,event
event::Graphic Novel Book Club -Palimpsest by Lisa Wool-Rim Sjöblom,Graphic Novel Book Club -Palimpsest by Lisa Wool-Rim Sjöblom,event
event::Poetry for the Summer Soul,Poetry for the Summer Soul,event
event::IG LIVE: If I Couldn't Be Anne,IG LIVE: If I Couldn't Be Anne,event
"event::Virtual Launch - David Ly launches Mythical Man!
","Virtual Launch - David Ly launches Mythical Man!
",event
"event::Indigenous Literatures Book Club Online- Postcolonial Love Poem
","Indigenous Literatures Book Club Online- Postcolonial Love Poem
",event
event::Unruly Writers Club,Unruly Writers Club,event
"event::True Reads Book Club - Uncanny Valley by Anna Weiner
","True Reads Book Club - Uncanny Valley by Anna Weiner
",event
"event::Gay Reads Book Club - Wow, No Thank You by Samantha Irby
","Gay Reads Book Club - Wow, No Thank You by Samantha Irby
",event
event::Unruly Writers Club II,Unruly Writers Club II,event
"event::Online New Reads Book Club: The Subtweet by Vivek Shraya
","Online New Reads Book Club: The Subtweet by Vivek Shraya
",event
event::My Body Is The Ocean: Halifax ZOM-FAM Book Launch,My Body Is The Ocean: Halifax ZOM-FAM Book Launch,event
"event::Graphic Novel Book Club - Umma's Table by Yeon-Sik Hong
","Graphic Novel Book Club - Umma's Table by Yeon-Sik Hong
",event
"event::Indigenous Literatures Book Club - Wendy, Master of Art
","Indigenous Literatures Book Club - Wendy, Master of Art
",event
event::Poetry Reading and Conversation with Kama La Mackerel,Poetry Reading and Conversation with Kama La Mackerel,event
"event::True Reads Book Club - The Hidden Life of Trees, Peter Wohlleben
","True Reads Book Club - The Hidden Life of Trees, Peter Wohlleben
",event
event::Unruly Writers Club,Unruly Writers Club,event
event::Unruly Writers Club,Unruly Writers Club,event
"event::DEAR BLACK GIRLS: Shanice Nicole, Kezna Dalz, Maguy Métellus & Nantali Indongo in conversation","DEAR BLACK GIRLS: Shanice Nicole, Kezna Dalz, Maguy Métellus & Nantali Indongo in conversation",event
event::A Natural History of Transition: Book Launch with author Callum Angus,A Natural History of Transition: Book Launch with author Callum Angus,event
"event::Graphic Novel Book Club: I Know You Rider by Leslie Stein
","Graphic Novel Book Club: I Know You Rider by Leslie Stein
",event
event::New Reads Book Club: The Nickel Boys by Colson Whitehead,New Reads Book Club: The Nickel Boys by Colson Whitehead,event
"event::Gay Reads Book Club - I Hope We Choose Love, Kai Cheng Thom
","Gay Reads Book Club - I Hope We Choose Love, Kai Cheng Thom
",event
"event::Local Reads Book Club - Dominoes at the Crossroads
","Local Reads Book Club - Dominoes at the Crossroads
",event
"event::True Reads Book Club - Recollections of My Nonexistence
","True Reads Book Club - Recollections of My Nonexistence
",event
"event::Strange Futures Book Club: The City We Became
","Strange Futures Book Club: The City We Became
",event
"event::Local Reads Book Club - Yasmeen Haddad Loves Joanasi Maqaittik
","Local Reads Book Club - Yasmeen Haddad Loves Joanasi Maqaittik
",event
"event::Graphic Novel Book Club: The Sky is Blue with a Single Cloud
","Graphic Novel Book Club: The Sky is Blue with a Single Cloud
",event
"event::New Reads Book Club: Little Eyes by Samanta Schweblin
","New Reads Book Club: Little Eyes by Samanta Schweblin
",event
"event::Teen Book Club: Wilder Girls by Rory Power
","Teen Book Club: Wilder Girls by Rory Power
",event
"event::Young Readers Book Club : Here In The Real World
","Young Readers Book Club : Here In The Real World
",event
"event::True Reads Book Club: They Said This Would Be Fun
","True Reads Book Club: They Said This Would Be Fun
",event
"event::Local Reads Book Club - Montreal City of Secrets
","Local Reads Book Club - Montreal City of Secrets
",event
event::Graphic Novel Book Club: The Loneliness of the Long Distance,Graphic Novel Book Club: The Loneliness of the Long Distance,event
"event::Saleema Nawaz launches Songs for the End of the World
","Saleema Nawaz launches Songs for the End of the World
",event
event::Gay Reads Book Club: A History of My Brief Body,Gay Reads Book Club: A History of My Brief Body,event
"event::New Reads Book Club: Luster by Raven Leilani
","New Reads Book Club: Luster by Raven Leilani
",event
event::Kenneth Oppel Launches HATCH,Kenneth Oppel Launches HATCH,event
event::Librairie D+Q presents Jason Lutes and Sophie Yanow in conversation,Librairie D+Q presents Jason Lutes and Sophie Yanow in conversation,event
"event::Librairie D+Q presents Fariha Róisín launching Like A Bird
","Librairie D+Q presents Fariha Róisín launching Like A Bird
",event
"event::Oliver Jeffers launches What We'll Build
","Oliver Jeffers launches What We'll Build
",event
"event::True Reads Book Club - Brown Album
","True Reads Book Club - Brown Album
",event
event::Graphic Novel Book Club: Moms,Graphic Novel Book Club: Moms,event
event::Librairie D+Q presents Eva Crocker and Morgan Murray in conversation,Librairie D+Q presents Eva Crocker and Morgan Murray in conversation,event
"event::Young Readers Book Club - Ikenga by Nnedi Okorafor
","Young Readers Book Club - Ikenga by Nnedi Okorafor
",event
event::Strange Futures Book Club: Dear Cyborgs,Strange Futures Book Club: Dear Cyborgs,event
"event::Local Reads Book Club: Taximan
","Local Reads Book Club: Taximan
",event
"event::Librairie D+Q presents Eli Tareq El Bechelany-Lynch launching knot body (Metatron Press)
","Librairie D+Q presents Eli Tareq El Bechelany-Lynch launching knot body (Metatron Press)
",event
event::Teen Book Club: Cinderella is Dead,Teen Book Club: Cinderella is Dead,event
"event::New Reads Book Club: How To Pronounce Knife
","New Reads Book Club: How To Pronounce Knife
",event
"event::Indigenous Literatures Book Club: Winter Counts
","Indigenous Literatures Book Club: Winter Counts
",event
"event::Librairie D+Q presents Anne Helen Petersen launching Can't Even
","Librairie D+Q presents Anne Helen Petersen launching Can't Even
",event
event::Gay Reads Book Club: Paul Takes the Form of a Mortal Girl,Gay Reads Book Club: Paul Takes the Form of a Mortal Girl,event
"event::Librairie D+Q presents Leanne Betasamosake Simpson launching Noopiming
","Librairie D+Q presents Leanne Betasamosake Simpson launching Noopiming
",event
"event::Carmen Maria Machado and Silvia Moreno-Garcia double launch
","Carmen Maria Machado and Silvia Moreno-Garcia double launch
",event
"event::True Reads Book Club - Intimations
","True Reads Book Club - Intimations
",event
"event::Librairie D+Q presents François Vigneault launching Titan!
","Librairie D+Q presents François Vigneault launching Titan!
",event
"event::Librairie D+Q presents Kama La Mackerel launching ZOM-FAM
","Librairie D+Q presents Kama La Mackerel launching ZOM-FAM
",event
"event::Local Reads Book Club - The Philistine
","Local Reads Book Club - The Philistine
",event
"event::Margaret Atwood and Lorna Crozier double launch
","Margaret Atwood and Lorna Crozier double launch
",event
"event::Young Readers Book Club - Keeper of the Lost Cities
","Young Readers Book Club - Keeper of the Lost Cities
",event
"event::New Reads Book Club: Talking Animals
","New Reads Book Club: Talking Animals
",event
"event::Graphic Novel Book Club: Paying the Land
","Graphic Novel Book Club: Paying the Land
",event
event::Teen Book Club: Felix Ever After,Teen Book Club: Felix Ever After,event
"event::Young Readers Book Club - The Barren Grounds
","Young Readers Book Club - The Barren Grounds
",event
event::Strange Futures Book Club: Crosshairs,Strange Futures Book Club: Crosshairs,event
"event::Graphic Novel Book Club: The Contradictions
","Graphic Novel Book Club: The Contradictions
",event
"event::Indigenous Literatures Book Club: Love After the End
","Indigenous Literatures Book Club: Love After the End
",event
"event::True Reads Book Club: Braiding Sweetgrass
","True Reads Book Club: Braiding Sweetgrass
",event
"event::Librairie D+Q Presents Shanice Nicole and Kezna Dalz launching Dear Black Girls
","Librairie D+Q Presents Shanice Nicole and Kezna Dalz launching Dear Black Girls
",event
"event::Gay Reads Book Club: Memorial
","Gay Reads Book Club: Memorial
",event
"event::Launch of Tawhida Tanya Evanson's debut novel Book of Wings
","Launch of Tawhida Tanya Evanson's debut novel Book of Wings
",event
"event::Young Readers Book Club: When Stars Are Scattered
","Young Readers Book Club: When Stars Are Scattered
",event
"event::Graphic Novel Book Club: Sports Is Hell
","Graphic Novel Book Club: Sports Is Hell
",event
"event::Four Hundred Souls - Dr. Ibram X. Kendi and Dr. Keisha N. Blain in Conversation
","Four Hundred Souls - Dr. Ibram X. Kendi and Dr. Keisha N. Blain in Conversation
",event
"event::Librairie D+Q presents Edem Awumey launching Mina Among the Shadows
","Librairie D+Q presents Edem Awumey launching Mina Among the Shadows
",event
"event::Teen Book Club: The Perks of Being a Wallflower
","Teen Book Club: The Perks of Being a Wallflower
",event
event::Strange Futures Book Club: Future Home of the Living God,Strange Futures Book Club: Future Home of the Living God,event
"event::Return of the Trickster - Eden Robinson and Cherie Dimaline in Conversation
","Return of the Trickster - Eden Robinson and Cherie Dimaline in Conversation
",event
event::Klara and the Sun - Kazuo Ishiguro and Souvankham Thammavongsa in conversation,Klara and the Sun - Kazuo Ishiguro and Souvankham Thammavongsa in conversation,event
"event::True Reads Book Club: In Defense of Looting
","True Reads Book Club: In Defense of Looting
",event
event::mRb Spring Issue Launch,mRb Spring Issue Launch,event
"event::Graphic Novel Book Club: Dancing After TEN
","Graphic Novel Book Club: Dancing After TEN
",event
"event::Finding Treasure, Getting the Dirt: A Comic Launch and DIY Research Workshop
","Finding Treasure, Getting the Dirt: A Comic Launch and DIY Research Workshop
",event
"event::Indigenous Literatures Book Club: Crooked Hallelujah
","Indigenous Literatures Book Club: Crooked Hallelujah
",event
"event::New Reads Book Club: The Lying Life of Adults
","New Reads Book Club: The Lying Life of Adults
",event
event::Betsy Warland's Online Book Launch,Betsy Warland's Online Book Launch,event
event::BIG Talk: A Contributor Panel • online book launch,BIG Talk: A Contributor Panel • online book launch,event
event::Poetry for Earth Day • Sweet Water book launch,Poetry for Earth Day • Sweet Water book launch,event
event::Launch: The Burden of Gravity by Shannon McConnell,Launch: The Burden of Gravity by Shannon McConnell,event
event::Launch: The Hammer of Witches by Kelly Rose Pflug-Back,Launch: The Hammer of Witches by Kelly Rose Pflug-Back,event
event::Launch: Kate Braid • Hammer & Nail: Notes of a Journeywoman,Launch: Kate Braid • Hammer & Nail: Notes of a Journeywoman,event
event::Launch: Finding Heartstone by Cathy Sosnowsky,Launch: Finding Heartstone by Cathy Sosnowsky,event
event::Book Launch: Small Courage by Jane Byers,Book Launch: Small Courage by Jane Byers,event
event::Book Launch: The Kissing Fence by B.A. Thomas-Peter,Book Launch: The Kissing Fence by B.A. Thomas-Peter,event
event::Launch: Dispatches from Ray's Planet by Claire Finlayson,Launch: Dispatches from Ray's Planet by Claire Finlayson,event
"event::Graphic Novel Book Club: The Magic Fish
","Graphic Novel Book Club: The Magic Fish
",event
"event::Young Readers Book Club: Everything Sad Is Untrue
","Young Readers Book Club: Everything Sad Is Untrue
",event
"event::How To Change Everything - Naomi Klein in conversation with Rebecca Hamilton and Naia Lee
","How To Change Everything - Naomi Klein in conversation with Rebecca Hamilton and Naia Lee
",event
"event::Gay Reads Book Club: Detransition, Baby
","Gay Reads Book Club: Detransition, Baby
",event
"event::Teen Book Club: Shadow and Bone
","Teen Book Club: Shadow and Bone
",event
"event::True Reads Book Club - Gay Bar: Why We Went Out
","True Reads Book Club - Gay Bar: Why We Went Out
",event
"event::Librairie D+Q presents Lee Lai launching Stone Fruit
","Librairie D+Q presents Lee Lai launching Stone Fruit
",event
"event::At Home With Aminder Dhaliwal
","At Home With Aminder Dhaliwal
",event
event::Dining at the Dairy Restaurant: A Discussion with Illustrator Ben Katchor,Dining at the Dairy Restaurant: A Discussion with Illustrator Ben Katchor,event
event::Alison Bechdel launching The Secret to Superhuman Strength,Alison Bechdel launching The Secret to Superhuman Strength,event
event::Book Launch • Vera Maloff • Our Backs Warmed by the Sun: Memories of a Doukhobor Life,Book Launch • Vera Maloff • Our Backs Warmed by the Sun: Memories of a Doukhobor Life,event
"event::Librairie D+Q presents Esmé Shapiro launching Carol and the Pickle-Toad
","Librairie D+Q presents Esmé Shapiro launching Carol and the Pickle-Toad
",event
"event::At Home with Joe Ollmann
","At Home with Joe Ollmann
",event
event::Short Story Spectacular • Genni Gunn + Mary MacDonald + Madeline Sonik,Short Story Spectacular • Genni Gunn + Mary MacDonald + Madeline Sonik,event
"event::Strange Futures Book Club: Triangulum
","Strange Futures Book Club: Triangulum
",event
"event::Graphic Novel Book Club : Shadow Life
","Graphic Novel Book Club : Shadow Life
",event
event::Dédicace virtuelle - Pascal Girard - Rebecca et Lucie mènent l'enquête,Dédicace virtuelle - Pascal Girard - Rebecca et Lucie mènent l'enquête,event
"event::Hey Monica and MP, I Have Been Wondering","Hey Monica and MP, I Have Been Wondering",event
event::Book Launch • Geoff Mynett • Pinkerton's and the Hunt for Simon Gunanoot,Book Launch • Geoff Mynett • Pinkerton's and the Hunt for Simon Gunanoot,event
"event::At Home With Keiler Roberts
","At Home With Keiler Roberts
",event
event::Book Launch • Barbara Nickel • Essential Tremor,Book Launch • Barbara Nickel • Essential Tremor,event
"event::Book Launch: Christopher DiRaddo’s The Family Way
","Book Launch: Christopher DiRaddo’s The Family Way
",event
"event::Librairie D+Q Presents Jordan Abel launching Nishga
","Librairie D+Q Presents Jordan Abel launching Nishga
",event
event::Book Launch • Christina Myers • The List of Last Chances,Book Launch • Christina Myers • The List of Last Chances,event
event::Book Launch • Barbara Black • Music from a Strange Planet,Book Launch • Barbara Black • Music from a Strange Planet,event
event::Summer Japan Book Club,Summer Japan Book Club,event
"event::Argo Zoom Reading Series: Verse, Prose & Song","Argo Zoom Reading Series: Verse, Prose & Song",event
"event::New Reads Book Club: Klara and the Sun
","New Reads Book Club: Klara and the Sun
",event
"event::Teen Book Club: Clap When You Land
","Teen Book Club: Clap When You Land
",event
"event::At Home with Guy Delisle
","At Home with Guy Delisle
",event
"event::Graphic Novel Book Club: Fangs
","Graphic Novel Book Club: Fangs
",event
"event::At Home with Weng Pixin
","At Home with Weng Pixin
",event
"event::At Home with Pascal Girard
","At Home with Pascal Girard
",event
"event::The Sonnet as Daybook, Pre-VFA Workshop with John Barton
","The Sonnet as Daybook, Pre-VFA Workshop with John Barton
",event
event::Great Minds Don't Think Alike,Great Minds Don't Think Alike,event
"event::Queer Existence is Resistance: The Power of QT2BIPOC Futurisms
","Queer Existence is Resistance: The Power of QT2BIPOC Futurisms
",event
"event::Truth, Trauma, Beauty, Beast","Truth, Trauma, Beauty, Beast",event
"event::Simply Unbelievable: Fresh Fiction for Unfathomable Times
","Simply Unbelievable: Fresh Fiction for Unfathomable Times
",event
"event::Writing in a Time of Slow Disaster
","Writing in a Time of Slow Disaster
",event
"event::Between Worlds: Voice, Community, and Coming of Age
","Between Worlds: Voice, Community, and Coming of Age
",event
"event::In Conversation: Leanne Betasamosake Simpson with Carey Newman
","In Conversation: Leanne Betasamosake Simpson with Carey Newman
",event
event::2020 Victoria Book Prizes,2020 Victoria Book Prizes,event
"event::At the Crossroads with Kaie Kellough and Jack Wang
","At the Crossroads with Kaie Kellough and Jack Wang
",event
"event::Worlds of Tomorrow with Michael Christie, Kerri Sakamoto, and Doreen Vanderstoop","Worlds of Tomorrow with Michael Christie, Kerri Sakamoto, and Doreen Vanderstoop",event
event::Finding Home,Finding Home,event
"event::Muriel’s Journey Poetry Prize Award Ceremony
","Muriel’s Journey Poetry Prize Award Ceremony
",event
"event::LGBTQ2S+ Writers’ Line-age Panel
","LGBTQ2S+ Writers’ Line-age Panel
",event
"event::A Gathering of Writers in Residence
","A Gathering of Writers in Residence
",event
"event::Poetry in the Park with Evelyn Lau
","Poetry in the Park with Evelyn Lau
",event
"event::Mentorship in the Writing Process
","Mentorship in the Writing Process
",event
"event::The Gift of Storytelling
","The Gift of Storytelling
",event
"event::Beginnings and Endings
","Beginnings and Endings
",event
"event::Making Comics and Graphic Novels: Professional Touches
","Making Comics and Graphic Novels: Professional Touches
",event
event::Portraits,Portraits,event
"event::In Conversation with Bill Cosgrave. Love Her Madly
","In Conversation with Bill Cosgrave. Love Her Madly
",event
"event::In Conversation With Charles Demers
","In Conversation With Charles Demers
",event
"event::The Joy of Imagination
","The Joy of Imagination
",event
"event::Tricksters and Shapeshifters
","Tricksters and Shapeshifters
",event
"event::Autumn Verses: The 10th Chinese and English Poetry Recital
","Autumn Verses: The 10th Chinese and English Poetry Recital
",event
"event::Belonging
","Belonging
",event
event::Indigenous Poetry Workshop,Indigenous Poetry Workshop,event
"event::Connecting Authors and Readers Across the Water
","Connecting Authors and Readers Across the Water
",event
"event::Storytelling with Drag Queens
","Storytelling with Drag Queens
",event
"event::Books and Biscotti Series: Italian-Canadian Voices
","Books and Biscotti Series: Italian-Canadian Voices
",event
"event::In Conversation with Claire Lordon
","In Conversation with Claire Lordon
",event
"event::Surviving War
","Surviving War
",event
"event::Poetic Transitions
","Poetic Transitions
",event
"event::Loss, Grief and Writing
","Loss, Grief and Writing
",event
event::Writing Through the Generations,Writing Through the Generations,event
event::Publishing in a Pandemic,Publishing in a Pandemic,event
"event::The Collaborative Process - In Conversation with P. Guerra and I. Boothby
","The Collaborative Process - In Conversation with P. Guerra and I. Boothby
",event
"event::Gender and Genre
","Gender and Genre
",event
"event::Sweet Water: Poems for the Watersheds
","Sweet Water: Poems for the Watersheds
",event
"event::Writing Moves
","Writing Moves
",event
"event::Words Across Canada: Multinational Reading
","Words Across Canada: Multinational Reading
",event
"event::Writing as Activism
","Writing as Activism
",event
"event::The Launch of Poetry in Transit
","The Launch of Poetry in Transit
",event
"event::Graphic Words
","Graphic Words
",event
"event::Back Where I Came From: First Generation Canadian Perspective
","Back Where I Came From: First Generation Canadian Perspective
",event
"event::Writing the Between
","Writing the Between
",event
"event::Time Travel - The Periods Shift Between the Past and the Future
","Time Travel - The Periods Shift Between the Past and the Future
",event
"event::We’re Back - But What Does the Future Hold
","We’re Back - But What Does the Future Hold
",event
"event::How to Keep Journalists Relevant in a Social Media World
","How to Keep Journalists Relevant in a Social Media World
",event
"event::Words Across Canada: Black History
","Words Across Canada: Black History
",event
"event::The Poetics of Place
","The Poetics of Place
",event
event::Eroticizing the Page,Eroticizing the Page,event
"event::Supporting Immigrant Communities through Words
","Supporting Immigrant Communities through Words
",event
event::The Nature of Poetry,The Nature of Poetry,event
"event::Canada, Do You Hear Me? / On Becoming Canadian
","Canada, Do You Hear Me? / On Becoming Canadian
",event
"event::Writing, The Second Career
","Writing, The Second Career
",event
event::The Poetics of Language,The Poetics of Language,event
"event::Across the Universe
","Across the Universe
",event
"event::EXPLORING THE MULTIVERSE: POETRY, SCIENCE AND THE ENVIRONMENT
","EXPLORING THE MULTIVERSE: POETRY, SCIENCE AND THE ENVIRONMENT
",event
"event::Adapting Words for the Screen
","Adapting Words for the Screen
",event
"event::In Conversation with Jody Wilson-Raybould
","In Conversation with Jody Wilson-Raybould
",event
"event::World Read Aloud Day with Laura Farina
","World Read Aloud Day with Laura Farina
",event
"event::World Read Aloud Day with Yvonne Wallace
","World Read Aloud Day with Yvonne Wallace
",event
"event::un/settled: Reading Black Women, Art, Poetry and Place
","un/settled: Reading Black Women, Art, Poetry and Place
",event
"event::Word Vancouver at I Read Canadian Day with Storytelling with Drag Queens
","Word Vancouver at I Read Canadian Day with Storytelling with Drag Queens
",event
"event::Jane Munro Launches Glass Float
","Jane Munro Launches Glass Float
",event
"event::Brick Books 45 Anniversary Celebration
","Brick Books 45 Anniversary Celebration
",event
"event::I Am the Big Heart Launch
","I Am the Big Heart Launch
",event
"event::Brick Books Book Club
","Brick Books Book Club
",event
"event::Brick Books Book Club
","Brick Books Book Club
",event
"event::Leah Horlick Moldovan Hotel Launch with Peace Akintade
","Leah Horlick Moldovan Hotel Launch with Peace Akintade
",event
"event::Munro's Books Presents: M.A.C. Farrant, Arleen Pare & Terence Young
","Munro's Books Presents: M.A.C. Farrant, Arleen Pare & Terence Young
",event
"event::The Subtweet Virtual Tour
","The Subtweet Virtual Tour
",event
"event::Downtime: Ian Rankin
","Downtime: Ian Rankin
",event
"event::Downtime: Catherine Hernandez
","Downtime: Catherine Hernandez
",event
"event::Virtual Toronto Lit Up: Inanna’s 2020 Spring Releases
","Virtual Toronto Lit Up: Inanna’s 2020 Spring Releases
",event
"event::Virtual Toronto Lit Up: Bones
","Virtual Toronto Lit Up: Bones
",event
"event::Book Launch: Choosing Hope by Munira Premji
","Book Launch: Choosing Hope by Munira Premji
",event
"event::Toronto Lit Up Presents: The Cyborg Anthology Virtual Launch
","Toronto Lit Up Presents: The Cyborg Anthology Virtual Launch
",event
"event::Skin Hunger: Francesca Ekwuyasi
","Skin Hunger: Francesca Ekwuyasi
",event
"event::Bearing Witness: Helen Humphreys & Kate Pullinger
","Bearing Witness: Helen Humphreys & Kate Pullinger
",event
event::Humber College Masterclass: Collaborating with People and Things,Humber College Masterclass: Collaborating with People and Things,event
"event::Toronto Writers Collective Launch
","Toronto Writers Collective Launch
",event
"event::Tradition on Trial: Farzana Doctor & Fernanda Melchor
","Tradition on Trial: Farzana Doctor & Fernanda Melchor
",event
"event::Life Through Language: CanLit to Bengali
","Life Through Language: CanLit to Bengali
",event
"event::An Evening With Margaret Atwood
","An Evening With Margaret Atwood
",event
"event::Anne Michaels: Celebrating Toronto’s Literary History
","Anne Michaels: Celebrating Toronto’s Literary History
",event
"event::Home Sweet Homelands: Ayad Akhtar & Shokoofeh Azar
","Home Sweet Homelands: Ayad Akhtar & Shokoofeh Azar
",event
"event::Skin Hunger: Jean-Baptiste del Amo
","Skin Hunger: Jean-Baptiste del Amo
",event
"event::The Re-Read: The Sacrifice by Adele Wiseman
","The Re-Read: The Sacrifice by Adele Wiseman
",event
"event::Humber College Masterclass: Entering a Story without Knocking
","Humber College Masterclass: Entering a Story without Knocking
",event
"event::Love and Loss: Janie Brown & Liz Levine
","Love and Loss: Janie Brown & Liz Levine
",event
"event::First Piece of the Puzzle: Mark Billingham
","First Piece of the Puzzle: Mark Billingham
",event
"event::Unpacking Grief: Marta Orriols & John Elizabeth Stintzi
","Unpacking Grief: Marta Orriols & John Elizabeth Stintzi
",event
"event::The Alchemy of Us: Ainissa Ramirez
","The Alchemy of Us: Ainissa Ramirez
",event
"event::Assumed Identities: Catherine McKenzie & Katrina Onstad
","Assumed Identities: Catherine McKenzie & Katrina Onstad
",event
"event::Toronto Poetry Slam at Toronto International Festival of Authors ft. Andre Fenton!
","Toronto Poetry Slam at Toronto International Festival of Authors ft. Andre Fenton!
",event
"event::Waking from the American Dream: Richard Ford
","Waking from the American Dream: Richard Ford
",event
"event::Skin Hunger: Meg Wolitzer
","Skin Hunger: Meg Wolitzer
",event
"event::Lover, Mother, Soldier, Spy: Ben Macintyre on Agent Sonya
","Lover, Mother, Soldier, Spy: Ben Macintyre on Agent Sonya
",event
event::Manuel Mathieu in conversation with Edwidge Danticat,Manuel Mathieu in conversation with Edwidge Danticat,event
"event::Lauren McKeon in Conversation with Michelle Parise & Hana Shafi
","Lauren McKeon in Conversation with Michelle Parise & Hana Shafi
",event
"event::Sleepwalking to Catastrophe: Emily St. John Mandel
","Sleepwalking to Catastrophe: Emily St. John Mandel
",event
event::Humber College Masterclass: Inners & Outers – Character Work,Humber College Masterclass: Inners & Outers – Character Work,event
"event::Shifting Sides of Conflict: Colum McCann’s Apeirogon
","Shifting Sides of Conflict: Colum McCann’s Apeirogon
",event
"event::Christa Couture Live
","Christa Couture Live
",event
"event::The Language of Loss: Damian Rogers on An Alphabet for Joanna
","The Language of Loss: Damian Rogers on An Alphabet for Joanna
",event
event::Overcoming Expectations: Mieko Kawakami on Breasts and Eggs,Overcoming Expectations: Mieko Kawakami on Breasts and Eggs,event
"event::The Devil Plays the Best Tunes: Daniel Kehlmann’s Tyll
","The Devil Plays the Best Tunes: Daniel Kehlmann’s Tyll
",event
"event::Skin Hunger: Alia Trabucco Zerán
","Skin Hunger: Alia Trabucco Zerán
",event
"event::The Truth Doesn’t Die: Val McDermid on Still Life
","The Truth Doesn’t Die: Val McDermid on Still Life
",event
event::Kimiko Does Cancer: Kimiko Tobimatsu & Keet Geniza,Kimiko Does Cancer: Kimiko Tobimatsu & Keet Geniza,event
"event::The Landscapes of Us: Catherine Bush & Roy Jacobsen
","The Landscapes of Us: Catherine Bush & Roy Jacobsen
",event
"event::The Third Age of Creativity: Emily Urquhart
","The Third Age of Creativity: Emily Urquhart
",event
"event::Humber College Masterclass: Beginning, Middle, End
","Humber College Masterclass: Beginning, Middle, End
",event
"event::Creating from Places We Know: Craig Davidson & David Bergen
","Creating from Places We Know: Craig Davidson & David Bergen
",event
"event::Best Canadian Poetry Launch
","Best Canadian Poetry Launch
",event
event::Patrick Radden Keefe in Conversation with Craig Offman,Patrick Radden Keefe in Conversation with Craig Offman,event
"event::Females on the Frontline: Emma Donoghue & Maaza Mengiste
","Females on the Frontline: Emma Donoghue & Maaza Mengiste
",event
"event::Critical Conversations: The Pandemic Paradox
","Critical Conversations: The Pandemic Paradox
",event
"event::Sunday Poetry Readings
","Sunday Poetry Readings
",event
event::The Politics of Black Lives: Cheryl Thompson,The Politics of Black Lives: Cheryl Thompson,event
"event::Finding our Ways: Eva Crocker & Marlowe Granados
","Finding our Ways: Eva Crocker & Marlowe Granados
",event
"event::Ivy Award Presentation & Keynote
","Ivy Award Presentation & Keynote
",event
"event::Skin Hunger: Anosh Irani
","Skin Hunger: Anosh Irani
",event
"event::The Re-Read: The Meeting Point by Austin Clarke
","The Re-Read: The Meeting Point by Austin Clarke
",event
event::Humber College Masterclass: Shifting Modes,Humber College Masterclass: Shifting Modes,event
event::Love & Sacrifice in Storytelling: Janie Chang & Louise Hare,Love & Sacrifice in Storytelling: Janie Chang & Louise Hare,event
event::Shakespeare in a Divided America: James Shapiro & Brendan Healy,Shakespeare in a Divided America: James Shapiro & Brendan Healy,event
event::Choreo Chats: Lee Maracle & Bill Coleman on Out of the Longhouse,Choreo Chats: Lee Maracle & Bill Coleman on Out of the Longhouse,event
"event::Animal Conversations: Laura Jean McKay & Joni Murphy
","Animal Conversations: Laura Jean McKay & Joni Murphy
",event
"event::The Poem/The Song: Art of Time Ensemble
","The Poem/The Song: Art of Time Ensemble
",event
event::Journeys of Self-Discovery: Billy-Ray Belcourt & Tyler Pennock,Journeys of Self-Discovery: Billy-Ray Belcourt & Tyler Pennock,event
"event::Skin Hunger: Shokoofeh Azar
","Skin Hunger: Shokoofeh Azar
",event
"event::Carol Bruneau on Brighten the Corner Where You Are
","Carol Bruneau on Brighten the Corner Where You Are
",event
"event::Humber College Masterclass: Building Narrative
","Humber College Masterclass: Building Narrative
",event
"event::Memoirs for a Generation: Madhur Anand & Maria Tumarkin
","Memoirs for a Generation: Madhur Anand & Maria Tumarkin
",event
event::Subverting Fairy Tales: Amanda Leduc & Natalie Zina Walschots,Subverting Fairy Tales: Amanda Leduc & Natalie Zina Walschots,event
"event::Nathan Englander in Conversation with Colin Barrett
","Nathan Englander in Conversation with Colin Barrett
",event
"event::Our Fragile North: James Raffan
","Our Fragile North: James Raffan
",event
"event::Entanglements: Sidura Ludwig & Maria Reva
","Entanglements: Sidura Ludwig & Maria Reva
",event
"event::Blink and You’ll Miss Us
","Blink and You’ll Miss Us
",event
"event::The Immigrant Experience: Marc Herman Lynch & Jack Wang
","The Immigrant Experience: Marc Herman Lynch & Jack Wang
",event
"event::Bridging the Gap
","Bridging the Gap
",event
event::Literary Arts Windsor presents: Randell Adjei,Literary Arts Windsor presents: Randell Adjei,event
event::Literary Arts Windsor: AGM 2021,Literary Arts Windsor: AGM 2021,event
event::Virtual Book Launch - Keepers of the Faith by Shaukat Ajmeri,Virtual Book Launch - Keepers of the Faith by Shaukat Ajmeri,event
event::Brockton Writers Series - 9 Sep 2020,Brockton Writers Series - 9 Sep 2020,event
"event::Seven's Audiobook: a conversation with Farzana Doctor, Ellora Patnaik and Raoul Bhaneja","Seven's Audiobook: a conversation with Farzana Doctor, Ellora Patnaik and Raoul Bhaneja",event
event::Brockton Writers Series - 11 Nov 2020,Brockton Writers Series - 11 Nov 2020,event
"event::Skin Hunger: Tyler Pennock
","Skin Hunger: Tyler Pennock
",event
event::Juan Pablo Villalobos in Conversation,Juan Pablo Villalobos in Conversation,event
"event::The Re-Read: The Wars by Timothy Findley
","The Re-Read: The Wars by Timothy Findley
",event
"event::Art of Fame: Blake Gopnik on Warhol
","Art of Fame: Blake Gopnik on Warhol
",event
"event::Humber College Masterclass: Prose or Poetry?
","Humber College Masterclass: Prose or Poetry?
",event
event::Life Through Language: Marie-Andrée Gill & Chloé Savoie-Bernard,Life Through Language: Marie-Andrée Gill & Chloé Savoie-Bernard,event
"event::The Wild West: Gil Adamson’s Ridgerunner
","The Wild West: Gil Adamson’s Ridgerunner
",event
event::Words as Weapons: Lennie Goodings on A Bite of the Apple,Words as Weapons: Lennie Goodings on A Bite of the Apple,event
"event::Poetry Reading
","Poetry Reading
",event
"event::All the Rage: Evan Winter on The Fires of Vengeance
","All the Rage: Evan Winter on The Fires of Vengeance
",event
"event::Brockton Writers Series - January 13, 2021","Brockton Writers Series - January 13, 2021",event
"event::Brockton Writers Series - March 10, 2021","Brockton Writers Series - March 10, 2021",event
"event::Brockton Writers Series - July 14, 2021","Brockton Writers Series - July 14, 2021",event
"event::Brockton Writers Series - September 8, 2021","Brockton Writers Series - September 8, 2021",event
event::Virtual Toronto Lit Up: Inanna’s 2020 Spring Releases,Virtual Toronto Lit Up: Inanna’s 2020 Spring Releases,event
event::LitFest 2020,LitFest 2020,event
event::Meet Susan Olding,Meet Susan Olding,event
event::I Found Hope in a Cherry Tree - Virtual Book Launch,I Found Hope in a Cherry Tree - Virtual Book Launch,event
event::Write in Wednesday,Write in Wednesday,event
event::Workshop: Two Paths to a Draft: with Susan Olding,Workshop: Two Paths to a Draft: with Susan Olding,event
event::Does No Rhyme Mean No Rhythm? A Workshop on Rhythm in Free Verse,Does No Rhyme Mean No Rhythm? A Workshop on Rhythm in Free Verse,event
event::October Reading: How Wonderful to See You,October Reading: How Wonderful to See You,event
event::Write in Wednesday,Write in Wednesday,event
event::Readings: Theme - Celebrate the Holidays with Local Authors,Readings: Theme - Celebrate the Holidays with Local Authors,event
event::Write in Wednesday,Write in Wednesday,event
event::Workshop: Opening Hooks and Paragraphs,Workshop: Opening Hooks and Paragraphs,event
event::Workshop with Ma-Nee Chacaby - Storytelling,Workshop with Ma-Nee Chacaby - Storytelling,event
event::Write in Wednesday,Write in Wednesday,event
event::Workshop: Agent Search - The Myths and the Methods,Workshop: Agent Search - The Myths and the Methods,event
event::Workshop: The Basics of Writing - The How to Guide to Help You Start Writing Today,Workshop: The Basics of Writing - The How to Guide to Help You Start Writing Today,event
event::February Readings: Opposites,February Readings: Opposites,event
event::Randy Lundy: Poetry Workshop – Wâhkôhtowin or Relationality,Randy Lundy: Poetry Workshop – Wâhkôhtowin or Relationality,event
event::How To Perform Your Own Work,How To Perform Your Own Work,event
event::March Readings: Poetry,March Readings: Poetry,event
event::The Changing Look of Publishing,The Changing Look of Publishing,event
event::April Readings,April Readings,event
event::Confessions of a Contest Judge,Confessions of a Contest Judge,event
event::Ask an Author Workshop,Ask an Author Workshop,event
event::2021 NOWW LitFest Event!,2021 NOWW LitFest Event!,event
event::Terry Fallis LitFest Workshop,Terry Fallis LitFest Workshop,event
event::September Readings,September Readings,event
"event::Find Your Pleasure: Cynthia Loyst
","Find Your Pleasure: Cynthia Loyst
",event
"event::Imagine Our Future: Catherine Hernandez on Crosshairs
","Imagine Our Future: Catherine Hernandez on Crosshairs
",event
"event::Kapow! When Poetry Comets Collide
","Kapow! When Poetry Comets Collide
",event
"event::Fiction as a tool for Resilience Building
","Fiction as a tool for Resilience Building
",event
"event::Skin Hunger: Mieko Kawakami
","Skin Hunger: Mieko Kawakami
",event
event::September Readings: Fire and Flood,September Readings: Fire and Flood,event
event::Memoir Writing Workshop,Memoir Writing Workshop,event
event::Angel Wing Splash Pattern,Angel Wing Splash Pattern,event
event::An Evening with Kegedonce Press Authors,An Evening with Kegedonce Press Authors,event
"event::The Re-Read: Almighty Voice and his Wife by Daniel David Moses
","The Re-Read: Almighty Voice and his Wife by Daniel David Moses
",event
"event::River of Dreams: Wade Davis
","River of Dreams: Wade Davis
",event
"event::Humber College Masterclass: It’s Only Words
","Humber College Masterclass: It’s Only Words
",event
"event::Far From Home: Kaie Kellough & Souvankham Thammavongsa
","Far From Home: Kaie Kellough & Souvankham Thammavongsa
",event
"event::Thinking Outside the Box: Marc Levinson
","Thinking Outside the Box: Marc Levinson
",event
event::Welcome In: Writers at Work,Welcome In: Writers at Work,event
event::Writing as Resistance panel,Writing as Resistance panel,event
event::The Joy of Reading panel,The Joy of Reading panel,event
event::Story as Medicine panel,Story as Medicine panel,event
"event::Reading Series, Vol. 1","Reading Series, Vol. 1",event
"event::Reading Series, Vol. 2","Reading Series, Vol. 2",event
event::Writing & Community,Writing & Community,event
event::***SOLD OUT*** Splash! Polar Dip 5-Week Writing Workshop with Sheree Fitch,***SOLD OUT*** Splash! Polar Dip 5-Week Writing Workshop with Sheree Fitch,event
event::Storytellers of Cape Breton,Storytellers of Cape Breton,event
event::Virtual Launch of Talking to a Portrait by Rosalind M. Pepall,Virtual Launch of Talking to a Portrait by Rosalind M. Pepall,event
"event::Reclamation: Leanne Betasamosake Simpson’s Noopiming
","Reclamation: Leanne Betasamosake Simpson’s Noopiming
",event
"event::Harlan Coben & Linwood Barclay In Conversation
","Harlan Coben & Linwood Barclay In Conversation
",event
"event::Anne Michaels & david sereda: Infinite Gradation
","Anne Michaels & david sereda: Infinite Gradation
",event
"event::Love Hurts: Hayley Gene Penner on People You Follow
","Love Hurts: Hayley Gene Penner on People You Follow
",event
"event::Skin Hunger: Donatella Di Pietrantonio
","Skin Hunger: Donatella Di Pietrantonio
",event
event::Art of the Short Story: A Reading with Three 2020 Scotiabank Giller Nominees,Art of the Short Story: A Reading with Three 2020 Scotiabank Giller Nominees,event
event::Launch of Lost Family: A Memoir by John Barton,Launch of Lost Family: A Memoir by John Barton,event
event::Discovering Ducharme: How a Reclusive Icon Got Lost in Translation,Discovering Ducharme: How a Reclusive Icon Got Lost in Translation,event
event::Signal Editions Holiday Poetry Launch,Signal Editions Holiday Poetry Launch,event
event::Book Launch: Little Housewolf by Medrie Purdham,Book Launch: Little Housewolf by Medrie Purdham,event
"event::The Re-Read: The Jade Peony by Wayson Choy
","The Re-Read: The Jade Peony by Wayson Choy
",event
"event::Poetry of Love & Loss: Lorna Crozier
","Poetry of Love & Loss: Lorna Crozier
",event
"event::Humber College Masterclass: Dialogue
","Humber College Masterclass: Dialogue
",event
"event::One Good Reason: Séan McCann & Andrea Aragon
","One Good Reason: Séan McCann & Andrea Aragon
",event
event::Return to Gilead: Marilynne Robinson,Return to Gilead: Marilynne Robinson,event
"event::Family, Identity & Future: David A. Robertson & Jesse Thistle
","Family, Identity & Future: David A. Robertson & Jesse Thistle
",event
"event::International Spoken Word Night
","International Spoken Word Night
",event
"event::Satirical Masterpiece: Carl Hiaasen’s Squeeze Me
","Satirical Masterpiece: Carl Hiaasen’s Squeeze Me
",event
"event::TIFA Kids! The Lost Spells: Robert Macfarlane & Jackie Morris
","TIFA Kids! The Lost Spells: Robert Macfarlane & Jackie Morris
",event
"event::TIFA Kids! The Greats: Deborah Ellis
","TIFA Kids! The Greats: Deborah Ellis
",event
"event::Our World Adrift: Amin Maalouf
","Our World Adrift: Amin Maalouf
",event
"event::Skin Hunger: Ian Williams
","Skin Hunger: Ian Williams
",event
"event::TIFA Kids! The Barren Grounds: David A. Robertson
","TIFA Kids! The Barren Grounds: David A. Robertson
",event
"event::Coming of Age: Alex Pugsley & Douglas Stuart
","Coming of Age: Alex Pugsley & Douglas Stuart
",event
"event::TIFA KIDS! Reading: Geoffrey Bilson Award
","TIFA KIDS! Reading: Geoffrey Bilson Award
",event
"event::Gonçalo M. Tavares: Plague Diary
","Gonçalo M. Tavares: Plague Diary
",event
"event::FLUP Queer Slam Semifinals: Part 1
","FLUP Queer Slam Semifinals: Part 1
",event
"event::Juan Pablo Villalobos in Conversation with Daniel Hahn
","Juan Pablo Villalobos in Conversation with Daniel Hahn
",event
"event::TIFA KIDS! Reading: John Spray Mystery Award Winner
","TIFA KIDS! Reading: John Spray Mystery Award Winner
",event
"event::Maternal Mysteries: Samantha M. Bailey & Marjorie Celona
","Maternal Mysteries: Samantha M. Bailey & Marjorie Celona
",event
"event::TIFA KIDS! Reading: Amy Mathers Teen Book Award Winner
","TIFA KIDS! Reading: Amy Mathers Teen Book Award Winner
",event
"event::Humber College Masterclass: Substructure
","Humber College Masterclass: Substructure
",event
"event::Modern Love, Betrayal & Ourselves: Shani Mootoo & Noor Naga
","Modern Love, Betrayal & Ourselves: Shani Mootoo & Noor Naga
",event
"event::GGBooks Panel: Young People’s Literature
","GGBooks Panel: Young People’s Literature
",event
"event::To Sleep, To Dream: Samantha Harvey
","To Sleep, To Dream: Samantha Harvey
",event
event::FLUP Queer Slam Semifinals: Part 2,FLUP Queer Slam Semifinals: Part 2,event
event::Book Launch: Chad Campbell's Nectarine,Book Launch: Chad Campbell's Nectarine,event
event::Book Launch: Virginia Konchan's Hallelujah Time,Book Launch: Virginia Konchan's Hallelujah Time,event
event::Book Launch: Jenny Boychuk's Antonyms for Daughter,Book Launch: Jenny Boychuk's Antonyms for Daughter,event
event::Book Launch: Alexie Morin's Open Your Heart and Cora Siré's Fear the Mirror,Book Launch: Alexie Morin's Open Your Heart and Cora Siré's Fear the Mirror,event
event::July Book Launch from Playwrights Canada Press,July Book Launch from Playwrights Canada Press,event
event::Playwrights Canada Press Fall Launch,Playwrights Canada Press Fall Launch,event
event::In Conversation: Colleen Murphy and Janet Tamalik McGrath on The Breathing Hole | Aglu ᐊᒡᓗ,In Conversation: Colleen Murphy and Janet Tamalik McGrath on The Breathing Hole | Aglu ᐊᒡᓗ,event
event::Playwrights Canada Press Fall Launch,Playwrights Canada Press Fall Launch,event
event::Playwrights Canada Press Spring Launch,Playwrights Canada Press Spring Launch,event
event::Playwrights Canada Press Launch,Playwrights Canada Press Launch,event
event::Press Play Reading Series,Press Play Reading Series,event
event::The Vivian Poems Virtual Book Launch,The Vivian Poems Virtual Book Launch,event
"event::True Crime Tales: Mark Bowden’s The Case of the Vanishing Blonde
","True Crime Tales: Mark Bowden’s The Case of the Vanishing Blonde
",event
"event::Ivan Coyote & Sarah MacDougall in Concert
","Ivan Coyote & Sarah MacDougall in Concert
",event
"event::John Troyer: Technologies of the Human Corpse
","John Troyer: Technologies of the Human Corpse
",event
"event::TIFA Kids! Our Little Kitchen: Jillian Tamaki
","TIFA Kids! Our Little Kitchen: Jillian Tamaki
",event
"event::Skin Hunger: Umar Bin Hassan
","Skin Hunger: Umar Bin Hassan
",event
"event::Death on A Dark Night: Ann Cleeves on The Darkest Evening
","Death on A Dark Night: Ann Cleeves on The Darkest Evening
",event
"event::TIFA Kids! Three Brothers: Marie-Louise Gay
","TIFA Kids! Three Brothers: Marie-Louise Gay
",event
"event::Deconstructing Racism: Desmond Cole & Grada Kilomba
","Deconstructing Racism: Desmond Cole & Grada Kilomba
",event
"event::The Meaning of One Life: Aislinn Hunter & Sarah Leipciger
","The Meaning of One Life: Aislinn Hunter & Sarah Leipciger
",event
"event::Keep Your Enemies Close: Ian Rankin’s A Song for the Dark Times
","Keep Your Enemies Close: Ian Rankin’s A Song for the Dark Times
",event
event::Strange Labour Book Launch,Strange Labour Book Launch,event
event::Book Launch: A Video Tour into Crooked at the Far End by Gerald Hill,Book Launch: A Video Tour into Crooked at the Far End by Gerald Hill,event
"event::Humber College Masterclass: The Art of Literary Research
","Humber College Masterclass: The Art of Literary Research
",event
"event::Serendipitous Encounters: Frances Itani & Cordelia Strube
","Serendipitous Encounters: Frances Itani & Cordelia Strube
",event
event::Freeman’s: Love,Freeman’s: Love,event
"event::Burning Bright: André Alexis on The Night Piece
","Burning Bright: André Alexis on The Night Piece
",event
"event::FLUP Queer Slam Finals
","FLUP Queer Slam Finals
",event
event::Pain of the Past: Michelle Good on Five Little Indians,Pain of the Past: Michelle Good on Five Little Indians,event
"event::Critical Conversations: Indigenous Rights
","Critical Conversations: Indigenous Rights
",event
"event::Sean B. Carroll in Conversation with Ziya Tong
","Sean B. Carroll in Conversation with Ziya Tong
",event
event::Uhuru!,Uhuru!,event
"event::Duty & Consequence: Francesca Ekwuyasi & Annabel Lyon
","Duty & Consequence: Francesca Ekwuyasi & Annabel Lyon
",event
"event::TIFA Presents: Lawrence Hill in Conversation
","TIFA Presents: Lawrence Hill in Conversation
",event
"event::Virtual Launch: Aftermath by Bryan Ratushniak
","Virtual Launch: Aftermath by Bryan Ratushniak
",event
"event::Alexander McCall Smith: How to Raise an Elephant
","Alexander McCall Smith: How to Raise an Elephant
",event
"event::Literature Live Around The World
","Literature Live Around The World
",event
"event::LLAW: Soundtracks & Stanzas- Changing Canada's Black Future
","LLAW: Soundtracks & Stanzas- Changing Canada's Black Future
",event
"event::Tom Stoppard: From Stage to Page with Hermione Lee
","Tom Stoppard: From Stage to Page with Hermione Lee
",event
"event::Pearl Pirie Poetry Book Launch, footlights","Pearl Pirie Poetry Book Launch, footlights",event
event::Tiny Ruins Book Launch,Tiny Ruins Book Launch,event
event::Street Photographer Vivian Maier: A Conversation with Poet Bruce Rice and Photographer George Webber,Street Photographer Vivian Maier: A Conversation with Poet Bruce Rice and Photographer George Webber,event
event::Kitotam Book Launch w/ John McDonald,Kitotam Book Launch w/ John McDonald,event
event::handwringers Book Launch w/ Sarah Mintz,handwringers Book Launch w/ Sarah Mintz,event
event::Wreck Book Launch w/ Kelley Jo Burke,Wreck Book Launch w/ Kelley Jo Burke,event
event::Calgary Virtual Book Launch: The Abortion Caravan,Calgary Virtual Book Launch: The Abortion Caravan,event
event::Ritual: a filling Station panel discussion and issue launch,Ritual: a filling Station panel discussion and issue launch,event
event::Canadian Independent Bookstore Day,Canadian Independent Bookstore Day,event
event::Michael Truscello - Infrastructural Brutalism,Michael Truscello - Infrastructural Brutalism,event
event::David Berry and Naben Ruthnum,David Berry and Naben Ruthnum,event
event::Marc Herman Lynch and Joshua Whitehead,Marc Herman Lynch and Joshua Whitehead,event
event::Quartet 2020 Launch,Quartet 2020 Launch,event
event::John Allore and Patricia Pearson - Wish You Were Here,John Allore and Patricia Pearson - Wish You Were Here,event
event::TIFA Presents: In Good Company with Frances Itani,TIFA Presents: In Good Company with Frances Itani,event
"event::TIFA Presents: Courtroom Classics with Scott Turow
","TIFA Presents: Courtroom Classics with Scott Turow
",event
"event::In Conversation: Roni Horn with Benjamin Moser
","In Conversation: Roni Horn with Benjamin Moser
",event
"event::TIFA Presents: Nordic Noir with Agnes Ravatn
","TIFA Presents: Nordic Noir with Agnes Ravatn
",event
"event::Changing the Face of Canadian Literature (Virtual Book Launch)
","Changing the Face of Canadian Literature (Virtual Book Launch)
",event
"event::TIFA Presents: Nordic Noir with Thomas Enger
","TIFA Presents: Nordic Noir with Thomas Enger
",event
"event::Feel Ways: Scarborough Anthology book launch
","Feel Ways: Scarborough Anthology book launch
",event
"event::Is This Scary?: Jacob Scheier Poetry Launch
","Is This Scary?: Jacob Scheier Poetry Launch
",event
"event::Book Launch: Deceptions by Anna Porter
","Book Launch: Deceptions by Anna Porter
",event
"event::TIFA Presents: Andrew O’Hagan in Conversation with Roland Gulliver
","TIFA Presents: Andrew O’Hagan in Conversation with Roland Gulliver
",event
event::Shelf Life Books 10 Year Anniversary,Shelf Life Books 10 Year Anniversary,event
event::Irene Naested - Light As It Falls,Irene Naested - Light As It Falls,event
event::Woolf's Voices 28!,Woolf's Voices 28!,event
event::Love After the End: An Anthology of Two-Spirit and Indigiqueer Speculative Fiction,Love After the End: An Anthology of Two-Spirit and Indigiqueer Speculative Fiction,event
"event::All Is Fair in Love … and YA: Angie Thomas & Britta B.
","All Is Fair in Love … and YA: Angie Thomas & Britta B.
",event
"event::Incite: Deborah Levy
","Incite: Deborah Levy
",event
"event::TIFA Kids! Reading: The King of Jam Sandwiches with Eric Walters (Text Category)
","TIFA Kids! Reading: The King of Jam Sandwiches with Eric Walters (Text Category)
",event
"event::TIFA Kids! Reading: Weekend Dad with Naseem Hrab (Illustrated Category)
","TIFA Kids! Reading: Weekend Dad with Naseem Hrab (Illustrated Category)
",event
"event::What Makes a Family?: Building Community in Books for Young People
","What Makes a Family?: Building Community in Books for Young People
",event
event::Mary Tidlund - Memoirs of a Wildcat with Cheryl Foggo,Mary Tidlund - Memoirs of a Wildcat with Cheryl Foggo,event
event::Kama La Mackerel with Vivek Shraya,Kama La Mackerel with Vivek Shraya,event
event::Ronald J. Deibert - Reset: Reclaiming the Internet for Civil Society,Ronald J. Deibert - Reset: Reclaiming the Internet for Civil Society,event
event::Woolf's Voices 29!,Woolf's Voices 29!,event
"event::Home is in the Body: 2SLGBTQIA+ FilipinX Femme, North of the 49th Parallel","Home is in the Body: 2SLGBTQIA+ FilipinX Femme, North of the 49th Parallel",event
"event::Four Women Writers Discuss Reading, Writing & Aging During a Pandemic","Four Women Writers Discuss Reading, Writing & Aging During a Pandemic",event
event::Storytime with Elizabeth Withey,Storytime with Elizabeth Withey,event
event::Leah Horlick and Larissa Lai: Double Book Launch!!,Leah Horlick and Larissa Lai: Double Book Launch!!,event
event::Woolf's Voices 30! Special Edition Book Response to Barbara Bickel's - Art Ritual and Trance Inquiry,Woolf's Voices 30! Special Edition Book Response to Barbara Bickel's - Art Ritual and Trance Inquiry,event
event::Season of Fury and Wonder by Sharon Butala - A Book Club Talk,Season of Fury and Wonder by Sharon Butala - A Book Club Talk,event
"event::Jennifer Bowering Delisle | DERIVING Launch | with Lisa Martin
","Jennifer Bowering Delisle | DERIVING Launch | with Lisa Martin
",event
"event::Toronto Lit Up: Dakota McFadzean
","Toronto Lit Up: Dakota McFadzean
",event
"event::TIFA Kids! Reading: The Barren Grounds with David A Robertson (Text Category)
","TIFA Kids! Reading: The Barren Grounds with David A Robertson (Text Category)
",event
"event::TIFA Kids! Reading: The Barnabus Project with The Fan Brothers (Illustrated Category)
","TIFA Kids! Reading: The Barnabus Project with The Fan Brothers (Illustrated Category)
",event
"event::Finding Their Way: Courage, Perseverance and the Search for Identity in Books for Young People
","Finding Their Way: Courage, Perseverance and the Search for Identity in Books for Young People
",event
"event::In Conversation: Desmond Cole & Lee Lawrence
","In Conversation: Desmond Cole & Lee Lawrence
",event
"event::TIFA Presents: Searching for the Sustainable Life
","TIFA Presents: Searching for the Sustainable Life
",event
event::Toronto Lit Up: Letters to Amelia by Lindsay Zier-Vogel Virtual Book Launch,Toronto Lit Up: Letters to Amelia by Lindsay Zier-Vogel Virtual Book Launch,event
"event::Hope in Strange Paradises: Dystopias and their Bright Spots
","Hope in Strange Paradises: Dystopias and their Bright Spots
",event
"event::Speaking Poetry to Power
","Speaking Poetry to Power
",event
"event::Book launch: ""searching for eastman"" by charles c. smith
","Book launch: ""searching for eastman"" by charles c. smith
",event
event::Anvil Press Online Poetry Launch,Anvil Press Online Poetry Launch,event
event::Short Story Spectacular • Genni Gunn + Mary MacDonald + Madeline Sonik,Short Story Spectacular • Genni Gunn + Mary MacDonald + Madeline Sonik,event
"event::Anvil Press Winter Poetry Launch
","Anvil Press Winter Poetry Launch
",event
"event::Anvil Press Virtual Fiction Launch
","Anvil Press Virtual Fiction Launch
",event
"event::Fool's Gold: An Inverted Virtual Launch Event
","Fool's Gold: An Inverted Virtual Launch Event
",event
"event::Anvil Press Presents: Clint Burnham and Lillian Nećakov Live on Zoom!
","Anvil Press Presents: Clint Burnham and Lillian Nećakov Live on Zoom!
",event
event::Ali Bryan - The Hill - in conversation w/ Leanne Shirtliffe,Ali Bryan - The Hill - in conversation w/ Leanne Shirtliffe,event
event::Genki Ferguson - Satellite Love - Reading and Live Q&A,Genki Ferguson - Satellite Love - Reading and Live Q&A,event
"event::UAlberta Press, Shelf Life Books, & Glass Bookshop present Micheline Maylor; host John Wall Barger","UAlberta Press, Shelf Life Books, & Glass Bookshop present Micheline Maylor; host John Wall Barger",event
"event::Vivian Manasc - Old Stories, New Ways - in conversation with Frits Pannekoek","Vivian Manasc - Old Stories, New Ways - in conversation with Frits Pannekoek",event
event::Earth Day Virtual Book Launch: Kevin Van Tighem in conversation w/ Evan Osenton,Earth Day Virtual Book Launch: Kevin Van Tighem in conversation w/ Evan Osenton,event
event::Woolf's Voices 31,Woolf's Voices 31,event
event::The Shelf Life Books Youth Zine Program w/ Carlan Savage-Hughes Session 1 of 2,The Shelf Life Books Youth Zine Program w/ Carlan Savage-Hughes Session 1 of 2,event
event::Eugene Stickland - First and Last,Eugene Stickland - First and Last,event
event::Dale Leckie - The Scenic Geology of Alberta,Dale Leckie - The Scenic Geology of Alberta,event
"event::Launch of You Look Good for Your Age, edited by Rona Altrows","Launch of You Look Good for Your Age, edited by Rona Altrows",event
event::Nest City: How Citizens Serve Cities and Cities Serve Citizens,Nest City: How Citizens Serve Cities and Cities Serve Citizens,event
event::Samantha Garner - The Quiet is Loud,Samantha Garner - The Quiet is Loud,event
"event::Amy LeBlanc - Unlocking, hosted by Aritha van Herk","Amy LeBlanc - Unlocking, hosted by Aritha van Herk",event
"event::Virtual Launch of Doug Diaczuk's Just Like a Real Person
","Virtual Launch of Doug Diaczuk's Just Like a Real Person
",event
"event::Dave Deveau as Peach Cobblah: The CISSY Online Book Launch
","Dave Deveau as Peach Cobblah: The CISSY Online Book Launch
",event
"event::Talonbooks Zoom Poetry Reading
","Talonbooks Zoom Poetry Reading
",event
event::Joyce Doolittle Stories: A Community Telling. ,Joyce Doolittle Stories: A Community Telling. ,event
event::Woolf's Voices 32,Woolf's Voices 32,event
"event::Diane Tucker - In conversation with Kevin Spenst, with readings from Sheri-D Wilson","Diane Tucker - In conversation with Kevin Spenst, with readings from Sheri-D Wilson",event
event::Book Launch: Stampede,Book Launch: Stampede,event
event::Book Launch: Pamela Medland's Echo of Ash - in conversation w/ Vivian Hansen,Book Launch: Pamela Medland's Echo of Ash - in conversation w/ Vivian Hansen,event
event::Kyle Flemmer - Barcode Poetry - with Katie O'Brien and Kevin Stebner,Kyle Flemmer - Barcode Poetry - with Katie O'Brien and Kevin Stebner,event
event::Book Launch: STORIES OF MÉTIS WOMEN - Tales My Kookum Told Me,Book Launch: STORIES OF MÉTIS WOMEN - Tales My Kookum Told Me,event
"event::Munro's Books Presents: M.A.C. Farrant, Arleen Pare & Terence Young
","Munro's Books Presents: M.A.C. Farrant, Arleen Pare & Terence Young
",event
"event::Talonbooks 2021 Fall Launch
","Talonbooks 2021 Fall Launch
",event
"event::QueerReads | A Live Virtual Reading with Ivan Coyote
","QueerReads | A Live Virtual Reading with Ivan Coyote
",event
"event::Corinne Manning, John Elizabeth Stintzi, & Carley Moore
","Corinne Manning, John Elizabeth Stintzi, & Carley Moore
",event
"event::Meet Lindsay Wong
","Meet Lindsay Wong
",event
"event::ALU Indie Reading Room: Fawn Parker + John Elizabeth Stintzi
","ALU Indie Reading Room: Fawn Parker + John Elizabeth Stintzi
",event
"event::Corinne Manning & Paul Lisicky: The New Jersey Literary Imagination
","Corinne Manning & Paul Lisicky: The New Jersey Literary Imagination
",event
"event::GOD LOVES HAIR 10 | Vivek Shraya & Juliana Neufeld
","GOD LOVES HAIR 10 | Vivek Shraya & Juliana Neufeld
",event
"event::Vancouver History Happy Hour
","Vancouver History Happy Hour
",event
event::A Celebration of Black Women's Voices in the Journey to Gender Equality,A Celebration of Black Women's Voices in the Journey to Gender Equality,event
"event::Hey Larissa Lai, I Have Been Wondering","Hey Larissa Lai, I Have Been Wondering",event
event::Book Launch: How to Fail as A Popstar,Book Launch: How to Fail as A Popstar,event
event::VIRTUAL LAUNCH: Eugene Stickland - No Harm Done,VIRTUAL LAUNCH: Eugene Stickland - No Harm Done,event
event::Jeannette Lebleu Richter - Spoiled Heritage: The Manitobans,Jeannette Lebleu Richter - Spoiled Heritage: The Manitobans,event
event::Jeremy Stewart - In Singing He Composed a Song w/ Shazia Hafiz Ramji,Jeremy Stewart - In Singing He Composed a Song w/ Shazia Hafiz Ramji,event
event::Charlie Petch - Why I Was Late w/ Sheri-D Wilson,Charlie Petch - Why I Was Late w/ Sheri-D Wilson,event
event::THE VIOLET HOUR,THE VIOLET HOUR,event
"event::Karleen Pendleton Jiménez ""The Street Belongs to Us""
","Karleen Pendleton Jiménez ""The Street Belongs to Us""
",event
event::The Wig-Maker – Virtual Book Launch,The Wig-Maker – Virtual Book Launch,event
event::Lecia Cornwall - The Woman at the Front w/ Professor Geoffrey Jackson,Lecia Cornwall - The Woman at the Front w/ Professor Geoffrey Jackson,event
event::Elizabeth Haynes - The Errant Husband w/ Margaret Macpherson,Elizabeth Haynes - The Errant Husband w/ Margaret Macpherson,event
event::ryan fitzpatrick & Nikki Reimer - A Double Book Launch hosted by Kit Dobson,ryan fitzpatrick & Nikki Reimer - A Double Book Launch hosted by Kit Dobson,event
event::Helen Hajnoczky - Frost & Pollen w/ Natalie Simpson & Weyman Chan,Helen Hajnoczky - Frost & Pollen w/ Natalie Simpson & Weyman Chan,event
event::Marcia Jenneth Epstein — Sound and Noise: A Listener's Guide to Everyday Life,Marcia Jenneth Epstein — Sound and Noise: A Listener's Guide to Everyday Life,event
event::Kyle Simmers & Ryan Danny Owen - Pass Me By Volume 2: Electric Vice,Kyle Simmers & Ryan Danny Owen - Pass Me By Volume 2: Electric Vice,event
event::After the Force: True Cases & Investigations by Law Enforcement Officers,After the Force: True Cases & Investigations by Law Enforcement Officers,event
event::Single Onion #179,Single Onion #179,event
event::Single Onion #178,Single Onion #178,event
event::Single Onion #177,Single Onion #177,event
event::Single Onion #176,Single Onion #176,event
event::Single Onion #175,Single Onion #175,event
event::Single Onion #174,Single Onion #174,event
event::Single Onion #173,Single Onion #173,event
event::Single Onion #172,Single Onion #172,event
event::Single Onion #169,Single Onion #169,event
event::Single Onion #168,Single Onion #168,event
event::Single Onion #167,Single Onion #167,event
event::Hunger Moon Virtual Launch | Traci Skuce,Hunger Moon Virtual Launch | Traci Skuce,event
event::In Veritas Virtual Launch | C.J. Lavigne,In Veritas Virtual Launch | C.J. Lavigne,event
event::Leacock Nominee Heidi L.M. Jacobs Online Event,Leacock Nominee Heidi L.M. Jacobs Online Event,event
event::Rolling Thunder Virtual Launch,Rolling Thunder Virtual Launch,event
event::Triple Header: NeWest Press KOBO Emerging Writer Prize Nominees,Triple Header: NeWest Press KOBO Emerging Writer Prize Nominees,event
event::Double Header: Alberta Literary Award Finalists,Double Header: Alberta Literary Award Finalists,event
event::Mystery Author Trio Online Reading,Mystery Author Trio Online Reading,event
"event::Outside – Virtual Book Launch
","Outside – Virtual Book Launch
",event
"event::Could Be // Soft Zipper – Virtual Book Launch hosted by Charlie Demers
","Could Be // Soft Zipper – Virtual Book Launch hosted by Charlie Demers
",event
"event::Virtual Book Launch: The Company We Keep with Frances Itani
","Virtual Book Launch: The Company We Keep with Frances Itani
",event
"event::Indians on Vacation with Thomas King
","Indians on Vacation with Thomas King
",event
"event::The Silver Arrow with Lev Grossman
","The Silver Arrow with Lev Grossman
",event
"event::LIVE INTERVIEW: The Glass Hotel with Emily St. John Mandel
","LIVE INTERVIEW: The Glass Hotel with Emily St. John Mandel
",event
event::The World as We Know It with Catherine Hernandez and Saleema Nawaz,The World as We Know It with Catherine Hernandez and Saleema Nawaz,event
"event::Living with Dying Part II: Sheree Fitch and Lorna Crozier
","Living with Dying Part II: Sheree Fitch and Lorna Crozier
",event
event::Traci Skuce & Katherine Fawcett | Zoom Reading,Traci Skuce & Katherine Fawcett | Zoom Reading,event
event::INTERVIEW & BOOK LAUNCH with Anne Wheeler,INTERVIEW & BOOK LAUNCH with Anne Wheeler,event
event::The AB/“AB” Double Launch: John O’Neill and Mark Lisac,The AB/“AB” Double Launch: John O’Neill and Mark Lisac,event
event::Horseplay and The Weight of Blood Double Launch!,Horseplay and The Weight of Blood Double Launch!,event
event::Lullabies in the Real World Zoom Reading!,Lullabies in the Real World Zoom Reading!,event
event::NeWest Press Mystery / Thriller / Noir Quadruple Header,NeWest Press Mystery / Thriller / Noir Quadruple Header,event
"event::Triple Header: C.J. Lavigne, Jaclyn Dawn, and John O'Neill","Triple Header: C.J. Lavigne, Jaclyn Dawn, and John O'Neill",event
event::Debut Non-Fiction Double Header,Debut Non-Fiction Double Header,event
event::KH2 Double Launch,KH2 Double Launch,event
event::Burning the Night and Dominion of Mercy Double Launch!,Burning the Night and Dominion of Mercy Double Launch!,event
event::Noopiming: The Cure for White Ladies with Leanne Betasamosake Simpson,Noopiming: The Cure for White Ladies with Leanne Betasamosake Simpson,event
"event::Inheritance with Kaie Kellough and Ian Williams
","Inheritance with Kaie Kellough and Ian Williams
",event
event::National Launch for Burning Sugar with Cicely Belle Blain,National Launch for Burning Sugar with Cicely Belle Blain,event
event::Among the Volunteers and Refugees on Lesvos with Steven Heighton,Among the Volunteers and Refugees on Lesvos with Steven Heighton,event
event::Coconut Launch / Nisha's Birthday,Coconut Launch / Nisha's Birthday,event
event::rump + flank Book Launch,rump + flank Book Launch,event
event::Tenure Book Launch,Tenure Book Launch,event
event::Ranada and Zuliani Double Book Launch,Ranada and Zuliani Double Book Launch,event
event::Icefields: Landmark Edition Launch,Icefields: Landmark Edition Launch,event
event::Book Launch Event,Book Launch Event,event
"event::The Art of the Short Story with David Bergen, Frances Boyle and Souvankham Thammavongsa
","The Art of the Short Story with David Bergen, Frances Boyle and Souvankham Thammavongsa
",event
event::Book Launch Event - Christian McPherson,Book Launch Event - Christian McPherson,event
event::Book Launch - Status Update by Cliff Eyland and George Toles,Book Launch - Status Update by Cliff Eyland and George Toles,event
event::Book Launch - So Many Windings by Catherine Macdonald,Book Launch - So Many Windings by Catherine Macdonald,event
event::'Miraculous Sickness' Book Launch,'Miraculous Sickness' Book Launch,event
event::'Coming to Canada' Book Launch,'Coming to Canada' Book Launch,event
event::'Beach Blonde' Book Launch,'Beach Blonde' Book Launch,event
event::Facebook Live launch for The E. J. Hughes Book of Boats,Facebook Live launch for The E. J. Hughes Book of Boats,event
"event::Facebook Live | Ruwanmali Samarakoon-Amunugama launches Milk, Spice and Curry Leaves","Facebook Live | Ruwanmali Samarakoon-Amunugama launches Milk, Spice and Curry Leaves",event
event::Laura Bradbury and Rebecca Wellman launch Bisous and Brioche,Laura Bradbury and Rebecca Wellman launch Bisous and Brioche,event
"event::An evening with Moira Dann, author of Craigdarroch Castle in 21 Treasures","An evening with Moira Dann, author of Craigdarroch Castle in 21 Treasures",event
event::Iona Whishaw Launch for A Lethal Lesson: in Conversation with Ian Hamilton,Iona Whishaw Launch for A Lethal Lesson: in Conversation with Ian Hamilton,event
event::Iona Whishaw: Virtual Author Visit,Iona Whishaw: Virtual Author Visit,event
event::S. L. Klassen & Andrew Unger: A (Virtual) Evening of Menno-Nightcaps,S. L. Klassen & Andrew Unger: A (Virtual) Evening of Menno-Nightcaps,event
event::Virtual Book Launch: If Tenderness Be Gold,Virtual Book Launch: If Tenderness Be Gold,event
event::The Seventh Shot Book Launch,The Seventh Shot Book Launch,event
event::Virtual Book Launch for The Wintermen III: At the End of the World,Virtual Book Launch for The Wintermen III: At the End of the World,event
event::Book Launch for The Undertaking of Billy Buffone,Book Launch for The Undertaking of Billy Buffone,event
event::Book Launch for Connection at Newcombe,Book Launch for Connection at Newcombe,event
event::In Conversation with Jocelyn Bell and David Giuliano,In Conversation with Jocelyn Bell and David Giuliano,event
event::All Lit Up's Indie Reading Room: Brad Casey + Jean Marc Ah-Sen,All Lit Up's Indie Reading Room: Brad Casey + Jean Marc Ah-Sen,event
event::All Lit Up's Indie Reading Room: Caregiving and loss,All Lit Up's Indie Reading Room: Caregiving and loss,event
event::ALU Indie Reading Room: C.J. Lavigne & Mariianne Mays Wiebe,ALU Indie Reading Room: C.J. Lavigne & Mariianne Mays Wiebe,event
event::ALU Indie Reading Room: Eleanor Albanese + Claire Caldwell,ALU Indie Reading Room: Eleanor Albanese + Claire Caldwell,event
event::ALU Indie Reading Room: Three Poets,ALU Indie Reading Room: Three Poets,event
event::ALU Indie Reading Room: Hassan Ghedi Santur + Sarah Xerar Murphy,ALU Indie Reading Room: Hassan Ghedi Santur + Sarah Xerar Murphy,event
event::ALU Indie Reading Room: Fawn Parker + John Elizabeth Stintzi,ALU Indie Reading Room: Fawn Parker + John Elizabeth Stintzi,event
event::ALU Indie Reading Room w/ Addie Tsai + Taslim Burkowicz,ALU Indie Reading Room w/ Addie Tsai + Taslim Burkowicz,event
event::A Song for the Dark Times with Ian Rankin,A Song for the Dark Times with Ian Rankin,event
event::Missing from the Village with Justin Ling,Missing from the Village with Justin Ling,event
event::Agency and Consent Featuring Rebecca Watson and Annabel Lyon,Agency and Consent Featuring Rebecca Watson and Annabel Lyon,event
event::High School with Tegan and Sara,High School with Tegan and Sara,event
event::Truth as Fiction and Fiction as Truth: Helen Humphreys and Will Ferguson,Truth as Fiction and Fiction as Truth: Helen Humphreys and Will Ferguson,event
"event::One Good Reason With Séan McCann and Andrea Aragon
","One Good Reason With Séan McCann and Andrea Aragon
",event
"event::Jack: A Conversation with Marilynne Robinson
","Jack: A Conversation with Marilynne Robinson
",event
event::One on One with Pico Iyer,One on One with Pico Iyer,event
"event::Lies That Tell Us Truth with Farzana Doctor, Shani Mootoo and Mona Awad
","Lies That Tell Us Truth with Farzana Doctor, Shani Mootoo and Mona Awad
",event
event::All Lit Up Indie Reading Room with Mark Sampson,All Lit Up Indie Reading Room with Mark Sampson,event
event::All Lit Up Indie Reading Room: Heidi Wicks,All Lit Up Indie Reading Room: Heidi Wicks,event
event::All Lit Up Indie Reading Room: Peter Dubé,All Lit Up Indie Reading Room: Peter Dubé,event
event::Indie Reading Room: Richard Van Camp,Indie Reading Room: Richard Van Camp,event
event::Indie Reading Room: P.C. Vandall,Indie Reading Room: P.C. Vandall,event
event::Indie Reading Room: Kristyn Dunnion,Indie Reading Room: Kristyn Dunnion,event
"event::Crime and Punishment: Katie Tallo, Scott Thornley and Amy Stuart
","Crime and Punishment: Katie Tallo, Scott Thornley and Amy Stuart
",event
event::Musical Language,Musical Language,event
event::Indie Reading Room: Donna-Michelle St. Bernard,Indie Reading Room: Donna-Michelle St. Bernard,event
event::Indie Reading Room: Sheung-King,Indie Reading Room: Sheung-King,event
event::L'heure du conte doudou Metropolis bleu,L'heure du conte doudou Metropolis bleu,event
event::SPÉCIAL HALLOWEEN - Des bonbons à la maison,SPÉCIAL HALLOWEEN - Des bonbons à la maison,event
event::Music for Tigers,Music for Tigers,event
event::What Grew in Larry's Garden,What Grew in Larry's Garden,event
event::Virtual Book Club: The Glass Hotel,Virtual Book Club: The Glass Hotel,event
event::The Glass Hotel Book Club,The Glass Hotel Book Club,event
event::Sara and the Search for Normal,Sara and the Search for Normal,event
"event::Looking Backward, Looking Forward","Looking Backward, Looking Forward",event
"event::Shelagh Rogers in Conversation with Jesse Thistle and David A. Robertson
","Shelagh Rogers in Conversation with Jesse Thistle and David A. Robertson
",event
"event::National Book Launch: Love After the End with Joshua Whitehead, jaye simpson, Nazbah Tom and Adam Garnet Jones
","National Book Launch: Love After the End with Joshua Whitehead, jaye simpson, Nazbah Tom and Adam Garnet Jones
",event
event::Imagining Worlds Part 1: David A. Robertson and Derek Kunsken,Imagining Worlds Part 1: David A. Robertson and Derek Kunsken,event
"event::Imagining Worlds Part 2: Lauren Beukes and MR Carey
","Imagining Worlds Part 2: Lauren Beukes and MR Carey
",event
"event::The Lost Spells with Robert Macfarlane and Jackie Morris
","The Lost Spells with Robert Macfarlane and Jackie Morris
",event
event::Bywords 2020 John Newlove Poetry Award with David Groulx and Kimberly Sunstrum,Bywords 2020 John Newlove Poetry Award with David Groulx and Kimberly Sunstrum,event
"event::Craft, Content and Process: andrea bennett and John Elizabeth Stintzi
","Craft, Content and Process: andrea bennett and John Elizabeth Stintzi
",event
event::Spotlight on Arsenal Pulp Press: Sachiko Murakami and Jillian Christmas,Spotlight on Arsenal Pulp Press: Sachiko Murakami and Jillian Christmas,event
"event::Masterclass: Discovering your Voice with Kagiso Lesego Molope
","Masterclass: Discovering your Voice with Kagiso Lesego Molope
",event
"event::A Life with Books, Writers and Virago: Emma Donoghue in conversation with Lennie Goodings
","A Life with Books, Writers and Virago: Emma Donoghue in conversation with Lennie Goodings
",event
"event::As Far As You Know with A.F. Moritz
","As Far As You Know with A.F. Moritz
",event
"event::The Ever-Present Past: Maggie O’Farrell and Sarah Xerar Murphy
","The Ever-Present Past: Maggie O’Farrell and Sarah Xerar Murphy
",event
"event::Masterclass: Connecting Plot and Character with Kenneth Oppel
","Masterclass: Connecting Plot and Character with Kenneth Oppel
",event
"event::The Black Kids with Christina Hammonds Reed
","The Black Kids with Christina Hammonds Reed
",event
"event::Creative Writing For Teens: Using Texts and Social Media for Inspiration with Lindsay Wong
","Creative Writing For Teens: Using Texts and Social Media for Inspiration with Lindsay Wong
",event
"event::One Page: This Strange and Violent World with Elif Shafak
","One Page: This Strange and Violent World with Elif Shafak
",event
"event::Return of the Trickster with Eden Robinson
","Return of the Trickster with Eden Robinson
",event
"event::If I Tell You The Truth with Jasmin Kaur
","If I Tell You The Truth with Jasmin Kaur
",event
"event::One Page: Foregone with Russell Banks
","One Page: Foregone with Russell Banks
",event
"event::One Page: The Soul of a Woman with Isabel Allende
","One Page: The Soul of a Woman with Isabel Allende
",event
"event::One Page: Under the Wave at Waimea with Paul Theroux
","One Page: Under the Wave at Waimea with Paul Theroux
",event
"event::Find You First with Linwood Barclay
","Find You First with Linwood Barclay
",event
"event::The Shadow List with Jen Sookfong Lee
","The Shadow List with Jen Sookfong Lee
",event
"event::Sufferance with Thomas King
","Sufferance with Thomas King
",event
"event::Mayflies with Andrew O’Hagan
","Mayflies with Andrew O’Hagan
",event
event::Thrill Her,Thrill Her,event
event::In the Lead,In the Lead,event
event::On Being Alive,On Being Alive,event
event::Memoirs and Meditations,Memoirs and Meditations,event
event::The Pull of the Stars Book Club,The Pull of the Stars Book Club,event
event::Hot Nights. Cool Poets.,Hot Nights. Cool Poets.,event
event::The Barnabus Project,The Barnabus Project,event
event::The Creative Response,The Creative Response,event
event::Emerge!,Emerge!,event
"event::The Life and Times of Robbie Burns with John Ivison and Pauline Mackay
","The Life and Times of Robbie Burns with John Ivison and Pauline Mackay
",event
"event::Gather with Richard Van Camp
","Gather with Richard Van Camp
",event
"event::Operation Angus with Terry Fallis
","Operation Angus with Terry Fallis
",event
"event::August into Winter with Guy Vanderhaeghe
","August into Winter with Guy Vanderhaeghe
",event
"event::Unreconciled with Jesse Wente
","Unreconciled with Jesse Wente
",event
"event::The Mystery of Right and Wrong with Wayne Johnston
","The Mystery of Right and Wrong with Wayne Johnston
",event
event::Hybrid Book Launch: Masses on Radar by David O’Meara,Hybrid Book Launch: Masses on Radar by David O’Meara,event
"event::All's Well with Mona Awad
","All's Well with Mona Awad
",event
"event::The Strangers with Katherena Vermette
","The Strangers with Katherena Vermette
",event
event::Eva Holland Live,Eva Holland Live,event
event::Wordfest Online Happy Hour with Wayne Arthurson and Ian Kinney,Wordfest Online Happy Hour with Wayne Arthurson and Ian Kinney,event
"event::A Conversation with Emma Donoghue
","A Conversation with Emma Donoghue
",event
"event::Wordfest Online Happy Hour with Sarah Weinman, Karen K. Ho, & Leora Smith","Wordfest Online Happy Hour with Sarah Weinman, Karen K. Ho, & Leora Smith",event
"event::Wordfest presents Billy-Ray Belcourt & Stephen Graham Jones
","Wordfest presents Billy-Ray Belcourt & Stephen Graham Jones
",event
"event::Wordfest presents Fredrik Backman
","Wordfest presents Fredrik Backman
",event
"event::Wordfest presents Zsuzsi Gartner
","Wordfest presents Zsuzsi Gartner
",event
"event::Wordfest presents David A. Robertson
","Wordfest presents David A. Robertson
",event
event::Wordfest 25@25: Lawrence Hill & Zalika Reid-Benta,Wordfest 25@25: Lawrence Hill & Zalika Reid-Benta,event
event::Vocamus Writers Community,Vocamus Writers Community,event
event::Art and Healing,Art and Healing,event
event::Wild World,Wild World,event
"event::Hatch, by Kenneth Oppel – an event for schools!","Hatch, by Kenneth Oppel – an event for schools!",event
event::EMWF Book Club: Indians on Vacation,EMWF Book Club: Indians on Vacation,event
event::Book Launch: How to Fail as A Popstar,Book Launch: How to Fail as A Popstar,event
event::National Poetry Month Celebration,National Poetry Month Celebration,event
event::EMWF Book Club: Return of the Trickster,EMWF Book Club: Return of the Trickster,event
event::Book Launch: The Only Way is the Steady Way,Book Launch: The Only Way is the Steady Way,event
event::EMWF Kids: The Rock from the Sky,EMWF Kids: The Rock from the Sky,event
event::EMWF Kids: Thrive,EMWF Kids: Thrive,event
"event::Wordfest Presents Jodi Picoult in Conversation with Margaret Atwood
","Wordfest Presents Jodi Picoult in Conversation with Margaret Atwood
",event
"event::Wordfest presents Yaa Gyasi
","Wordfest presents Yaa Gyasi
",event
"event::Wordfest Presents Tegan & Sara with Vivek Shraya
","Wordfest Presents Tegan & Sara with Vivek Shraya
",event
"event::Wordfest Presents Lisa Jewell
","Wordfest Presents Lisa Jewell
",event
"event::Wordfest Presents Robyn Harding, Liz Nugent and Ruth Ware
","Wordfest Presents Robyn Harding, Liz Nugent and Ruth Ware
",event
"event::Wordfest 25@25: Téa Mutonji & Joshua Whitehead
","Wordfest 25@25: Téa Mutonji & Joshua Whitehead
",event
"event::Wordfest Presents Michael Posner
","Wordfest Presents Michael Posner
",event
"event::The Way We GG
","The Way We GG
",event
"event::Wordfest 25@25: Kim Thúy & Lee Maracle
","Wordfest 25@25: Kim Thúy & Lee Maracle
",event
"event::Wordfest presents Mark Harris
","Wordfest presents Mark Harris
",event
"event::Wordfest presents Kazuo Ishiguro
","Wordfest presents Kazuo Ishiguro
",event
"event::Wordfest presents Gary Barwin
","Wordfest presents Gary Barwin
",event
"event::Wordfest presents Glenn Dixon
","Wordfest presents Glenn Dixon
",event
"event::Wordfest Presents Rowan Hisayo Buchanan & Genki Ferguson
","Wordfest Presents Rowan Hisayo Buchanan & Genki Ferguson
",event
event::Our Stories: Strength and Survival,Our Stories: Strength and Survival,event
event::The Fabulous Zed Watson!,The Fabulous Zed Watson!,event
event::2. Love is in the Air: An Unconventional Romance,2. Love is in the Air: An Unconventional Romance,event
"event::Virtual Book Launch: Danielle Bobker's The Closet
","Virtual Book Launch: Danielle Bobker's The Closet
",event
event::Book Club: Swimming Back to Trout River,Book Club: Swimming Back to Trout River,event
event::Her Story: Doireann Ní Ghríofa and Emma Donoghue in Conversation,Her Story: Doireann Ní Ghríofa and Emma Donoghue in Conversation,event
event::Care Of: Ivan Coyote in Conversation with Susan G. Cole,Care Of: Ivan Coyote in Conversation with Susan G. Cole,event
"event::EMWF Panel: Women, Interrupted","EMWF Panel: Women, Interrupted",event
event::EMWF Panel Discussion: Where is Home?,EMWF Panel Discussion: Where is Home?,event
event::Virtual Launch: Organizing for Sex Workers' Rights in Montreal,Virtual Launch: Organizing for Sex Workers' Rights in Montreal,event
"event::Wordfest presents Dawnie Walton
","Wordfest presents Dawnie Walton
",event
"event::Dinner with Emily and Bill - A KWF Fundraiser
","Dinner with Emily and Bill - A KWF Fundraiser
",event
"event::Festival Launch with Emma Donoghue
","Festival Launch with Emma Donoghue
",event
"event::Michelle Good in Conversation
","Michelle Good in Conversation
",event
"event::Lorna Crozier and Steve Heighton, In Conversation
","Lorna Crozier and Steve Heighton, In Conversation
",event
event::Wolsak and Wynn Fall 2020 Poetry Launch,Wolsak and Wynn Fall 2020 Poetry Launch,event
event::Reclaiming Hamilton Author Talks - Evening (Livestream),Reclaiming Hamilton Author Talks - Evening (Livestream),event
event::Had It Coming with Robyn Doolittle,Had It Coming with Robyn Doolittle,event
event::Spotlight Series with Rebecca Fisseha and Jesse Thistle,Spotlight Series with Rebecca Fisseha and Jesse Thistle,event
event::Hamilton Writes,Hamilton Writes,event
event::Reclaiming Hamilton Author Talks - Matinee (Livestream),Reclaiming Hamilton Author Talks - Matinee (Livestream),event
event::Wolsak and Wynn Fall 2020 Prose Launch,Wolsak and Wynn Fall 2020 Prose Launch,event
event::Book Launch: Girl Minus X by Anne Stone,Book Launch: Girl Minus X by Anne Stone,event
event::How to Become Whole with Annahid Dashtgard and Jenny Heijun Wills,How to Become Whole with Annahid Dashtgard and Jenny Heijun Wills,event
event::Dark and Twisted Tales with Lynn Coady and Adnan Khan,Dark and Twisted Tales with Lynn Coady and Adnan Khan,event
event::LitFest 2020,LitFest 2020,event
event::Moments of Glad Grace with Alison Wearing,Moments of Glad Grace with Alison Wearing,event
event::Mona Awad in Conversation with Jael Richardson,Mona Awad in Conversation with Jael Richardson,event
event::Dialogues on Poetics - Nora Fulton,Dialogues on Poetics - Nora Fulton,event
event::Feminist Futures Presents: Deanna Radford & Alisha Dukelow,Feminist Futures Presents: Deanna Radford & Alisha Dukelow,event
event::Hamilton's Car Culture: Reclaiming Our Streets as Public Spaces,Hamilton's Car Culture: Reclaiming Our Streets as Public Spaces,event
event::Her Name Was Margaret Book Launch,Her Name Was Margaret Book Launch,event
event::The Legacy of Steel-making in Hamilton and What the Future Holds,The Legacy of Steel-making in Hamilton and What the Future Holds,event
event::Wolsak and Wynn Spring 2021 Fiction Launch,Wolsak and Wynn Spring 2021 Fiction Launch,event
event::The Ampersand Review of Writing & Publishing Launch,The Ampersand Review of Writing & Publishing Launch,event
event::Buckrider Books Fall 2021 Launch,Buckrider Books Fall 2021 Launch,event
event::Margaret Nowaczyk in Conversation with Rowan McCandless,Margaret Nowaczyk in Conversation with Rowan McCandless,event
event::Co-Bop #1: The Horror Edition,Co-Bop #1: The Horror Edition,event
event::A Conversation with Roxane Gay,A Conversation with Roxane Gay,event
event::Writers Read Presents: Joy Priest,Writers Read Presents: Joy Priest,event
"event::Writers Read presents Caroline Bergvall and Kaie Kellough by Oana Avasilichioaei

","Writers Read presents Caroline Bergvall and Kaie Kellough by Oana Avasilichioaei

",event
"event::Writers Read Presents: Anjuli Fatima Raza Kolb and Nicole Raziya Fong
","Writers Read Presents: Anjuli Fatima Raza Kolb and Nicole Raziya Fong
",event
event::Writers Read Presents: Rana Tawil,Writers Read Presents: Rana Tawil,event
"event::Writers Read Presents: George Abraham, Eli Tareq El Bechelany-Lynch, and Alexei Perry Cox in Conversation
","Writers Read Presents: George Abraham, Eli Tareq El Bechelany-Lynch, and Alexei Perry Cox in Conversation
",event
"event::Writers Read Presents: Danielle Bobker and Lauren Elkin in Conversation with WR director Sina Queyras
","Writers Read Presents: Danielle Bobker and Lauren Elkin in Conversation with WR director Sina Queyras
",event
event::Writers Read Presents: Doreen St.Felix and Haley Mlotek in Conversation,Writers Read Presents: Doreen St.Felix and Haley Mlotek in Conversation,event
"event::Writers Read Presents: Kazim Ali
","Writers Read Presents: Kazim Ali
",event
event::SKFOW and MJPL Virtual Book Club,SKFOW and MJPL Virtual Book Club,event
"event::Writers Read Presents: Karen Solie and A.E. Stallings in conversation
","Writers Read Presents: Karen Solie and A.E. Stallings in conversation
",event
"event::An Evening with Thomas King
","An Evening with Thomas King
",event
"event::An Afternoon with Louise Penny
","An Afternoon with Louise Penny
",event
"event::Book Lovers' Lunch
","Book Lovers' Lunch
",event
"event::Celebrating the 2020 Trillium Book Award for Fiction
","Celebrating the 2020 Trillium Book Award for Fiction
",event
"event::2. An Evening With Helen Humphreys
","2. An Evening With Helen Humphreys
",event
"event::4. Elevator Pitch: ""Mega Drop"" Fiction
","4. Elevator Pitch: ""Mega Drop"" Fiction
",event
"event::7. Thriller Writing: Finding the Perfect Hook

","7. Thriller Writing: Finding the Perfect Hook

",event
"event::Guest Storytime - Pokko and the Drum by Matthew Forsythe
","Guest Storytime - Pokko and the Drum by Matthew Forsythe
",event
"event::9. Writing Outside the Box
","9. Writing Outside the Box
",event
"event::10. Writing the Real
","10. Writing the Real
",event
"event::11. Poetry for Where We Find Ourselves
","11. Poetry for Where We Find Ourselves
",event
"event::16. What is Certain? Historical/Speculative Fiction
","16. What is Certain? Historical/Speculative Fiction
",event
"event::17. Couple Cold Snap: Fiction
","17. Couple Cold Snap: Fiction
",event
"event::18. Author! Author! Joan Thomas
","18. Author! Author! Joan Thomas
",event
"event::20. Writing the Natural World
","20. Writing the Natural World
",event
"event::21. The Opposite of Identical: Fiction
","21. The Opposite of Identical: Fiction
",event
"event::22. Working With Negative Space in Fiction
","22. Working With Negative Space in Fiction
",event
"event::Guest Storytime - Sunny by Celia Krampien
","Guest Storytime - Sunny by Celia Krampien
",event
"event::An Evening with Wayne Grady
","An Evening with Wayne Grady
",event
event::A@S: Borders,A@S: Borders,event
"event::WS1. How to Craft a Compelling Story
","WS1. How to Craft a Compelling Story
",event
"event::WS2. The Voice of the Poem
","WS2. The Voice of the Poem
",event
"event::WS3. Beginnings and Endings
","WS3. Beginnings and Endings
",event
"event::WSS4. How to Read a Poem
","WSS4. How to Read a Poem
",event
"event::WSS5. Doing the Research
","WSS5. Doing the Research
",event
"event::WS6. Building Earths and Bending Genres: World-Building
","WS6. Building Earths and Bending Genres: World-Building
",event
"event::WS7. Two Paths to a Draft: Finding your material through form
","WS7. Two Paths to a Draft: Finding your material through form
",event
"event::WSS8. Building a Productive Writing Group
","WSS8. Building a Productive Writing Group
",event
event::Live & In Conversation on Instagram: Kate Elizabeth Russell,Live & In Conversation on Instagram: Kate Elizabeth Russell,event
event::Live & In Conversation on Instagram: Terri Libenson,Live & In Conversation on Instagram: Terri Libenson,event
event::In Conversation With Camilla Läckberg,In Conversation With Camilla Läckberg,event
event::Live & In Conversation on Instagram: Jason B. Rosenthal,Live & In Conversation on Instagram: Jason B. Rosenthal,event
event::Virtual Launch Party for Yorick and Bones,Virtual Launch Party for Yorick and Bones,event
event::Writing Workshop: Becoming a Better Writer with Brian Francis,Writing Workshop: Becoming a Better Writer with Brian Francis,event
event::Live & In Conversation on Instagram: Alka Joshi,Live & In Conversation on Instagram: Alka Joshi,event
event::Virtual Kitchen Party,Virtual Kitchen Party,event
event::Worldbuilding is for Everyone with Thea Lim,Worldbuilding is for Everyone with Thea Lim,event
event::gritLIT Kids! Once Upon an Hour,gritLIT Kids! Once Upon an Hour,event
"event::The Disability Narrative with Amanda Leduc, Dorothy Ellen Palmer, and Rasiqra Revulva","The Disability Narrative with Amanda Leduc, Dorothy Ellen Palmer, and Rasiqra Revulva",event
"event::Writing Workshop: Building Narrative, or Revisiting the Elementals, with Cordelia Strube","Writing Workshop: Building Narrative, or Revisiting the Elementals, with Cordelia Strube",event
event::Medics in the Line of Fire with Ted Barris,Medics in the Line of Fire with Ted Barris,event
event::An Introduction to Playwriting with Keith Barker,An Introduction to Playwriting with Keith Barker,event
event::This is How We Got Here,This is How We Got Here,event
event::Writing into an Uncertain Future,Writing into an Uncertain Future,event
event::In Conversation with Jael Richardson,In Conversation with Jael Richardson,event
event::Ghosts from the Past,Ghosts from the Past,event
event::In Conversation with Hazel Jane Plante,In Conversation with Hazel Jane Plante,event
event::The Butterfly Effect,The Butterfly Effect,event
event::Making up Past Time: Using History and Personal Stories in Literary Fiction with Gary Barwin,Making up Past Time: Using History and Personal Stories in Literary Fiction with Gary Barwin,event
event::Let Me Tell You My Story,Let Me Tell You My Story,event
event::Lockdown Anti-Versary Howl,Lockdown Anti-Versary Howl,event
"event::Writers Read Presents: Sheila Heti
","Writers Read Presents: Sheila Heti
",event
event::Writers Read Presents: Kaveh Akbar,Writers Read Presents: Kaveh Akbar,event
event::Writers Read Presents: Marina Warner,Writers Read Presents: Marina Warner,event
event::Writers Read Presents Airea D. Matthews,Writers Read Presents Airea D. Matthews,event
event::25th Annual Saskatchewan Festival of Words,25th Annual Saskatchewan Festival of Words,event
event::Writers Read Presents Elisa Gabbert,Writers Read Presents Elisa Gabbert,event
event::Writers Read Presents Silence and Openings: Fragments on the Lyric Essay,Writers Read Presents Silence and Openings: Fragments on the Lyric Essay,event
event::Writers Read Presents Solstice Howl,Writers Read Presents Solstice Howl,event
"event::Sue Goyette Writers Read Masterclass
","Sue Goyette Writers Read Masterclass
",event
event::Writers Read Presents Kama La Mackerel & Eli Tareq El Bechelany-Lynch in Conversation,Writers Read Presents Kama La Mackerel & Eli Tareq El Bechelany-Lynch in Conversation,event
"event::Writers Read Presents: Watch Your Head
","Writers Read Presents: Watch Your Head
",event
event::Writing for Dollars,Writing for Dollars,event
"event::Georgia Wilder, Matthew Gwathmey","Georgia Wilder, Matthew Gwathmey",event
"event::Robert Priest, Heather J. Wood","Robert Priest, Heather J. Wood",event
"event::David Clink, Carmelo Militano","David Clink, Carmelo Militano",event
"event::Suparna Ghosh, Mike Chaulk","Suparna Ghosh, Mike Chaulk",event
"event::Shelly Campbell, Conyer Clayton
","Shelly Campbell, Conyer Clayton
",event
event::Maureen Hynes and Fiona Lam,Maureen Hynes and Fiona Lam,event
"event::Jaclyn Piudik, Bertrand Bickersteth","Jaclyn Piudik, Bertrand Bickersteth",event
event::WS9. No Poem or Story Begins Until the Word “But” Appears,WS9. No Poem or Story Begins Until the Word “But” Appears,event
"event::WS10. Writing the Quest: Inanna
","WS10. Writing the Quest: Inanna
",event
"event::WS11. The Art of Translation
","WS11. The Art of Translation
",event
"event::WS12. Taking Care: How to Balance Art with Self-Compassion
","WS12. Taking Care: How to Balance Art with Self-Compassion
",event
"event::00. Gunplay (After the Gun Goes Off)
","00. Gunplay (After the Gun Goes Off)
",event
"event::10. The Voices of Ghosts
","10. The Voices of Ghosts
",event
event::Poetically Speaking,Poetically Speaking,event
"event::11. Une Femme Disparaît / The Lady Vanishes
","11. Une Femme Disparaît / The Lady Vanishes
",event
"event::12. The Robertson Davies Lecture
","12. The Robertson Davies Lecture
",event
"event::13. Brazen Tongues: Celebrating the Unashamed Self
","13. Brazen Tongues: Celebrating the Unashamed Self
",event
"event::14. The Lost Boy: Fiction
","14. The Lost Boy: Fiction
",event
"event::16. The Long Shadow of War
","16. The Long Shadow of War
",event
"event::19. Fantastic Figures: the Magic in All Bodies
","19. Fantastic Figures: the Magic in All Bodies
",event
event::Mike Lipsius and Virginia Konchan,Mike Lipsius and Virginia Konchan,event
event::Asian Heritage Month- Ellen Chang-Richardson & Tracy Wai de Boer,Asian Heritage Month- Ellen Chang-Richardson & Tracy Wai de Boer,event
event::Joanna Lilley and Fraser Sutherland,Joanna Lilley and Fraser Sutherland,event
event::Zach de Costa and Stanley Feffermam,Zach de Costa and Stanley Feffermam,event
event::Library of Legends by Janie Chang,Library of Legends by Janie Chang,event
event::Live & In Conversation on Instagram: Becky Albertalli,Live & In Conversation on Instagram: Becky Albertalli,event
event::Andrea Thompson and Susan McCaslin,Andrea Thompson and Susan McCaslin,event
event::Lorna Crozier and David Day,Lorna Crozier and David Day,event
"event::Margaret Christakos and Sue Chenette
","Margaret Christakos and Sue Chenette
",event
event::Ian Ferrier and Ella Zeltserman,Ian Ferrier and Ella Zeltserman,event
event::Debbie Okun Hill and Fran Figge,Debbie Okun Hill and Fran Figge,event
event::Maida Sosa Velasquez and Jamie Urquhart,Maida Sosa Velasquez and Jamie Urquhart,event
event::Lois Lorimer and Gianna Patriarca,Lois Lorimer and Gianna Patriarca,event
event::Sharon Goodier and Ian Burgham,Sharon Goodier and Ian Burgham,event
event::Sarah Ens and Marvyne Jenoff,Sarah Ens and Marvyne Jenoff,event
event::Live & In Conversation on Instagram: Nathan Pyle,Live & In Conversation on Instagram: Nathan Pyle,event
event::Live & In Conversation on Instagram: Katherine Applegate,Live & In Conversation on Instagram: Katherine Applegate,event
event::HarperPresents: A Dark and Stormy Thriller Roundtable,HarperPresents: A Dark and Stormy Thriller Roundtable,event
event::An evening with Emma Donoghue & Helen Humphreys,An evening with Emma Donoghue & Helen Humphreys,event
event::Grimsby Author Series: Emma Donoghue & Helen Humphreys,Grimsby Author Series: Emma Donoghue & Helen Humphreys,event
event::Live & In Conversation on Instagram: Rachel McMillan,Live & In Conversation on Instagram: Rachel McMillan,event
event::David A. Robertson Virtual Book Launch,David A. Robertson Virtual Book Launch,event
event::HarperPresents: 2020 Indie Fest with Oliver Jeffers!,HarperPresents: 2020 Indie Fest with Oliver Jeffers!,event
event::Celebration of Women: An Evening with Alka Joshi,Celebration of Women: An Evening with Alka Joshi,event
"event::21. Brave New Words: A Dark Debut/ Un début sombre
","21. Brave New Words: A Dark Debut/ Un début sombre
",event
"event::23. Selected Poems: A Mid-Career Retrospective
","23. Selected Poems: A Mid-Career Retrospective
",event
"event::24. A Brief Interlude: Stories of Music
","24. A Brief Interlude: Stories of Music
",event
"event::25. Making Mischief: The Trickster Trilogy
","25. Making Mischief: The Trickster Trilogy
",event
"event::In Conversation: Eamon McGrath & Hayley Gene Penner
","In Conversation: Eamon McGrath & Hayley Gene Penner
",event
"event::Is This Scary?: Jacob Scheier Poetry Launch
","Is This Scary?: Jacob Scheier Poetry Launch
",event
"event::Book Launch: Deceptions by Anna Porter
","Book Launch: Deceptions by Anna Porter
",event
event::Cracked Pots Book Launch,Cracked Pots Book Launch,event
"event::A Night of Poetry with ECW Press
","A Night of Poetry with ECW Press
",event
"event::An Evening with Gail Bowen
","An Evening with Gail Bowen
",event
"event::An Afternoon with Candas Jane Dorsey
","An Afternoon with Candas Jane Dorsey
",event
event::The Royal Treatment: YA Author Panel Event,The Royal Treatment: YA Author Panel Event,event
event::Tea Time with History,Tea Time with History,event
event::Women Writing History,Women Writing History,event
event::Forest of Reading: An Afternoon with Kim Smith,Forest of Reading: An Afternoon with Kim Smith,event
event::In My Mosque,In My Mosque,event
event::Thrills and Chills- A Virtual Author Event,Thrills and Chills- A Virtual Author Event,event
event::World Refugee Day Event: A Conversation with Ava Homa,World Refugee Day Event: A Conversation with Ava Homa,event
event::YA Fantasy with Tanaz Bhathena and Sarena & Sasha Nanua,YA Fantasy with Tanaz Bhathena and Sarena & Sasha Nanua,event
event::85 Queen: Shut Out - The Game That Did Not Love Me Black,85 Queen: Shut Out - The Game That Did Not Love Me Black,event
event::The Dressmakers of Auschwitz- A Talk with Historian Lucy Adlington,The Dressmakers of Auschwitz- A Talk with Historian Lucy Adlington,event
event::Live & In Conversation: Jody Wilson-Raybould,Live & In Conversation: Jody Wilson-Raybould,event
event::Sugar & Spice: A Holiday Author Event,Sugar & Spice: A Holiday Author Event,event
event::Live & In Conversation: Sue Lynn Tan,Live & In Conversation: Sue Lynn Tan,event
event::An Afternoon with Author Lawrence Hill,An Afternoon with Author Lawrence Hill,event
event::Heather O'Neill Virtual Book Event Hosted by Angela Torgerson,Heather O'Neill Virtual Book Event Hosted by Angela Torgerson,event
event::The Betrayal of Anne Frank With Rosemary Sullivan,The Betrayal of Anne Frank With Rosemary Sullivan,event
event::An Evening with Best-Selling Author Patti Callahan Henry,An Evening with Best-Selling Author Patti Callahan Henry,event
event::Fiction: McConvey - Hetherington - D'Izzia at Queen Books,Fiction: McConvey - Hetherington - D'Izzia at Queen Books,event
event::Acadian Driftwood: Halifax Book Launch,Acadian Driftwood: Halifax Book Launch,event
event::Online Author Reading with Amy Spurway,Online Author Reading with Amy Spurway,event
event::Restigouche: Saint John book launch,Restigouche: Saint John book launch,event
event::Acadian Driftwood: Toronto Launch,Acadian Driftwood: Toronto Launch,event
event::Restigouche: Moncton book launch,Restigouche: Moncton book launch,event
event::Blaze Island Virtual Book Launch,Blaze Island Virtual Book Launch,event
event::Literature and Song,Literature and Song,event
event::Small Presses Panel,Small Presses Panel,event
"event::Stay-Home Book Club: Best Canadian Poetry 2019
","Stay-Home Book Club: Best Canadian Poetry 2019
",event
"event::Mark Bourrie & Margaret Atwood: In Conversation
","Mark Bourrie & Margaret Atwood: In Conversation
",event
"event::Reading the WORLD The Unseen by Roy Jacobsen
","Reading the WORLD The Unseen by Roy Jacobsen
",event
event::Submitting to a Literary Magazine,Submitting to a Literary Magazine,event
event::Rinaldo Walcott ,Rinaldo Walcott ,event
event::Terese Pierre and Mary Rykon,Terese Pierre and Mary Rykon,event
event::Anna Yin and Frances Boyle,Anna Yin and Frances Boyle,event
event::Past Directors's Night,Past Directors's Night,event
event::Claudia Radmore and Clara Blackwood,Claudia Radmore and Clara Blackwood,event
"event::The Last Goldfish Virtual Launch
","The Last Goldfish Virtual Launch
",event
"event::Aubrey McKee Virtual Launch
","Aubrey McKee Virtual Launch
",event
"event::Reaching Mithymna Virtual Book Launch
","Reaching Mithymna Virtual Book Launch
",event
"event::Stoop City Virtual Book Launch
","Stoop City Virtual Book Launch
",event
"event::Double Book Launch: Jason Guriel & Carmine Starnino
","Double Book Launch: Jason Guriel & Carmine Starnino
",event
event::Art of the Short Story: A Reading with Three 2020 Scotiabank Giller Nominees,Art of the Short Story: A Reading with Three 2020 Scotiabank Giller Nominees,event
event::Poems to Get You Through This Winter: A Best Canadian Poetry 2020 Event,Poems to Get You Through This Winter: A Best Canadian Poetry 2020 Event,event
event::Double Virtual Poetry Launch: Sharon McCartney & Terence Young,Double Virtual Poetry Launch: Sharon McCartney & Terence Young,event
"event::Virtual Book Launch: The Debt by Andreae Callanan
","Virtual Book Launch: The Debt by Andreae Callanan
",event
event::Meet The Authors,Meet The Authors,event
"event::Virtual Book Launch: Strangers by Rob Taylor
","Virtual Book Launch: Strangers by Rob Taylor
",event
"event::The Practice of Translation
","The Practice of Translation
",event
"event::Books in Common NW: Doireann Ní Ghríofa & Éireann Lorsung
","Books in Common NW: Doireann Ní Ghríofa & Éireann Lorsung
",event
"event::Double Book Launch: Householders & Chemical Valley
","Double Book Launch: Householders & Chemical Valley
",event
event::Louise Carson and Micheal Stacey,Louise Carson and Micheal Stacey,event
event::Francine Lewis and Myna Wallin,Francine Lewis and Myna Wallin,event
event::Stan Rogal and Kate Rogers,Stan Rogal and Kate Rogers,event
event::Italian Night,Italian Night,event
"event::Stanford Cheung and Barbara Landry
","Stanford Cheung and Barbara Landry
",event
event::Micheal Penny and Jennifer Hosein,Micheal Penny and Jennifer Hosein,event
event::bw powe and Josie di Sciascio Andrews,bw powe and Josie di Sciascio Andrews,event
event::Bruce Meyer and Denis Stokes,Bruce Meyer and Denis Stokes,event
event::Carla Hartsfield and Lisa Richter,Carla Hartsfield and Lisa Richter,event
event::Tanis Macdonald and Harry Posner,Tanis Macdonald and Harry Posner,event
event::Terry Watala and Meena Chopra,Terry Watala and Meena Chopra,event
event::The Ship We Built - Lexie Bean - Virtual Author Visit,The Ship We Built - Lexie Bean - Virtual Author Visit,event
"event::Dorothy Sjoholm and Sue Brecken
","Dorothy Sjoholm and Sue Brecken
",event
event::Marsha Barber and David C. Brydges,Marsha Barber and David C. Brydges,event
event::Christpher Cessac and Marc Di Saverio,Christpher Cessac and Marc Di Saverio,event
event::Women of Strength,Women of Strength,event
event::Paul Edward Costa and Stanley Fefferman,Paul Edward Costa and Stanley Fefferman,event
event::Georgia Wilder and Gianna Patriarca,Georgia Wilder and Gianna Patriarca,event
event::Black History Night,Black History Night,event
event::George Elliott Clarke and T.G. Hamilton,George Elliott Clarke and T.G. Hamilton,event
event::David C. Brydges and Micheal Mirolla,David C. Brydges and Micheal Mirolla,event
event::Paul Edward Costa and Stanley Fefferman,Paul Edward Costa and Stanley Fefferman,event
event::Luciano Iacobelli and Joshua Ping,Luciano Iacobelli and Joshua Ping,event
event::Mark Truscott and Joshua Levy,Mark Truscott and Joshua Levy,event
event::Mercedes Killeen and Jim Roberts,Mercedes Killeen and Jim Roberts,event
event::Restigouche Live Virtual Launch,Restigouche Live Virtual Launch,event
event::Unicorn in the Woods – Digital Book Launch,Unicorn in the Woods – Digital Book Launch,event
event::Canada's Storytellers: Peace By Chocolate,Canada's Storytellers: Peace By Chocolate,event
event::Peace by Chocolate Book Launch - Antigonish,Peace by Chocolate Book Launch - Antigonish,event
event::James Wilson: Social Studies Book Launch,James Wilson: Social Studies Book Launch,event
event::The Role of Humour in Storytelling with Jane Christmas,The Role of Humour in Storytelling with Jane Christmas,event
event::Interview with Artist Audrey Dreaver,Interview with Artist Audrey Dreaver,event
event::Steven McCabe and David Stones,Steven McCabe and David Stones,event
event::Patrick Connors and Ron Potter,Patrick Connors and Ron Potter,event
event::Donna Langevin and Catherine Graham,Donna Langevin and Catherine Graham,event
event::icehouse poetry & friends: Fredericton,icehouse poetry & friends: Fredericton,event
event::icehouse poetry & friends: Toronto,icehouse poetry & friends: Toronto,event
event::icehouse poetry & friends: Vancouver,icehouse poetry & friends: Vancouver,event
event::LitCon 2020,LitCon 2020,event
"event::Peter Powning – Sussex ""Take-Out"" Book Signing","Peter Powning – Sussex ""Take-Out"" Book Signing",event
event::Peter Powning Virtual Launch,Peter Powning Virtual Launch,event
event::Climate in Fiction: Patricia Robertson with Catherine Bush & Sharon English,Climate in Fiction: Patricia Robertson with Catherine Bush & Sharon English,event
event::Catherine Bush & Patricia Robertson: Exploring Climate Change in Fiction,Catherine Bush & Patricia Robertson: Exploring Climate Change in Fiction,event
event::Constant Nobody Book Launch: Michelle Butler Hallett in conversation w/ Tyler Enfield,Constant Nobody Book Launch: Michelle Butler Hallett in conversation w/ Tyler Enfield,event
event::Alexa! Live Book Launch with author Stephen Kimber,Alexa! Live Book Launch with author Stephen Kimber,event
event::Autism Arts Digital Book Launch,Autism Arts Digital Book Launch,event
event::Anything but a Still Life Book Launch,Anything but a Still Life Book Launch,event
event::Kazim Ali (Northern Light) Online Book Event with Michael Hutchinson,Kazim Ali (Northern Light) Online Book Event with Michael Hutchinson,event
event::Mabel Murple's Book Shoppe is Celebrating Goose Lane Editions,Mabel Murple's Book Shoppe is Celebrating Goose Lane Editions,event
event::Waterfalls of New Brunswick Virtual Book Launch,Waterfalls of New Brunswick Virtual Book Launch,event
event::Munro's Books Presents: Gregor Craigie in conversation with Kathryn Marlow,Munro's Books Presents: Gregor Craigie in conversation with Kathryn Marlow,event
event::Myself a Paperclip Live Book Launch & Poetry Reading,Myself a Paperclip Live Book Launch & Poetry Reading,event
event::Waterfalls of Cape Breton Island Book Launch,Waterfalls of Cape Breton Island Book Launch,event
"event::NBMHP Book Launch of Dianne Kelly's book, Asleep in the Deep","NBMHP Book Launch of Dianne Kelly's book, Asleep in the Deep",event
event::Nursing Sister Anna Stamers & The First World War,Nursing Sister Anna Stamers & The First World War,event
"event::Booknanza! Part One: Englert, Schneider & Heslop with Berkel and Verboom","Booknanza! Part One: Englert, Schneider & Heslop with Berkel and Verboom",event
"event::Booknanza! Part Two: Schneider, Heslop & Englert with Clayton and Wint","Booknanza! Part Two: Schneider, Heslop & Englert with Clayton and Wint",event
"event::Booknanza! Part Three: Englert, Schneider & Heslop with Flemmer and LeBlanc","Booknanza! Part Three: Englert, Schneider & Heslop with Flemmer and LeBlanc",event
event::Cozy Up at the Purrfect Cup: An Author Reading by Amber McMillan,Cozy Up at the Purrfect Cup: An Author Reading by Amber McMillan,event
"event::Virtual Book Launch: As You Were by Elaine Feeney
","Virtual Book Launch: As You Were by Elaine Feeney
",event
event::Virtual Book Launch: The Singing Forest by Judith McCormack,Virtual Book Launch: The Singing Forest by Judith McCormack,event
event::Virtual Poetry Collection Launch: Romantic by Mark Callanan,Virtual Poetry Collection Launch: Romantic by Mark Callanan,event
"event::Virtual Book Launch: 2021 Best Canadian Series
","Virtual Book Launch: 2021 Best Canadian Series
",event
event::Virtual Book Launch: Say This by Elise Levine,Virtual Book Launch: Say This by Elise Levine,event
"event::Examining Trauma Narratives
","Examining Trauma Narratives
",event
event::Art Connects | Spring Reading Session with Indigenous Brilliance,Art Connects | Spring Reading Session with Indigenous Brilliance,event
"event::Reading: David Ly - Mythical Man
","Reading: David Ly - Mythical Man
",event
"event::Art Song Lab 2020 Poetry Reading
","Art Song Lab 2020 Poetry Reading
",event
"event::Book Launch: All Flowers Bloom by Kawika Guillermo
","Book Launch: All Flowers Bloom by Kawika Guillermo
",event
"event::The Certainties: Book Launch with Live Music
","The Certainties: Book Launch with Live Music
",event
"event::Book Launch: Jenn Ashton's ""People Like Frank""
","Book Launch: Jenn Ashton's ""People Like Frank""
",event
event::Art Connects | Fall Reading Session with Indigenous Brilliance,Art Connects | Fall Reading Session with Indigenous Brilliance,event
"event::Book Launch: The Fool by Jessie Jones
","Book Launch: The Fool by Jessie Jones
",event
"event::Book Launch: In Conversation by T K Torme and Rachel Taylor

","Book Launch: In Conversation by T K Torme and Rachel Taylor

",event
"event::Booknanza! Part Four: Englert, Schneider & Heslop with Czaga and McKeen","Booknanza! Part Four: Englert, Schneider & Heslop with Czaga and McKeen",event
"event::Moments of Perception: Experimental Film in Canada, Book Launch","Moments of Perception: Experimental Film in Canada, Book Launch",event
event::Book Launch: It Was Dark There All the Time,Book Launch: It Was Dark There All the Time,event
event::Book Signing: It Was Dark There All the Time,Book Signing: It Was Dark There All the Time,event
event::Moments of Perception: Experimental Film in Canada screening and book launch,Moments of Perception: Experimental Film in Canada screening and book launch,event
"event::""Waterfalls of Nova Scotia"", an illustrated presentation with Benoit Lalonde","""Waterfalls of Nova Scotia"", an illustrated presentation with Benoit Lalonde",event
event::Book Launch: Rafael Has Pretty Eyes,Book Launch: Rafael Has Pretty Eyes,event
event::The Violet Hour,The Violet Hour,event
event::An Orphan World (Violet Hour Book Club) — Online,An Orphan World (Violet Hour Book Club) — Online,event
"event::Massy Reads: Journeys into Speculative Fiction
","Massy Reads: Journeys into Speculative Fiction
",event
event::Age of Union (Violet Hour Book Club),Age of Union (Violet Hour Book Club),event
"event::Watch Your Head: Reading and Discussion
","Watch Your Head: Reading and Discussion
",event
event::The Great Believers (Violet Hour Book Club),The Great Believers (Violet Hour Book Club),event
"event::Ashley Audrain in conversation with Shari Lapena
","Ashley Audrain in conversation with Shari Lapena
",event
"event::Eden Robinson in conversation with Cherie Dimaline
","Eden Robinson in conversation with Cherie Dimaline
",event
event::Kazuo Ishiguro in conversation with Souvankham Thammavongsa,Kazuo Ishiguro in conversation with Souvankham Thammavongsa,event
event::I Hope We Choose Love / The Normal Heart (Violet Hour Book Club),I Hope We Choose Love / The Normal Heart (Violet Hour Book Club),event
"event::A Town Called Solace - in Conversation with Shelagh Rogers
","A Town Called Solace - in Conversation with Shelagh Rogers
",event
"event::The Rose Code: A Conversation with Kate Quinn
","The Rose Code: A Conversation with Kate Quinn
",event
event::What Belongs to You (Violet Hour Book Club),What Belongs to You (Violet Hour Book Club),event
"event::Genki Ferguson: Satellite Love Book Launch
","Genki Ferguson: Satellite Love Book Launch
",event
"event::Indie Book Fest: Uzma Jalaluddin - Hana Khan Carries On
","Indie Book Fest: Uzma Jalaluddin - Hana Khan Carries On
",event
event::The New Testament (Violet Hour Book Club),The New Testament (Violet Hour Book Club),event
"event::Find You First: Linwood Barclay Book Launch
","Find You First: Linwood Barclay Book Launch
",event
event::Édition 360 - The New Face of Queer Lit presented by FIDO,Édition 360 - The New Face of Queer Lit presented by FIDO,event
event::Édition 360 - The Violet Hour presented by FIDO,Édition 360 - The Violet Hour presented by FIDO,event
"event::Massy Arts presents Callum Angus, Hazel Jane Plante, and Corinne Manning","Massy Arts presents Callum Angus, Hazel Jane Plante, and Corinne Manning",event
"event::Jordan Abel: Nishga
","Jordan Abel: Nishga
",event
"event::Book Launch: You Will Remember Me by Hannah Mary McKinnon
","Book Launch: You Will Remember Me by Hannah Mary McKinnon
",event
event::Édition 360 - Waltpaper: New York Club Kids presented by FIDO,Édition 360 - Waltpaper: New York Club Kids presented by FIDO,event
"event::Book Launch: Sufferance by Thomas King
","Book Launch: Sufferance by Thomas King
",event
"event::Michelle Good in conversation with Waubgeshig Rice
","Michelle Good in conversation with Waubgeshig Rice
",event
event::Rubyfruit Jungle (Violet Hour Book Club),Rubyfruit Jungle (Violet Hour Book Club),event
"event::The Rebellious Tide: Book Launch with Eddy Boudel Tan
","The Rebellious Tide: Book Launch with Eddy Boudel Tan
",event
"event::Book Launch for Bramah and the Beggar Boy
","Book Launch for Bramah and the Beggar Boy
",event
event::My Cat Yugoslavia (Violet Hour Book Club),My Cat Yugoslavia (Violet Hour Book Club),event
event::Book Launch / Shashi Bhat - The Most Precious Substance on Earth,Book Launch / Shashi Bhat - The Most Precious Substance on Earth,event
"event::Book Launch | Margo Tamez - Father | Genocide
","Book Launch | Margo Tamez - Father | Genocide
",event
"event::Book Launch / Umbilical Cord by Hasan Namir
","Book Launch / Umbilical Cord by Hasan Namir
",event
"event::Ranada and Zuliani Double Book Launch
","Ranada and Zuliani Double Book Launch
",event
event::Virtual Book Launch / Myriam Steinberg – Catalogue Baby,Virtual Book Launch / Myriam Steinberg – Catalogue Baby,event
"event::Book Launch / How to Not Be Afraid of Everything by Jane Wong
","Book Launch / How to Not Be Afraid of Everything by Jane Wong
",event
"event::Double Launch / Isabella Wang's ""Pebble Swing"" and Ellie Sawatzky's ""None of This Belongs to Me""
","Double Launch / Isabella Wang's ""Pebble Swing"" and Ellie Sawatzky's ""None of This Belongs to Me""
",event
"event::Indigenous Brilliance Issue 44.3 Launch Party
","Indigenous Brilliance Issue 44.3 Launch Party
",event
"event::Book Launch / Beauty, Politics, Poetics: Rahat Kurd and Marguerite Pigeon in Conversation
","Book Launch / Beauty, Politics, Poetics: Rahat Kurd and Marguerite Pigeon in Conversation
",event
event::Art Bar's 30th Anniversary,Art Bar's 30th Anniversary,event
event::Philip Cairns and Celeste Snowber,Philip Cairns and Celeste Snowber,event
"event::Christena Williams and Carrie Schiffler
","Christena Williams and Carrie Schiffler
",event
event::Book Launch / Livestream Performance of Betsy Warland’s Bloodroot,Book Launch / Livestream Performance of Betsy Warland’s Bloodroot,event
event::Book Launch / Avenue of Champions: Conor Kerr In Conversation with Molly Cross-Blanchard,Book Launch / Avenue of Champions: Conor Kerr In Conversation with Molly Cross-Blanchard,event
"event::ekw'i7tl Reading Fundraiser with Nicola Campbell, Jami Gigot, & Jordan Scott!","ekw'i7tl Reading Fundraiser with Nicola Campbell, Jami Gigot, & Jordan Scott!",event
"event::Book Launch / Mischief Making by Nicola Levell
","Book Launch / Mischief Making by Nicola Levell
",event
"event::ekw’í7tl Reading Series Fundraiser w/ Jen Sookfong Lee & Hasan Namir
","ekw’í7tl Reading Series Fundraiser w/ Jen Sookfong Lee & Hasan Namir
",event
"event::Book Launch / Colleen van Niekerk’s “A Conspiracy of Mothers”
","Book Launch / Colleen van Niekerk’s “A Conspiracy of Mothers”
",event
event::ekw’í7tl Reading Series Fundraiser w/ Bree Galbraith & Tiffany Stone!,ekw’í7tl Reading Series Fundraiser w/ Bree Galbraith & Tiffany Stone!,event
"event::Book Launch / Unbecoming by Neil Surkan
","Book Launch / Unbecoming by Neil Surkan
",event
"event::Communication et violence: en conversation
","Communication et violence: en conversation
",event
"event::Daughter of Here: A Conversation
","Daughter of Here: A Conversation
",event
event::Célébration! Mairuth Sarsfield and Black Writing in MTL | La littérature Noire de MTL,Célébration! Mairuth Sarsfield and Black Writing in MTL | La littérature Noire de MTL,event
"event::PL Talks featuring Naomi K. Lewis / Live streamed
","PL Talks featuring Naomi K. Lewis / Live streamed
",event
"event::Barbara Nickel and Karen Shenfeld
","Barbara Nickel and Karen Shenfeld
",event
"event::Elana Wolff and Leanne Dunic
","Elana Wolff and Leanne Dunic
",event
"event::Carol Malyon and Rayanne Haines
","Carol Malyon and Rayanne Haines
",event
event::Kit Varnam and Arleen Pare,Kit Varnam and Arleen Pare,event
event::Allan Edwards and Shalan Joundry,Allan Edwards and Shalan Joundry,event
event::Kathleen McCraken and Brandon Wint,Kathleen McCraken and Brandon Wint,event
event::Klara du Plessis and Vanessa Ricketts,Klara du Plessis and Vanessa Ricketts,event
event::Gary Thomas Morse and Selina Boan,Gary Thomas Morse and Selina Boan,event
event::Brenda Clews and Kim Fahner,Brenda Clews and Kim Fahner,event
event::Chad Norman and Shannon Quinn,Chad Norman and Shannon Quinn,event
event::Kathy Figueroa and Laura Furster,Kathy Figueroa and Laura Furster,event
event::Christena Williams and Jen Sookfong Lee,Christena Williams and Jen Sookfong Lee,event
event::Brandon Pitts and Andrea Thompson,Brandon Pitts and Andrea Thompson,event
event::Greer Roberts and Rita Bouvier,Greer Roberts and Rita Bouvier,event
event::Alice Major and Aurore Gatwenzi,Alice Major and Aurore Gatwenzi,event
event::Richard-Yves Sitoski and John Oughton,Richard-Yves Sitoski and John Oughton,event
event::Irene Marques and Chris Pannell,Irene Marques and Chris Pannell,event
event::John Wall Barger and Ben Gallagher,John Wall Barger and Ben Gallagher,event
"event::Literary Cocktails Online
","Literary Cocktails Online
",event
"event::Jennifer Bowering Delisle | DERIVING Launch | with Lisa Martin
","Jennifer Bowering Delisle | DERIVING Launch | with Lisa Martin
",event
"event::UAlberta Press, Shelf Life Books, & Glass Bookshop present Micheline Maylor; host John Wall Barger
","UAlberta Press, Shelf Life Books, & Glass Bookshop present Micheline Maylor; host John Wall Barger
",event
"event::Literary Cocktails
","Literary Cocktails
",event
"event::IMPACT: Women Writing After Concussion is launching with Toronto Lit Up!
","IMPACT: Women Writing After Concussion is launching with Toronto Lit Up!
",event
"event::Ken Haigh, author of On Foot to Canterbury: A Son's Pilgrimage, gives an illustrated talk via Zoom
","Ken Haigh, author of On Foot to Canterbury: A Son's Pilgrimage, gives an illustrated talk via Zoom
",event
"event::You Look Good For Your Age: Books and Ideas at the Calgary Public Library
","You Look Good For Your Age: Books and Ideas at the Calgary Public Library
",event
"event::Books & Ideas: Every Concussion Experience is Different. Women Writers in Conversation.
","Books & Ideas: Every Concussion Experience is Different. Women Writers in Conversation.
",event
"event::Literary Cocktails 2022
","Literary Cocktails 2022
",event
"event::Book Launch: Impact Statement
","Book Launch: Impact Statement
",event
"event::Quartet 2020 Launch
","Quartet 2020 Launch
",event
"event::INWARD LOOKING / LOOKING OUTWARD
","INWARD LOOKING / LOOKING OUTWARD
",event
event::Launch of Quartet 2021,Launch of Quartet 2021,event
"event::Cross Canada Quartet: Andrea Thompson, D.A. Lockhart, Wendy Donawa, and Tyler Engström","Cross Canada Quartet: Andrea Thompson, D.A. Lockhart, Wendy Donawa, and Tyler Engström",event
"event::Spring 2022 Launch and Reading
","Spring 2022 Launch and Reading
",event
"event::2020 Lampman Award Shortlist Reading
","2020 Lampman Award Shortlist Reading
",event
"event::Arc Poetry Magazine's Polymorphous per Verse Issue Launch
","Arc Poetry Magazine's Polymorphous per Verse Issue Launch
",event
"event::2021 Lampman Award Shortlist Reading
","2021 Lampman Award Shortlist Reading
",event
"event::Arc Poetry Magazine Presents - VERSeFest 2021
","Arc Poetry Magazine Presents - VERSeFest 2021
",event
"event::Cancelled // MRB Spring Launch
","Cancelled // MRB Spring Launch
",event
"event::mRb Fall 2020 Issue Launch
","mRb Fall 2020 Issue Launch
",event
"event::Montreal Review of Books Summer Launch
","Montreal Review of Books Summer Launch
",event
event::Ellen S. Jaffe and RC Weslowski,Ellen S. Jaffe and RC Weslowski,event
event::Michelle Poirier Brown and Aurore Gatwenzi,Michelle Poirier Brown and Aurore Gatwenzi,event
event::Andreas Gripp and Blaine Marchand,Andreas Gripp and Blaine Marchand,event
event::Mike Lipsius and Richard Osler,Mike Lipsius and Richard Osler,event
event::Anna Yin and Kristen Smith,Anna Yin and Kristen Smith,event
event::Memoirs of the Mundane With JJ Steeves,Memoirs of the Mundane With JJ Steeves,event
"event::mRb Fall Issue Launch
","mRb Fall Issue Launch
",event
"event::mRb Spring Issue Launch
","mRb Spring Issue Launch
",event
event::A TRUTH UNIVERSALLY ACKNOWLEDGED: THE FIRST PAGE MATTERS WITH RANDY BOYAGODA,A TRUTH UNIVERSALLY ACKNOWLEDGED: THE FIRST PAGE MATTERS WITH RANDY BOYAGODA,event
event::What We Learn From Each Other: Vivek Shraya and Cicely Belle Blain,What We Learn From Each Other: Vivek Shraya and Cicely Belle Blain,event
"event::Fields of Light and Stone Online Book Launch
","Fields of Light and Stone Online Book Launch
",event
event::Reading Deeply,Reading Deeply,event
"event::Joanna Lilley's Endlings, with special guests!
","Joanna Lilley's Endlings, with special guests!
",event
event::From Best Brothers to Meilleurs frères,From Best Brothers to Meilleurs frères,event
event::Spotlight Authors,Spotlight Authors,event
"event::New Poetry by Robert Colman and Claire Caldwell
","New Poetry by Robert Colman and Claire Caldwell
",event
"event::The World Is Mostly Sky Book Launch
","The World Is Mostly Sky Book Launch
",event
"event::Ava Homa with Daughters of Smoke & Fire
","Ava Homa with Daughters of Smoke & Fire
",event
"event::Launch of The Goliath Run by Brad Smith
","Launch of The Goliath Run by Brad Smith
",event
"event::Double Reading: Joel Robert Ferguson and Alexis Kienlen
","Double Reading: Joel Robert Ferguson and Alexis Kienlen
",event
"event::Lauren Carter, 2x Manitoba Book Award winner, with Ariel Gordon
","Lauren Carter, 2x Manitoba Book Award winner, with Ariel Gordon
",event
"event::TreeTalk launch with Tanis MacDonald and Natalie Baird
","TreeTalk launch with Tanis MacDonald and Natalie Baird
",event
"event::Adventures in Fiction! Candas Jane Dorsey & Waubgeshig Rice. Host: Terri Favro
","Adventures in Fiction! Candas Jane Dorsey & Waubgeshig Rice. Host: Terri Favro
",event
event::,,event
"event::June Guernica Virtual Launch
","June Guernica Virtual Launch
",event
event::The Speed of Mercy: Christy Ann Conlin in Conversation with Shakirah Bourne,The Speed of Mercy: Christy Ann Conlin in Conversation with Shakirah Bourne,event
event::Roger Greenwald and Adrienne Drobnies,Roger Greenwald and Adrienne Drobnies,event
event::Celebrating Nova Graphica,Celebrating Nova Graphica,event
event::The Power of the Spoken Word,The Power of the Spoken Word,event
event::No Place Like Home: Issues Around Homelessness,No Place Like Home: Issues Around Homelessness,event
event::Lawrence Hill in Conversation with Evelyn C. White at AfterWords Literary Festival,Lawrence Hill in Conversation with Evelyn C. White at AfterWords Literary Festival,event
"event::Marking Truth and Reconciliation Day: Katherena Vermette in conversation with Janet Rogers, and a new poem from Rebecca Thomas","Marking Truth and Reconciliation Day: Katherena Vermette in conversation with Janet Rogers, and a new poem from Rebecca Thomas",event
event::Fall on Your Knees 25: Ann-Marie MacDonald in conversation with Stephanie Domet,Fall on Your Knees 25: Ann-Marie MacDonald in conversation with Stephanie Domet,event
event::Jennifer Hosein and Conor Mc Donnell,Jennifer Hosein and Conor Mc Donnell,event
event::Mary Corkery and Sarah Tolmie,Mary Corkery and Sarah Tolmie,event
event::Hiram Larew and Robert Priest,Hiram Larew and Robert Priest,event
event::Dead Poets Society Night,Dead Poets Society Night,event
event::Poetry: A Writer's Tool with Dallas Hunt,Poetry: A Writer's Tool with Dallas Hunt,event
"event::On Race, Politics, and Property","On Race, Politics, and Property",event
"event::Cross Canada Quartet: Andrea Thompson, D.A. Lockhart, Wendy Donawa and Tyler Engström","Cross Canada Quartet: Andrea Thompson, D.A. Lockhart, Wendy Donawa and Tyler Engström",event
event::Gavin Bradley and Toronto Experimental Translation Collective (TETC),Gavin Bradley and Toronto Experimental Translation Collective (TETC),event
event::Kate Marshall Flaherty and Lesley-Anne Evans,Kate Marshall Flaherty and Lesley-Anne Evans,event
event::The Gritlit Festival Book Club,The Gritlit Festival Book Club,event
event::The End of the World as We Know It,The End of the World as We Know It,event
event::Writing into Joy with Christa Couture,Writing into Joy with Christa Couture,event
event::Hindsight 2020,Hindsight 2020,event
event::Embracing the Surreal,Embracing the Surreal,event
event::Shannon Quinn and Meena Chopra,Shannon Quinn and Meena Chopra,event
event::Black History Month Celebration,Black History Month Celebration,event
event::Two Kinds of Quests: Creating a Plot for Your Story with Kim Echlin,Two Kinds of Quests: Creating a Plot for Your Story with Kim Echlin,event
event::Writing Genre Fiction with Premee Mohamed,Writing Genre Fiction with Premee Mohamed,event
event::Auspicious Debuts,Auspicious Debuts,event
event::How to Write a Bestseller with Alka Joshi,How to Write a Bestseller with Alka Joshi,event
event::How We Talk About Grief,How We Talk About Grief,event
event::Drafts and Drafts,Drafts and Drafts,event
event::gritLIT Author Talk: Care Of,gritLIT Author Talk: Care Of,event
event::The City and the Pillar & The Boys in the Band (Violet Hour Book Club),The City and the Pillar & The Boys in the Band (Violet Hour Book Club),event
"event::Bänoo Zan, Eleni Gouliaras, and Sue Chenette
","Bänoo Zan, Eleni Gouliaras, and Sue Chenette
",event
event::Break in Case of Emergency (Violet Hour Book Club),Break in Case of Emergency (Violet Hour Book Club),event
event::Fun Home (Violet Hour Book Club),Fun Home (Violet Hour Book Club),event
event::A History of My Brief Body / Funny Boy (Violet Hour Book Club),A History of My Brief Body / Funny Boy (Violet Hour Book Club),event
event::Maurice (Violet Hour Book Club),Maurice (Violet Hour Book Club),event
event::The Violet Hour,The Violet Hour,event
event::We Have Always Been Here (Violet Hour Book Club),We Have Always Been Here (Violet Hour Book Club),event
event::The Violet Hour,The Violet Hour,event
"event::Simon Constam, Frances Roberts Reilly, and DM Lafortune","Simon Constam, Frances Roberts Reilly, and DM Lafortune",event
event::Maida Sosa-Velazquez and John Reibetanz,Maida Sosa-Velazquez and John Reibetanz,event
"event::Kashayar Mohammadi, Ellen Chang-Richardson, and Allen Sutterfield","Kashayar Mohammadi, Ellen Chang-Richardson, and Allen Sutterfield",event
"event::Stedmond Pardy, D.S. Martin, Rocco de Giacomo, and Carmelo Militano","Stedmond Pardy, D.S. Martin, Rocco de Giacomo, and Carmelo Militano",event
event::LOST LAUNCHES #1,LOST LAUNCHES #1,event
event::December Flywheel 2021,December Flywheel 2021,event
"event::The Last News Vendor, Michael Mirolla author reading
","The Last News Vendor, Michael Mirolla author reading
",event
"event::This is the Life of a Poet, Michael Mirolla poetry reading
","This is the Life of a Poet, Michael Mirolla poetry reading
",event
"event::ZOOM Book Reading with Amanda Hale and Julian Wake
","ZOOM Book Reading with Amanda Hale and Julian Wake
",event
"event::Mad Hatter, Amanda Hale Author Reading & Audiobook launch
","Mad Hatter, Amanda Hale Author Reading & Audiobook launch
",event
"event::Spoken World Online, featuring poet Marc di Saverio
","Spoken World Online, featuring poet Marc di Saverio
",event
"event::Book Launch: The Unending Journey by José Del Pozo
","Book Launch: The Unending Journey by José Del Pozo
",event
"event::September Virtual Launch
","September Virtual Launch
",event
"event::September Launch Closing Party
","September Launch Closing Party
",event
"event::Hornby Island Writers Group Book Launch
","Hornby Island Writers Group Book Launch
",event
"event::Poetry in Translation - East Meets West with Anna Yin
","Poetry in Translation - East Meets West with Anna Yin
",event
"event::Guernica's October Launch Closing Party
","Guernica's October Launch Closing Party
",event
"event::The Guernica Prize 2020
","The Guernica Prize 2020
",event
"event::Co3 December with Barry Grilles and Denis Stokes
","Co3 December with Barry Grilles and Denis Stokes
",event
"event::Guernica December Closing Party
","Guernica December Closing Party
",event
"event::Conspiracy of 3 with JA Wainwright and Mark Leslie Lefevbre
","Conspiracy of 3 with JA Wainwright and Mark Leslie Lefevbre
",event
"event::Anita Aloisio's Basilicata Secrets Launch
","Anita Aloisio's Basilicata Secrets Launch
",event
"event::Changing the Face of Canadian Literature (Virtual Book Launch)
","Changing the Face of Canadian Literature (Virtual Book Launch)
",event
"event::Guernica Editions Early Spring Virtual Book Launch #1
","Guernica Editions Early Spring Virtual Book Launch #1
",event
event::Chronicling the Days: Dispatches from a Pandemic Book Launch,Chronicling the Days: Dispatches from a Pandemic Book Launch,event
"event::Guernica Late Spring Virtual Launch #2
","Guernica Late Spring Virtual Launch #2
",event
event::November Flywheel 2021,November Flywheel 2021,event
event::October Flywheel 2021,October Flywheel 2021,event
event::September 2021 Flywheel,September 2021 Flywheel,event
event::May 2021 Flywheel,May 2021 Flywheel,event
"event::April 2021 Flywheel
","April 2021 Flywheel
",event
event::March 2021 Flywheel,March 2021 Flywheel,event
event::February 2021 Flywheel,February 2021 Flywheel,event
event::January 2021 Flywheel,January 2021 Flywheel,event
event::December Flywheel,December Flywheel,event
event::November Flywheel,November Flywheel,event
event::gritLIT Writing Workshop: Writing the Gritty City,gritLIT Writing Workshop: Writing the Gritty City,event
event::gritLIT Ask the Author with Drew Hayden Taylor,gritLIT Ask the Author with Drew Hayden Taylor,event
event::gritLIT Writing Workshop: Writing and Interpreting History,gritLIT Writing Workshop: Writing and Interpreting History,event
"event::gritLIT Writing Workshop: Writing Fearlessly
","gritLIT Writing Workshop: Writing Fearlessly
",event
"event::Guernica Editions Early Summer Virtual Launch #3
","Guernica Editions Early Summer Virtual Launch #3
",event
"event::Poetry Readings - Guernica Editions Italian Diasporic Showcase
","Poetry Readings - Guernica Editions Italian Diasporic Showcase
",event
"event::Fiction Panel - Guernica Editions Italian Diasporic Showcase
","Fiction Panel - Guernica Editions Italian Diasporic Showcase
",event
"event::Non-Fiction Panel - Guernica Editions Italian Diasporic Showcase
","Non-Fiction Panel - Guernica Editions Italian Diasporic Showcase
",event
"event::Translation Panel - Guernica Editions Italian Diasporic Showcase
","Translation Panel - Guernica Editions Italian Diasporic Showcase
",event
event::International Women's Day with Annahid Dashtgard + Judy Rebick,International Women's Day with Annahid Dashtgard + Judy Rebick,event
"event::A Good Name Pub Day!
","A Good Name Pub Day!
",event
"event::Guernica September Group Launch
","Guernica September Group Launch
",event
"event::Guernica October Group Launch
","Guernica October Group Launch
",event
event::No More Nice Girls - An International Women's Day Celebration,No More Nice Girls - An International Women's Day Celebration,event
"event::November Group Launch
","November Group Launch
",event
event::Books & Beers: Lynn Coady,Books & Beers: Lynn Coady,event
"event::Last Fall Launch & 2021 Guernica Prize
","Last Fall Launch & 2021 Guernica Prize
",event
"event::Montreal Group Launch
","Montreal Group Launch
",event
"event::Michael Mirolla reading & open mic
","Michael Mirolla reading & open mic
",event
"event::Guernica April Group Launch
","Guernica April Group Launch
",event
"event::Don't Ask by Gina Roitman in conversation with Tommy Schnurmacher
","Don't Ask by Gina Roitman in conversation with Tommy Schnurmacher
",event
"event::Facebook Live with Middle-Grade Author Claire Gilchrist!
","Facebook Live with Middle-Grade Author Claire Gilchrist!
",event
event::House of Anansi Press Poetry Bash,House of Anansi Press Poetry Bash,event
event::Resilience is Futile Toronto Launch with Julie S. Lalonde,Resilience is Futile Toronto Launch with Julie S. Lalonde,event
event::In His Own Words: Ralph Benmergui,In His Own Words: Ralph Benmergui,event
event::Historical Fiction,Historical Fiction,event
event::Radical May: Virtual Events with the Radical Publishers Alliance,Radical May: Virtual Events with the Radical Publishers Alliance,event
event::AfterWords Literary Festival workshop: Story Structure Made Easy with Sarah Mian,AfterWords Literary Festival workshop: Story Structure Made Easy with Sarah Mian,event
"event::AfterWords Literary Festival workshop: What Drives Character, with Anne Simpson","AfterWords Literary Festival workshop: What Drives Character, with Anne Simpson",event
event::AfterWords Literary Festival workshop: Open the Door with Casey Plett,AfterWords Literary Festival workshop: Open the Door with Casey Plett,event
event::Friday at the Festival: Poetry Panel,Friday at the Festival: Poetry Panel,event
event::Souvankham Thammavongsa in conversation with Oubah Osman,Souvankham Thammavongsa in conversation with Oubah Osman,event
event::AfterWords Literary Festival workshop Letters of Resilience with Andre Fenton,AfterWords Literary Festival workshop Letters of Resilience with Andre Fenton,event
event::AfterWords Literary Festival workshop: Bringing the Story to Life: Writing Scenes and Dialogue for Memoir with Pauline Dakin,AfterWords Literary Festival workshop: Bringing the Story to Life: Writing Scenes and Dialogue for Memoir with Pauline Dakin,event
event::All Ages Welcome: YA Writers Read,All Ages Welcome: YA Writers Read,event
event::Poetry Reading & Open Mic,Poetry Reading & Open Mic,event
event::Poetry Reading & Open Mic,Poetry Reading & Open Mic,event
event::Poetry Reading & Open Mic,Poetry Reading & Open Mic,event
event::Workshop: Breathing Life Into Your Characters with Michelle Good,Workshop: Breathing Life Into Your Characters with Michelle Good,event
event::Saturday at the Festival: Nova Scotian Writers Read,Saturday at the Festival: Nova Scotian Writers Read,event
event::Mark Critch in conversation with Shelagh Rogers,Mark Critch in conversation with Shelagh Rogers,event
event::Francesca Ekwuyasi in conversation with Lee-Anne Poole,Francesca Ekwuyasi in conversation with Lee-Anne Poole,event
event::Sheila Heti and Avni Doshi in conversation,Sheila Heti and Avni Doshi in conversation,event
event::Writers as allies in Indigenous language reclamation with shalan joudry,Writers as allies in Indigenous language reclamation with shalan joudry,event
event::Why Can't It Be Both? Writing Workshop with Janet Rogers,Why Can't It Be Both? Writing Workshop with Janet Rogers,event
event::Stephens Gerard Malone in conversation with Ryan Turner,Stephens Gerard Malone in conversation with Ryan Turner,event
event::Pull Focus Book Launch: Helen Walsh in conversation with Stephanie Domet,Pull Focus Book Launch: Helen Walsh in conversation with Stephanie Domet,event
event::Playing With Form With Rowan McCandless,Playing With Form With Rowan McCandless,event
event::Montreal Stories,Montreal Stories,event
event::Virtual Poetry Reading,Virtual Poetry Reading,event
event::gritLIT Book Club with Lawrence Hill,gritLIT Book Club with Lawrence Hill,event
"event::Alone: A Love Story #CanadaPerforms Virtual Launch!
","Alone: A Love Story #CanadaPerforms Virtual Launch!
",event
"event::Ottawa Book Launch - Closing Time - Cancelled!
","Ottawa Book Launch - Closing Time - Cancelled!
",event
"event::Joanne Vannicola & Adan Jerreat-Poole in Conversation
","Joanne Vannicola & Adan Jerreat-Poole in Conversation
",event
"event::Virtual Launch of Umboi Island by J.J. Dupuis
","Virtual Launch of Umboi Island by J.J. Dupuis
",event
"event::Farzana Doctor virtual launch for ""Seven""
","Farzana Doctor virtual launch for ""Seven""
",event
"event::Hayley Gene Penner launching People You Follow
","Hayley Gene Penner launching People You Follow
",event
"event::Colleen Nelson & Deborah Kerbel Dual Online Book Launch
","Colleen Nelson & Deborah Kerbel Dual Online Book Launch
",event
event::Helen Humphreys: Rabbit Foot Bill,Helen Humphreys: Rabbit Foot Bill,event
"event::Anstruther Press Spring 2020 Launch
","Anstruther Press Spring 2020 Launch
",event
"event::Anstruther Press Virtual Summer Launch
","Anstruther Press Virtual Summer Launch
",event
event::Malcontents: A Convergence of Trans Scholarship,Malcontents: A Convergence of Trans Scholarship,event
event::Editing Global Modernism: A Roundtable,Editing Global Modernism: A Roundtable,event
"event::Poetry, Translation, and the Circulation of Global Modernism","Poetry, Translation, and the Circulation of Global Modernism",event
event::Global Modernist Pedagogies: A Workshop,Global Modernist Pedagogies: A Workshop,event
event::Canadian Launch for Ariel Resnikoff’s Unnatural Bird Migrator,Canadian Launch for Ariel Resnikoff’s Unnatural Bird Migrator,event
"event::Book Launch, Rationalist Empiricism: A Theory of Speculative Critique","Book Launch, Rationalist Empiricism: A Theory of Speculative Critique",event
"event::Book Talk: Rachel Zolf, No One's Witness","Book Talk: Rachel Zolf, No One's Witness",event
"event::Paul Muldoon, Nicole Brossard, Matthew James Weigel, Joe Neubert • Vallum Chapbook Launch
","Paul Muldoon, Nicole Brossard, Matthew James Weigel, Joe Neubert • Vallum Chapbook Launch
",event
"event::Vallum 18:1 ""Invisibility"" Launch
","Vallum 18:1 ""Invisibility"" Launch
",event
"event::Publishing in Canada: A Panel Discussion
","Publishing in Canada: A Panel Discussion
",event
"event::Sports, Community, and Inclusion","Sports, Community, and Inclusion",event
event::Authors in Conversation: Michelle Good and Merilyn Simonds,Authors in Conversation: Michelle Good and Merilyn Simonds,event
event::Not So Happily Ever After,Not So Happily Ever After,event
"event::Voices in Poetry: Mysticism, Magic, and Mental Health","Voices in Poetry: Mysticism, Magic, and Mental Health",event
event::Homegoing,Homegoing,event
event::An Interview with Lawrence Hill,An Interview with Lawrence Hill,event
event::Anne Wheeler: Taken by the Muse,Anne Wheeler: Taken by the Muse,event
event::Chevy Stevens: Dark Roads,Chevy Stevens: Dark Roads,event
event::Morgan Murray: Dirty Birds,Morgan Murray: Dirty Birds,event
event::Glenn Dixon: Bootleg Stardust,Glenn Dixon: Bootleg Stardust,event
"event::Public Transit in the Age of Google, Uber and Elon Musk
","Public Transit in the Age of Google, Uber and Elon Musk
",event
event::Authors in Conversation: Heather O’Neill and Daniel Scott Tysdal,Authors in Conversation: Heather O’Neill and Daniel Scott Tysdal,event
event::Spotlight Series Presents,Spotlight Series Presents,event
event::An Interview with Sheila Heti,An Interview with Sheila Heti,event
event::Hamilton Writes,Hamilton Writes,event
event::Short Stories with Daniel Scott Tysdal,Short Stories with Daniel Scott Tysdal,event
event::Telling Cultural Stories with Ann Y.K. Choi and Linda Rui Feng,Telling Cultural Stories with Ann Y.K. Choi and Linda Rui Feng,event
event::Writing for Mental Health: Making Room for More,Writing for Mental Health: Making Room for More,event
event::Writing Voice Right…Right? With Gary Barwin,Writing Voice Right…Right? With Gary Barwin,event
event::The Poetry of Imagination: Writing Your Inner World with Jaclyn Desforges,The Poetry of Imagination: Writing Your Inner World with Jaclyn Desforges,event
event::So You Want to Be a Freelance Feature Writer? With Kamal Al-Solaylee,So You Want to Be a Freelance Feature Writer? With Kamal Al-Solaylee,event
"event::Reads to Challenge Gender-Based Violence, with Julie Lalonde","Reads to Challenge Gender-Based Violence, with Julie Lalonde",event
event::Brotherhood to Nationhood + Warrior Life: Book Launch,Brotherhood to Nationhood + Warrior Life: Book Launch,event
event::Primo Levi - Graphic Novel Launch,Primo Levi - Graphic Novel Launch,event
"event::Romance Panel with Courtney Milan, Farah Heron & Uzma Jalaluddin","Romance Panel with Courtney Milan, Farah Heron & Uzma Jalaluddin",event
event::Omar Mouallem: Praying to the West,Omar Mouallem: Praying to the West,event
event::The Case for Basic Income - Book Launch!,The Case for Basic Income - Book Launch!,event
event::Genevieve Graham: Letters Across the Sea,Genevieve Graham: Letters Across the Sea,event
event::Amanda Leduc: The Centaur's Wife,Amanda Leduc: The Centaur's Wife,event
event::Natalie Zina Walschots: Hench,Natalie Zina Walschots: Hench,event
event::Joshua Whitehead: Jonny Appleseed,Joshua Whitehead: Jonny Appleseed,event
event::Will Ferguson: The Finder,Will Ferguson: The Finder,event
event::Andrew Pyper: The Residence,Andrew Pyper: The Residence,event
event::Aislinn Hunter: The Certainties,Aislinn Hunter: The Certainties,event
event::Marina Endicott: The Difference,Marina Endicott: The Difference,event
event::Karma Brown: Recipe for a Perfect Wife,Karma Brown: Recipe for a Perfect Wife,event
event::Emily St. John Mandel: The Glass Hotel,Emily St. John Mandel: The Glass Hotel,event
event::Desmond Cole: The Skin We're In,Desmond Cole: The Skin We're In,event
event::Téa Mutonji & Zalika Reid-Benta in conversation with Valerie Mason-John,Téa Mutonji & Zalika Reid-Benta in conversation with Valerie Mason-John,event
event::Nazanine Hozar: Aria,Nazanine Hozar: Aria,event
event::Annabel Lyon: Consent,Annabel Lyon: Consent,event
event::Jesse Thistle: From the Ashes,Jesse Thistle: From the Ashes,event
event::STARFest presents Katherine Ashenburg,STARFest presents Katherine Ashenburg,event
event::STARFest presents Mary Lawson,STARFest presents Mary Lawson,event
event::Wonder Drug Launch: the Past & Future of Psychedelics,Wonder Drug Launch: the Past & Future of Psychedelics,event
event::Langosh and Peppi: Fugitive Days Book Launch with Veronica Post!,Langosh and Peppi: Fugitive Days Book Launch with Veronica Post!,event
event::Postponed // Anna Sommer & Catherine Ocelot double launch,Postponed // Anna Sommer & Catherine Ocelot double launch,event
event::Kick-off Panel: This is Serious,Kick-off Panel: This is Serious,event
event::Ouverture officielle / Official Opening (BIL),Ouverture officielle / Official Opening (BIL),event
event::Books' Ability to Heal (EN),Books' Ability to Heal (EN),event
"event::Book Launch: Represented Immobilized by Rick Trembles
","Book Launch: Represented Immobilized by Rick Trembles
",event
"event::Transformative Politics in Storytelling
","Transformative Politics in Storytelling
",event
"event::Poetry for Black Freedom
","Poetry for Black Freedom
",event
"event::Launch of Issue 44.3 Neurodivergence
","Launch of Issue 44.3 Neurodivergence
",event
event::Toronto Lit Up: Dakota McFadzean,Toronto Lit Up: Dakota McFadzean,event
"event::Issue 43.4 Twine Launch
","Issue 43.4 Twine Launch
",event
event::Toronto Lit Up: Sami Alwani,Toronto Lit Up: Sami Alwani,event
event::Virtual Graphic Novel Launch: HELEM by Stanley Wany,Virtual Graphic Novel Launch: HELEM by Stanley Wany,event
"event::Growing Room Issue 44.1 Launch: A Night of Comedy
","Growing Room Issue 44.1 Launch: A Night of Comedy
",event
"event::Room Issue 44.2 Launch: City Rhythms
","Room Issue 44.2 Launch: City Rhythms
",event
"event::Indigenous Brilliance Issue 44.3 Launch Party
","Indigenous Brilliance Issue 44.3 Launch Party
",event
"event::Bywords 2021 John Newlove Poetry Award
","Bywords 2021 John Newlove Poetry Award
",event
"event::Sierra Nevada Virtual Beer Tent - Author Q+A
","Sierra Nevada Virtual Beer Tent - Author Q+A
",event
"event::Write Over Here: Public Reading 1
","Write Over Here: Public Reading 1
",event
"event::Write Over Here: Public Reading 2
","Write Over Here: Public Reading 2
",event
"event::Decolonizing the Narrative Conversation Series: Kevin Loring
","Decolonizing the Narrative Conversation Series: Kevin Loring
",event
"event::Decolonizing the Narrative Conversation Series: Cris Derksen and Laakkuluk Williamson Bathory
","Decolonizing the Narrative Conversation Series: Cris Derksen and Laakkuluk Williamson Bathory
",event
"event::Decolonizing the Narrative Conversation Series: Richard Van Camp

","Decolonizing the Narrative Conversation Series: Richard Van Camp

",event
event::Sans capote ni kalachnikov (FR),Sans capote ni kalachnikov (FR),event
event::Playing With Forms (EN),Playing With Forms (EN),event
event::À qui la frite? (FR),À qui la frite? (FR),event
event::Book Launch: THE GIFT by Zoe Maeve,Book Launch: THE GIFT by Zoe Maeve,event
event::Featured Reading and Open Mic,Featured Reading and Open Mic,event
"event::Book Launch: Dying for Attention by Susan MacLeod
","Book Launch: Dying for Attention by Susan MacLeod
",event
event::Reading and Open Mic Night,Reading and Open Mic Night,event
event::Virtual Poetry and Open Mic Night,Virtual Poetry and Open Mic Night,event
event::Poetry and Open Mic Night,Poetry and Open Mic Night,event
event::Poetry and Open Mic Night,Poetry and Open Mic Night,event
event::Book Launch: Sonja Ahlers' Swan Song,Book Launch: Sonja Ahlers' Swan Song,event
event::Holiday Poetry Reading & Open Mic with Special Guest Kathy Fisher,Holiday Poetry Reading & Open Mic with Special Guest Kathy Fisher,event
event::Mysterious Skin (Violet Hour Book Club),Mysterious Skin (Violet Hour Book Club),event
event::THE VIOLET HOUR,THE VIOLET HOUR,event
event::Just Kids (Violet Hour Book Club),Just Kids (Violet Hour Book Club),event
"event::Audiobook Launch: The Insomniac's Assistant by Sienna Tristen
","Audiobook Launch: The Insomniac's Assistant by Sienna Tristen
",event
"event::Let the Insomniac's Assistant Soothe You
","Let the Insomniac's Assistant Soothe You
",event
"event::Pluralities, or - Preorder Party! (with author Avi Silver)
","Pluralities, or - Preorder Party! (with author Avi Silver)
",event
"event::Epilogue Poetry Hangout
","Epilogue Poetry Hangout
",event
event::BIPOC Solidarities Special Issue Launch,BIPOC Solidarities Special Issue Launch,event
event::Poetry and Open Mic Night,Poetry and Open Mic Night,event
event::Poetry Reading & Open Mic ,Poetry Reading & Open Mic ,event
"event::Poetry for the Moment
","Poetry for the Moment
",event
"event::Pulp Lit Online Book Launch
","Pulp Lit Online Book Launch
",event
"event::Friday Live Readings with Pulp Lit
","Friday Live Readings with Pulp Lit
",event
"event::Online Writing Workshops with Pulp Literature Press
","Online Writing Workshops with Pulp Literature Press
",event
"event::Pulp Literature Summer Launch 2020
","Pulp Literature Summer Launch 2020
",event
"event::Online Writing Workshops with Pulp Literature Press
","Online Writing Workshops with Pulp Literature Press
",event
"event::Pulp Literature Autumn 2020 Launch
","Pulp Literature Autumn 2020 Launch
",event
"event::Pulp Literature Winter 2021 Launch
","Pulp Literature Winter 2021 Launch
",event
"event::Pulp Literature Spring 2021 Launch
","Pulp Literature Spring 2021 Launch
",event
"event::Summer 2021 Launch
","Summer 2021 Launch
",event
"event::Pop-Up Book Shop
","Pop-Up Book Shop
",event
"event::writers read carte blanche issue 40
","writers read carte blanche issue 40
",event
"event::carte blanche reading: poetry month
","carte blanche reading: poetry month
",event
"event::Summer Issue Screening + Launch
","Summer Issue Screening + Launch
",event
"event::Issue 3.44 Virtual Launch
","Issue 3.44 Virtual Launch
",event
"event::Taddle Creek Summer Launch
","Taddle Creek Summer Launch
",event
"event::Taddle Creek Winter Launch
","Taddle Creek Winter Launch
",event
"event::Vol. 5.2 Virtual Launch Party
","Vol. 5.2 Virtual Launch Party
",event
"event::untethered Vol. 6.1 Launch Party
","untethered Vol. 6.1 Launch Party
",event
"event::AugurCon: Your Full-Day Online Speculative Literature Event
","AugurCon: Your Full-Day Online Speculative Literature Event
",event
event::Postponed. March 29 at Junction Reads!,Postponed. March 29 at Junction Reads!,event
"event::Submitting to Augur Magazine: The Editors Tell All
","Submitting to Augur Magazine: The Editors Tell All
",event
event::Junction Reads SEVEN with Farzana Doctor,Junction Reads SEVEN with Farzana Doctor,event
event::Junction Reads with Becky Blake,Junction Reads with Becky Blake,event
event::Junction Reads with Hannah Brown,Junction Reads with Hannah Brown,event
event::Junction Reads with Faye Guenther,Junction Reads with Faye Guenther,event
event::Junction Reads with Brent van Staalduinen,Junction Reads with Brent van Staalduinen,event
event::Junction Reads with Alicia Elliott,Junction Reads with Alicia Elliott,event
event::Junction Reads with Aparna Kaji Shah,Junction Reads with Aparna Kaji Shah,event
event::Junction Reads with Sarah Kurchak,Junction Reads with Sarah Kurchak,event
event::Junction Reads with Sharon Kirsch,Junction Reads with Sharon Kirsch,event
event::Junction Reads with Marissa Stapley,Junction Reads with Marissa Stapley,event
event::Junction Reads with Darrel J. McLeod,Junction Reads with Darrel J. McLeod,event
event::Junction Reads with S.M. Freedman,Junction Reads with S.M. Freedman,event
event::Junction Reads with Jessica Moore,Junction Reads with Jessica Moore,event
event::Jonathan Manthorpe - Restoring Democracy,Jonathan Manthorpe - Restoring Democracy,event
"event::Sunday Summer Reading Series #1: Belinda Kwan
","Sunday Summer Reading Series #1: Belinda Kwan
",event
"event::Sunday Summer Reading Series #2: Emily Dundas Oke
","Sunday Summer Reading Series #2: Emily Dundas Oke
",event
"event::Irfan Ali ""Accretion"" online book reading & conversation
","Irfan Ali ""Accretion"" online book reading & conversation
",event
"event::Catherine Hernandez Virtual Launch ""Crosshairs""
","Catherine Hernandez Virtual Launch ""Crosshairs""
",event
"event::Brave New Worlds with Amanda Leduc and Jael Richardson
","Brave New Worlds with Amanda Leduc and Jael Richardson
",event
"event::Omar El Akkad ""What Strange Paradise""
","Omar El Akkad ""What Strange Paradise""
",event
"event::Lillian Allen Outdoor Book Launch ""Make This World New""
","Lillian Allen Outdoor Book Launch ""Make This World New""
",event
"event::Canadian Independent Bookstore Day @ ASB!
","Canadian Independent Bookstore Day @ ASB!
",event
event::Dual Citizens (EN),Dual Citizens (EN),event
"event::Jordan Abel launch ""NISHGA
","Jordan Abel launch ""NISHGA
",event
"event::Cedar Bowers in Conversation with Amy Jones
","Cedar Bowers in Conversation with Amy Jones
",event
event::What If Bunny's Not A Bully? (EN),What If Bunny's Not A Bully? (EN),event
"event::Short Stories, Long Quarantine: Bess Winter, Sofi Papamarko, and Jessica Westhead in conversation
","Short Stories, Long Quarantine: Bess Winter, Sofi Papamarko, and Jessica Westhead in conversation
",event
"event::Virtual Book Launch: HER TURN by Katherine Ashenburg
","Virtual Book Launch: HER TURN by Katherine Ashenburg
",event
"event::Virtual Launch: JUDY BLAME'S OBITUARY by Derek McCormack, in conversation with Nathalie Atkinson
","Virtual Launch: JUDY BLAME'S OBITUARY by Derek McCormack, in conversation with Nathalie Atkinson
",event
event::Lumière sur les dramaturges (FR),Lumière sur les dramaturges (FR),event
event::THE VIOLET HOUR,THE VIOLET HOUR,event
event::You Will Love What You Have Killed (Violet Hour Book Club),You Will Love What You Have Killed (Violet Hour Book Club),event
event::THE VIOLET HOUR,THE VIOLET HOUR,event
event::Real Life (Violet Hour Book Club),Real Life (Violet Hour Book Club),event
event::Jonny Appleseed (Violet Hour Book Club),Jonny Appleseed (Violet Hour Book Club),event
event::How Poetry Saved My Life: A Hustler's Memoir (Violet Hour Book Club),How Poetry Saved My Life: A Hustler's Memoir (Violet Hour Book Club),event
event::Luna the Cat Doesn't Like That (EN),Luna the Cat Doesn't Like That (EN),event
event::From the Ashes (EN),From the Ashes (EN),event
event::Appi et le parfum puant (FR),Appi et le parfum puant (FR),event
event::Du conte au roman (FR),Du conte au roman (FR),event
event::Swimming in the Dark (Violet Hour Book Club),Swimming in the Dark (Violet Hour Book Club),event
event::In the Dream House (Violet Hour Book Club),In the Dream House (Violet Hour Book Club),event
event::Red X (Violet Hour Book Club),Red X (Violet Hour Book Club),event
event::Skim (Violet Hour Book Club),Skim (Violet Hour Book Club),event
event::Violet Hour (Salon du livre 2LGBTQIA+),Violet Hour (Salon du livre 2LGBTQIA+),event
event::Christopher and His Kind (Violet Hour Book Club),Christopher and His Kind (Violet Hour Book Club),event
"event::Detransition, Baby (Violet Hour Book Club)","Detransition, Baby (Violet Hour Book Club)",event
event::My Father and Myself (Violet Hour Book Club),My Father and Myself (Violet Hour Book Club),event
"event::Such a Lonely, Lovely Road (Violet Hour Book Club)","Such a Lonely, Lovely Road (Violet Hour Book Club)",event
event::Parkland Poets Open Mic Night,Parkland Poets Open Mic Night,event
event::Je vais à la gloire (FR),Je vais à la gloire (FR),event
event::Réécrire l'histoire / Rewriting History (BIL),Réécrire l'histoire / Rewriting History (BIL),event
event::My Best Friends,My Best Friends,event
event::L'heure du thé (FR),L'heure du thé (FR),event
event::Tea Time (EN),Tea Time (EN),event
event::MTLYAFest 2020,MTLYAFest 2020,event
event::MTLYAFest 2021,MTLYAFest 2021,event
event::Tender Honesty: Approaching Difficult Topics in Picture Books,Tender Honesty: Approaching Difficult Topics in Picture Books,event
event::Fantastic Fiction with André Babyn and C.J. Lavigne,Fantastic Fiction with André Babyn and C.J. Lavigne,event
event::Cities Gone Viral: Assessing Canada's Response to COVID-19,Cities Gone Viral: Assessing Canada's Response to COVID-19,event
event::Fit Cities: Putting Health and Wellness on the Map,Fit Cities: Putting Health and Wellness on the Map,event
event::Black Alchemy: How Our Stories Transform Cities and Spaces,Black Alchemy: How Our Stories Transform Cities and Spaces,event
"event::Public Transit in the Age of Google, Uber and Elon Musk","Public Transit in the Age of Google, Uber and Elon Musk",event
event::Prelude + Frye Jam (MUL),Prelude + Frye Jam (MUL),event
event::Tomson Highway in conversation with Ann-Marie MacDonald,Tomson Highway in conversation with Ann-Marie MacDonald,event
event::Marie-Claire Blais in conversation with Katia Grubisic,Marie-Claire Blais in conversation with Katia Grubisic,event
event::2020 Summer Spectacular: Early Reader Series,2020 Summer Spectacular: Early Reader Series,event
event::2020 Summer Spectacular: Teen Series,2020 Summer Spectacular: Teen Series,event
event::2020 Summer Spectacular: Middle Grade Series,2020 Summer Spectacular: Middle Grade Series,event
event::Inspire Teen Reads 2020 Book Pitch & Book Jacket Competition,Inspire Teen Reads 2020 Book Pitch & Book Jacket Competition,event
event::Summer Spectacular Party Day!,Summer Spectacular Party Day!,event
event::The City Imagines: Narratives of Resistance,The City Imagines: Narratives of Resistance,event
event::Virtual Launch: Written in Stone by Peter Unwin,Virtual Launch: Written in Stone by Peter Unwin,event
event::Virtual Book Launch,Virtual Book Launch,event
event::Verse Forward,Verse Forward,event
"event::Verse Forward 2: Poetry on the Front Lines
","Verse Forward 2: Poetry on the Front Lines
",event
"event::Silk Road Music with Two Poets
","Silk Road Music with Two Poets
",event
"event::One Last (Limited-Attendance) Reading for the Summer
","One Last (Limited-Attendance) Reading for the Summer
",event
"event::Unlocking the Page with Lenore Rowntree
","Unlocking the Page with Lenore Rowntree
",event
"event::Kogawa House at Home: Object Study
","Kogawa House at Home: Object Study
",event
"event::Kogawa House at Home: Dream Reportage
","Kogawa House at Home: Dream Reportage
",event
"event::QueerAsian Launch
","QueerAsian Launch
",event
"event::Stung: Cocktail Hour Tribute and Reading on Earth Day with William Deverell
","Stung: Cocktail Hour Tribute and Reading on Earth Day with William Deverell
",event
"event::Haiku and History Workshop with Isabella Mori
","Haiku and History Workshop with Isabella Mori
",event
"event::Dear Reader: Letter-Writing as Inspiration for Creative Writing
","Dear Reader: Letter-Writing as Inspiration for Creative Writing
",event
"event::Dear Reader: Letter-Writing as Inspiration for Creative Writing, Session Two with Maria Saba
","Dear Reader: Letter-Writing as Inspiration for Creative Writing, Session Two with Maria Saba
",event
"event::QueerAsian Summer Writing Workshops
","QueerAsian Summer Writing Workshops
",event
event::Virtual Launch: Aftermath by Bryan Ratushniak,Virtual Launch: Aftermath by Bryan Ratushniak,event
event::The City Imagines: Take Back the Tray,The City Imagines: Take Back the Tray,event
event::Decolonizing Children's Literature,Decolonizing Children's Literature,event
"event::Truth Be Told with Kevin Major, DK Stone, Carol Rose GoldenEagle, and Andrea Gunraj","Truth Be Told with Kevin Major, DK Stone, Carol Rose GoldenEagle, and Andrea Gunraj",event
event::From Stage to Page: In Conversation with Sarena Parmar,From Stage to Page: In Conversation with Sarena Parmar,event
event::Where to Go Next: Rick Steves on For the Love of Europe,Where to Go Next: Rick Steves on For the Love of Europe,event
event::Indigenous Memoir with Helen Knott & Jesse Thistle,Indigenous Memoir with Helen Knott & Jesse Thistle,event
event::The Word On The Street 2020 Virtual Festival,The Word On The Street 2020 Virtual Festival,event
event::David Miller on How Cities Are Fixing the Climate Crisis,David Miller on How Cities Are Fixing the Climate Crisis,event
event::All Apologies: From Political Theatre to Empowered Citizenship in Canada,All Apologies: From Political Theatre to Empowered Citizenship in Canada,event
event::The City Imagines: Writers and the Climate Crisis,The City Imagines: Writers and the Climate Crisis,event
event::Virtual Launch: November Rain by Maureen Jennings,Virtual Launch: November Rain by Maureen Jennings,event
event::Virtual launch for John Gould's The End of Me,Virtual launch for John Gould's The End of Me,event
event::Virtual launch for Dede Crane's One Madder Woman,Virtual launch for Dede Crane's One Madder Woman,event
event::Launch for Leona Theis and If Sylvie Had Nine Lives (online event),Launch for Leona Theis and If Sylvie Had Nine Lives (online event),event
event::Launch for Bernice Friesen and Universal Disorder (online event),Launch for Bernice Friesen and Universal Disorder (online event),event
event::The Bridge: Writing Across the Binary - Book Launch,The Bridge: Writing Across the Binary - Book Launch,event
event::The City Imagines: Toronto in Love,The City Imagines: Toronto in Love,event
event::The City Imagines: Kill the Mall,The City Imagines: Kill the Mall,event
event::The City Imagines: Speaking Out,The City Imagines: Speaking Out,event
event::The City Imagines: Feel Ways,The City Imagines: Feel Ways,event
event::The City Imagines: Indigenous Toronto,The City Imagines: Indigenous Toronto,event
event::Summer Spectacular: Anishinaabe Ecology,Summer Spectacular: Anishinaabe Ecology,event
event::Summer Spectacular: Write It Workshop,Summer Spectacular: Write It Workshop,event
event::The City Imagines: No More Normal,The City Imagines: No More Normal,event
event::Summer Spectacular: How To Become An Accidental Activist,Summer Spectacular: How To Become An Accidental Activist,event
event::Summer Spectacular: CharacterMaker,Summer Spectacular: CharacterMaker,event
event::Summer Spectacular: Chasing Bats & Tracking Rats,Summer Spectacular: Chasing Bats & Tracking Rats,event
event::The City Imagines: The Secret Lives of Taxi Drivers,The City Imagines: The Secret Lives of Taxi Drivers,event
event::Summer Spectacular: Ecopoetry,Summer Spectacular: Ecopoetry,event
event::Summer Spectacular: Drawing Comics,Summer Spectacular: Drawing Comics,event
event::Summer Spectacular: Inspire Teen Reads Competition,Summer Spectacular: Inspire Teen Reads Competition,event
event::The Word On The Street’s 2021 Virtual Book Festival,The Word On The Street’s 2021 Virtual Book Festival,event
"event::In-Person Book Signing at Bakka-Phoenix!: Samantha Garner, David Demchuk, Natalie Zina Walchots","In-Person Book Signing at Bakka-Phoenix!: Samantha Garner, David Demchuk, Natalie Zina Walchots",event
"event::In-Person Book Signing at Another Story!: Liz Howard, Bear Bergman & Saul Freedman-Lawson, Rinaldo Walcott, Lindsay Zier-Vogel","In-Person Book Signing at Another Story!: Liz Howard, Bear Bergman & Saul Freedman-Lawson, Rinaldo Walcott, Lindsay Zier-Vogel",event
event::Snap If You Can Hear Me 2021-07-10,Snap If You Can Hear Me 2021-07-10,event
event::Snap If You Can Hear Me 2021-07-11,Snap If You Can Hear Me 2021-07-11,event
event::Poetry Showcase curated by Dwennimmen,Poetry Showcase curated by Dwennimmen,event
event::Sounding by Dwennimmen,Sounding by Dwennimmen,event
event::Summer... After the Before Times,Summer... After the Before Times,event
event::Big Reader - Book Launch for Susan Olding,Big Reader - Book Launch for Susan Olding,event
"event::Book Launch for Sharon Butala - This Strange Visible Air
","Book Launch for Sharon Butala - This Strange Visible Air
",event
event::An Evening with Alessandra Naccarato - Canceled ,An Evening with Alessandra Naccarato - Canceled ,event
event::Live outdoor book signing: Special Topics in Being a Human,Live outdoor book signing: Special Topics in Being a Human,event
event::Live Outdoor Book Signing with Lindsay Zier-Vogel,Live Outdoor Book Signing with Lindsay Zier-Vogel,event
event::In-Person Book Signing at Queen Books!: Farzana Doctor and Hana Shafi,In-Person Book Signing at Queen Books!: Farzana Doctor and Hana Shafi,event
"event::In-Person Book Signing at Page&Panel!: Brian McLachlan, Sami Alwani, Selena Goulding, Shira Spector","In-Person Book Signing at Page&Panel!: Brian McLachlan, Sami Alwani, Selena Goulding, Shira Spector",event
event::The City Imagines: Life and Death on the Streets,The City Imagines: Life and Death on the Streets,event
"event::The City Imagines: Sports, Community, and the Inclusive City","The City Imagines: Sports, Community, and the Inclusive City",event
event::The City Imagines: The Future of Restaurants,The City Imagines: The Future of Restaurants,event
"event::The City Imagines: Loving Relationship Anarchy
","The City Imagines: Loving Relationship Anarchy
",event
event::The City Imagines: Canadians Dispelling COVID Confusion,The City Imagines: Canadians Dispelling COVID Confusion,event
event::Flip It - challenging orthodoxies and shifting paradigms,Flip It - challenging orthodoxies and shifting paradigms,event
"event::Creating Worlds, Creative Worlds","Creating Worlds, Creative Worlds",event
event::CRUSH Open Mic,CRUSH Open Mic,event
event::Queer Journeys,Queer Journeys,event
event::Bi+ Arts Festival Human Library,Bi+ Arts Festival Human Library,event
event::Open Studio (Meet the Artists),Open Studio (Meet the Artists),event
event::Coming Out Stories (Bi+ Arts Festival),Coming Out Stories (Bi+ Arts Festival),event
event::Bi Visibility Day Celebration: Books and Beats,Bi Visibility Day Celebration: Books and Beats,event
event::Racialized and Bisexual+: Exploring Identity in Arts Practice,Racialized and Bisexual+: Exploring Identity in Arts Practice,event
event::Bi+ Arts Festival 2021,Bi+ Arts Festival 2021,event
event::FLIRT zine launch (Bi+ Arts Festival & QT Literary Magazine),FLIRT zine launch (Bi+ Arts Festival & QT Literary Magazine),event
"event::Sharon, Lois and Bram's Skinnamarink--Book Signing (Canceled)
","Sharon, Lois and Bram's Skinnamarink--Book Signing (Canceled)
",event
event::Dead Poets Reading Series - March 2020,Dead Poets Reading Series - March 2020,event
event::Cora Janzen-Book Launch (Canceled) ,Cora Janzen-Book Launch (Canceled) ,event
event::An Evening with Bill Richardson (Canceled) ,An Evening with Bill Richardson (Canceled) ,event
event::Wendy Roy--Book Launch (Canceled),Wendy Roy--Book Launch (Canceled),event
event::Saskatoon Launch: The World is Mostly Sky (Canceled),Saskatoon Launch: The World is Mostly Sky (Canceled),event
event::Poetry Lauch: RANDY LUNDY's 'Field Notes for the Self' (Canceled) ,Poetry Lauch: RANDY LUNDY's 'Field Notes for the Self' (Canceled) ,event
event::Storying Violence Virtual Prairie Book Launch,Storying Violence Virtual Prairie Book Launch,event
event::A Virtual Evening with Thomas King (Saskatoon),A Virtual Evening with Thomas King (Saskatoon),event
"event::Playwrights in the Garden
","Playwrights in the Garden
",event
"event::Poetry Night at Kogawa House
","Poetry Night at Kogawa House
",event
"event::Inside the Pearl Book Launch
","Inside the Pearl Book Launch
",event
"event::Tashme Haiku Reading
","Tashme Haiku Reading
",event
"event::QueerAsian Showcase
","QueerAsian Showcase
",event
"event::Mythology of Aging: A storytelling workshop for older adults
","Mythology of Aging: A storytelling workshop for older adults
",event
"event::Affirming Our Roles as Elders: Sharing the Wisdom of Age
","Affirming Our Roles as Elders: Sharing the Wisdom of Age
",event
"event::Caroline Adderson, Dede Crane & Shaena Lambert Virtual Reading
","Caroline Adderson, Dede Crane & Shaena Lambert Virtual Reading
",event
"event::Liv Albert - Greek Mythology
","Liv Albert - Greek Mythology
",event
"event::Munro's Books Presents: Ann Cleeves in conversation with Iona Whishaw
","Munro's Books Presents: Ann Cleeves in conversation with Iona Whishaw
",event
"event::Munro's Books Presents: DONNA LEON in conversation with Iona Whishaw
","Munro's Books Presents: DONNA LEON in conversation with Iona Whishaw
",event
"event::Short Story Spectacular!
","Short Story Spectacular!
",event
event::Margaret Atwood Virtual Book Launch,Margaret Atwood Virtual Book Launch,event
"event::Ben Macintyre Virtual International Book Launch
","Ben Macintyre Virtual International Book Launch
",event
"event::FreeFall Issue 30 Digital Launch
","FreeFall Issue 30 Digital Launch
",event
"event::FreeFall Magazine Issue 30-2 Digital Launch
","FreeFall Magazine Issue 30-2 Digital Launch
",event
event::FreeFall Magazine Presents: Resilience! A National Poetry Month Reader Event,FreeFall Magazine Presents: Resilience! A National Poetry Month Reader Event,event
"event::FreeFall Magazine Launch Volume 31 Number 1
","FreeFall Magazine Launch Volume 31 Number 1
",event
"event::FreeFall Launch Volume 31 Number 2 - Contest Issue
","FreeFall Launch Volume 31 Number 2 - Contest Issue
",event
"event::The Trinity Review 132: Spring Journal Launch
","The Trinity Review 132: Spring Journal Launch
",event
"event::Sonya Lalli Online Book Launch
","Sonya Lalli Online Book Launch
",event
event::A Virtual Evening with Louise B. Halfe—Skydancer,A Virtual Evening with Louise B. Halfe—Skydancer,event
"event::TRN133 Winter Journal Launch Party!
","TRN133 Winter Journal Launch Party!
",event
"event::TR133.2 Spring Journal Launch Party!
","TR133.2 Spring Journal Launch Party!
",event
"event::The Trinity Review: Winter Launch Party
","The Trinity Review: Winter Launch Party
",event
"event::Christine Welldon Book Signing: Kid Sterling.
","Christine Welldon Book Signing: Kid Sterling.
",event
"event::Syr Ruus Book Signing
","Syr Ruus Book Signing
",event
"event::Book signing with Carole Langille: ""Doing Time""
","Book signing with Carole Langille: ""Doing Time""
",event
"event::Book signing with E. Alex Pierce
","Book signing with E. Alex Pierce
",event
"event::Book signing with Laura Best
","Book signing with Laura Best
",event
"event::Book Signing with R.E, Stansfield
","Book Signing with R.E, Stansfield
",event
"event::Book Signing with Nina Newington
","Book Signing with Nina Newington
",event
"event::Book Signing with Deborah Hemming
","Book Signing with Deborah Hemming
",event
"event::LaHave River Books Presents Cornelis deVries
","LaHave River Books Presents Cornelis deVries
",event
"event::LaHave River Books Presents Tyler LeBlanc
","LaHave River Books Presents Tyler LeBlanc
",event
"event::Book signing with Jane Doucet
","Book signing with Jane Doucet
",event
"event::Blueprint for a Memoir: A Writing Workshop with Donna Morrissey
","Blueprint for a Memoir: A Writing Workshop with Donna Morrissey
",event
"event::LaHave River Books Presents E. Alex Pierce
","LaHave River Books Presents E. Alex Pierce
",event
"event::LaHave River Books Presents Veronica Purcell
","LaHave River Books Presents Veronica Purcell
",event
"event::LaHave River Books Presents Chris Heide
","LaHave River Books Presents Chris Heide
",event
"event::LaHave River Books Presents David Wiseman
","LaHave River Books Presents David Wiseman
",event
"event::LaHave River Books Presents Carol Moreira and Jan Fancy Hull
","LaHave River Books Presents Carol Moreira and Jan Fancy Hull
",event
"event::LaHave River Books Presents C.S. Porter
","LaHave River Books Presents C.S. Porter
",event
"event::Grand Opening! (Pandemic style)
","Grand Opening! (Pandemic style)
",event
"event::Author Reading & Book Signing
","Author Reading & Book Signing
",event
"event::Author Reading With Carol GoldenEagle
","Author Reading With Carol GoldenEagle
",event
"event::Author Reading - Ven Begamudre
","Author Reading - Ven Begamudre
",event
"event::Come-and-Go Book Reading with Marie Powell and Maureen Ulrich
","Come-and-Go Book Reading with Marie Powell and Maureen Ulrich
",event
"event::The Penny University Grand Reopening
","The Penny University Grand Reopening
",event
"event::AKO Caine Prize - Iryn Tushabe
","AKO Caine Prize - Iryn Tushabe
",event
"event::Storytime with Regina Kindness Rocks
","Storytime with Regina Kindness Rocks
",event
"event::Back-to-School Bookfair - for Grown ups!
","Back-to-School Bookfair - for Grown ups!
",event
"event::Book Launch - Guardians Of Porthaven
","Book Launch - Guardians Of Porthaven
",event
"event::Truth and Reconciliation Day Readings
","Truth and Reconciliation Day Readings
",event
"event::Wreck - A Very Anxious Memoir
","Wreck - A Very Anxious Memoir
",event
"event::Sisters of the Wolf Book Launch
","Sisters of the Wolf Book Launch
",event
"event::ESA Poetry Slam!
","ESA Poetry Slam!
",event
"event::Fun on the Farm from Driverworks Ink
","Fun on the Farm from Driverworks Ink
",event
"event::Prairie Gothic launch
","Prairie Gothic launch
",event
"event::Cara Gay Driscoll - 'Giulia'
","Cara Gay Driscoll - 'Giulia'
",event
"event::Local Book Market
","Local Book Market
",event
"event::Celebrating Sherlock Holmes' Birthday
","Celebrating Sherlock Holmes' Birthday
",event
"event::Book Launches: Bernice Richard
","Book Launches: Bernice Richard
",event
"event::Siegfried: Dragon Slayer launch, with Mark Allard-Will
","Siegfried: Dragon Slayer launch, with Mark Allard-Will
",event
"event::Virtual Book Launch - Keepers of the Faith by Shaukat Ajmeri
","Virtual Book Launch - Keepers of the Faith by Shaukat Ajmeri
",event
"event::Mawenzi House Presents Two Poets
","Mawenzi House Presents Two Poets
",event
"event::Book Launch: Understan by Gavin Barrett
","Book Launch: Understan by Gavin Barrett
",event
"event::Book Event - Keepers of the Faith by Shaukat Ajmeri
","Book Event - Keepers of the Faith by Shaukat Ajmeri
",event
"event::Book Launch: Finish this Sentence by Leslie Roach
","Book Launch: Finish this Sentence by Leslie Roach
",event
"event::Poetry Reading: Adrian De Leon, Leslie Roach, and Uma Menon
","Poetry Reading: Adrian De Leon, Leslie Roach, and Uma Menon
",event
"event::Why We Write Poetry: Black History Month edition
","Why We Write Poetry: Black History Month edition
",event
event::Tamil Literature and the Global Audience: Translating PRISON OF DREAMS,Tamil Literature and the Global Audience: Translating PRISON OF DREAMS,event
"event::Manam: Book Launch
","Manam: Book Launch
",event
"event::Lee Gowan – The Beautiful Place, in conversation with Thom Vernon
","Lee Gowan – The Beautiful Place, in conversation with Thom Vernon
",event
"event::Wish You Were Here by John Allore and Patricia Pearson
","Wish You Were Here by John Allore and Patricia Pearson
",event
"event::Virtual Double Book Launch: Tanya Bellehumeur-Allatt & Katherine Walker
","Virtual Double Book Launch: Tanya Bellehumeur-Allatt & Katherine Walker
",event
"event::A VIRTUAL Afternoon with Townships Authors and Poets
","A VIRTUAL Afternoon with Townships Authors and Poets
",event
"event::A Virtual Writer's Workshop With Isabelle Laflèche
","A Virtual Writer's Workshop With Isabelle Laflèche
",event
"event::Natalie Lim reading Jason Shinder, Dead Poets Reading Series, March 15, 2020","Natalie Lim reading Jason Shinder, Dead Poets Reading Series, March 15, 2020",event
"event::Kathy Mak reading Stevie Smith, Dead Poets Reading","Kathy Mak reading Stevie Smith, Dead Poets Reading",event
"event::Nicole Breit reading Brian Doyle, Dead Poets Reading Series","Nicole Breit reading Brian Doyle, Dead Poets Reading Series",event
"event::Amanda Earl reading Gwendolyn MacEwan, Dead Poets Reading Series","Amanda Earl reading Gwendolyn MacEwan, Dead Poets Reading Series",event
"event::Joylyn Chai reading Consuelos Stahl and St. Francis of Assisi, Dead Poets Reading","Joylyn Chai reading Consuelos Stahl and St. Francis of Assisi, Dead Poets Reading",event
"event::Larissa Lai reading Selected Poets, Dead Poets Reading Series","Larissa Lai reading Selected Poets, Dead Poets Reading Series",event
"event::Khashayar Mohammadi reading Ahmad Shamlu, Dead Poets Reading (با زیرنویس های فارسی)","Khashayar Mohammadi reading Ahmad Shamlu, Dead Poets Reading (با زیرنویس های فارسی)",event
"event::Cynthia Sharp reading William Shakespeare, Dead Poets Reading Series","Cynthia Sharp reading William Shakespeare, Dead Poets Reading Series",event
event::Food Writing Workshop,Food Writing Workshop,event
"event::Conyer Clayton reading H.D., Dead Poets Reading Series","Conyer Clayton reading H.D., Dead Poets Reading Series",event
"event::Yvonne Blomer reading Sei Shonagon, Dead Poets Reading","Yvonne Blomer reading Sei Shonagon, Dead Poets Reading",event
"event::Claire Kelly reading Anna Akhmatova, Dead Poets Reading Series","Claire Kelly reading Anna Akhmatova, Dead Poets Reading Series",event
event::Creating an Author Website,Creating an Author Website,event
event::The Art of Creative Writing,The Art of Creative Writing,event
event::Writers' Panel - Memoir,Writers' Panel - Memoir,event
event::Poetry Lab with Anna Quon,Poetry Lab with Anna Quon,event
"event::Jack Osadebamwen reading Francesco Petrarca & Dante Alighieri, Dead Poets Reading","Jack Osadebamwen reading Francesco Petrarca & Dante Alighieri, Dead Poets Reading",event
"event::Manahil Bandukwala reading Priscila Uppal, Dead Poets Reading","Manahil Bandukwala reading Priscila Uppal, Dead Poets Reading",event
"event::Frances Boyle reading Jane Kenyon, Dead Poets Reading","Frances Boyle reading Jane Kenyon, Dead Poets Reading",event
"event::Claudya Leclerc reading Victor Hugo, Dead Poets Reading Series","Claudya Leclerc reading Victor Hugo, Dead Poets Reading Series",event
"event::Raquel Milosavljevic reading E. E. Cummings, Dead Poets Reading Series","Raquel Milosavljevic reading E. E. Cummings, Dead Poets Reading Series",event
"event::Carlie Blume reading Lucy Brock-Broido, Dead Poets Reading","Carlie Blume reading Lucy Brock-Broido, Dead Poets Reading",event
"event::Ellen Chang-Richardson reading Samuel Menashe, Dead Poets Reading Series","Ellen Chang-Richardson reading Samuel Menashe, Dead Poets Reading Series",event
"event::Andrew French reading P. K. Page, Dead Poets Reading Series","Andrew French reading P. K. Page, Dead Poets Reading Series",event
"event::Leah Van Dyk reading Mary Oliver, Dead Poets Reading Series","Leah Van Dyk reading Mary Oliver, Dead Poets Reading Series",event
"event::Winston Le reading Seamus Heaney, Dead Poets Reading Series","Winston Le reading Seamus Heaney, Dead Poets Reading Series",event
"event::Mahtab Kundan reading Amrita Pritam, Dead Poets Reading Series","Mahtab Kundan reading Amrita Pritam, Dead Poets Reading Series",event
"event::James Gifford reading Edward Taylor Fletcher, Dead Poets Reading Series","James Gifford reading Edward Taylor Fletcher, Dead Poets Reading Series",event
event::The Pivotal Moment: Memoir Writing Workshop,The Pivotal Moment: Memoir Writing Workshop,event
"event::""Crummey"" Advice for Writers","""Crummey"" Advice for Writers",event
event::Michael Crummey in Conversation with Sharon Bala,Michael Crummey in Conversation with Sharon Bala,event
event::Celebrating Rita Joe,Celebrating Rita Joe,event
event::New Date - YA Today: A Writers' Panel,New Date - YA Today: A Writers' Panel,event
event::Websites for Writers,Websites for Writers,event
event::Panel: Indigenous Writers to Read Right Now,Panel: Indigenous Writers to Read Right Now,event
"event::Paola Ferrante reading Edna St. Vincent Millay, Dead Poets Reading Series","Paola Ferrante reading Edna St. Vincent Millay, Dead Poets Reading Series",event
"event::Michael Edwards reading Seamus Heaney, Dead Poets Reading Series","Michael Edwards reading Seamus Heaney, Dead Poets Reading Series",event
"event::Lucy Yang reading T. S. Eliot, Dead Poets Reading Series","Lucy Yang reading T. S. Eliot, Dead Poets Reading Series",event
event::Poets Laureate in Conversation,Poets Laureate in Conversation,event
event::An Intro to Publishing in Lit Journals,An Intro to Publishing in Lit Journals,event
event::Historical Fiction: Breathing Life Into History,Historical Fiction: Breathing Life Into History,event
event::Storytelling with shalan joudry,Storytelling with shalan joudry,event
event::Unmute Your Mic - Nonfiction & Storytelling,Unmute Your Mic - Nonfiction & Storytelling,event
event::Nova Reads: Elizabeth Bishop,Nova Reads: Elizabeth Bishop,event
event::Poetry and Conversation,Poetry and Conversation,event
event::Songwriting and Poetry,Songwriting and Poetry,event
event::Nova Reads Charles Saunders,Nova Reads Charles Saunders,event
event::Poetry & Spoken Word,Poetry & Spoken Word,event
event::Fiction & Storytelling,Fiction & Storytelling,event
event::Small Reckonings: Karin Melberg Schwier Author Reading,Small Reckonings: Karin Melberg Schwier Author Reading,event
event::Mental Health: Reading and Talk with Allan Kehler,Mental Health: Reading and Talk with Allan Kehler,event
event::Cry Wolf: A Reading by Harold R. Johnson,Cry Wolf: A Reading by Harold R. Johnson,event
event::Reclaiming Tom Longboat: A Reading and Q&A with Janice Forsyth,Reclaiming Tom Longboat: A Reading and Q&A with Janice Forsyth,event
event::Until We Are Free: Reflections on Black Lives Matter in Canada,Until We Are Free: Reflections on Black Lives Matter in Canada,event
event::Black Writers Matter: A Reading and Discussion,Black Writers Matter: A Reading and Discussion,event
event::In My Own Moccasins: Reading by Award-winning Author Helen Knott,In My Own Moccasins: Reading by Award-winning Author Helen Knott,event
event::Field Notes for the Self: Poetry Reading by Randy Lundy,Field Notes for the Self: Poetry Reading by Randy Lundy,event
event::Tiny Ruins: Debut Novel Sneak Peek with Nicole Haldoupis,Tiny Ruins: Debut Novel Sneak Peek with Nicole Haldoupis,event
event::Raft Baby: A Reading by Swift Current's Bonnie Dunlop,Raft Baby: A Reading by Swift Current's Bonnie Dunlop,event
event::Tunnels of Time: 20th Anniversary Book Launch and Video Premiere,Tunnels of Time: 20th Anniversary Book Launch and Video Premiere,event
event::Kitotam: John McDonald Author Reading,Kitotam: John McDonald Author Reading,event
event::Gather: Richard Van Camp Author Reading,Gather: Richard Van Camp Author Reading,event
event::White Coal City: Robert Boschman Author Reading,White Coal City: Robert Boschman Author Reading,event
event::Girl running: Diana Hope Tegenkamp Author Reading,Girl running: Diana Hope Tegenkamp Author Reading,event
event::#BlackinSchool: Habiba Cooper Diallo Author Reading,#BlackinSchool: Habiba Cooper Diallo Author Reading,event
event::The Great Saskatchewan Bucket List: Robin and Arlene Karpan Author Reading,The Great Saskatchewan Bucket List: Robin and Arlene Karpan Author Reading,event
"event::Erín Mouré reading John Newlove, Dead Poets Reading Series","Erín Mouré reading John Newlove, Dead Poets Reading Series",event
event::apart: Video Premiere & Author Discussion,apart: Video Premiere & Author Discussion,event
"event::Kevin Spenst reading Theodore Roethke, Dead Poets Reading Series","Kevin Spenst reading Theodore Roethke, Dead Poets Reading Series",event
event::Book Launch,Book Launch,event
"event::Emily Lu reading Li Qingzhao & Julio Cortázar, Dead Poets Reading Series","Emily Lu reading Li Qingzhao & Julio Cortázar, Dead Poets Reading Series",event
"event::Leah Sandals reading James Schuyler, Dead Poets Reading Series","Leah Sandals reading James Schuyler, Dead Poets Reading Series",event
"event::Every Child Matters - With Phyllis Webstad
","Every Child Matters - With Phyllis Webstad
",event
"event::21 Things You May Not Know About The Indian Act - With Bob Joseph
","21 Things You May Not Know About The Indian Act - With Bob Joseph
",event
"event::Blanket Toss - Under Midnight Sun - With Paul Seesequasis
","Blanket Toss - Under Midnight Sun - With Paul Seesequasis
",event
"event::An Evening With Donna Morrissey
","An Evening With Donna Morrissey
",event
"event::Emergence - Contemporary Women Poets of the Eastern Townships
","Emergence - Contemporary Women Poets of the Eastern Townships
",event
event::The 11th Annual Knowlton Literary Festival ,The 11th Annual Knowlton Literary Festival ,event
"event::A Virtual Afternoon with Local Authors & Poets
","A Virtual Afternoon with Local Authors & Poets
",event
"event::Arley McNeney reading Brigit Pegeen Kelly, Dead Poets Reading Series","Arley McNeney reading Brigit Pegeen Kelly, Dead Poets Reading Series",event
"event::Sandile Ngidi reading Benedict Wallet Vilakazi, Dead Poets Reading Series","Sandile Ngidi reading Benedict Wallet Vilakazi, Dead Poets Reading Series",event
"event::Alix Shield reading E. Pauline Johnson, Dead Poets Reading","Alix Shield reading E. Pauline Johnson, Dead Poets Reading",event
"event::Cole Mash reading Robert Creeley, Dead Poets Reading Series","Cole Mash reading Robert Creeley, Dead Poets Reading Series",event
"event::Susan L Saunders - book signing
","Susan L Saunders - book signing
",event
"event::Book Launch Chantelle Webb “An Eggplant, a Starr, and a Pony Walk Into a Cafe@
","Book Launch Chantelle Webb “An Eggplant, a Starr, and a Pony Walk Into a Cafe@
",event
"event::Moccasin Square Gardens - Richard Van Camp for Audreys Book Club
","Moccasin Square Gardens - Richard Van Camp for Audreys Book Club
",event
"event::A Good War: Mobilizing Canada for the Climate Emergency by Seth Klein Alberta book launch
","A Good War: Mobilizing Canada for the Climate Emergency by Seth Klein Alberta book launch
",event
"event::Marty Chan Haunted Hospital Virtual Launch
","Marty Chan Haunted Hospital Virtual Launch
",event
"event::Paul Pearson Lunatic Engine Virtual Event
","Paul Pearson Lunatic Engine Virtual Event
",event
"event::Women of Mystery - Candas Jane Dorsey in conversation with Gail Bowen
","Women of Mystery - Candas Jane Dorsey in conversation with Gail Bowen
",event
"event::Anthony Horowitz Moonflower Murders Virtual Event
","Anthony Horowitz Moonflower Murders Virtual Event
",event
"event::Book Launch for Vivian Manasc's Old Stories New Ways
","Book Launch for Vivian Manasc's Old Stories New Ways
",event
"event::Sarah Everett Some Other Now Virtual Book Launch
","Sarah Everett Some Other Now Virtual Book Launch
",event
"event::Norma Dunning ""Tainna"" Book Launch
","Norma Dunning ""Tainna"" Book Launch
",event
"event::Ali Bryan ""The Hill"" Book Launch
","Ali Bryan ""The Hill"" Book Launch
",event
"event::We Remember, Special Edition
","We Remember, Special Edition
",event
"event::Mary Tidlund and Cheryl Foggo in conversation
","Mary Tidlund and Cheryl Foggo in conversation
",event
"event::Brad Fraser All the Rage Virtual Edmonton Book Launch
","Brad Fraser All the Rage Virtual Edmonton Book Launch
",event
"event::Laurie D. Graham reading Adrienne Rich, Dead Poets Reading Series","Laurie D. Graham reading Adrienne Rich, Dead Poets Reading Series",event
"event::Myriam Steinberg Virtual Launch for Catalogue Baby
","Myriam Steinberg Virtual Launch for Catalogue Baby
",event
"event::Jordan Abel Nishga Launch
","Jordan Abel Nishga Launch
",event
"event::Linden MacIntyre The Winter Wives FREE Virtual Launch
","Linden MacIntyre The Winter Wives FREE Virtual Launch
",event
event::Leah Horlick Moldovan Hotel Launch with Peace Akintade,Leah Horlick Moldovan Hotel Launch with Peace Akintade,event
event::A conversation with Ryan North & Morgan Murray,A conversation with Ryan North & Morgan Murray,event
"event::A *VIRTUAL* Evening with Lisa Bird-Wilson
","A *VIRTUAL* Evening with Lisa Bird-Wilson
",event
"event::Kyle McKillop reading Rona Murray, Dead Poets Reading Series","Kyle McKillop reading Rona Murray, Dead Poets Reading Series",event
"event::Suzanne Alyssa Andrew reading Wallace Stevens, Dead Poets Reading Series","Suzanne Alyssa Andrew reading Wallace Stevens, Dead Poets Reading Series",event
"event::Clint Burnham reading Sean Bonney, Dead Poets Reading Series","Clint Burnham reading Sean Bonney, Dead Poets Reading Series",event
"event::Daniela Elza reading Wistawa Szymborska, Dead Poets Reading","Daniela Elza reading Wistawa Szymborska, Dead Poets Reading",event
"event::erica hiroko reading Mary Oliver, Dead Poets Reading Series","erica hiroko reading Mary Oliver, Dead Poets Reading Series",event
"event::Daniel Poirier reading selected poets, Dead Poet Reading Series","Daniel Poirier reading selected poets, Dead Poet Reading Series",event
"event::Hege Anita Jakobsen Lepri reading Olav H. Hauge, Dead Poets Reading Series","Hege Anita Jakobsen Lepri reading Olav H. Hauge, Dead Poets Reading Series",event
"event::Jane Shi reading Fay Chiang, Dead Poets Reading Series","Jane Shi reading Fay Chiang, Dead Poets Reading Series",event
"event::Neko Smart reading Allen Ginsberg, Dead Poets Reading Series","Neko Smart reading Allen Ginsberg, Dead Poets Reading Series",event
"event::Pearl Pirie reading Audre Lorde, Dead Poets Reading Series","Pearl Pirie reading Audre Lorde, Dead Poets Reading Series",event
"event::Diane Tucker reading George Herbert, Dead Poets Reading Series","Diane Tucker reading George Herbert, Dead Poets Reading Series",event
event::fluid vessels poetry series: india,fluid vessels poetry series: india,event
"event::fluid vessels presents: a reading with michael prior, heather christle & cameron awkward-rich
Online event","fluid vessels presents: a reading with michael prior, heather christle & cameron awkward-rich
Online event",event
"event::fluid vessels, a poetry readings series: canada / liz howard, medrie purham & mark trussler","fluid vessels, a poetry readings series: canada / liz howard, medrie purham & mark trussler",event
"event::fluid vessels, a poetry reading series: lorna goodison, tanure ojaide & mark tredinnick","fluid vessels, a poetry reading series: lorna goodison, tanure ojaide & mark tredinnick",event
event::Thinking Spaces with Taiwo Afolabi,Thinking Spaces with Taiwo Afolabi,event
event::An Evening with Eternity Martis,An Evening with Eternity Martis,event
event::Thinking Spaces - Improvising Indigeneity with Jessica Bissett Perea,Thinking Spaces - Improvising Indigeneity with Jessica Bissett Perea,event
event::Writing Juvenile Fiction,Writing Juvenile Fiction,event
event::BIPOC Eternity Martis Follow-up Discussion,BIPOC Eternity Martis Follow-up Discussion,event
"event::Carrie Jenkins reading Edna St. Vincent Millay, Dead Poets Reading","Carrie Jenkins reading Edna St. Vincent Millay, Dead Poets Reading",event
"event::Andrew Boden reading Wallace Stevens, Dead Poets Reading Series","Andrew Boden reading Wallace Stevens, Dead Poets Reading Series",event
"event::Chris Hutchinson reading Patrick Lane, Dead Poets Reading Series","Chris Hutchinson reading Patrick Lane, Dead Poets Reading Series",event
"event::Amber Dawn reading Eli Coppola, Dead Poets Reading Series","Amber Dawn reading Eli Coppola, Dead Poets Reading Series",event
"event::Jillian Christmas reading Zaccheus Jackson-Nyce, Dead Poets Reading Series","Jillian Christmas reading Zaccheus Jackson-Nyce, Dead Poets Reading Series",event
"event::Domenica Martinello reading Mary Oliver, Dead Poets Reading Series","Domenica Martinello reading Mary Oliver, Dead Poets Reading Series",event
"event::Asel Omar reading Charles Buckowski, Dead Poets Reading Series","Asel Omar reading Charles Buckowski, Dead Poets Reading Series",event
"event::Peter Midgley reading Horace, Dead Poets Reading Series","Peter Midgley reading Horace, Dead Poets Reading Series",event
"event::Chuqiao Yang reading Frank O'Hara, Dead Poets Reading Series","Chuqiao Yang reading Frank O'Hara, Dead Poets Reading Series",event
"event::Tanis MacDonald reading Jay Macpherson, Dead Poets Reading Series","Tanis MacDonald reading Jay Macpherson, Dead Poets Reading Series",event
"event::Wendy McGrath reading Gwendolyn MacEwen, Dead Poets Reading Series","Wendy McGrath reading Gwendolyn MacEwen, Dead Poets Reading Series",event
"event::Steffi Tad-y reading Lucille Clifton, Dead Poets Reading Series","Steffi Tad-y reading Lucille Clifton, Dead Poets Reading Series",event
"event::Natalie Morrill reading Gerard Manley Hopkins, Dead Poets Reading Series","Natalie Morrill reading Gerard Manley Hopkins, Dead Poets Reading Series",event
"event::Hasan Namir reading Nizar Qibbani, Dead Poets Reading Series","Hasan Namir reading Nizar Qibbani, Dead Poets Reading Series",event
"event::Alannah Anslow reading William Butler Yeats, Dead Poets Reading Series","Alannah Anslow reading William Butler Yeats, Dead Poets Reading Series",event
"event::Elaine Woo reading Inger Christensen, Dead Poets Reading Series","Elaine Woo reading Inger Christensen, Dead Poets Reading Series",event
"event::Aidan Chafe reading Tony Hoagland, Dead Poets Reading Series","Aidan Chafe reading Tony Hoagland, Dead Poets Reading Series",event
"event::M. W. Jaeggle reading Denise Levertov, Dead Poets Reading Series","M. W. Jaeggle reading Denise Levertov, Dead Poets Reading Series",event
"event::William Owen reading Elena Shvarts, Dead Poets Reading Series","William Owen reading Elena Shvarts, Dead Poets Reading Series",event
"event::Phillip Crymble reading Edip Cansever, Dead Poets Reading Series","Phillip Crymble reading Edip Cansever, Dead Poets Reading Series",event
"event::Jolene Loveday reading Pablo Neruda, Dead Poets Reading Series","Jolene Loveday reading Pablo Neruda, Dead Poets Reading Series",event
"event::Kim June Johnson reading Patrick O'Connell, Dead Poets Reading Series","Kim June Johnson reading Patrick O'Connell, Dead Poets Reading Series",event
"event::Alexander Chantsev reading Vladimir Kazakov, Dead Poets Reading Series","Alexander Chantsev reading Vladimir Kazakov, Dead Poets Reading Series",event
"event::Lucas Crawford reading Frank O'Hara, Dead Poets Reading Series","Lucas Crawford reading Frank O'Hara, Dead Poets Reading Series",event
event::Ânskohk Indigenous Literature Festival,Ânskohk Indigenous Literature Festival,event
"event::Colson Whitehead in conversation
","Colson Whitehead in conversation
",event
"event::Shawna LeMay Everything Affects Everyone Book signing
","Shawna LeMay Everything Affects Everyone Book signing
",event
"event::Double Launch of Premee Mohammed and Rhonda Parrish
","Double Launch of Premee Mohammed and Rhonda Parrish
",event
"event::Alternate Plains Virtual Event
","Alternate Plains Virtual Event
",event
"event::The Winter Blooming Tree Book signing with Barbara Langhurst
","The Winter Blooming Tree Book signing with Barbara Langhurst
",event
"event::Wayne Arthurson launches Dishonour in Camp 133
","Wayne Arthurson launches Dishonour in Camp 133
",event
"event::Theresa Shea The Shade Tree book signing
","Theresa Shea The Shade Tree book signing
",event
"event::These Precious Days Virtual event with Ann Patchett Free with Purchase
","These Precious Days Virtual event with Ann Patchett Free with Purchase
",event
"event::Bookclub with the Maid
","Bookclub with the Maid
",event
"event::Olga Dies Dreaming Virtual Book Club
","Olga Dies Dreaming Virtual Book Club
",event
"event::March Book Club
","March Book Club
",event
"event::New Works
","New Works
",event
"event::Mâmawi: Selena Boan in Conversation with Samantha Nock
","Mâmawi: Selena Boan in Conversation with Samantha Nock
",event
"event::Birth, Death, The Restlessness In Between
","Birth, Death, The Restlessness In Between
",event
"event::Forest Poet-Tree Walk
","Forest Poet-Tree Walk
",event
"event::Paperback Writers: Authors on Music & Words
","Paperback Writers: Authors on Music & Words
",event
"event::The Foreign Land We Call Canada: Immigrant Stories
","The Foreign Land We Call Canada: Immigrant Stories
",event
"event::A City of Their Own
","A City of Their Own
",event
"event::Getting to the Roots
","Getting to the Roots
",event
"event::maskotēw-askiy: a Celebration of Prairie Poetics
","maskotēw-askiy: a Celebration of Prairie Poetics
",event
"event::In Conversation: Hal Wake with André Alexis
","In Conversation: Hal Wake with André Alexis
",event
"event::VFA's Spring Book Club with Yvonne Blomer
","VFA's Spring Book Club with Yvonne Blomer
",event
"event::After the Force: True Cases & Investigations by Law Enforcement Officers
","After the Force: True Cases & Investigations by Law Enforcement Officers
",event
event::Smoke Signals -online poetry.,Smoke Signals -online poetry.,event
event::After The Cloud,After The Cloud,event
event::Pandemic Poetry Live,Pandemic Poetry Live,event
event::Indigenous Poets Society - Poetry Slam,Indigenous Poets Society - Poetry Slam,event
event::Indigenous Language Reclamation - Poetry SLAM!,Indigenous Language Reclamation - Poetry SLAM!,event
event::Indigenous Open Mic,Indigenous Open Mic,event
event::SIPS Open Mic in support of Black Lives Matter movement!,SIPS Open Mic in support of Black Lives Matter movement!,event
event::Land Back Slam!,Land Back Slam!,event
event::Equinox Poetry Slam,Equinox Poetry Slam,event
event::Alone: A Love Story With Winnipeg Thin Air Festival,Alone: A Love Story With Winnipeg Thin Air Festival,event
event::THIN AIR 2020 Virtual Festival / THIN AIR 2020 festival virtuel,THIN AIR 2020 Virtual Festival / THIN AIR 2020 festival virtuel,event
event::THIN AIR 2020 Writing Crafts: Part A (of 2),THIN AIR 2020 Writing Crafts: Part A (of 2),event
event::Celebrating Manitoba Books!,Celebrating Manitoba Books!,event
event::THIN AIR 2020 - Ask Me Anything Series,THIN AIR 2020 - Ask Me Anything Series,event
event::Ce qui se passe à LIVRES EN FÊTE - THIN AIR 2020,Ce qui se passe à LIVRES EN FÊTE - THIN AIR 2020,event
event::THIN AIR 2020 Writing Crafts: Part B (2nd of 2),THIN AIR 2020 Writing Crafts: Part B (2nd of 2),event
event::Pandemic? (everything you were afraid to ask...),Pandemic? (everything you were afraid to ask...),event
event::Donne ton slam / THIN AIR 2020 / Multilingual slam,Donne ton slam / THIN AIR 2020 / Multilingual slam,event
event::THIN AIR KIDS festival,THIN AIR KIDS festival,event
event::THIN AIR 2021 Writing Craft: Rowan McCandless,THIN AIR 2021 Writing Craft: Rowan McCandless,event
event::THIN AIR 2021 Writing Craft: Genni Gunn,THIN AIR 2021 Writing Craft: Genni Gunn,event
event::THIN AIR 2021 Writing Craft: Patricia Robertson,THIN AIR 2021 Writing Craft: Patricia Robertson,event
event::THIN AIR 2021 Writing Craft Intensive : Gary Barwin Workshops (SOLD OUT),THIN AIR 2021 Writing Craft Intensive : Gary Barwin Workshops (SOLD OUT),event
event::THIN AIR 2021 Writing Craft: Nisha Patel,THIN AIR 2021 Writing Craft: Nisha Patel,event
event::Writing Craft: Darrel J. McLeod,Writing Craft: Darrel J. McLeod,event
event::THIN AIR 2021 Writing Craft: Keith Cadieux,THIN AIR 2021 Writing Craft: Keith Cadieux,event
event::Writes of Spring Launch,Writes of Spring Launch,event
event::National Poetry Month reading featuring the Electronic Garret,National Poetry Month reading featuring the Electronic Garret,event
event::The Business of Writing: Working as (and with) a Copywriter,The Business of Writing: Working as (and with) a Copywriter,event
event::The Business of Writing: Working as (and with) an Editor,The Business of Writing: Working as (and with) an Editor,event
event::The Business of Writing: How to Get Paid,The Business of Writing: How to Get Paid,event
event::The Business of Writing: How to Get Published,The Business of Writing: How to Get Published,event
event::JUST(e) SLAM! Rendez-vous à la Galerie d'art du CCFM,JUST(e) SLAM! Rendez-vous à la Galerie d'art du CCFM,event
event::Speaking Crow: July 2020 Virtual Edition with David Streit,Speaking Crow: July 2020 Virtual Edition with David Streit,event
event::Cancelled - Speaking Crow: April edition with Poor Tree,Cancelled - Speaking Crow: April edition with Poor Tree,event
event::Speaking Crow: August 2020 Virtual Edition featuring Sarah Ens,Speaking Crow: August 2020 Virtual Edition featuring Sarah Ens,event
event::Speaking Crow September 2020 Virtual Edition featuring Di Brandt,Speaking Crow September 2020 Virtual Edition featuring Di Brandt,event
event::Speaking Crow: October 2020 virtual edition featuring Sharanpal Ruprai,Speaking Crow: October 2020 virtual edition featuring Sharanpal Ruprai,event
event::Speaking Crow: November 2020 virtual edition featuring Duncan Mercredi,Speaking Crow: November 2020 virtual edition featuring Duncan Mercredi,event
event::Speaking Crow: December 2020 Virtual Edition featuring Sarah Klassen,Speaking Crow: December 2020 Virtual Edition featuring Sarah Klassen,event
event::Speaking Crow January 2021 Virtual Edition with Joel Robert Ferguson,Speaking Crow January 2021 Virtual Edition with Joel Robert Ferguson,event
event::Speaking Crow February 2021 Virtual Edition with Tamar Rubin,Speaking Crow February 2021 Virtual Edition with Tamar Rubin,event
event::Introducing Francesca Ekwuyasi #ReadAtlantic #2SLGBTQIA+ #VOICES,Introducing Francesca Ekwuyasi #ReadAtlantic #2SLGBTQIA+ #VOICES,event
"event::Introducing Ali Blythe on #ReadAtlantic #2SLGBTQIA+ #VOICES
","Introducing Ali Blythe on #ReadAtlantic #2SLGBTQIA+ #VOICES
",event
"event::Introducing Tanya Davis, Host of #2SLGBTQIA+ #ReadAtlantic #VOICES","Introducing Tanya Davis, Host of #2SLGBTQIA+ #ReadAtlantic #VOICES",event
event::Lunch + Listen: Trudy Morgan-Cole Live Reading,Lunch + Listen: Trudy Morgan-Cole Live Reading,event
event::Lunch and Listen: Q&A with Janice Landry,Lunch and Listen: Q&A with Janice Landry,event
event::Reading and Q&A with Alison DeLory,Reading and Q&A with Alison DeLory,event
event::Quarantine: Facebook Live interview with Ian Arthur Cameron,Quarantine: Facebook Live interview with Ian Arthur Cameron,event
event::Ask the Author: Q&A with Marlene Stanton,Ask the Author: Q&A with Marlene Stanton,event
event::Live Reading and Q&A with Amy Spurway - Lunch & Listen,Live Reading and Q&A with Amy Spurway - Lunch & Listen,event
event::Speaking Crow March 2021 Virtual Edition with Shereen Ramprashad,Speaking Crow March 2021 Virtual Edition with Shereen Ramprashad,event
event::Speaking Crow April 2021 Virtual (& Bilingual!) Edition Featuring J.R. Léveillé,Speaking Crow April 2021 Virtual (& Bilingual!) Edition Featuring J.R. Léveillé,event
event::Speaking Crow May 2021 virtual event featuring Kristian Enright,Speaking Crow May 2021 virtual event featuring Kristian Enright,event
event::Speaking Crow June 2021 Virtual Edition with Lori Cayer,Speaking Crow June 2021 Virtual Edition with Lori Cayer,event
event::Speaking Crow July 2021 Virtual Edition all-open-mic event,Speaking Crow July 2021 Virtual Edition all-open-mic event,event
event::Speaking Crow August 2021 Virtual Edition all-open-mic event,Speaking Crow August 2021 Virtual Edition all-open-mic event,event
event::Speaking Crow Virtual Edition with Victoria Redsun,Speaking Crow Virtual Edition with Victoria Redsun,event
event::Speaking Crow October 2021 Virtual Edition with James Scoles,Speaking Crow October 2021 Virtual Edition with James Scoles,event
event::Speaking Crow November 2021 Virtual Edition with Kristen Wittman,Speaking Crow November 2021 Virtual Edition with Kristen Wittman,event
event::Speaking Crow December 2021 Virtual Edition all-open-mic event,Speaking Crow December 2021 Virtual Edition all-open-mic event,event
event::Speaking Crow January 2022 Virtual Edition featuring Dennis Cooley,Speaking Crow January 2022 Virtual Edition featuring Dennis Cooley,event
event::Speaking Crow February 2022 Virtual Edition with Bola Opaleke,Speaking Crow February 2022 Virtual Edition with Bola Opaleke,event
event::Speaking Crow March 2022 Virtual Edition with Julian Day,Speaking Crow March 2022 Virtual Edition with Julian Day,event
event::March Break 2020: Page to Plate Workshops,March Break 2020: Page to Plate Workshops,event
event::Greg Bechtel: Reading and Talk,Greg Bechtel: Reading and Talk,event
event::Indigenous Book Club: My Conversations With Canadians,Indigenous Book Club: My Conversations With Canadians,event
event::Virtual Indigenous Book Club: My Conversations With Canadians,Virtual Indigenous Book Club: My Conversations With Canadians,event
event::Virtual Indigenous Book Club: Moccasin Square Gardens,Virtual Indigenous Book Club: Moccasin Square Gardens,event
event::Eva Holland: Reading and Talk,Eva Holland: Reading and Talk,event
event::Virtual Indigenous Book Club: The Reason You Walk,Virtual Indigenous Book Club: The Reason You Walk,event
event::Michael Gates on writing: Read & Talk,Michael Gates on writing: Read & Talk,event
event::Virtual Indigenous Book Club: Glass Beads,Virtual Indigenous Book Club: Glass Beads,event
event::Virtual Indigenous Book Club: Jonny Appleseed,Virtual Indigenous Book Club: Jonny Appleseed,event
event::Biking the Borderlands of the Silk Road with Author Kate Harris,Biking the Borderlands of the Silk Road with Author Kate Harris,event
event::ONLINE Indigenous Book Club: Five Little Indians by Michelle Good,ONLINE Indigenous Book Club: Five Little Indians by Michelle Good,event
event::Kasia van Schaik: Ecological Emergencies,Kasia van Schaik: Ecological Emergencies,event
event::Hadas Blum: Rhythm in Poetry,Hadas Blum: Rhythm in Poetry,event
event::Creative (re)tension: an interactive reading with Mirabel,Creative (re)tension: an interactive reading with Mirabel,event
event::Making Strange: a reading and conversation with Phillip Crymble and Sarah Wolfson,Making Strange: a reading and conversation with Phillip Crymble and Sarah Wolfson,event
event::Folded Time: Jessi MacEachern Poetry Reading,Folded Time: Jessi MacEachern Poetry Reading,event
"event::Tact, Distance, Excavation: An Evening with Jason Camlot, Avleen K. Mokha, and Kim Trainor","Tact, Distance, Excavation: An Evening with Jason Camlot, Avleen K. Mokha, and Kim Trainor",event
"event::A New English Grammar, and Other Poems: Poetry Reading with Spector Lecturer, Jeff Dolven","A New English Grammar, and Other Poems: Poetry Reading with Spector Lecturer, Jeff Dolven",event
event::Articulating the Body: Ekphrasis in the Maude Abbott Medical Museum,Articulating the Body: Ekphrasis in the Maude Abbott Medical Museum,event
event::Indigenous Book Club: Indians on Vacation by Thomas King,Indigenous Book Club: Indians on Vacation by Thomas King,event
event::Indigenous Book Club: Heart Berries by Terese Mailhot,Indigenous Book Club: Heart Berries by Terese Mailhot,event
event::Indigenous Book Club: A Mind Spread out on the Ground by Alicia Elliot,Indigenous Book Club: A Mind Spread out on the Ground by Alicia Elliot,event
event::Real Vancouver Writers' Series Summer Sizzler,Real Vancouver Writers' Series Summer Sizzler,event
event::Attending to Sound: Ekphrasis and Music,Attending to Sound: Ekphrasis and Music,event
event::REAL VANCOUVER SPOOKTACULAR VIBES 2020,REAL VANCOUVER SPOOKTACULAR VIBES 2020,event
event::Real Vancouver Writers' Series Year-End Party,Real Vancouver Writers' Series Year-End Party,event
event::Real Vancouver 11th Anniversary Show,Real Vancouver 11th Anniversary Show,event
event::Real Vancouver Summer Showcase 2021,Real Vancouver Summer Showcase 2021,event
event::Real Vancouver Fall Fantastic 2021,Real Vancouver Fall Fantastic 2021,event
event::Sk'ad'a Stories Book Launch with Sara Florence Davidson,Sk'ad'a Stories Book Launch with Sara Florence Davidson,event
"event::Acts of Attention: In-person poetry reading with Klara du Plessis, Patrick O'Reilly, and Sonya Smith","Acts of Attention: In-person poetry reading with Klara du Plessis, Patrick O'Reilly, and Sonya Smith",event
event::September 9th - Developing Poems,September 9th - Developing Poems,event
event::September 12th - Developing Fiction,September 12th - Developing Fiction,event
"event::Wednesday, September 16th - Writing Every Day","Wednesday, September 16th - Writing Every Day",event
event::September 21st - Fantasy Fugue Forum,September 21st - Fantasy Fugue Forum,event
event::September 28th - Expository Writing,September 28th - Expository Writing,event
event::October 10th - Developing Fiction,October 10th - Developing Fiction,event
event::Beginnings,Beginnings,event
event::Special Project: Memoir,Special Project: Memoir,event
event::Resonance: Essays on the Craft and Life of Writing - Real Vancouver Writing School 01,Resonance: Essays on the Craft and Life of Writing - Real Vancouver Writing School 01,event
event::Real Vancouver Writers' Series Fall Fiasco,Real Vancouver Writers' Series Fall Fiasco,event
event::How to Write a Novel,How to Write a Novel,event
event::Special Workshop - Character,Special Workshop - Character,event
event::Can't Lit 100th Episode Live!,Can't Lit 100th Episode Live!,event
event::Do Androids Dream of Electric Sheep? - Fantasy Fugue Book Club,Do Androids Dream of Electric Sheep? - Fantasy Fugue Book Club,event
event::Can't Lit vs. RVWS Live!,Can't Lit vs. RVWS Live!,event
event::Special Workshop - Hope & Resilience Under COVID Book Project,Special Workshop - Hope & Resilience Under COVID Book Project,event
event::Real Vancouver 12th Anniversary Literary Showcase,Real Vancouver 12th Anniversary Literary Showcase,event
event::Special Workshop - Haiku and Haibun,Special Workshop - Haiku and Haibun,event
event::It's a Poetry Month Can't Lit Live!,It's a Poetry Month Can't Lit Live!,event
event::Real Vancouver Writers' Series Summer Scorcer,Real Vancouver Writers' Series Summer Scorcer,event
event::How to Write a Novel: Self-Publishing,How to Write a Novel: Self-Publishing,event
event::Real Vancouver Writers' Series First Event of Fall,Real Vancouver Writers' Series First Event of Fall,event
event::Real Vancouver Writing School: Queer Little Nightmares,Real Vancouver Writing School: Queer Little Nightmares,event
event::Writing Local History: A Special Workshop,Writing Local History: A Special Workshop,event
"event::Write Here, Write Now! -- Short Memoir","Write Here, Write Now! -- Short Memoir",event
event::An Evening with Su Croll: Redwater,An Evening with Su Croll: Redwater,event
event::An Afternoon with Su Croll: Carstairs,An Afternoon with Su Croll: Carstairs,event
"event::Joanna Lilley's Endlings, with special guests!","Joanna Lilley's Endlings, with special guests!",event
event::An Afternoon with Su Croll: Canmore,An Afternoon with Su Croll: Canmore,event
event::An Afternoon with Su Croll: Banff,An Afternoon with Su Croll: Banff,event
event::Paul Pearson Lunatic Engine Virtual Event,Paul Pearson Lunatic Engine Virtual Event,event
event::An Afternoon with Su Croll: Camrose,An Afternoon with Su Croll: Camrose,event
event::Virtual Book Launch - Hope and Resilience in the Time of COVID,Virtual Book Launch - Hope and Resilience in the Time of COVID,event
event::Hope and Resilience at Brome Lake Books,Hope and Resilience at Brome Lake Books,event
"event::Write Here, Write Now: Season's Readings -- Part I","Write Here, Write Now: Season's Readings -- Part I",event
"event::Write Here, Write Now: Season's Readings -- Part II","Write Here, Write Now: Season's Readings -- Part II",event
event::The Best of the Bonnet Abbotsford Launch,The Best of the Bonnet Abbotsford Launch,event
"event::Meet Andrew Unger at Owl's Nest Books, Calgary","Meet Andrew Unger at Owl's Nest Books, Calgary",event
event::Black Umbrella - Katherine Lawrence with Bruce Rice,Black Umbrella - Katherine Lawrence with Bruce Rice,event
"event::Meet Andrew Unger at the MHV Pioneer Days, Steinbach","Meet Andrew Unger at the MHV Pioneer Days, Steinbach",event
"event::Meet Andrew Unger at Chapters Polo Festival, Winnipeg","Meet Andrew Unger at Chapters Polo Festival, Winnipeg",event
"event::Meet Andrew Unger at the MHV Fall on the Farm, Steinbach","Meet Andrew Unger at the MHV Fall on the Farm, Steinbach",event
"event::Meet Andrew Unger at Chapters St. Vital, Winnipeg","Meet Andrew Unger at Chapters St. Vital, Winnipeg",event
"event::Katherine Lawrence, Anne Lazurko, and Sheryl Doherty at The Artesian","Katherine Lawrence, Anne Lazurko, and Sheryl Doherty at The Artesian",event
event::Abbotsford Joint Poetry Launch,Abbotsford Joint Poetry Launch,event
event::Writing the Tall Grass Prairie with Sarah Ens,Writing the Tall Grass Prairie with Sarah Ens,event
"event::The Turning Point: Love, Identity & Radical Transformation","The Turning Point: Love, Identity & Radical Transformation",event
event::The Whistler Writing Society AGM & Writing Workshop,The Whistler Writing Society AGM & Writing Workshop,event
event::Self-Publishing Buffet,Self-Publishing Buffet,event
event::New Authors: Blue Pencil Edit & Marketing Consultations,New Authors: Blue Pencil Edit & Marketing Consultations,event
event::Opening Night Showcase: New Voices & Social Après,Opening Night Showcase: New Voices & Social Après,event
event::The Crooked Thing: Book Launch,The Crooked Thing: Book Launch,event
event::Whistler Writers Festival 2020,Whistler Writers Festival 2020,event
event::Insights from Insiders: Trade Publishing in Canada Today,Insights from Insiders: Trade Publishing in Canada Today,event
event::Speed Dating: Pitch your Book/Idea to Publishers,Speed Dating: Pitch your Book/Idea to Publishers,event
event::The Booklovers’ Literary Salon,The Booklovers’ Literary Salon,event
event::The Literary Cabaret,The Literary Cabaret,event
event::Connecting with our Inner Observer: Insight through Mindfulness,Connecting with our Inner Observer: Insight through Mindfulness,event
event::How did you think of THAT?,How did you think of THAT?,event
event::Writers of Non-Fiction,Writers of Non-Fiction,event
event::Laughing in the Dark,Laughing in the Dark,event
"event::Write Here, Write Now! -- An Introduction to Flash Memoir","Write Here, Write Now! -- An Introduction to Flash Memoir",event
event::An Evening of Haiku,An Evening of Haiku,event
event::Prose Poetry in the Time of Hekla,Prose Poetry in the Time of Hekla,event
"event::On Writing, Publishing and Sharing Personal Story","On Writing, Publishing and Sharing Personal Story",event
event::The Domestic Thriller,The Domestic Thriller,event
event::Flash Fiction: An Introduction,Flash Fiction: An Introduction,event
event::Inspiration and Idea Creation,Inspiration and Idea Creation,event
event::Writing for Local Journalism,Writing for Local Journalism,event
event::An Evening of Short Fiction,An Evening of Short Fiction,event
event::Book Launch: It Was Only a Movie by John F. LeBaron,Book Launch: It Was Only a Movie by John F. LeBaron,event
"event::Write Here, Write Now! -- Why a Poem?","Write Here, Write Now! -- Why a Poem?",event
"event::Write Here, Write Now! -- Beyond the Red Pen","Write Here, Write Now! -- Beyond the Red Pen",event
event::Reading and a Q and A with Pamela Mordecai,Reading and a Q and A with Pamela Mordecai,event
event::Tried and True Tips and Trade Secrets,Tried and True Tips and Trade Secrets,event
event::Writers of Fiction,Writers of Fiction,event
event::Saturday Night Gala,Saturday Night Gala,event
event::Teenagers are Smart!,Teenagers are Smart!,event
event::The Sunday Brunch,The Sunday Brunch,event
event::Storytime for Families: It Happened on Sweet Street,Storytime for Families: It Happened on Sweet Street,event
event::How Do You Become a Writer?,How Do You Become a Writer?,event
event::Let’s Celebrate B.C. Authors!,Let’s Celebrate B.C. Authors!,event
event::My Best Friend is Extinct: A Backyard Book Bash!,My Best Friend is Extinct: A Backyard Book Bash!,event
event::A Mighty Balance: Weighing Action and Words,A Mighty Balance: Weighing Action and Words,event
event::The Whistler Writing Society AGM & Creative Writing Workshop with Katherine Fawcett,The Whistler Writing Society AGM & Creative Writing Workshop with Katherine Fawcett,event
event::20th Anniversary Whistler Writers Festival,20th Anniversary Whistler Writers Festival,event
event::Publish Like A Pro: Spark Your Creativity,Publish Like A Pro: Spark Your Creativity,event
event::Making Room for Disability: Mining Folklore and Fairytales,Making Room for Disability: Mining Folklore and Fairytales,event
event::On Holding Attention,On Holding Attention,event
event::Inspired by True Stories,Inspired by True Stories,event
event::Meditation,Meditation,event
event::Youth Writing: An Interactive Workshop Series,Youth Writing: An Interactive Workshop Series,event
event::Publish Like a Pro: It's Not Just About Typos,Publish Like a Pro: It's Not Just About Typos,event
event::Publish Like A Pro: Preparing to Publish,Publish Like A Pro: Preparing to Publish,event
event::Publish Like A Pro: Tell Me About Your Book,Publish Like A Pro: Tell Me About Your Book,event
event::Publish Like A Pro: Design A Cover,Publish Like A Pro: Design A Cover,event
event::Publish Like A Pro: Completing The Package,Publish Like A Pro: Completing The Package,event
event::Opening Night Showcase: New Voices & Social Après,Opening Night Showcase: New Voices & Social Après,event
event::Celebrating Presence: Connecting with Stories through Mindfulness,Celebrating Presence: Connecting with Stories through Mindfulness,event
event::Insights from Insiders: Trade Publishing in Canada Today,Insights from Insiders: Trade Publishing in Canada Today,event
event::The Booklovers’ Literary Salon,The Booklovers’ Literary Salon,event
event::Celebrating 20 Years of Stories: The Tasting - Part 1,Celebrating 20 Years of Stories: The Tasting - Part 1,event
event::Celebrating 20 Years of Stories: The Literary Cabaret - Part 2,Celebrating 20 Years of Stories: The Literary Cabaret - Part 2,event
event::Worldbuilding for Children’s & YA Books: Workshop for Adults,Worldbuilding for Children’s & YA Books: Workshop for Adults,event
event::I Finished My Novel—Now What?,I Finished My Novel—Now What?,event
event::Writers of Non-Fiction,Writers of Non-Fiction,event
event::From Literary Novel to Thriller: Crossing Genres to Add New Life to Your Craft,From Literary Novel to Thriller: Crossing Genres to Add New Life to Your Craft,event
event::Picking Up What was Lost,Picking Up What was Lost,event
event::Memoir as Storytelling,Memoir as Storytelling,event
"event::Thrills, Chills & Authors Who Kill: A Murder Mystery and Discussion","Thrills, Chills & Authors Who Kill: A Murder Mystery and Discussion",event
event::Great Big Little: The Unlimits of Flash Fiction,Great Big Little: The Unlimits of Flash Fiction,event
event::Writers of Fiction,Writers of Fiction,event
event::Examining Tone and Voice in Poetry,Examining Tone and Voice in Poetry,event
event::Saturday Night Gala,Saturday Night Gala,event
event::Write for fun! Workshop for Young Writers,Write for fun! Workshop for Young Writers,event
event::The Path to Publication,The Path to Publication,event
event::Aging and Creativity,Aging and Creativity,event
event::Meditations,Meditations,event
"event::Bird Song: Finding a New, Natural Voice","Bird Song: Finding a New, Natural Voice",event
event::Placing the Perfect / Line Break,Placing the Perfect / Line Break,event
event::Characterizing Climate Change,Characterizing Climate Change,event
event::Meditation,Meditation,event
event::How to Create a Successful Writing Group,How to Create a Successful Writing Group,event
event::Memoir’s Companions,Memoir’s Companions,event
event::The Sunday Brunch,The Sunday Brunch,event
event::Storytime for Families: Bailey the Bat and the Tangled Moose,Storytime for Families: Bailey the Bat and the Tangled Moose,event
event::Difficult Truths: Providing Children & Youth Context for Tough Topics,Difficult Truths: Providing Children & Youth Context for Tough Topics,event
event::Virtual Evening with Israeli Author Ayelet Gundar-Goshen,Virtual Evening with Israeli Author Ayelet Gundar-Goshen,event
event::Jodi Picoult - The Book of Two Ways,Jodi Picoult - The Book of Two Ways,event
"event::DEEPAK CHOPRA, Total Meditation: Practices In Living the Awakened Life","DEEPAK CHOPRA, Total Meditation: Practices In Living the Awakened Life",event
event::Yotam Ottolenghi - Ottolenghi Flavor: A Cookbook,Yotam Ottolenghi - Ottolenghi Flavor: A Cookbook,event
event::Jonathan Safran Foer - We Are the Weather: Saving the Planet Begins at Breakfast,Jonathan Safran Foer - We Are the Weather: Saving the Planet Begins at Breakfast,event
"event::Judy Gold - Yes, I Can Say That: When They Come for the Comedians, We Are All In Trouble","Judy Gold - Yes, I Can Say That: When They Come for the Comedians, We Are All In Trouble",event
event::JBF2021 - ON THE MOTHERS AND DAUGHTERS SPECTRUM,JBF2021 - ON THE MOTHERS AND DAUGHTERS SPECTRUM,event
event::JBF2021 - PROLOGUE - BOOK LAUNCH YOSEF WOSK,JBF2021 - PROLOGUE - BOOK LAUNCH YOSEF WOSK,event
event::Book Launch | Disfigured with Amanda Leduc (free event),Book Launch | Disfigured with Amanda Leduc (free event),event
event::Sask Book Awards Nominees Reading Session at the Mae Wilson Theatre,Sask Book Awards Nominees Reading Session at the Mae Wilson Theatre,event
"event::September Stories with Licia Canton
","September Stories with Licia Canton
",event
"event::Poetry and Politics: A Performance by Liana Cusmano - Books and Biscotti Literary Series
","Poetry and Politics: A Performance by Liana Cusmano - Books and Biscotti Literary Series
",event
event::Facebook Live Book Launch for On Their Own Terms,Facebook Live Book Launch for On Their Own Terms,event
"event::ACCENTi's ""Let's Write!""
","ACCENTi's ""Let's Write!""
",event
"event::ACCENTi's ""Let's Write!""
","ACCENTi's ""Let's Write!""
",event
"event::ACCENTi's ""Let's Write!""
","ACCENTi's ""Let's Write!""
",event
"event::ACCENTi's ""Let's Write!""
","ACCENTi's ""Let's Write!""
",event
event::Legacy of Trees: Historical Trees of Stanley Park (Online),Legacy of Trees: Historical Trees of Stanley Park (Online),event
"event::Spring Stories with Licia Canton
","Spring Stories with Licia Canton
",event
"event::September Stories with Domenic Cusmano
","September Stories with Domenic Cusmano
",event
"event::Poetry and Politics 2: A Performance by Liana Cusmano - Books and Biscotti Literary Series
","Poetry and Politics 2: A Performance by Liana Cusmano - Books and Biscotti Literary Series
",event
"event::Must Be May with Liana Cusmano - Books and Biscotti Literary Series
","Must Be May with Liana Cusmano - Books and Biscotti Literary Series
",event
event::Legacy of Trees: Caring for Our Parks,Legacy of Trees: Caring for Our Parks,event
event::Writing and Promoting Books in the Time of Covid-19,Writing and Promoting Books in the Time of Covid-19,event
"event::Remembrance: Intergenerational Stories of War, with Caitlin Hicks, Pat Skidmore and Jacqueline Carmichael","Remembrance: Intergenerational Stories of War, with Caitlin Hicks, Pat Skidmore and Jacqueline Carmichael",event
event::Northern Book Launch of Journal of a Travelling Girl,Northern Book Launch of Journal of a Travelling Girl,event
event::A West Coast Read-Aloud Christmas,A West Coast Read-Aloud Christmas,event
event::Virtual Launch:'Flourishing and Free: More True Stories of Trailblazing Women of Vancouver Island',Virtual Launch:'Flourishing and Free: More True Stories of Trailblazing Women of Vancouver Island',event
event::Virtual Author Visit with Sara Cassidy & Sydney Barnes • Painted Fences,Virtual Author Visit with Sara Cassidy & Sydney Barnes • Painted Fences,event
"event::IG LIVE with Elly MacKay
","IG LIVE with Elly MacKay
",event
"event::FB LIVE with Vikki VanSickle
","FB LIVE with Vikki VanSickle
",event
"event::IG LIVE with Kallie George
","IG LIVE with Kallie George
",event
"event::Twitter LIVE with Susin Nielsen and David A. Robertson
","Twitter LIVE with Susin Nielsen and David A. Robertson
",event
event::Book Launch: Afterlight by Isa Milman,Book Launch: Afterlight by Isa Milman,event
"event::IG LIVE with Kass Reich
","IG LIVE with Kass Reich
",event
"event::FB LIVE with Dan Bar-el
","FB LIVE with Dan Bar-el
",event
"event::Shelf-Care Saturday with Vikki VanSickle
","Shelf-Care Saturday with Vikki VanSickle
",event
event::Lunch with Megabit,Lunch with Megabit,event
event::Book Launch: Muggins by Grant Hayter-Menzies,Book Launch: Muggins by Grant Hayter-Menzies,event
"event::FB LIVE: Alma and the Beast
","FB LIVE: Alma and the Beast
",event
event::Book Launch & Talk: Little Wolf & White Raven by Teoni Spathelfer,Book Launch & Talk: Little Wolf & White Raven by Teoni Spathelfer,event
"event::FB LIVE: Sigmund Brouwer
","FB LIVE: Sigmund Brouwer
",event
event::Book Launch: Failed to Return with Keith C. Ogilvie,Book Launch: Failed to Return with Keith C. Ogilvie,event
"event::IG LIVE: Linda Bailey
","IG LIVE: Linda Bailey
",event
"event::FB Live: Someone's Good Books
","FB Live: Someone's Good Books
",event
event::Book Launch: Aggie and Mudgy by Wendy Proverbs,Book Launch: Aggie and Mudgy by Wendy Proverbs,event
"event::Twitter Live: Susin Nielsen
","Twitter Live: Susin Nielsen
",event
"event::IG LIVE: Cale's Storytime - Where Oliver Fits
","IG LIVE: Cale's Storytime - Where Oliver Fits
",event
"event::IG LIVE: Cale's Storytime - Sir Simon
","IG LIVE: Cale's Storytime - Sir Simon
",event
"event::IG LIVE: Cale's Storytime - Unicorns 101
","IG LIVE: Cale's Storytime - Unicorns 101
",event
"event::Junior Library Guild presents Ben Clanton
","Junior Library Guild presents Ben Clanton
",event
"event::IG LIVE: If I Couldn't Be Anne Story Time
","IG LIVE: If I Couldn't Be Anne Story Time
",event
"event::IG LIVE: Cupcakes and Cordial with Kallie George
","IG LIVE: Cupcakes and Cordial with Kallie George
",event
"event::IG LIVE: If I Couldn't Be Anne Story Time
","IG LIVE: If I Couldn't Be Anne Story Time
",event
"event::IG LIVE: If I Couldn't Be Anne Story Time
","IG LIVE: If I Couldn't Be Anne Story Time
",event
"event::FB LIVE: Lauren Soloy
","FB LIVE: Lauren Soloy
",event
"event::IG Live: Ben Clanton
","IG Live: Ben Clanton
",event
"event::Magical Objects & Mythical Beasts with Zetta Elliott
","Magical Objects & Mythical Beasts with Zetta Elliott
",event
"event::Story Ninjas Rule with Sigmund Brouwer
","Story Ninjas Rule with Sigmund Brouwer
",event
"event::Emily Arrow Story Time
","Emily Arrow Story Time
",event
"event::Aggie Morton Mystery Party
","Aggie Morton Mystery Party
",event
"event::Virtual Launch: On the Trapline
","Virtual Launch: On the Trapline
",event
"event::Out Into the Big Wide Lake Virtual Book Launch
","Out Into the Big Wide Lake Virtual Book Launch
",event
"event::Royal Kids Storytime Series: We Adopted a Baby Lamb
","Royal Kids Storytime Series: We Adopted a Baby Lamb
",event
"event::Virtual Launch: Scaredy Squirrel in a Nutshell with Melanie Watt
","Virtual Launch: Scaredy Squirrel in a Nutshell with Melanie Watt
",event
"event::Little Witch Hazel Instagram Live
","Little Witch Hazel Instagram Live
",event
"event::#IndieEventsWith David A. Robertson
","#IndieEventsWith David A. Robertson
",event
event::GIRL WHO LOVED GIRAFFES VIRTUAL BOOK LAUNCH,GIRL WHO LOVED GIRAFFES VIRTUAL BOOK LAUNCH,event
"event::Book Launch When the Squirrels Stole My Sister
","Book Launch When the Squirrels Stole My Sister
",event
"event::An evening of Mystery and Fantasy: virtual book launch
","An evening of Mystery and Fantasy: virtual book launch
",event
"event::Virtual reading: The Bum Drum Conundrum
","Virtual reading: The Bum Drum Conundrum
",event
"event::Cover reveal and pre-release party!
","Cover reveal and pre-release party!
",event
"event::Triple Book Launch: Matti McLean, Lynne Sargent, & Raluca Balasa
","Triple Book Launch: Matti McLean, Lynne Sargent, & Raluca Balasa
",event
"event::Our Story: A Little Sister's Book Reading with Robert Hamilton
","Our Story: A Little Sister's Book Reading with Robert Hamilton
",event
"event::Interactive narratives
","Interactive narratives
",event
"event::Book Launch of Death by Association and Q&A with author Madona Skaff
","Book Launch of Death by Association and Q&A with author Madona Skaff
",event
"event::Readings of queer myth and history
","Readings of queer myth and history
",event
"event::Read Québec: Renaissance Press Readings
","Read Québec: Renaissance Press Readings
",event
"event::Renaissance author Q&A
","Renaissance author Q&A
",event
event::Virtual Poetry Reading and Open Mic,Virtual Poetry Reading and Open Mic,event
event::Poetry Slam,Poetry Slam,event
event::Virtual Poetry Reading & Open Mic,Virtual Poetry Reading & Open Mic,event
event::Virtual Poetry Reading & Open Mic,Virtual Poetry Reading & Open Mic,event
event::Virtual Poetry Reading & Open Mic,Virtual Poetry Reading & Open Mic,event
event::Virtual Poetry Reading & Open Mic,Virtual Poetry Reading & Open Mic,event
event::Virtual Poetry Reading,Virtual Poetry Reading,event
event::Virtual Poetry Reading & Open Mic,Virtual Poetry Reading & Open Mic,event
event::Virtual Poetry Reading & Open Mic,Virtual Poetry Reading & Open Mic,event
event::Virtual Poetry Reading & Open Mic,Virtual Poetry Reading & Open Mic,event
event::Open Mic Poetry Reading,Open Mic Poetry Reading,event
"event::Distant Early Warning - PenguiCon launch
","Distant Early Warning - PenguiCon launch
",event
"event::Renaissance Fall/Winter pre-launch and cover reveal
","Renaissance Fall/Winter pre-launch and cover reveal
",event
"event::AfriCANthology Kickstarter launch celebration
","AfriCANthology Kickstarter launch celebration
",event
"event::Deck the Halls with Books - a celebration
","Deck the Halls with Books - a celebration
",event
event::L'identité Noire et les deux solitudes - Black identity and the two solitudes,L'identité Noire et les deux solitudes - Black identity and the two solitudes,event
event::Not a Monolith: Blackness Across Canada,Not a Monolith: Blackness Across Canada,event
"event::On The Shoulders of Giants
","On The Shoulders of Giants
",event
"event::AfriCANthology book launch / Perspectives of Black Canadian Poets
","AfriCANthology book launch / Perspectives of Black Canadian Poets
",event
"event::An evening of thrills and mystery
","An evening of thrills and mystery
",event
event::Local author reading with Sarah Butler,Local author reading with Sarah Butler,event
event::Vanessa Farnsworth author reading,Vanessa Farnsworth author reading,event
event::Live Author Panel - Writing the Indigenous Experience in Northern Ontario with Darlene Naponse and Leanna Marshall,Live Author Panel - Writing the Indigenous Experience in Northern Ontario with Darlene Naponse and Leanna Marshall,event
event::Live Author Panel - Writing and Publishing in Northern Ontario with Eleanor Albanese and Brit Griffin,Live Author Panel - Writing and Publishing in Northern Ontario with Eleanor Albanese and Brit Griffin,event
event::Online Lunchtime Story with Nancy Rose,Online Lunchtime Story with Nancy Rose,event
event::Online Story Time with Kathy Stinson,Online Story Time with Kathy Stinson,event
event::Online Story Time with Jean E Pendziwol,Online Story Time with Jean E Pendziwol,event
"event::APP Online - Jordan Abel & David Bradford
","APP Online - Jordan Abel & David Bradford
",event
"event::APP Online - stephanie roberts & Yusuf Saadi
","APP Online - stephanie roberts & Yusuf Saadi
",event
"event::APP Online - Ashley Obscura & Tara McGowan-Ross
","APP Online - Ashley Obscura & Tara McGowan-Ross
",event
"event::APP Online - Nicole Raziya Fong & Anahita Jamali Rad
","APP Online - Nicole Raziya Fong & Anahita Jamali Rad
",event
"event::Rebecca Păpucaru & Gillian Sze: Atwater Poetry Project Online
","Rebecca Păpucaru & Gillian Sze: Atwater Poetry Project Online
",event
"event::APP ONLINE: Tolu Oloruntoba & Jason 'Blackbird' Selman
","APP ONLINE: Tolu Oloruntoba & Jason 'Blackbird' Selman
",event
"event::Issue 78 Launch!
","Issue 78 Launch!
",event
"event::Soliloquies Anthology Issue 26.1 Zoom Launch & Reading
","Soliloquies Anthology Issue 26.1 Zoom Launch & Reading
",event
"event::Announcing the Finalists for the 23rd QWF Awards
","Announcing the Finalists for the 23rd QWF Awards
",event
"event::ELAN & QWF Schmoozer
","ELAN & QWF Schmoozer
",event
"event::Writing As Activism
","Writing As Activism
",event
"event::Palimpsest Press Fall Launch 2021
","Palimpsest Press Fall Launch 2021
",event
"event::International Attic Owl - September Sunday!
","International Attic Owl - September Sunday!
",event
"event::International Attic Owl - October Sunday!
","International Attic Owl - October Sunday!
",event
"event::Suture by Nic Brewer Virtual Book Launch
","Suture by Nic Brewer Virtual Book Launch
",event
"event::Iceland Is Melting and So Are You by Talya Rubin Virtual Launch
","Iceland Is Melting and So Are You by Talya Rubin Virtual Launch
",event
"event::Tongues: On Longing and Belonging through Language Virtual Launch
","Tongues: On Longing and Belonging through Language Virtual Launch
",event
"event::Canadian Launch of Moments of Happiness
","Canadian Launch of Moments of Happiness
",event
"event::Book Club: Charlie Petch
","Book Club: Charlie Petch
",event
"event::Book Launch: Dream of No One but Myself
","Book Launch: Dream of No One but Myself
",event
"event::Book Launch: Autowar
","Book Launch: Autowar
",event
"event::Book Club: David Bradford and Leah Horlick
","Book Club: David Bradford and Leah Horlick
",event
"event::Tree Reading Series ft Natalie Wee & Chimwemwe Undi
","Tree Reading Series ft Natalie Wee & Chimwemwe Undi
",event
"event::Tree Reading Series ft. Manahil Bandukwala & Junie Desil
","Tree Reading Series ft. Manahil Bandukwala & Junie Desil
",event
"event::Tree Reading Series ft. Amy Leblanc & John Paul Martinez
","Tree Reading Series ft. Amy Leblanc & John Paul Martinez
",event
"event::Tree Reading Series ft Chuqiao Yang & Lark Omura
","Tree Reading Series ft Chuqiao Yang & Lark Omura
",event
"event::Tree Reading Series Ft. David Ly & Sarah Maria Medina
","Tree Reading Series Ft. David Ly & Sarah Maria Medina
",event
"event::The Way We Mom
","The Way We Mom
",event
event::Virtual Poetry Reading & Open Mic,Virtual Poetry Reading & Open Mic,event
event::Poetry Reading & Open Mic,Poetry Reading & Open Mic,event
event::Poetry Reading & Open Mic,Poetry Reading & Open Mic,event
event::Virtual Poetry Reading & Open Mic,Virtual Poetry Reading & Open Mic,event
event::Virtual Poetry Reading & Open Mic,Virtual Poetry Reading & Open Mic,event
event::Poetry Reading & Open Mic,Poetry Reading & Open Mic,event
"event::Haiku Night - Poetry Reading, Open Mic & Book Launch","Haiku Night - Poetry Reading, Open Mic & Book Launch",event
event::Poetry Reading & Open Mic,Poetry Reading & Open Mic,event
event::Poetry Reading & Open Mic,Poetry Reading & Open Mic,event
event::Poetry Reading & Open Mic,Poetry Reading & Open Mic,event
event::Poetry Reading & Open Mic,Poetry Reading & Open Mic,event
"event::David Ly & Amy LeBlanc: In Conversation
","David Ly & Amy LeBlanc: In Conversation
",event
"event::Terry Fallis: In Conversation with Josh Lambier
","Terry Fallis: In Conversation with Josh Lambier
",event
"event::James Reaney Memorial Lecture 2021: Tales for a Reaney Day
","James Reaney Memorial Lecture 2021: Tales for a Reaney Day
",event
"event::Poetry Live! An Evening of Open Mic Poetry at Words with Randell Adjei
","Poetry Live! An Evening of Open Mic Poetry at Words with Randell Adjei
",event
"event::The Comic Book Collector: Eddy Smet, Ivan Kocmarek, and the History of Canadian Comics
","The Comic Book Collector: Eddy Smet, Ivan Kocmarek, and the History of Canadian Comics
",event
"event::Becoming a Writer: A Conversation for Aspiring Writers
","Becoming a Writer: A Conversation for Aspiring Writers
",event
"event::Liz Howard and Canisia Lubrin: In Conversation
","Liz Howard and Canisia Lubrin: In Conversation
",event
"event::Ivan Coyote & Zalika Reid-Benta: In Conversation
","Ivan Coyote & Zalika Reid-Benta: In Conversation
",event
"event::Cornelia Hoogland & Penn Kemp: In Conversation
","Cornelia Hoogland & Penn Kemp: In Conversation
",event
"event::Jesse Wente: In Conversation
","Jesse Wente: In Conversation
",event
"event::Linden MacIntyre: In Conversation
","Linden MacIntyre: In Conversation
",event
"event::Gary Barwin: In Conversation
","Gary Barwin: In Conversation
",event
"event::Wayne Johnston: In Conversation
","Wayne Johnston: In Conversation
",event
"event::Tomson Highway: In Conversation
","Tomson Highway: In Conversation
",event
"event::Shani Mootoo: In Conversation with Richard Fung
","Shani Mootoo: In Conversation with Richard Fung
",event
"event::The Comic Book Collector: Eddy Smet, Ivan Kocmarek, and the History of Canadian Comics","The Comic Book Collector: Eddy Smet, Ivan Kocmarek, and the History of Canadian Comics",event
"event::David Huebert & Sydney Brooman: In Conversation
","David Huebert & Sydney Brooman: In Conversation
",event
"event::A Chapbook Launch with 845 Press and Rose Garden Press
","A Chapbook Launch with 845 Press and Rose Garden Press
",event
"event::The Future of Theatre: Dennis Garnhum In Conversation with Michael Milde
","The Future of Theatre: Dennis Garnhum In Conversation with Michael Milde
",event
"event::Active Voice Presents: Ruby Singh
","Active Voice Presents: Ruby Singh
",event
"event::Active Voice Presents: Hill Kourkoutis
","Active Voice Presents: Hill Kourkoutis
",event
"event::Active Voice Presents: Zoe Whittall
","Active Voice Presents: Zoe Whittall
",event
"event::Active Voice Presents: Angela Sterritt
","Active Voice Presents: Angela Sterritt
",event
"event::People Change: Vivek Shraya in Conversation with Marsha Lederman
","People Change: Vivek Shraya in Conversation with Marsha Lederman
",event
"event::In Conversation with Michael Schur, Author, ""How to Be Perfect""
","In Conversation with Michael Schur, Author, ""How to Be Perfect""
",event
"event::Winter Book Club: Heather O’Neill in Conversation with Claire Cameron
","Winter Book Club: Heather O’Neill in Conversation with Claire Cameron
",event
"event::Vancouver BC An Evening with David Sedaris
","Vancouver BC An Evening with David Sedaris
",event
"event::Planet Earth Poetry - 26th Season Opener/Fundraiser Event
","Planet Earth Poetry - 26th Season Opener/Fundraiser Event
",event
"event::Planet Earth Poetry: Linda K. Thompson and Pam Porter
","Planet Earth Poetry: Linda K. Thompson and Pam Porter
",event
"event::Planet Earth Poetry: Matsuki Masutani with Poetic Opener, Cynthia Woodman
","Planet Earth Poetry: Matsuki Masutani with Poetic Opener, Cynthia Woodman
",event
"event::Planet Earth Poetry: Featured Reader: Danielle Janess with Poetic Opener: Anne Hopkinson
","Planet Earth Poetry: Featured Reader: Danielle Janess with Poetic Opener: Anne Hopkinson
",event
event::Planet Earth Poetry - Featured Reader: RC Weslowski with Poetic Opener: Richard Osler,Planet Earth Poetry - Featured Reader: RC Weslowski with Poetic Opener: Richard Osler,event
"event::Planet Earth Poetry: Raven Chapbooks Zoom Launch
","Planet Earth Poetry: Raven Chapbooks Zoom Launch
",event
"event::Planet Earth Poetry: Featured Reader: Laura Apol with Poetic Opener: Jamie Dopp
","Planet Earth Poetry: Featured Reader: Laura Apol with Poetic Opener: Jamie Dopp
",event
"event::Planet Earth Poetry: Feature Poet Pamela Medland with Poetic Opener Medwyn McConachy
","Planet Earth Poetry: Feature Poet Pamela Medland with Poetic Opener Medwyn McConachy
",event
"event::Planet Earth Poetry: Feature Poet Renée Sarojini Saklikar with Poetic Opener Susan Braley
","Planet Earth Poetry: Feature Poet Renée Sarojini Saklikar with Poetic Opener Susan Braley
",event
"event::Planet Earth Poetry: Feature Poet Wendy Donawa with Poetic Opener Leila Kulpas
","Planet Earth Poetry: Feature Poet Wendy Donawa with Poetic Opener Leila Kulpas
",event
"event::Planet Earth Poetry: Frontenac 2021 Quartet - A Special Zoom Only Launch
","Planet Earth Poetry: Frontenac 2021 Quartet - A Special Zoom Only Launch
",event
"event::Planet Earth Poetry Special Evening: Wendy Morton's Annual Birthday Reading, with Henry Doyle
","Planet Earth Poetry Special Evening: Wendy Morton's Annual Birthday Reading, with Henry Doyle
",event
"event::Planet Earth Poetry: Feature Poet Francine Merasty with Poetic Opener Josephine LoRe
","Planet Earth Poetry: Feature Poet Francine Merasty with Poetic Opener Josephine LoRe
",event
"event::Planet Earth Poetry: Feature Poet Dallas Hunt with Poetic Opener Marlene Grand-Maître
","Planet Earth Poetry: Feature Poet Dallas Hunt with Poetic Opener Marlene Grand-Maître
",event
"event::Planet Earth Poetry: Feature Poet: Jeremy Loveday with Poetic Opener: Kyeren Regehr
","Planet Earth Poetry: Feature Poet: Jeremy Loveday with Poetic Opener: Kyeren Regehr
",event
"event::Planet Earth Poetry: Feature Poet: Geoff Inverarity with Poetic Opener: Sharon Sunhye Lee
","Planet Earth Poetry: Feature Poet: Geoff Inverarity with Poetic Opener: Sharon Sunhye Lee
",event
"event::Planet Earth Poetry: Feature Poet John Swanson with Poetic Opener Christine Walde
","Planet Earth Poetry: Feature Poet John Swanson with Poetic Opener Christine Walde
",event
"event::Planet Earth Poetry: Feature Poet Gary Geddes with Poetic Opener Nancy Issenman
","Planet Earth Poetry: Feature Poet Gary Geddes with Poetic Opener Nancy Issenman
",event
"event::Planet Earth Poetry: Feature Poet Assiyah Jamilla Touré with Poetic Opener Margaret Lonsdale
","Planet Earth Poetry: Feature Poet Assiyah Jamilla Touré with Poetic Opener Margaret Lonsdale
",event
"event::Planet Earth Poetry: Feature Poet Cornelia Hoogland with Poetic Opener Barbara Pelman
","Planet Earth Poetry: Feature Poet Cornelia Hoogland with Poetic Opener Barbara Pelman
",event
"event::Planet Earth Poetry: Feature Poet Kelsey Andrews with Poetic Opener Shawnda Wilson
","Planet Earth Poetry: Feature Poet Kelsey Andrews with Poetic Opener Shawnda Wilson
",event
"event::Planet Earth Poetry: Chapbook Launch - Wild Swings
","Planet Earth Poetry: Chapbook Launch - Wild Swings
",event
"event::Planet Earth Poetry: Feature Poet Doris Fiszer with Poetic Opener Terry Ann Carter
","Planet Earth Poetry: Feature Poet Doris Fiszer with Poetic Opener Terry Ann Carter
",event
"event::Planet Earth Poetry: Feature Poet Ellie Sawatzky with Poetic Opener Joey Scarfone
","Planet Earth Poetry: Feature Poet Ellie Sawatzky with Poetic Opener Joey Scarfone
",event
"event::Planet Earth Poetry: Feature Poet Alan Hill with Poetic Opener Wendy Donawa
","Planet Earth Poetry: Feature Poet Alan Hill with Poetic Opener Wendy Donawa
",event
"event::Planet Earth Poetry: Feature Poet Sarah de Leeuw with Poetic Opener Carol Halligan
","Planet Earth Poetry: Feature Poet Sarah de Leeuw with Poetic Opener Carol Halligan
",event
event::The Short Story: Getting In Between Spaces,The Short Story: Getting In Between Spaces,event
"event::Narrating Identity, Memory, and (Dis)Belonging","Narrating Identity, Memory, and (Dis)Belonging",event
event::Top 10 Tips for Building Your Literary Community Online,Top 10 Tips for Building Your Literary Community Online,event
"event::Quantum Physics, Biology, Genetics: How Three Women Use Science in Writing","Quantum Physics, Biology, Genetics: How Three Women Use Science in Writing",event
"event::Toxic Truths: Lola Akinmade Åkerström & Helen Walsh
","Toxic Truths: Lola Akinmade Åkerström & Helen Walsh
",event
"event::GGBooks Finalists in Conversation: The Day the World Stops Shopping, with J.B. MacKinnon
","GGBooks Finalists in Conversation: The Day the World Stops Shopping, with J.B. MacKinnon
",event
"event::GGBooks Finalists in Conversation: Writing the Self, with Ivan Coyote & Larry Audlaluk
","GGBooks Finalists in Conversation: Writing the Self, with Ivan Coyote & Larry Audlaluk
",event
"event::GGBooks Finalists in Conversation: What I Remember, What I Know, with Larry Audlaluk
","GGBooks Finalists in Conversation: What I Remember, What I Know, with Larry Audlaluk
",event
event::Poetry Reading & Open Mic,Poetry Reading & Open Mic,event
event::Open Mic Night,Open Mic Night,event
"event::GGBooks Finalists in Conversation: Reckoning with Nature, with Jenna Butler & J.B. MacKinnon
","GGBooks Finalists in Conversation: Reckoning with Nature, with Jenna Butler & J.B. MacKinnon
",event
"event::Colson Whitehead in Conversation with Randy Boyagoda
","Colson Whitehead in Conversation with Randy Boyagoda
",event
event::Poetry Open Mic Night,Poetry Open Mic Night,event
"event::Ashley Audrain and Paula Hawkins in Conversation
","Ashley Audrain and Paula Hawkins in Conversation
",event
event::Poetry and Open Mic Night,Poetry and Open Mic Night,event
"event::Jólabókaflóð: The Christmas Book Avalanche
","Jólabókaflóð: The Christmas Book Avalanche
",event
event::Poetry and Open Mic Night,Poetry and Open Mic Night,event
"event::TIFA Virtual Book Club
","TIFA Virtual Book Club
",event
event::Poetry and Open Mic Night,Poetry and Open Mic Night,event
event::Poetry and Open Mic Night,Poetry and Open Mic Night,event
event::Anthology Launch,Anthology Launch,event
"event::The New Embassy: Hope and the Human Spirit
","The New Embassy: Hope and the Human Spirit
",event
event::Parkland Poets Open Mic Night,Parkland Poets Open Mic Night,event
event::Poetry and Open Mic Night,Poetry and Open Mic Night,event
"event::The New Embassy: Beautiful Journeys
","The New Embassy: Beautiful Journeys
",event
event::Poetry and Open Mic,Poetry and Open Mic,event
"event::VERSEFEST + IN OUR TONGUES WORKSHOP - BODILY FEELINGS: WRITING POETRY USING AFFECTIVE OBJECTS
","VERSEFEST + IN OUR TONGUES WORKSHOP - BODILY FEELINGS: WRITING POETRY USING AFFECTIVE OBJECTS
",event
event::Poetry and Open Mic Night,Poetry and Open Mic Night,event
event::Poetry and Open Mic,Poetry and Open Mic,event
"event::Poet Laureate Reading - VERSeFest 2021
","Poet Laureate Reading - VERSeFest 2021
",event
"event::Approaches to Collaboration: A Workshop with MA|DE
","Approaches to Collaboration: A Workshop with MA|DE
",event
"event::Official Opening - VERSeFest 2021
","Official Opening - VERSeFest 2021
",event
"event::Director's Choice - VERSeFest 2021
","Director's Choice - VERSeFest 2021
",event
"event::Tree Reading Series Presents - VERSeFest 2021
","Tree Reading Series Presents - VERSeFest 2021
",event
"event::Projet TERRE - VERSeFest 2021
","Projet TERRE - VERSeFest 2021
",event
"event::Arc Poetry Magazine Presents - VERSeFest 2021
","Arc Poetry Magazine Presents - VERSeFest 2021
",event
"event::Plan 99 Presents - VERSeFest 2021
","Plan 99 Presents - VERSeFest 2021
",event
"event::Verse Across Canada - VERSeFest 2021
","Verse Across Canada - VERSeFest 2021
",event
"event::VERSeFest 2021 Invitational Poetry Slam
","VERSeFest 2021 Invitational Poetry Slam
",event
"event::Factory Lecture Series - VERSeFest 2021
","Factory Lecture Series - VERSeFest 2021
",event
"event::In/Words & Blue Mondays - VERSeFest 2021
","In/Words & Blue Mondays - VERSeFest 2021
",event
event::From Plants to Pages: Helen Humphreys on Field Studies,From Plants to Pages: Helen Humphreys on Field Studies,event
event::JBF2021 - OPENING NIGHT,JBF2021 - OPENING NIGHT,event
event::Body of Correspondence: Finding Connections Through Letters,Body of Correspondence: Finding Connections Through Letters,event
event::JBF2021 - PARENTING – TIMELY CONVERSATIONS,JBF2021 - PARENTING – TIMELY CONVERSATIONS,event
event::JBF2021 - CULTURAL IDENTITY,JBF2021 - CULTURAL IDENTITY,event
event::JBF2021 - SOUTH OF THE EQUATOR,JBF2021 - SOUTH OF THE EQUATOR,event
event::JBF2021 - NAOMI K. LEWIS / Tiny Lights for Travellers In conversation with Dr. ABBY WENER HERLIN,JBF2021 - NAOMI K. LEWIS / Tiny Lights for Travellers In conversation with Dr. ABBY WENER HERLIN,event
event::JBF2021 - SETH KLEIN / A Good War: Mobilizing Canada for the Climate Emergency In conversation,JBF2021 - SETH KLEIN / A Good War: Mobilizing Canada for the Climate Emergency In conversation,event
event::JBF2021 - TALIA CARNER / The Third Daughter,JBF2021 - TALIA CARNER / The Third Daughter,event
event::Colum McCann on his book Apeirogon,Colum McCann on his book Apeirogon,event
event::Jewish Book Festival : Holocaust International Rememberance day,Jewish Book Festival : Holocaust International Rememberance day,event
event::Jewish Book Festival: For Children,Jewish Book Festival: For Children,event
event::Disability Series #3: QWF Poetry and Prose Showcase,Disability Series #3: QWF Poetry and Prose Showcase,event
"event::Book Launch: Kathleen Winter, Undersong","Book Launch: Kathleen Winter, Undersong",event
event::Sarah Pinsker and K.M. Szpara,Sarah Pinsker and K.M. Szpara,event
"event::Book Launch: Cassandra Khaw, The All-Consuming World","Book Launch: Cassandra Khaw, The All-Consuming World",event
"event::Argo Zoom Reading Series: Verse, Prose & Song","Argo Zoom Reading Series: Verse, Prose & Song",event
event::An evening of horror with Catriona Ward and Cassandra Khaw,An evening of horror with Catriona Ward and Cassandra Khaw,event
"event::Catherynne M. Valente, Comfort Me With Apples","Catherynne M. Valente, Comfort Me With Apples",event
event::November Reading Series,November Reading Series,event
event::Ada Palmer: Perhaps the Stars,Ada Palmer: Perhaps the Stars,event
event::Ryka Aoki & Charlie Jane Anders,Ryka Aoki & Charlie Jane Anders,event
"event::Book Launch: Jason Camlot, Vlarf and John Emil Vincent, Bitter in the Belly","Book Launch: Jason Camlot, Vlarf and John Emil Vincent, Bitter in the Belly",event
event::Rosemary Mosco Talks to Gretchen McCulloch about Pigeons,Rosemary Mosco Talks to Gretchen McCulloch about Pigeons,event
"event::Solstice Fest at Argo Zoom Reading Series: Verse, Prose & Song","Solstice Fest at Argo Zoom Reading Series: Verse, Prose & Song",event
event::Theo Ellsworth & Jeff VanderMeer Launch Secret Life,Theo Ellsworth & Jeff VanderMeer Launch Secret Life,event
event::Strange Futures Book Club: Something New Under the Sun,Strange Futures Book Club: Something New Under the Sun,event
event::Graphic Novel Book Club: My Begging Chart by Keiler Roberts,Graphic Novel Book Club: My Begging Chart by Keiler Roberts,event
event::Young Readers Book Club: New Kid,Young Readers Book Club: New Kid,event
event::Jewish Book Festival: Investigating the New Antisemitism,Jewish Book Festival: Investigating the New Antisemitism,event
event::Jewish Book Festival 2022: X-Troop: The Secret Jewish Commandos of World War II by Leah Garrett,Jewish Book Festival 2022: X-Troop: The Secret Jewish Commandos of World War II by Leah Garrett,event
event::Jewish Book Festival: Historical Quests,Jewish Book Festival: Historical Quests,event
event::Jewish Book Festival: Mythical Quests,Jewish Book Festival: Mythical Quests,event
event::Jewish Book Festival: Judith McCormack,Jewish Book Festival: Judith McCormack,event
"event::Both Sides Now Launch with Peyton Thomas and Glad Day Bookshop
","Both Sides Now Launch with Peyton Thomas and Glad Day Bookshop
",event
"event::Book Launch: Work For A Million
","Book Launch: Work For A Million
",event
"event::In a Heartbeat: Booklaunch
","In a Heartbeat: Booklaunch
",event
"event::Electric Vice Launch
","Electric Vice Launch
",event
"event::PANEL : Queer Guys in Sci-Fi [NAKED HEART FESTIVAL]
","PANEL : Queer Guys in Sci-Fi [NAKED HEART FESTIVAL]
",event
"event::READING : Wet Ink, New Books [Naked Heart Festival]
","READING : Wet Ink, New Books [Naked Heart Festival]
",event
"event::PANEL: The Final Chapter [Naked Heart Festival]
","PANEL: The Final Chapter [Naked Heart Festival]
",event
"event::PANEL : (I wish we could stop) Talking About the Pandemic [NAKED HEART FESTIVAL]
","PANEL : (I wish we could stop) Talking About the Pandemic [NAKED HEART FESTIVAL]
",event
"event::PANEL : Dark Comedy - The Trauma and Humour Dance
","PANEL : Dark Comedy - The Trauma and Humour Dance
",event
"event::PANEL : The Trouble With Joy
","PANEL : The Trouble With Joy
",event
"event::Virtual Book Tour: Crip Kinship by Shayda Kafai, in conversation with Alex Cafarelli
","Virtual Book Tour: Crip Kinship by Shayda Kafai, in conversation with Alex Cafarelli
",event
"event::To speak, write, perform and play
","To speak, write, perform and play
",event
"event::Fresh Pages at Words & Music Sunday
","Fresh Pages at Words & Music Sunday
",event
"event::Last Nights of Summer at Words & Music Sunday
","Last Nights of Summer at Words & Music Sunday
",event
"event::Words & Music LIVE at Café Resonance
","Words & Music LIVE at Café Resonance
",event
"event::Flamenco Words, Music and Dance LIVE at Resonance
","Flamenco Words, Music and Dance LIVE at Resonance
",event
"event::Skin Tone and Top Poets LIVE at Resonance Sunday
","Skin Tone and Top Poets LIVE at Resonance Sunday
",event
"event::Living the Plague at Words & Music Monday
","Living the Plague at Words & Music Monday
",event
"event::How to Be Your Own Editor with Farzana Doctor
","How to Be Your Own Editor with Farzana Doctor
",event
"event::Getting Paid Through PLR
","Getting Paid Through PLR
",event
"event::TWUC Awards Announcement
","TWUC Awards Announcement
",event
"event::7 Quick Emotions-Based Strategies to Help Your Writing
","7 Quick Emotions-Based Strategies to Help Your Writing
",event
"event::TWUC Awards Announcement
","TWUC Awards Announcement
",event
"event::Health Benefits for Writers: Q&A with the Writers’ Coalition
","Health Benefits for Writers: Q&A with the Writers’ Coalition
",event
"event::The Art of the Pitch: Get Your Manuscript into the Right Hands
","The Art of the Pitch: Get Your Manuscript into the Right Hands
",event
"event::Scrittura ed editoria: creatività e mercato
","Scrittura ed editoria: creatività e mercato
",event
"event::Writing Workshop: Writing Illness, Writing Wellness with Eufemia Fantetti
","Writing Workshop: Writing Illness, Writing Wellness with Eufemia Fantetti
",event
"event::DC Virtual Launch 10|25, 3 - 4:30 pm
","DC Virtual Launch 10|25, 3 - 4:30 pm
",event
"event::DC Books Spring Launch
","DC Books Spring Launch
",event
"event::WordSpring2021
","WordSpring2021
",event
event::Georgian Bay Reads 2021,Georgian Bay Reads 2021,event
event::Gay Reads Book Club: Butter Honey Pig Bread,Gay Reads Book Club: Butter Honey Pig Bread,event
event::Indigenous Literatures Book Club: Five Little Indians,Indigenous Literatures Book Club: Five Little Indians,event
event::Jewish Book Festival: Art Celebrating Jewish Disability Awareness Acceptance and Inclusion Month,Jewish Book Festival: Art Celebrating Jewish Disability Awareness Acceptance and Inclusion Month,event
event::Jewish Book Festival: Yiddish Literature,Jewish Book Festival: Yiddish Literature,event
event::Jewish Book Festival: Short Story Fest,Jewish Book Festival: Short Story Fest,event
event::Jewish Book Festival: For Book Clubs and Book Lovers,Jewish Book Festival: For Book Clubs and Book Lovers,event
"event::Lori Hahnel launches VERMIN
","Lori Hahnel launches VERMIN
",event
"event::Patti Edgar launches ANNA, ANALYST
","Patti Edgar launches ANNA, ANALYST
",event
"event::In Converation: Anna Quon with Dorothy Ellen Palmer
","In Converation: Anna Quon with Dorothy Ellen Palmer
",event
"event::Zoom Launch: The Sasquatch, the Fire and the Cedar Baskets
","Zoom Launch: The Sasquatch, the Fire and the Cedar Baskets
",event
"event::Affirmation: A Reading on Zoom
","Affirmation: A Reading on Zoom
",event
"event::We Sing Ourselves Back, A Jude Neale Retrospective Poetry Evening
","We Sing Ourselves Back, A Jude Neale Retrospective Poetry Evening
",event
"event::Alberni Valley Words on Fire - Open Mic Event
","Alberni Valley Words on Fire - Open Mic Event
",event
"event::Author Connection with Alan Hill
","Author Connection with Alan Hill
",event
"event::Story Weavers Memoir Workshop
","Story Weavers Memoir Workshop
",event
"event::Coffee Break - What Editors Do
","Coffee Break - What Editors Do
",event
"event::In/Verse September: 4 Poets Read their Work with Fiona Tinwei Lam
","In/Verse September: 4 Poets Read their Work with Fiona Tinwei Lam
",event
"event::The Power of Cross Promotion - with Author Bill Arnott
","The Power of Cross Promotion - with Author Bill Arnott
",event
"event::Author Connection: Kate Braid, 'Hammer & Nail: Notes of a Journeywoman'
","Author Connection: Kate Braid, 'Hammer & Nail: Notes of a Journeywoman'
",event
event::Teen Book Club: Iron Widow,Teen Book Club: Iron Widow,event
"event::Author Connection: Katherine Fawcett, 'The Swan Suit'
","Author Connection: Katherine Fawcett, 'The Swan Suit'
",event
"event::Coffee Break - Building Tension in Your Story
","Coffee Break - Building Tension in Your Story
",event
"event::Coffee Break: Carla Stein Teaches How to Use the Mic Effectively
","Coffee Break: Carla Stein Teaches How to Use the Mic Effectively
",event
"event::Author Connection - With R.E. Donald & Laesa Kim, Guest Hosted by Pat Buckna
","Author Connection - With R.E. Donald & Laesa Kim, Guest Hosted by Pat Buckna
",event
event::New Reads Book Club: Personal Attention Roleplay,New Reads Book Club: Personal Attention Roleplay,event
"event::Book Journey with Wendy Burton, Claudia Cornwall & David Floody
","Book Journey with Wendy Burton, Claudia Cornwall & David Floody
",event
event::Graphic Novel Book Club: Factory Summers,Graphic Novel Book Club: Factory Summers,event
event::The Good Arabs Book Launch,The Good Arabs Book Launch,event
"event::Coffee Break - A Discussion About 'Save the Cat' and Pacing the Story
","Coffee Break - A Discussion About 'Save the Cat' and Pacing the Story
",event
"event::Vicki Drybrough and Warren Dean Fulton feature at Alberni Valley Words on Fire open mic
","Vicki Drybrough and Warren Dean Fulton feature at Alberni Valley Words on Fire open mic
",event
"event::Author Connection: Pat Buckna Interviews CV Gauthier & Anna Byrne
","Author Connection: Pat Buckna Interviews CV Gauthier & Anna Byrne
",event
"event::In/Verse poetry event, with Fiona Tinwei Lam and Joseph Dandurand, Francine Cunningham, Sonnet L'Abbé and Stephen T. Berg
","In/Verse poetry event, with Fiona Tinwei Lam and Joseph Dandurand, Francine Cunningham, Sonnet L'Abbé and Stephen T. Berg
",event
"event::Coffee Break Zoom Event with Susan Shapiro, Author of The Byline Bible
","Coffee Break Zoom Event with Susan Shapiro, Author of The Byline Bible
",event
"event::Monday, Oct. 12, 7 pm: Working with an Editor: Coffee Break with Lenore Hietkamp
","Monday, Oct. 12, 7 pm: Working with an Editor: Coffee Break with Lenore Hietkamp
",event
"event::Alberni Valley Words on Fire Open Mic/Spoken Word, featuring Lozan Yamolky and Haley Healey
","Alberni Valley Words on Fire Open Mic/Spoken Word, featuring Lozan Yamolky and Haley Healey
",event
event::Jewish Book Festival: Pnina Granirer,Jewish Book Festival: Pnina Granirer,event
event::Jewish Book Festival: Novels of Now,Jewish Book Festival: Novels of Now,event
event::Jewish Book Festival 2022: Art and War,Jewish Book Festival 2022: Art and War,event
event::Jewish Book Festival: History and Controversy,Jewish Book Festival: History and Controversy,event
event::Jewish Book Festival: Closing Night,Jewish Book Festival: Closing Night,event
event::Zoom into Poetry between two Provinces,Zoom into Poetry between two Provinces,event
event::Zoom into Poetry between two Provinces,Zoom into Poetry between two Provinces,event
event::Sunday afternoon Zoom into Poetry,Sunday afternoon Zoom into Poetry,event
event::Sunday afternoon Zoom into Poetry,Sunday afternoon Zoom into Poetry,event
event::An online workshop open to the public w/readings & feedback,An online workshop open to the public w/readings & feedback,event
event::HALLOWEEN OPEN MIC Samhain Scary Poem Reading,HALLOWEEN OPEN MIC Samhain Scary Poem Reading,event
event::Sunday afternoon Zoom into Poetry,Sunday afternoon Zoom into Poetry,event
event::Drawing inspiration from the Northern Natural world,Drawing inspiration from the Northern Natural world,event
event::IndigiLit Fiction Workshop - Northwords 2020,IndigiLit Fiction Workshop - Northwords 2020,event
event::Using Short Stories and Writing to Reclaim Culture and Tradition,Using Short Stories and Writing to Reclaim Culture and Tradition,event
"event::Speaking From the Heart, Journaling and Writing Poetry with Tota","Speaking From the Heart, Journaling and Writing Poetry with Tota",event
event::Panel: Journalist Challenges of Constantly Generating Content,Panel: Journalist Challenges of Constantly Generating Content,event
event::Scriptwriting Workshop with Jay Bulckaert and Lindsey McNeill,Scriptwriting Workshop with Jay Bulckaert and Lindsey McNeill,event
event::Q&A Session with Jake Ootes,Q&A Session with Jake Ootes,event
event::Panel Discussion: Writing for the Screen - Northwords 2020,Panel Discussion: Writing for the Screen - Northwords 2020,event
"event::In 4 Panels, Try Your Hand at Sequential Storytelling","In 4 Panels, Try Your Hand at Sequential Storytelling",event
event::Panel Discussion: Addressing Social Issues Through Literature,Panel Discussion: Addressing Social Issues Through Literature,event
event::Panel Discussion: Traditional Publishing and Self-publishing,Panel Discussion: Traditional Publishing and Self-publishing,event
event::Book Launch - Personal Attention Roleplay by Helen Chau Bradley,Book Launch - Personal Attention Roleplay by Helen Chau Bradley,event
event::Creation Space - Adult Poetry Writing Workshop with Robyn Scott,Creation Space - Adult Poetry Writing Workshop with Robyn Scott,event
event::Northern Loving: A Spoken Word Event (In person & live streamed),Northern Loving: A Spoken Word Event (In person & live streamed),event
event::Family Storytime,Family Storytime,event
event::Workshop: Writing Poetry about Illness and Disability,Workshop: Writing Poetry about Illness and Disability,event
event::Traditional Storytelling,Traditional Storytelling,event
event::Workshop: Developing Relatable Canadian Children's Literature,Workshop: Developing Relatable Canadian Children's Literature,event
event::Panel discussion: Our Path to Publishing,Panel discussion: Our Path to Publishing,event
event::Blush: An Evening of Erotica & Sensuality,Blush: An Evening of Erotica & Sensuality,event
event::Panel discussion: Choosing the Best Genre to Tell Your Stories,Panel discussion: Choosing the Best Genre to Tell Your Stories,event
"event::Thurs., Oct. 15, 2 pm FBCW Author Connection with Stella Harvey, Donna Kane and host Pat Buckna
","Thurs., Oct. 15, 2 pm FBCW Author Connection with Stella Harvey, Donna Kane and host Pat Buckna
",event
"event::Fri., Oct. 16, 9 a.m. Pacific time Basic Zoom! Intro to teleconferencing for FBCW members wanting to explore the possibilities
","Fri., Oct. 16, 9 a.m. Pacific time Basic Zoom! Intro to teleconferencing for FBCW members wanting to explore the possibilities
",event
"event::FBCW Memoir Workshop - From Confession to Revelation: How to Tell Your Story
","FBCW Memoir Workshop - From Confession to Revelation: How to Tell Your Story
",event
"event::Book Journey - Colton Nelson interviews Pat Buckna, Nina Shoroplova and Myrtle Siebert
","Book Journey - Colton Nelson interviews Pat Buckna, Nina Shoroplova and Myrtle Siebert
",event
"event::Coffee Break with Lois Klassen / with the Vancouver Art Book Festival/Art Book Week
","Coffee Break with Lois Klassen / with the Vancouver Art Book Festival/Art Book Week
",event
"event::FBCW Author Connection with George Elliott Clarke
","FBCW Author Connection with George Elliott Clarke
",event
"event::Oct. 22, 7 pm Cowichan Valley Spotlight: The FBCW showcases writers from the Cowichan Valley, with host Suzanne Anderson
","Oct. 22, 7 pm Cowichan Valley Spotlight: The FBCW showcases writers from the Cowichan Valley, with host Suzanne Anderson
",event
"event::Oct. 24, 7 p.m. Telling the Truth: Non-fiction/Essays with host Megan Cole, Jane Silcott and Erika Thorkelson
","Oct. 24, 7 p.m. Telling the Truth: Non-fiction/Essays with host Megan Cole, Jane Silcott and Erika Thorkelson
",event
"event::Tips & Tricks to Help Authors Save Time
","Tips & Tricks to Help Authors Save Time
",event
"event::Mon., Oct. 26, 7pm Coffee Break - KT Wagner talks Horror Writing
","Mon., Oct. 26, 7pm Coffee Break - KT Wagner talks Horror Writing
",event
"event::Wed., Oct. 28, 7 pm Alberni Valley Words on Fire Open Micat Chars Landing with Herb Bryce & Andrea Monticue
","Wed., Oct. 28, 7 pm Alberni Valley Words on Fire Open Micat Chars Landing with Herb Bryce & Andrea Monticue
",event
"event::A Remembrance Author Connection: Women Who Write About War, with Jacqueline Carmichael, Susan Raby-Dunne, Annette Fulford & Liz Walker
","A Remembrance Author Connection: Women Who Write About War, with Jacqueline Carmichael, Susan Raby-Dunne, Annette Fulford & Liz Walker
",event
"event::Sunday, Nov. 8, 2 pm: Wayde Compton, Betsy Warland & Yvonne Blomer
","Sunday, Nov. 8, 2 pm: Wayde Compton, Betsy Warland & Yvonne Blomer
",event
"event::Sat., Nov. 14 at 2 p.m.: In/Verse with host Fiona Tinwei Lam, Susan Alexander, Shirley Graham, Peter Levitt, Arleen Paré
","Sat., Nov. 14 at 2 p.m.: In/Verse with host Fiona Tinwei Lam, Susan Alexander, Shirley Graham, Peter Levitt, Arleen Paré
",event
"event::Tues., Nov. 17, 7 pm: FBCW Golden Ears Writers Spotlight
","Tues., Nov. 17, 7 pm: FBCW Golden Ears Writers Spotlight
",event
"event::Thurs., Nov. 19, 2 pm FBCW Author Connection with authors Jenn Ashton and Randy Fred
","Thurs., Nov. 19, 2 pm FBCW Author Connection with authors Jenn Ashton and Randy Fred
",event
"event::Thurs., Nov. 19, 7 pm Arrow Lakes FBCW Writers Spotlight
","Thurs., Nov. 19, 7 pm Arrow Lakes FBCW Writers Spotlight
",event
"event::Thurs., Nov. 26, 7 pm: Kelowna Writers FBCW Spotlight with host Meaghan Hackinen
","Thurs., Nov. 26, 7 pm: Kelowna Writers FBCW Spotlight with host Meaghan Hackinen
",event
"event::NOV. 28, 7 pm FBCW Telling the Truth: Conversations about Creative Non-Fiction, with host Megan Cole, Darrel McLeod and Chelene Knight
","NOV. 28, 7 pm FBCW Telling the Truth: Conversations about Creative Non-Fiction, with host Megan Cole, Darrel McLeod and Chelene Knight
",event
"event::Query Quest: The Hunt for Representation
","Query Quest: The Hunt for Representation
",event
"event::Dec 12: In/Verse with Fiona Tinwei Tam
","Dec 12: In/Verse with Fiona Tinwei Tam
",event
"event::What are the steps to publish a book?
","What are the steps to publish a book?
",event
"event::Jan 9: In/Verse with Fiona Tinwei Lam
","Jan 9: In/Verse with Fiona Tinwei Lam
",event
"event::Getting Started with Freelance Writing
","Getting Started with Freelance Writing
",event
"event::Jan 23: Telling the Truth: Conversations about Creative Nonfiction with Megan Cole
","Jan 23: Telling the Truth: Conversations about Creative Nonfiction with Megan Cole
",event
event::Strange Futures Book Club: Dhalgren by Samuel R. Delany,Strange Futures Book Club: Dhalgren by Samuel R. Delany,event
event::Gay Reads Book Club: The Spectacular,Gay Reads Book Club: The Spectacular,event
event::Indigenous Literatures Book Club: The Prairie Chicken Dance Tour,Indigenous Literatures Book Club: The Prairie Chicken Dance Tour,event
event::Graphic Novel Book Club: Night Bus,Graphic Novel Book Club: Night Bus,event
event::Teen Book Club: Last Night at the Telegraph Club,Teen Book Club: Last Night at the Telegraph Club,event
event::Made-Up Book Launch!,Made-Up Book Launch!,event
event::Workshop: Discovering the Stories Within Us,Workshop: Discovering the Stories Within Us,event
event::Workshop: The Recipe for Writing Great Fiction,Workshop: The Recipe for Writing Great Fiction,event
event::Conversation: Exploring Identity,Conversation: Exploring Identity,event
event::Panel discussion: Paying the Land - Representation and Remembrance,Panel discussion: Paying the Land - Representation and Remembrance,event
event::Annual General Meeting & Writing Workshop,Annual General Meeting & Writing Workshop,event
event::Book Launch Livestream: Rita Moir's Not of Reason,Book Launch Livestream: Rita Moir's Not of Reason,event
"event::Book Launch • Norah Bowman • Breath, Like Water: An Anticolonial Romance","Book Launch • Norah Bowman • Breath, Like Water: An Anticolonial Romance",event
event::Book Launch • Geoff Mynett • Murders on the Skeena,Book Launch • Geoff Mynett • Murders on the Skeena,event
event::Book Launch • Kagan Goh • Surviving Samsara,Book Launch • Kagan Goh • Surviving Samsara,event
event::BookFest Windsor 2020,BookFest Windsor 2020,event
event::Desmond Cole in conversation with Natasha Henry,Desmond Cole in conversation with Natasha Henry,event
event::BF / FdL Windsor 2020 Poetry Cafe,BF / FdL Windsor 2020 Poetry Cafe,event
event::Literary Arts Windsor presents: Danielle Younge-Ullman,Literary Arts Windsor presents: Danielle Younge-Ullman,event
event::Literary Arts Windsor presents: Randell Adjei,Literary Arts Windsor presents: Randell Adjei,event
event::Media Launch 2021,Media Launch 2021,event
event::BFW Thursday Night Thrillers,BFW Thursday Night Thrillers,event
event::BookFest / Festival du Livre 2021,BookFest / Festival du Livre 2021,event
"event::The Publication Process: Writer, Editor, and Agent Connect","The Publication Process: Writer, Editor, and Agent Connect",event
event::Love and Loss: Reflecting on Your Roots,Love and Loss: Reflecting on Your Roots,event
event::Forming First Collections,Forming First Collections,event
event::Making a Living as a Writer,Making a Living as a Writer,event
event::Writing With Style,Writing With Style,event
"event::Tamas Dobozy on Building the Perfect, Decrepit Utopia","Tamas Dobozy on Building the Perfect, Decrepit Utopia",event
event::Writing for a Young Adult Audience,Writing for a Young Adult Audience,event
event::From Stage to Page,From Stage to Page,event
event::Zeitgeist Poetry: Writing That Speaks to the Moment,Zeitgeist Poetry: Writing That Speaks to the Moment,event
event::Finding Solace: Retreats and Reading,Finding Solace: Retreats and Reading,event
event::Self-Publishing,Self-Publishing,event
event::Beyond Ear Candy—Making Podcasts That Matter,Beyond Ear Candy—Making Podcasts That Matter,event
event::A Long Look Back: Reimagining History in Your Writing,A Long Look Back: Reimagining History in Your Writing,event
event::BFW Friday Night Fiction,BFW Friday Night Fiction,event
event::BFW Words and Illustrations,BFW Words and Illustrations,event
event::BFW: Candid Conversations,BFW: Candid Conversations,event
event::BFW: Black History Celebration,BFW: Black History Celebration,event
event::Spotlight on Indigenous Authors 2021,Spotlight on Indigenous Authors 2021,event
event::BFW: Tailgate Party (with music),BFW: Tailgate Party (with music),event
event::BFW: Poetry Cafe,BFW: Poetry Cafe,event
"event::Doodling, Noodling, and Oodles of Comic Advice","Doodling, Noodling, and Oodles of Comic Advice",event
"event::Mentorship: The Good, The Bad, and The Ugly","Mentorship: The Good, The Bad, and The Ugly",event
"event::Brockton Writers Series, November 10, 2021","Brockton Writers Series, November 10, 2021",event
"event::Brockton Writers Series - Wednesday, January 12, 2022","Brockton Writers Series - Wednesday, January 12, 2022",event
"event::Brockton Writers Series, March 9, 2022","Brockton Writers Series, March 9, 2022",event
event::Presenting / Reading Your Work,Presenting / Reading Your Work,event
event::Power in Poetry,Power in Poetry,event
event::**SOLD OUT**Fiction Workshop with Christy-Ann Conlin,**SOLD OUT**Fiction Workshop with Christy-Ann Conlin,event
event::Celebrating Graphic Novels - Knock-Knock Jokes,Celebrating Graphic Novels - Knock-Knock Jokes,event
event::What’s Your Superpower: Make Your Own Avatar,What’s Your Superpower: Make Your Own Avatar,event
event::Let's Make Comics with Tory,Let's Make Comics with Tory,event
event::Let’s Make Comics with Tory – Drawing all the things!,Let’s Make Comics with Tory – Drawing all the things!,event
event::Let's Make Comics with Tory!,Let's Make Comics with Tory!,event
event::Kindness and Caring - Main Event,Kindness and Caring - Main Event,event
event::Storytelling Picnic - Main Event,Storytelling Picnic - Main Event,event
"event::Family, Friends and Neighbours - Main Event","Family, Friends and Neighbours - Main Event",event
event::Workshop (for adults) on How to Write for Children with Alan Syliboy,Workshop (for adults) on How to Write for Children with Alan Syliboy,event
event::Heard in the Highlands,Heard in the Highlands,event
"event::**SOLD OUT**Breathe, Write, Repeat: A Workshop for Body & Mind (Baddeck)","**SOLD OUT**Breathe, Write, Repeat: A Workshop for Body & Mind (Baddeck)",event
event::**SOLD OUT!** Saturday Night at the Festival,**SOLD OUT!** Saturday Night at the Festival,event
event::**SOLD OUT**Memoir Workshop with Donna Morrissey,**SOLD OUT**Memoir Workshop with Donna Morrissey,event
event::Poetry Workshop with Sylvia D. Hamilton,Poetry Workshop with Sylvia D. Hamilton,event
"event::Beyond Words: Writers Making Music, Film & Art","Beyond Words: Writers Making Music, Film & Art",event
event::Sunday Night in Chéticamp,Sunday Night in Chéticamp,event
event::Book Launch: Saving the City by Daniel Sanger,Book Launch: Saving the City by Daniel Sanger,event
"event::Book Launch: Jaspreet Singh's My Mother, My Translator","Book Launch: Jaspreet Singh's My Mother, My Translator",event
"event::Book Launch: Erik Lindner's Words are the Worst, translated by Francis R. Jones","Book Launch: Erik Lindner's Words are the Worst, translated by Francis R. Jones",event
"event::Dimitri Nasrallah's HOTLINE launch, featuring Nantali Indongo & Baharan Baniahmadi","Dimitri Nasrallah's HOTLINE launch, featuring Nantali Indongo & Baharan Baniahmadi",event
event::Sonja Ahlers – Swan Song w/ Safy-Hallan Farah,Sonja Ahlers – Swan Song w/ Safy-Hallan Farah,event
event::Neil Surkan – Unbecoming w/ Special Guests,Neil Surkan – Unbecoming w/ Special Guests,event
event::Vivek Shraya in conversation with David Ross,Vivek Shraya in conversation with David Ross,event
event::Sheila Heti in Conversation with Esi Edugyan,Sheila Heti in Conversation with Esi Edugyan,event
event::Toufah Jallow in Conversation with Celina Caesar-Chavannes,Toufah Jallow in Conversation with Celina Caesar-Chavannes,event
"event::Amish Trivedi, Khashayar Mohammadi, Amanda Earl, Isabella Wang + rob mclennan : virtual reading series #1","Amish Trivedi, Khashayar Mohammadi, Amanda Earl, Isabella Wang + rob mclennan : virtual reading series #1",event
"event::Gil McElroy, Conyer Clayton, K.I. Press, Gary Barwin + IAN MARTIN : virtual reading series #2","Gil McElroy, Conyer Clayton, K.I. Press, Gary Barwin + IAN MARTIN : virtual reading series #2",event
"event::Rebecca Rustin, Forrest Gander, Shane Rhodes, Johannes Göransson + Ellen Chang-Richardson : virtual reading series #6","Rebecca Rustin, Forrest Gander, Shane Rhodes, Johannes Göransson + Ellen Chang-Richardson : virtual reading series #6",event
"event::derek beaulieu, Orchid Tierney, Catriona Strang, Simon Brown + Laura K. McRae : virtual reading series #7","derek beaulieu, Orchid Tierney, Catriona Strang, Simon Brown + Laura K. McRae : virtual reading series #7",event
"event::Razielle Aigen, Fred Schmalz, Chris Nealon, Matthew Rohrer + Noelle Kocot (read by Matthew Rohrer) : virtual reading series #8","Razielle Aigen, Fred Schmalz, Chris Nealon, Matthew Rohrer + Noelle Kocot (read by Matthew Rohrer) : virtual reading series #8",event
"event::Laurie Ray Hill reads from ""Paper Stones""","Laurie Ray Hill reads from ""Paper Stones""",event
"event::Adeena Karasick, Pearl Pirie, Paul Brookes, Manahil Bandukwala + Margo LaPierre : virtual reading series #3","Adeena Karasick, Pearl Pirie, Paul Brookes, Manahil Bandukwala + Margo LaPierre : virtual reading series #3",event
"event::Emily Izsak, Adam Clay, émilie kneifel, Chris Johnson + Natalee Caple : virtual reading series #4","Emily Izsak, Adam Clay, émilie kneifel, Chris Johnson + Natalee Caple : virtual reading series #4",event
"event::Megan Burns, Jacqueline Valencia, Sadiqa de Meijer, Heather Sweeney + Hailey Higdon : the virtual reading series #5","Megan Burns, Jacqueline Valencia, Sadiqa de Meijer, Heather Sweeney + Hailey Higdon : the virtual reading series #5",event
"event::Jacob McArthur Mooney, Kim Fahner, Claire Caldwell, Monty Reid + Curtis Emery : virtual reading series #9","Jacob McArthur Mooney, Kim Fahner, Claire Caldwell, Monty Reid + Curtis Emery : virtual reading series #9",event
"event::Julia Polyck-O'Neill, Aaron Tucker, Claire Kelly, Su Croll + Christian McPherson : virtual reading series #10","Julia Polyck-O'Neill, Aaron Tucker, Claire Kelly, Su Croll + Christian McPherson : virtual reading series #10",event
"event::Noah Eli Gordon, Arielle Greenberg, Jean Marc Ah-Sen, Fiona Tinwei Lam + Eleonore Schönmaier : virtual reading series #11","Noah Eli Gordon, Arielle Greenberg, Jean Marc Ah-Sen, Fiona Tinwei Lam + Eleonore Schönmaier : virtual reading series #11",event
"event::natalie hanna, Chris Banks, Kayla Czaga, David Koehn + Melissa Eleftherion : the virtual reading series #12","natalie hanna, Chris Banks, Kayla Czaga, David Koehn + Melissa Eleftherion : the virtual reading series #12",event
"event::Carrie Olivia Adams, Cynthia Cruz, Wendy McGrath, Niina Pollari + Franklin Bruno: virtual reading series #13","Carrie Olivia Adams, Cynthia Cruz, Wendy McGrath, Niina Pollari + Franklin Bruno: virtual reading series #13",event
"event::Isabel Sobral Campos, Sommer Browning, Sonia Di Placido, Tunchai Redvers + Erin Emily Ann Vance : virtual reading series #14
","Isabel Sobral Campos, Sommer Browning, Sonia Di Placido, Tunchai Redvers + Erin Emily Ann Vance : virtual reading series #14
",event
"event::Shaindel Beers, Mari-Lou Rowley, Grant Loveys, Amanda Deutch + Adrienne Gruber : virtual reading series #15","Shaindel Beers, Mari-Lou Rowley, Grant Loveys, Amanda Deutch + Adrienne Gruber : virtual reading series #15",event
"event::Rob Manery, Eléna Rivera, Beatriz Hausner, Peter Midgley + Lydia Unsworth : virtual reading series #16","Rob Manery, Eléna Rivera, Beatriz Hausner, Peter Midgley + Lydia Unsworth : virtual reading series #16",event
"event::Nicole Raziya Fong, Julie Joosten, Joanna Lilley, Jules Arita Koostachin + Sarah Ens : virtual reading series #17","Nicole Raziya Fong, Julie Joosten, Joanna Lilley, Jules Arita Koostachin + Sarah Ens : virtual reading series #17",event
"event::Heidi Greco, Ken Belford, Kim Goldberg, Bill Neumire + Christina Thatcher : Virtual reading series #18","Heidi Greco, Ken Belford, Kim Goldberg, Bill Neumire + Christina Thatcher : Virtual reading series #18",event
"event::Kimberly Alidio, Lisa Fishman, J.R. Carpenter, Gary Barwin + Rose Maloukis : virtual reading series #19","Kimberly Alidio, Lisa Fishman, J.R. Carpenter, Gary Barwin + Rose Maloukis : virtual reading series #19",event
"event::Misha Solomon, Elana Wolff, Marlon L. Fick + Nathanael O’Reilly : virtual reading series #20","Misha Solomon, Elana Wolff, Marlon L. Fick + Nathanael O’Reilly : virtual reading series #20",event
"event::James Lindsay, Dennis Cooley, Gerald Hill, Paul Pearson + Carrie Hunter : virtual reading series #21","James Lindsay, Dennis Cooley, Gerald Hill, Paul Pearson + Carrie Hunter : virtual reading series #21",event
"event::Kevin Spenst, Kyle Kinaschuk, Andrew K. Peterson, Buck Downs + Andy Weaver : virtual reading series #22","Kevin Spenst, Kyle Kinaschuk, Andrew K. Peterson, Buck Downs + Andy Weaver : virtual reading series #22",event
"event::Emily Murman, Tony Iantosca, Jennifer Hasegawa, Joshua Marie Wilkinson + Claire Farley : virtual reading series #23","Emily Murman, Tony Iantosca, Jennifer Hasegawa, Joshua Marie Wilkinson + Claire Farley : virtual reading series #23",event
"event::Mike Montreuil, Jessica Moore, Tom Prime, Amelia Does + Shayne Coffin : virtual reading series #24","Mike Montreuil, Jessica Moore, Tom Prime, Amelia Does + Shayne Coffin : virtual reading series #24",event
"event::Tim Duffy, Sarah Venart, Joshua Beckman, Joshua Corey + Leesa Dean : virtual reading series #25","Tim Duffy, Sarah Venart, Joshua Beckman, Joshua Corey + Leesa Dean : virtual reading series #25",event
"event::George Elliott Clarke, John M. Bennett, Jay Heins, Emmalea Russo + Valerie Witte : virtual reading series #26","George Elliott Clarke, John M. Bennett, Jay Heins, Emmalea Russo + Valerie Witte : virtual reading series #26",event
"event::James Yeary, Vanessa Jimenez Gabb, Monica Mody, Jenny Drai + Ben Robinson : virtual reading series #27","James Yeary, Vanessa Jimenez Gabb, Monica Mody, Jenny Drai + Ben Robinson : virtual reading series #27",event
"event::R. Kolewe, Nate Logan, Katie Naughton, Sue Bracken + Catherine Hunter : virtual reading series #28","R. Kolewe, Nate Logan, Katie Naughton, Sue Bracken + Catherine Hunter : virtual reading series #28",event
event::The Lost Cafeteria Online Launch,The Lost Cafeteria Online Launch,event
"event::Listening to Pitch-Shifted Singing (Before Autotune), Led by Jonathan Sterne, 1 April 2020","Listening to Pitch-Shifted Singing (Before Autotune), Led by Jonathan Sterne, 1 April 2020",event
"event::Listening to Gendered Voices, Led by Katherine McLeod, 8 April 2020","Listening to Gendered Voices, Led by Katherine McLeod, 8 April 2020",event
"event::Deep Curation: Listening to Improvisation, Led by Klara du Plessis, 15 April 2020","Deep Curation: Listening to Improvisation, Led by Klara du Plessis, 15 April 2020",event
"event::The Ethics and Aesthetics of Public Sound Art: A Listening Practice, Led by Jared Wiercinski, 22 April 2020","The Ethics and Aesthetics of Public Sound Art: A Listening Practice, Led by Jared Wiercinski, 22 April 2020",event
event::Virtual Book Launch: The Abortion Caravan w/ McNally Robinson,Virtual Book Launch: The Abortion Caravan w/ McNally Robinson,event
event::Menno Moto Virtual Launch,Menno Moto Virtual Launch,event
event::In Conversation: Samra Zafar and Dr. Lynn Gehl,In Conversation: Samra Zafar and Dr. Lynn Gehl,event
event::Cancelled: Community Classroom Event!,Cancelled: Community Classroom Event!,event
"event::A Listening Practice, Led by Karis Shearer and Amy Thiessen, 6 May 2020","A Listening Practice, Led by Karis Shearer and Amy Thiessen, 6 May 2020",event
event::Virtual Listening Practice Guided by Felicity Tayler and Mathieu Aubin - Lesbian Liberation Across Media: Listening to Video,Virtual Listening Practice Guided by Felicity Tayler and Mathieu Aubin - Lesbian Liberation Across Media: Listening to Video,event
"event::Phonogenicity: A Listening Practice, Led by Patrick Feaster, 13 May 2020","Phonogenicity: A Listening Practice, Led by Patrick Feaster, 13 May 2020",event
event::Cancelled: Spirit in the Sky: Pop Culture and Spirituality,Cancelled: Spirit in the Sky: Pop Culture and Spirituality,event
event::Cancelled: Wonderland Story Time Tea Party,Cancelled: Wonderland Story Time Tea Party,event
event::Andrew Unger Virtual Book Launch,Andrew Unger Virtual Book Launch,event
event::Hayley Gene Penner launching People You Follow,Hayley Gene Penner launching People You Follow,event
event::Tannis M. Richardson Virtual Book Launch,Tannis M. Richardson Virtual Book Launch,event
event::David A. Robertson Virtual Book Launch,David A. Robertson Virtual Book Launch,event
event::Jonathan Ball Virtual Book Launch,Jonathan Ball Virtual Book Launch,event
event::Sarah Klassen Virtual Book Launch,Sarah Klassen Virtual Book Launch,event
event::Reg Sherren Virtual Book Launch,Reg Sherren Virtual Book Launch,event
event::James A. Burns Virtual Book Launch,James A. Burns Virtual Book Launch,event
event::Allan Levine Virtual Book Launch,Allan Levine Virtual Book Launch,event
event::Love After the End Online Book Launch,Love After the End Online Book Launch,event
event::Sami Jo Small Virtual Book Launch,Sami Jo Small Virtual Book Launch,event
event::Colleen Nelson & Maureen Fergus Dual Virtual Book Launch,Colleen Nelson & Maureen Fergus Dual Virtual Book Launch,event
event::Jeffrey John Eyamie Virtual Book Launch,Jeffrey John Eyamie Virtual Book Launch,event
event::Viral Songs,Viral Songs,event
event::Jack London Online Book Launch,Jack London Online Book Launch,event
event::Anna Rosner Virtual Book Launch with Jamie & Reggie Leach,Anna Rosner Virtual Book Launch with Jamie & Reggie Leach,event
event::David Elias Virtual Book Launch,David Elias Virtual Book Launch,event
event::Dennis Cooley Virtual Book Launch,Dennis Cooley Virtual Book Launch,event
event::Jerry Fontaine Virtual Ceremony & Book Launch,Jerry Fontaine Virtual Ceremony & Book Launch,event
event::Christine Hanlon Online Book Launch,Christine Hanlon Online Book Launch,event
event::Geoff Kirbyson Virtual Book Launch,Geoff Kirbyson Virtual Book Launch,event
event::Tasha Spillett Virtual Book Launch,Tasha Spillett Virtual Book Launch,event
event::Raymond Mason Virtual Book Launch,Raymond Mason Virtual Book Launch,event
event::The Prairie Garden 2021 Virtual Book Launch,The Prairie Garden 2021 Virtual Book Launch,event
event::Celia Rabinovitch Virtual Book Launch (Duchamp's Pipe),Celia Rabinovitch Virtual Book Launch (Duchamp's Pipe),event
event::Brendan Kelly J.W. Dafoe Book Prize Online Event,Brendan Kelly J.W. Dafoe Book Prize Online Event,event
event::Darren Bernhardt Virtual Book Launch,Darren Bernhardt Virtual Book Launch,event
event::Kama La Mackerel (ZOM-FAM) Virtual Prairie Launch,Kama La Mackerel (ZOM-FAM) Virtual Prairie Launch,event
event::Alex Passey Virtual Book Launch,Alex Passey Virtual Book Launch,event
event::Dennis Cooley & Guests Virtual Book Launch,Dennis Cooley & Guests Virtual Book Launch,event
event::Gerald Brandt & Julie E. Czerneda Online Event,Gerald Brandt & Julie E. Czerneda Online Event,event
event::Climate in Fiction: Patricia Robertson with Catherine Bush & Sharon English,Climate in Fiction: Patricia Robertson with Catherine Bush & Sharon English,event
"event::Anastasia Bucsis, Eric Radford, Chris Voth & Erin Silver Online Book Event","Anastasia Bucsis, Eric Radford, Chris Voth & Erin Silver Online Book Event",event
event::Aimée Craft Online Book Launch (Treaty Words),Aimée Craft Online Book Launch (Treaty Words),event
event::Philipp Schott Online Book Launch (The Willow Wren),Philipp Schott Online Book Launch (The Willow Wren),event
event::Home is a Beautiful Word,Home is a Beautiful Word,event
event::Colleen Nelson & Deborah Kerbel Dual Online Book Launch,Colleen Nelson & Deborah Kerbel Dual Online Book Launch,event
event::Des mots à l’apéro,Des mots à l’apéro,event
event::Tête-à-Tête,Tête-à-Tête,event
event::Jon Waldman Online Book Launch (Swimming Aimlessly),Jon Waldman Online Book Launch (Swimming Aimlessly),event
event::Louella Lester Online Book Launch (Glass Bricks),Louella Lester Online Book Launch (Glass Bricks),event
event::Kelly Bowen Online Book Launch (The Paris Apartment),Kelly Bowen Online Book Launch (The Paris Apartment),event
event::J. R. Léveillé Online Book Launch (Ex Nihilo),J. R. Léveillé Online Book Launch (Ex Nihilo),event
event::Carol Anne Hilton Online Book Event (Indigenomics),Carol Anne Hilton Online Book Event (Indigenomics),event
event::Colin Harris Online Book Launch (Take Me Outside),Colin Harris Online Book Launch (Take Me Outside),event
event::Book Launch - Status Update by Cliff Eyland and George Toles,Book Launch - Status Update by Cliff Eyland and George Toles,event
event::Kazim Ali (Northern Light) Online Book Event with Michael Hutchinson,Kazim Ali (Northern Light) Online Book Event with Michael Hutchinson,event
event::Marjorie (M.M.) DeLuca Online Book Launch,Marjorie (M.M.) DeLuca Online Book Launch,event
event::Tasha Spillett-Sumner & Michaela Goade Online Book Launch hosted by David A. Robertson,Tasha Spillett-Sumner & Michaela Goade Online Book Launch hosted by David A. Robertson,event
event::Warming Huts Celebratory Online Book Launch,Warming Huts Celebratory Online Book Launch,event
event::Keith Cadieux (Signal Decay) Online Book Launch with Seyward Goodhand,Keith Cadieux (Signal Decay) Online Book Launch with Seyward Goodhand,event
event::Jordan Abel Online Book Launch (NISHGA),Jordan Abel Online Book Launch (NISHGA),event
"event::Lovern Kindzierski Online Launch of Hell's Flaw, hosted by Holly Halftone","Lovern Kindzierski Online Launch of Hell's Flaw, hosted by Holly Halftone",event
event::Joanne Epp (Cattail Skyline) Online Book Launch,Joanne Epp (Cattail Skyline) Online Book Launch,event
event::The Politics of the Canoe Online Book Launch,The Politics of the Canoe Online Book Launch,event
"event::A Listening Practice, Led by Steven High, 8 July 2020","A Listening Practice, Led by Steven High, 8 July 2020",event
"event::The Discography of American Historical Recordings: A Listening Practice, Led by David Seubert, 15 July 2020","The Discography of American Historical Recordings: A Listening Practice, Led by David Seubert, 15 July 2020",event
"event::""Quiet Please"": The Tennis Grunt and Gendered Noise, Led by Chelsea Miya, 22 July 2020","""Quiet Please"": The Tennis Grunt and Gendered Noise, Led by Chelsea Miya, 22 July 2020",event
event::Virtual Listening Practice Guided by Jason Camlot and Tomasz Neugebauer,Virtual Listening Practice Guided by Jason Camlot and Tomasz Neugebauer,event
event::MaryLou Driedger (Lost on the Prairie) Online Book Launch,MaryLou Driedger (Lost on the Prairie) Online Book Launch,event
event::Dr. Jen Gunter (The Menopause Manifesto) in conversation with Jen Zoratti,Dr. Jen Gunter (The Menopause Manifesto) in conversation with Jen Zoratti,event
event::Assiniboia Residential School Legacy Group Online Book Launch (Did You See Us?) RESCHEDULED,Assiniboia Residential School Legacy Group Online Book Launch (Did You See Us?) RESCHEDULED,event
event::Lewis Gordon on engaging with Fanon,Lewis Gordon on engaging with Fanon,event
"event::Racism, writing and fiction","Racism, writing and fiction",event
event::Decolonization and Afro-Feminism,Decolonization and Afro-Feminism,event
event::A Region in Revolt: Book Launch,A Region in Revolt: Book Launch,event
"event::Virtual Poetry with Selina Boan, Molly Cross-Blanchard & Dallas Hunt with Hannah Green
","Virtual Poetry with Selina Boan, Molly Cross-Blanchard & Dallas Hunt with Hannah Green
",event
event::Jim Blanchard Online Book Launch (Thinking Big),Jim Blanchard Online Book Launch (Thinking Big),event
event::Anna Lazowski & Steph Laberis Online Book Launch (T. Rexes Can't Tie Their Shoes),Anna Lazowski & Steph Laberis Online Book Launch (T. Rexes Can't Tie Their Shoes),event
event::Camp Penguin: Drawing Workshop with Brady Smith,Camp Penguin: Drawing Workshop with Brady Smith,event
event::Camp Penguin: Writing Jokes with Jessica Kim,Camp Penguin: Writing Jokes with Jessica Kim,event
event::David Steinberg (Inside Comedy) Virtual Book Celebration,David Steinberg (Inside Comedy) Virtual Book Celebration,event
event::Gabriele Goldstone Online Book Launch (Tainted Amber),Gabriele Goldstone Online Book Launch (Tainted Amber),event
event::Clayton Thomas-Müller Virtual Book Launch,Clayton Thomas-Müller Virtual Book Launch,event
"event::David Demchuk (Red X) Online Book Launch
Online event","David Demchuk (Red X) Online Book Launch
Online event",event
event::Colleen Nelson Hybrid Book Launch (The Undercover Book List),Colleen Nelson Hybrid Book Launch (The Undercover Book List),event
event::David Bergen Hybrid Book Launch (Out of Mind),David Bergen Hybrid Book Launch (Out of Mind),event
event::Kristen Wittman Hybrid Book Launch (Death Becomes Us),Kristen Wittman Hybrid Book Launch (Death Becomes Us),event
event::Chris Attrell & Christine Hanlon Virtual Book Launch (Grain Elevators),Chris Attrell & Christine Hanlon Virtual Book Launch (Grain Elevators),event
event::Niizhotay Stories: A Virtual Evening with Louise B Halfe - Sky Dancer and Dallas Hunt,Niizhotay Stories: A Virtual Evening with Louise B Halfe - Sky Dancer and Dallas Hunt,event
event::An Evening with Colin Smith (Permanent Carnival Time) & Cam Scott (THIN AIR 2021),An Evening with Colin Smith (Permanent Carnival Time) & Cam Scott (THIN AIR 2021),event
event::You Look Good For Your Age: Books and Ideas at the Calgary Public Library,You Look Good For Your Age: Books and Ideas at the Calgary Public Library,event
event::Create Space,Create Space,event
"event::Reading with Royalty | Supported by ATB - August 31, 2020","Reading with Royalty | Supported by ATB - August 31, 2020",event
event::Virtual Listening Practice Guided by Faith Paré,Virtual Listening Practice Guided by Faith Paré,event
"event::Reading with Royalty | Supported by ATB - September 5, 2020","Reading with Royalty | Supported by ATB - September 5, 2020",event
event::Twists and Turns – Secrets of Great Plots - Main Event,Twists and Turns – Secrets of Great Plots - Main Event,event
event::Wab Kinew Hybrid Book Launch (Walking in Two Worlds) with Tasha Spillett-Sumner,Wab Kinew Hybrid Book Launch (Walking in Two Worlds) with Tasha Spillett-Sumner,event
event::Garry Thomas Morse Hybrid Book Event (Scofflaw),Garry Thomas Morse Hybrid Book Event (Scofflaw),event
event::An Evening with Colin Smith (Permanent Carnival Time) & Cam Scott (THIN AIR 2021),An Evening with Colin Smith (Permanent Carnival Time) & Cam Scott (THIN AIR 2021),event
event::Telling Your Story - Main Event,Telling Your Story - Main Event,event
event::Primrose Madayag Knazan Hybrid Book Launch (Lessons in Fusion),Primrose Madayag Knazan Hybrid Book Launch (Lessons in Fusion),event
event::Imagination Station – How to Write Scary Stories,Imagination Station – How to Write Scary Stories,event
event::A Virtual Afternoon at The Ultimate Art Museum with Ferren Gipson,A Virtual Afternoon at The Ultimate Art Museum with Ferren Gipson,event
event::Imagination Station – Ainara’s One Big Question,Imagination Station – Ainara’s One Big Question,event
"event::Rowan McCandless Hybrid Book Launch (Persephone's Children), hosted by Whitney French","Rowan McCandless Hybrid Book Launch (Persephone's Children), hosted by Whitney French",event
event::Imagination Station,Imagination Station,event
event::Dale Barbour Hybrid Book Launch (Undressed Toronto) hosted by Robert Penner,Dale Barbour Hybrid Book Launch (Undressed Toronto) hosted by Robert Penner,event
event::November Imagination Station,November Imagination Station,event
event::Casey Plett Hybrid Book Launch (A Dream of a Woman) hosted by Ben Sigurdson,Casey Plett Hybrid Book Launch (A Dream of a Woman) hosted by Ben Sigurdson,event
event::Sharon Bala in conversation with Ian Williams (Re-broadcast),Sharon Bala in conversation with Ian Williams (Re-broadcast),event
event::Evan J Hybrid Book Event (Ripping down half the trees) hosted by Teresa Horosko,Evan J Hybrid Book Event (Ripping down half the trees) hosted by Teresa Horosko,event
event::Chantal Fiola Hybrid Book Launch (Returning to Ceremony) hosted by Laura Forsythe,Chantal Fiola Hybrid Book Launch (Returning to Ceremony) hosted by Laura Forsythe,event
event::Dennis Cooley Hybrid Book Launch (Gibbous Moon) hosted by Robert Enright,Dennis Cooley Hybrid Book Launch (Gibbous Moon) hosted by Robert Enright,event
event::Kate Bowler (No Cure for Being Human) Virtual Book Event,Kate Bowler (No Cure for Being Human) Virtual Book Event,event
event::Helen Olsen Agger Book Launch (Dadibaajim) hosted by Jarvis Brownlie,Helen Olsen Agger Book Launch (Dadibaajim) hosted by Jarvis Brownlie,event
event::Gary Filmon Virtual Book Launch (Yes We Did: Leading in Turbulent Times),Gary Filmon Virtual Book Launch (Yes We Did: Leading in Turbulent Times),event
"event::Ty Dilello launching Mosienko: The Man Who Caught Lightning in a Bottle, hosted by Jordy Douglas","Ty Dilello launching Mosienko: The Man Who Caught Lightning in a Bottle, hosted by Jordy Douglas",event
"event::An Eerie Virtual Evening with Lindsay Merbaum & Jess Landry, hosted by Joanna Graham
","An Eerie Virtual Evening with Lindsay Merbaum & Jess Landry, hosted by Joanna Graham
",event
"event::Alternate Plains Hybrid Book Launch with Darren Ridgley, Adam Petrash & Guests","Alternate Plains Hybrid Book Launch with Darren Ridgley, Adam Petrash & Guests",event
event::A Virtual Evening with Ian Williams (Disorientation) hosted by Chimwemwe Undi,A Virtual Evening with Ian Williams (Disorientation) hosted by Chimwemwe Undi,event
"event::A Virtual Evening with Explorer Adam Shoalts (The Whisper on the Night Wind) hosted by Joanne Kelly
","A Virtual Evening with Explorer Adam Shoalts (The Whisper on the Night Wind) hosted by Joanne Kelly
",event
event::J.H. Moncrieff Hybrid Book Launch (The Restoration) hosted by Kahla Evans,J.H. Moncrieff Hybrid Book Launch (The Restoration) hosted by Kahla Evans,event
event::Prairie Garden Committee Virtual Launch of The Prairie Garden 2022: Smaller Places,Prairie Garden Committee Virtual Launch of The Prairie Garden 2022: Smaller Places,event
"event::Dr. Evelyn Forget & Hannah Owczar launching Radical Trust: Basic Income for Complicated Lives
","Dr. Evelyn Forget & Hannah Owczar launching Radical Trust: Basic Income for Complicated Lives
",event
event::Shelagh Rogers in conversation with Jesse Thistle (Rebroadcast),Shelagh Rogers in conversation with Jesse Thistle (Rebroadcast),event
"event::Writers in the Wild: Sherman Downey, Lindsay Bird, Phil Churchill and Geraldine Hollet (Rebroadcast)","Writers in the Wild: Sherman Downey, Lindsay Bird, Phil Churchill and Geraldine Hollet (Rebroadcast)",event
"event::New Voices: Jamie Fitzpatrick with Eva Crocker, Douglas Walbourne-Gough, & Heidi Wicks (Rebroadcast)","New Voices: Jamie Fitzpatrick with Eva Crocker, Douglas Walbourne-Gough, & Heidi Wicks (Rebroadcast)",event
"event::Stan Dragland, Anakana Schofield, and a time at the Royal Canadian Legion","Stan Dragland, Anakana Schofield, and a time at the Royal Canadian Legion",event
event::Writing in a Dangerous Time: EMLF 2021 Keynote with Cheryl Foggo,Writing in a Dangerous Time: EMLF 2021 Keynote with Cheryl Foggo,event
event::Craft talk: Writing for Kids and Teens: EMLF 2021 Workshop,Craft talk: Writing for Kids and Teens: EMLF 2021 Workshop,event
"event::Celebrating Local: Pat Henman, Shayna Jones, Rayya Liebich, Zynab Mohammed -EMLF 2021","Celebrating Local: Pat Henman, Shayna Jones, Rayya Liebich, Zynab Mohammed -EMLF 2021",event
"event::EMLF Alumni Reading: Fred Wah, Lisa Moore & John Vaillant with Marsha Lederman","EMLF Alumni Reading: Fred Wah, Lisa Moore & John Vaillant with Marsha Lederman",event
event::Panel Discussion: Publishers Panel EMLF 2021,Panel Discussion: Publishers Panel EMLF 2021,event
event::Panel Discussion: Making Comics in a Dangerous Time - EMLF 2021,Panel Discussion: Making Comics in a Dangerous Time - EMLF 2021,event
event::EMLF 2021 All-Star Reading,EMLF 2021 All-Star Reading,event
event::S. L. Klassen & Andrew Unger: A (Virtual) Evening of Menno-Nightcaps,S. L. Klassen & Andrew Unger: A (Virtual) Evening of Menno-Nightcaps,event
event::Royden Loewen Book Launch (Mennonite Farmers) hosted by Dr. Aileen Friesen,Royden Loewen Book Launch (Mennonite Farmers) hosted by Dr. Aileen Friesen,event
event::Coast Salish Storytelling with Tsitsáyxemaat Rebecca Duncan,Coast Salish Storytelling with Tsitsáyxemaat Rebecca Duncan,event
event::Lorna Crozier in Conversation with Shelagh Rogers,Lorna Crozier in Conversation with Shelagh Rogers,event
event::Wayde Compton: Black British Columbian History in 3 Literary Forms,Wayde Compton: Black British Columbian History in 3 Literary Forms,event
event::An Evening with Eden Robinson hosted by Rosanna Deerchild,An Evening with Eden Robinson hosted by Rosanna Deerchild,event
event::Writing for Young Adults with Eileen Cook and Jackie Bateman,Writing for Young Adults with Eileen Cook and Jackie Bateman,event
"event::Virtual Reading with Royalty | Supported by ATB - December 5, 2020","Virtual Reading with Royalty | Supported by ATB - December 5, 2020",event
"event::Virtual Reading with Royalty | Supported by ATB - December 19, 2020","Virtual Reading with Royalty | Supported by ATB - December 19, 2020",event
"event::Virtual Reading with Royalty | Supported by ATB - January 20, 2021","Virtual Reading with Royalty | Supported by ATB - January 20, 2021",event
"event::Virtual Reading with Royalty | Supported by ATB - March 4, 2021","Virtual Reading with Royalty | Supported by ATB - March 4, 2021",event
"event::Dodie Graham McKay Hybrid Launch of Earth Magic, hosted by Dr. Karen Froman","Dodie Graham McKay Hybrid Launch of Earth Magic, hosted by Dr. Karen Froman",event
"event::Virtual Reading with Royalty | Supported by ATB - March 27, 2021","Virtual Reading with Royalty | Supported by ATB - March 27, 2021",event
"event::Jesse Hajer launching Social Service Private Gain, hosted by Shauna MacKinnon","Jesse Hajer launching Social Service Private Gain, hosted by Shauna MacKinnon",event
event::Donna Besel Book Launch (The Unravelling) hosted by Lauren Carter,Donna Besel Book Launch (The Unravelling) hosted by Lauren Carter,event
"event::Virtual Reading with Royalty | Supported by ATB - April 6, 2021","Virtual Reading with Royalty | Supported by ATB - April 6, 2021",event
"event::Virtual Reading with Royalty | Supported by ATB - April 16, 2021","Virtual Reading with Royalty | Supported by ATB - April 16, 2021",event
"event::Donn Short, Bruce MacDougall & Paul T. Clarke Virtual Book Launch (Making the Case)","Donn Short, Bruce MacDougall & Paul T. Clarke Virtual Book Launch (Making the Case)",event
"event::Virtual Reading with Royalty | Supported by ATB - April 24, 2021","Virtual Reading with Royalty | Supported by ATB - April 24, 2021",event
"event::Harriet Zaidman launching Second Chances, hosted by Terry MacLeod & featuring special guests","Harriet Zaidman launching Second Chances, hosted by Terry MacLeod & featuring special guests",event
"event::Virtual Reading with Royalty | Supported by ATB - May 15, 2021","Virtual Reading with Royalty | Supported by ATB - May 15, 2021",event
event::Gregg M. Olsen Book Launch (Poverty and Austerity amid Prosperity) hosted by Elizabeth Comack,Gregg M. Olsen Book Launch (Poverty and Austerity amid Prosperity) hosted by Elizabeth Comack,event
"event::Virtual Reading with Royalty | Supported by ATB - May 26, 2021","Virtual Reading with Royalty | Supported by ATB - May 26, 2021",event
"event::Virtual Reading with Royalty | Supported by ATB - June 5, 2021","Virtual Reading with Royalty | Supported by ATB - June 5, 2021",event
event::Postponed: LiterASIAN 2020 - Postcards from the In-Between,Postponed: LiterASIAN 2020 - Postcards from the In-Between,event
event::Gung Haggis Fat Choy 2022,Gung Haggis Fat Choy 2022,event
"event::Helen Chau Bradley Virtual Book Event with guests Jenny Heijun Wills & Anna Leventhal
Online event
","Helen Chau Bradley Virtual Book Event with guests Jenny Heijun Wills & Anna Leventhal
Online event
",event
event::Heather O'Neill Virtual Book Event Hosted by Angela Torgerson,Heather O'Neill Virtual Book Event Hosted by Angela Torgerson,event
event::An Evening with Nathan Page & Drew Shannon (Creators of The Montague Twins),An Evening with Nathan Page & Drew Shannon (Creators of The Montague Twins),event
event::Sidney Lit Fest: Sylvia Olsen & Ian Haysom,Sidney Lit Fest: Sylvia Olsen & Ian Haysom,event
event::Burning Questions: A Virtual Evening with Margaret Atwood & Judy Blume,Burning Questions: A Virtual Evening with Margaret Atwood & Judy Blume,event
event::Jerry Fontaine & Don McCaskill with Special Guests -- Virtual Book Launch,Jerry Fontaine & Don McCaskill with Special Guests -- Virtual Book Launch,event
"event::Sheila North (My Privilege, My Responsibility) Hybrid Book Launch","Sheila North (My Privilege, My Responsibility) Hybrid Book Launch",event
"event::An Afternoon with Eliza Reid, First Lady of Iceland, hosted by Terry Fallis","An Afternoon with Eliza Reid, First Lady of Iceland, hosted by Terry Fallis",event
event::POSTPONED-Tablet Fragments - Book Launch,POSTPONED-Tablet Fragments - Book Launch,event
event::Postponed: Endlings Winnipeg Launch /Extinction Panel Discussion,Postponed: Endlings Winnipeg Launch /Extinction Panel Discussion,event
event::Postponed - Winnipeg Launch: The World is Mostly Sky,Postponed - Winnipeg Launch: The World is Mostly Sky,event
event::Postponed - GMB Chomichuk launches The Automatic Age,Postponed - GMB Chomichuk launches The Automatic Age,event
event::Postponed - Angeline Schellenberg (Fields of Light and Stone),Postponed - Angeline Schellenberg (Fields of Light and Stone),event
event::POSTPONED Errol Ranville Online Book Launch (Run as One),POSTPONED Errol Ranville Online Book Launch (Run as One),event
event::Mark Dery: The Eccentric Life of Edward Gorey,Mark Dery: The Eccentric Life of Edward Gorey,event
"event::Adjusting the Book Launch to COVID-19: A Listening Practice, Led by Klara du Plessis, 18 November 2020","Adjusting the Book Launch to COVID-19: A Listening Practice, Led by Klara du Plessis, 18 November 2020",event
"event::Listening to Vocal Production, Led by Sean Luyk, 25 November 2020","Listening to Vocal Production, Led by Sean Luyk, 25 November 2020",event
"event::Listening to the Winter Sun: A Virtual Ghost Reading, Led by Katherine McLeod, 27 January 2021","Listening to the Winter Sun: A Virtual Ghost Reading, Led by Katherine McLeod, 27 January 2021",event
"event::Talking About Sound When the Text Isn’t a Sound Poem: A Listening Practice, Led by Al Filreis, 17 February 2021","Talking About Sound When the Text Isn’t a Sound Poem: A Listening Practice, Led by Al Filreis, 17 February 2021",event
"event::Literary Machine Listening, Led by Julie Funk, 24 February 2021","Literary Machine Listening, Led by Julie Funk, 24 February 2021",event
"event::Fellow-Feeling: Listening Positionality in Jordan Scott and Jason Starnes' Lanterns at Guantanamo, Led by Deanna Fong, 3 March 2021","Fellow-Feeling: Listening Positionality in Jordan Scott and Jason Starnes' Lanterns at Guantanamo, Led by Deanna Fong, 3 March 2021",event
event::Virtual Listening Practice by Emma Talero,Virtual Listening Practice by Emma Talero,event
event::Sidney Lit Fest: Authors in the Park featuring Lorna Crozier and Rhonda Ganz,Sidney Lit Fest: Authors in the Park featuring Lorna Crozier and Rhonda Ganz,event
event::Virtual Listening Practice: Listening to Remember,Virtual Listening Practice: Listening to Remember,event
event::Virtual SpokenWeb Podcast Listening Party,Virtual SpokenWeb Podcast Listening Party,event
event::Virtual Listening Practice Guided by Stacey Copeland,Virtual Listening Practice Guided by Stacey Copeland,event
event::Virtual Listening Practice Guided by Andrew Roberge,Virtual Listening Practice Guided by Andrew Roberge,event
event::Virtual Listening Practice Guided by Hannah McGregor,Virtual Listening Practice Guided by Hannah McGregor,event
event::Virtual Listening Practice Guided by Jentery Sayers,Virtual Listening Practice Guided by Jentery Sayers,event
"event::Virtual Reading with Royalty | Supported by ATB - June 11, 2021","Virtual Reading with Royalty | Supported by ATB - June 11, 2021",event
event::Star Talks: Emily St. John Mandel,Star Talks: Emily St. John Mandel,event
event::Jan Stocklassa and the Real-Life Unsolved Murder of Olaf Palme,Jan Stocklassa and the Real-Life Unsolved Murder of Olaf Palme,event
event::Kawai Strong Washburn: Sharks in the Time of Saviours,Kawai Strong Washburn: Sharks in the Time of Saviours,event
event::Jason B. Rosenthal: My Wife Said You May Want to Marry Me,Jason B. Rosenthal: My Wife Said You May Want to Marry Me,event
event::Postcards from the In-Between ,Postcards from the In-Between ,event
"event::Race, Writing, and Virtual Worlds","Race, Writing, and Virtual Worlds",event
"event::Frida Kahlo: Influence, Memory, Heart","Frida Kahlo: Influence, Memory, Heart",event
"event::Yuval Taylor: Zora and Langston, Friendship and Betrayal","Yuval Taylor: Zora and Langston, Friendship and Betrayal",event
event::The Science of Pandemic and Preventing Future Outbreaks,The Science of Pandemic and Preventing Future Outbreaks,event
event::Jenn Shapland: My Autobiography of Carson McCullers,Jenn Shapland: My Autobiography of Carson McCullers,event
"event::Bernardine Evaristo: Girl, Woman, Other","Bernardine Evaristo: Girl, Woman, Other",event
event::Jenny Offill: Weather,Jenny Offill: Weather,event
event::Susanna Moore: Miss Aluminum,Susanna Moore: Miss Aluminum,event
event::Jessica McDiarmid: Highway of Tears,Jessica McDiarmid: Highway of Tears,event
event::Megha Majumdar: A Burning,Megha Majumdar: A Burning,event
event::Sarah Broom: The Yellow House,Sarah Broom: The Yellow House,event
event::Patrik Svensson: The Book of Eels,Patrik Svensson: The Book of Eels,event
event::Joe Sacco: Paying the Land,Joe Sacco: Paying the Land,event
event::Fernanda Melchor: Murder by Witchcraft,Fernanda Melchor: Murder by Witchcraft,event
event::Kate Kirkpatrick on the Life of Simone de Beauvoir,Kate Kirkpatrick on the Life of Simone de Beauvoir,event
event::Star Talks: Songs for the End of the World by Saleema Nawaz,Star Talks: Songs for the End of the World by Saleema Nawaz,event
event::Ottessa Moshfegh: Death in Her Hands,Ottessa Moshfegh: Death in Her Hands,event
event::Mark Gevisser: Journeys Across the World’s Queer Frontiers,Mark Gevisser: Journeys Across the World’s Queer Frontiers,event
event::Asian Heritage: Art and Haiku In the Time of COVID,Asian Heritage: Art and Haiku In the Time of COVID,event
event::Marlowe Granados: Happy Hour,Marlowe Granados: Happy Hour,event
event::Daniel Susskind: A World Without Work,Daniel Susskind: A World Without Work,event
"event::Michelle Good: Five Little Indians
","Michelle Good: Five Little Indians
",event
event::Ocean Vuong: On Earth We’re Briefly Gorgeous,Ocean Vuong: On Earth We’re Briefly Gorgeous,event
event::Thomas Homer-Dixon: Commanding Hope,Thomas Homer-Dixon: Commanding Hope,event
event::Remembering to Celebrate our Chinese Canadian Legacies,Remembering to Celebrate our Chinese Canadian Legacies,event
event::Virtual Listening Practice Guided by Nick Beauchesne,Virtual Listening Practice Guided by Nick Beauchesne,event
event::Listening for Hope in the Sound Archive,Listening for Hope in the Sound Archive,event
"event::How the Audiobook Got Its Groove Back, Talk by Matthew Rubery, 22 October 2020","How the Audiobook Got Its Groove Back, Talk by Matthew Rubery, 22 October 2020",event
"event::Virtual Reading with Royalty | Supported by ATB - June 19, 2021","Virtual Reading with Royalty | Supported by ATB - June 19, 2021",event
"event::Reading with Royalty | Supported by ATB - July 12, 2021","Reading with Royalty | Supported by ATB - July 12, 2021",event
"event::Virtual Reading with Royalty | Supported by ATB - June 24, 2021","Virtual Reading with Royalty | Supported by ATB - June 24, 2021",event
"event::Virtual Reading with Royalty | Supported by ATB - July 3, 2021","Virtual Reading with Royalty | Supported by ATB - July 3, 2021",event
"event::Reading with Royalty | Supported by ATB - July 24, 2021","Reading with Royalty | Supported by ATB - July 24, 2021",event
"event::Reading with Royalty | Supported by ATB - July 30, 2021","Reading with Royalty | Supported by ATB - July 30, 2021",event
"event::Reading with Royalty | Supported by ATB - August 6, 2021","Reading with Royalty | Supported by ATB - August 6, 2021",event
"event::Reading with Royalty | Supported by ATB - August 14, 2021","Reading with Royalty | Supported by ATB - August 14, 2021",event
"event::Reading with Royalty | Supported by ATB - August 19, 2021","Reading with Royalty | Supported by ATB - August 19, 2021",event
event::Reading with Royalty | PRIDE WEEK SPECIAL,Reading with Royalty | PRIDE WEEK SPECIAL,event
"event::Virtual Reading with Royalty | Supported by ATB - September 18, 2021","Virtual Reading with Royalty | Supported by ATB - September 18, 2021",event
"event::Virtual Reading with Royalty | Supported by ATB - September 28, 2021","Virtual Reading with Royalty | Supported by ATB - September 28, 2021",event
"event::Virtual Reading with Royalty | Supported by ATB - October 6, 2021","Virtual Reading with Royalty | Supported by ATB - October 6, 2021",event
"event::Virtual Reading with Royalty | Supported by ATB - October 28, 2021","Virtual Reading with Royalty | Supported by ATB - October 28, 2021",event
"event::Virtual Reading with Royalty | Supported by ATB - October 16, 2021","Virtual Reading with Royalty | Supported by ATB - October 16, 2021",event
event::Books & Ideas: Every Concussion Experience is Different. Women Writers in Conversation.,Books & Ideas: Every Concussion Experience is Different. Women Writers in Conversation.,event
event::War in Pieces - Central Library Pop Up Gallery,War in Pieces - Central Library Pop Up Gallery,event
event::Mena Massoud: Evolving Vegan,Mena Massoud: Evolving Vegan,event
event::Mayor's Holiday Storytime,Mayor's Holiday Storytime,event
event::Asian Heritage: Chinese Festivals and Food - Mid-Autumn Festival,Asian Heritage: Chinese Festivals and Food - Mid-Autumn Festival,event
event::Anthology or Magazine? Writing and Submitting to a Literary Publication,Anthology or Magazine? Writing and Submitting to a Literary Publication,event
event::Jeff Rubin: The Expendables,Jeff Rubin: The Expendables,event
"event::Sidney Lit Fest: Authors in the Park featuring Susan Lundy, Jo Owens, and Sylvia Olsen","Sidney Lit Fest: Authors in the Park featuring Susan Lundy, Jo Owens, and Sylvia Olsen",event
event::Lorna Crozier: Through the Garden,Lorna Crozier: Through the Garden,event
event::Katie Mack: The End of Everything,Katie Mack: The End of Everything,event
event::DXC20 & TPL Present: Thomas Piketty and Amanda Lang: The Roads to Inequality,DXC20 & TPL Present: Thomas Piketty and Amanda Lang: The Roads to Inequality,event
event::Asian Heritage: A Spiritual Quest Through the Creation of Poetry,Asian Heritage: A Spiritual Quest Through the Creation of Poetry,event
event::Natalie Zina Walschots: Hench,Natalie Zina Walschots: Hench,event
"event::Hayley Gene Penner: People You Follow
","Hayley Gene Penner: People You Follow
",event
event::Sarah Smarsh: Dolly Parton and the Women Who Lived Her Songs,Sarah Smarsh: Dolly Parton and the Women Who Lived Her Songs,event
event::Margaret MacMillan on War: How Conflict Shaped Us,Margaret MacMillan on War: How Conflict Shaped Us,event
event::Emma Donoghue: Pull of the Stars,Emma Donoghue: Pull of the Stars,event
event::Aminatou Sow & Ann Friedman: Big Friendship,Aminatou Sow & Ann Friedman: Big Friendship,event
event::Sara Seager: The Smallest Lights in the Universe,Sara Seager: The Smallest Lights in the Universe,event
event::Michael Posner: Untold Stories of Leonard Cohen,Michael Posner: Untold Stories of Leonard Cohen,event
"event::Mathieu Aubin interviewed by Deanna Fong for ""Listening Ethically to the Spoken Word"" podcast, 8 February 2021","Mathieu Aubin interviewed by Deanna Fong for ""Listening Ethically to the Spoken Word"" podcast, 8 February 2021",event
"event::Clint Burnham interviewed by Deanna Fong and Michael O'Driscoll for ""Listening Ethically to the Spoken Word"" podcast, 18 February 2021","Clint Burnham interviewed by Deanna Fong and Michael O'Driscoll for ""Listening Ethically to the Spoken Word"" podcast, 18 February 2021",event
"event::Treena Chambers interviewed by Deanna Fong and Michael O'Driscoll for ""Listening Ethically to the Spoken Word"" podcast, 5 March 2021","Treena Chambers interviewed by Deanna Fong and Michael O'Driscoll for ""Listening Ethically to the Spoken Word"" podcast, 5 March 2021",event
event::2021 Virtual Café Lit,2021 Virtual Café Lit,event
event::You Look Good For Your Age: Books and Ideas at the Calgary Public Library,You Look Good For Your Age: Books and Ideas at the Calgary Public Library,event
event::Create Space,Create Space,event
"event::Reading with Royalty | Supported by ATB - August 31, 2020","Reading with Royalty | Supported by ATB - August 31, 2020",event
"event::Reading with Royalty | Supported by ATB - September 5, 2020","Reading with Royalty | Supported by ATB - September 5, 2020",event
"event::Virtual Reading with Royalty | Supported by ATB - December 5, 2020","Virtual Reading with Royalty | Supported by ATB - December 5, 2020",event
"event::Virtual Reading with Royalty | Supported by ATB - December 19, 2020","Virtual Reading with Royalty | Supported by ATB - December 19, 2020",event
"event::Virtual Reading with Royalty | Supported by ATB - January 20, 2021","Virtual Reading with Royalty | Supported by ATB - January 20, 2021",event
"event::Virtual Reading with Royalty | Supported by ATB - March 4, 2021","Virtual Reading with Royalty | Supported by ATB - March 4, 2021",event
"event::Virtual Reading with Royalty | Supported by ATB - March 27, 2021","Virtual Reading with Royalty | Supported by ATB - March 27, 2021",event
"event::Virtual Reading with Royalty | Supported by ATB - April 6, 2021","Virtual Reading with Royalty | Supported by ATB - April 6, 2021",event
"event::Virtual Reading with Royalty | Supported by ATB - April 16, 2021","Virtual Reading with Royalty | Supported by ATB - April 16, 2021",event
"event::Virtual Reading with Royalty | Supported by ATB - April 24, 2021","Virtual Reading with Royalty | Supported by ATB - April 24, 2021",event
"event::Virtual Reading with Royalty | Supported by ATB - May 15, 2021","Virtual Reading with Royalty | Supported by ATB - May 15, 2021",event
"event::Virtual Reading with Royalty | Supported by ATB - May 26, 2021","Virtual Reading with Royalty | Supported by ATB - May 26, 2021",event
"event::Virtual Reading with Royalty | Supported by ATB - June 5, 2021","Virtual Reading with Royalty | Supported by ATB - June 5, 2021",event
"event::Virtual Reading with Royalty | Supported by ATB - June 11, 2021","Virtual Reading with Royalty | Supported by ATB - June 11, 2021",event
"event::Virtual Reading with Royalty | Supported by ATB - June 19, 2021","Virtual Reading with Royalty | Supported by ATB - June 19, 2021",event
"event::Reading with Royalty | Supported by ATB - July 12, 2021","Reading with Royalty | Supported by ATB - July 12, 2021",event
"event::Virtual Reading with Royalty | Supported by ATB - June 24, 2021","Virtual Reading with Royalty | Supported by ATB - June 24, 2021",event
"event::Virtual Reading with Royalty | Supported by ATB - July 3, 2021","Virtual Reading with Royalty | Supported by ATB - July 3, 2021",event
"event::Reading with Royalty | Supported by ATB - July 24, 2021","Reading with Royalty | Supported by ATB - July 24, 2021",event
"event::Reading with Royalty | Supported by ATB - July 30, 2021","Reading with Royalty | Supported by ATB - July 30, 2021",event
"event::Reading with Royalty | Supported by ATB - August 6, 2021","Reading with Royalty | Supported by ATB - August 6, 2021",event
"event::Reading with Royalty | Supported by ATB - August 14, 2021","Reading with Royalty | Supported by ATB - August 14, 2021",event
"event::Reading with Royalty | Supported by ATB - August 19, 2021","Reading with Royalty | Supported by ATB - August 19, 2021",event
event::Reading with Royalty | PRIDE WEEK SPECIAL,Reading with Royalty | PRIDE WEEK SPECIAL,event
"event::Virtual Reading with Royalty | Supported by ATB - September 18, 2021","Virtual Reading with Royalty | Supported by ATB - September 18, 2021",event
"event::Virtual Reading with Royalty | Supported by ATB - September 28, 2021","Virtual Reading with Royalty | Supported by ATB - September 28, 2021",event
"event::Virtual Reading with Royalty | Supported by ATB - October 6, 2021","Virtual Reading with Royalty | Supported by ATB - October 6, 2021",event
"event::Virtual Reading with Royalty | Supported by ATB - October 28, 2021","Virtual Reading with Royalty | Supported by ATB - October 28, 2021",event
"event::Virtual Reading with Royalty | Supported by ATB - October 16, 2021","Virtual Reading with Royalty | Supported by ATB - October 16, 2021",event
event::Books & Ideas: Every Concussion Experience is Different. Women Writers in Conversation.,Books & Ideas: Every Concussion Experience is Different. Women Writers in Conversation.,event
event::War in Pieces - Central Library Pop Up Gallery,War in Pieces - Central Library Pop Up Gallery,event
event::Mayor's Holiday Storytime,Mayor's Holiday Storytime,event
event::Janet Evanovich: Fortune and Glory,Janet Evanovich: Fortune and Glory,event
event::Marci Ien: Off Script,Marci Ien: Off Script,event
"event::Thieving, Grieving and Leaving: New Fiction of Displacement
","Thieving, Grieving and Leaving: New Fiction of Displacement
",event
event::Andrew Furey: Hope in the Balance,Andrew Furey: Hope in the Balance,event
"event::Podcasting as a Field of Critical Study, 20 April 2021","Podcasting as a Field of Critical Study, 20 April 2021",event
"event::StoryWalk - Thank You, Earth","StoryWalk - Thank You, Earth",event
event::An evening with Tanya Boteju,An evening with Tanya Boteju,event
event::Zoom In: A Comics Workshop with Teresa Wong,Zoom In: A Comics Workshop with Teresa Wong,event
event::WordFeast Festival Launch and Keynote Address,WordFeast Festival Launch and Keynote Address,event
event::Peter Cameron: What Happens at Night,Peter Cameron: What Happens at Night,event
event::Cartoonists Talk Community and Quarantine,Cartoonists Talk Community and Quarantine,event
event::Nancy Springer: An Enola Holmes Mystery Series,Nancy Springer: An Enola Holmes Mystery Series,event
event::Susin Nielsen - No Fixed Address,Susin Nielsen - No Fixed Address,event
event::Word Feast Poetry Bash,Word Feast Poetry Bash,event
event::Kiley Reid: Such a Fun Age,Kiley Reid: Such a Fun Age,event
event::Ron Brown: Toronto's Lost Villages,Ron Brown: Toronto's Lost Villages,event
event::Toronto Book Awards 2020 Virtual Prize Ceremony,Toronto Book Awards 2020 Virtual Prize Ceremony,event
event::Frederick Kaufman: The Money Plot,Frederick Kaufman: The Money Plot,event
event::Alan Doyle: All Together Now,Alan Doyle: All Together Now,event
event::TPL Reading Challenge,TPL Reading Challenge,event
event::Gina Apostol: The Revolutionary,Gina Apostol: The Revolutionary,event
event::Kristyn Dunnion: Stoop City,Kristyn Dunnion: Stoop City,event
event::Kerry Clare: Waiting for a Star to Fall,Kerry Clare: Waiting for a Star to Fall,event
"event::WordFeast: Celebrating Bill and Nancy Bauer, with Brian Bartlett","WordFeast: Celebrating Bill and Nancy Bauer, with Brian Bartlett",event
event::Odd Sundays at Word Feast,Odd Sundays at Word Feast,event
event::Word Feast Reading in the NB Literature Garden,Word Feast Reading in the NB Literature Garden,event
event::Ashley Audrain: The Push,Ashley Audrain: The Push,event
event::Word Feast Launch: New Brunswick Night,Word Feast Launch: New Brunswick Night,event
event::Pilar Quintana: The Bitch,Pilar Quintana: The Bitch,event
event::Adeline Dieudonné: Real Life,Adeline Dieudonné: Real Life,event
"event::Frankfurt in Fredericton – Thursday, October 14, 12 pm","Frankfurt in Fredericton – Thursday, October 14, 12 pm",event
event::Karina Vernon & Kaie Kellough: The Black Prairie Archive,Karina Vernon & Kaie Kellough: The Black Prairie Archive,event
event::Cherie Jones: How the One-Armed Sister Sweeps Her House,Cherie Jones: How the One-Armed Sister Sweeps Her House,event
event::Meng Jin: Little Gods,Meng Jin: Little Gods,event
event::Canadian Authors and Books: An Endangered Species?,Canadian Authors and Books: An Endangered Species?,event
event::Mario Bellatin and the Writing of Constant Mutation,Mario Bellatin and the Writing of Constant Mutation,event
event::Imagine a World: Nalo Hopkinson & Lateef Martin with Karen Lord,Imagine a World: Nalo Hopkinson & Lateef Martin with Karen Lord,event
"event::*Poetry Bash* - October 14, 7pm","*Poetry Bash* - October 14, 7pm",event
"event::Book Launch: Carolyn Gammon, On Her Own Terms: Poems About Memory Loss & Living Life to the Fullest","Book Launch: Carolyn Gammon, On Her Own Terms: Poems About Memory Loss & Living Life to the Fullest",event
"event::Poetry Bash: A Second Helping – Friday, October 15, 7 pm","Poetry Bash: A Second Helping – Friday, October 15, 7 pm",event
event::Brian Bartlett Book Launch and Conversation,Brian Bartlett Book Launch and Conversation,event
event::Closing Reading and Open Mic,Closing Reading and Open Mic,event
event::Word Feast Spring Reading,Word Feast Spring Reading,event
event::Cancelled - Children’s Writing Workshop with Bruno St-Aubin,Cancelled - Children’s Writing Workshop with Bruno St-Aubin,event
"event::Cancelled - Literary Notes
","Cancelled - Literary Notes
",event
event::Cancelled - Books and Wine!,Cancelled - Books and Wine!,event
event::Eternity Martis: They Said This Would Be Fun,Eternity Martis: They Said This Would Be Fun,event
event::Meena Kandasamy: Exquisite Cadavers,Meena Kandasamy: Exquisite Cadavers,event
event::Tamara Payne: The Dead are Arising - The Life of Malcolm X,Tamara Payne: The Dead are Arising - The Life of Malcolm X,event
event::Robert Jones Jr.: The Prophets,Robert Jones Jr.: The Prophets,event
event::Masha Gessen: Navalny vs Putin,Masha Gessen: Navalny vs Putin,event
event::Véronique Tadjo: In the Company of Men,Véronique Tadjo: In the Company of Men,event
"event::Kim Echlin: Speak, Silence","Kim Echlin: Speak, Silence",event
"event::Long Term Care or Long Lost Hope?
","Long Term Care or Long Lost Hope?
",event
event::Adam Bunch: The Toronto Book of Love,Adam Bunch: The Toronto Book of Love,event
event::Pola Oloixarac: Beyond the Page,Pola Oloixarac: Beyond the Page,event
event::Cancelled - Mastering Mystery,Cancelled - Mastering Mystery,event
event::Cancelled - Brian Goldman - The Power of Kindness,Cancelled - Brian Goldman - The Power of Kindness,event
event::Cancelled - Sean Michaels - The Wagers,Cancelled - Sean Michaels - The Wagers,event
event::Cancelled - Storytime - King Mouse with Cary fagan,Cancelled - Storytime - King Mouse with Cary fagan,event
event::Cancelled - Marianne Boucher - Talking to Stranger,Cancelled - Marianne Boucher - Talking to Stranger,event
event::Online Programs,Online Programs,event
event::Eden Robinson: Return of the Trickster,Eden Robinson: Return of the Trickster,event
event::Vivian Gornick: Taking A Long Look,Vivian Gornick: Taking A Long Look,event
event::An Afternoon of Harry Potter,An Afternoon of Harry Potter,event
event::Pandemic Poetry Live: 1,Pandemic Poetry Live: 1,event
event::Harlan Coben: Win,Harlan Coben: Win,event
event::Tawhida Tanya Evanson: Book of Wings,Tawhida Tanya Evanson: Book of Wings,event
event::Coping Through Creativity: Creative Inspiration Session - Poetry,Coping Through Creativity: Creative Inspiration Session - Poetry,event
event::Perdita & Catherine Felicien: My Mother's Daughter,Perdita & Catherine Felicien: My Mother's Daughter,event
event::Pandemic Poetry Live: 2,Pandemic Poetry Live: 2,event
"event::Author Talk with Keisha Blair, Award-Winning and International Bestselling Author","Author Talk with Keisha Blair, Award-Winning and International Bestselling Author",event
event::Camilla Gibb: The Relatives,Camilla Gibb: The Relatives,event
event::Rashid Khalidi: The Crisis of Arab Democracy and Palestine,Rashid Khalidi: The Crisis of Arab Democracy and Palestine,event
event::StoryWalk® Gillies Lake/Lac Gillies,StoryWalk® Gillies Lake/Lac Gillies,event
event::Justin Ling: Missing From the Village,Justin Ling: Missing From the Village,event
event::Storywalk - Downtown Timmins BIA - Centre-ville de Timmins,Storywalk - Downtown Timmins BIA - Centre-ville de Timmins,event
event::Freedom to Read - Book Talk,Freedom to Read - Book Talk,event
event::StoryWalk® Bart Thomson Trail—North Loop,StoryWalk® Bart Thomson Trail—North Loop,event
event::Judy Batalion: The Light of Days,Judy Batalion: The Light of Days,event
event::Imbolo Mbue: How Beautiful We Were,Imbolo Mbue: How Beautiful We Were,event
event::Annalee Newitz: Four Lost Cities,Annalee Newitz: Four Lost Cities,event
event::Akiko Busch: How to Disappear,Akiko Busch: How to Disappear,event
event::Toronto Star Short Story Contest: Prize Ceremony,Toronto Star Short Story Contest: Prize Ceremony,event
event::Reina María Rodríguez and The Poetics of Havana,Reina María Rodríguez and The Poetics of Havana,event
event::Dr. Carl Hart: Drug Use for Grown-Ups,Dr. Carl Hart: Drug Use for Grown-Ups,event
event::Word Up Open Mic featuring Wordcraft: Campfire Stories,Word Up Open Mic featuring Wordcraft: Campfire Stories,event
event::Speaking with the Forest: Writing through Place -- a spoken word workshop,Speaking with the Forest: Writing through Place -- a spoken word workshop,event
event::RWU Slam featuring Juliette Blake Jacob,RWU Slam featuring Juliette Blake Jacob,event
event::Youth Writing Workshop with Tasha Receno,Youth Writing Workshop with Tasha Receno,event
event::Vibrant Images with Juliette Blake Jacob (a spoken word poetry workshop),Vibrant Images with Juliette Blake Jacob (a spoken word poetry workshop),event
event::RWU Open Mic featuring Tasha Receno,RWU Open Mic featuring Tasha Receno,event
event::RWU Open Mic featuring John McDonald,RWU Open Mic featuring John McDonald,event
event::Regina Word Up Mini Open Mic: Feb 2021,Regina Word Up Mini Open Mic: Feb 2021,event
event::Every. Single. Drop. - workshop with ecoaborijanelle,Every. Single. Drop. - workshop with ecoaborijanelle,event
event::Regina Word Up Mini Open Mic: March 2021,Regina Word Up Mini Open Mic: March 2021,event
event::Writing the Real - a workshop with MelVee X,Writing the Real - a workshop with MelVee X,event
event::Regina Word Up Mini Open Mic: April 2021,Regina Word Up Mini Open Mic: April 2021,event
event::Christine Coulson: Stories of the Met,Christine Coulson: Stories of the Met,event
event::Lindsay Mattick - Finding Winnie: The True Story of The World's Most Famous Bear,Lindsay Mattick - Finding Winnie: The True Story of The World's Most Famous Bear,event
event::Lauren McKeon: Women of the Pandemic,Lauren McKeon: Women of the Pandemic,event
event::Jeff VanderMeer: Hummingbird Salamander,Jeff VanderMeer: Hummingbird Salamander,event
event::Linwood Barclay: Find You First,Linwood Barclay: Find You First,event
"event::Kit Fan: Diamond Hill, The Disappearing City","Kit Fan: Diamond Hill, The Disappearing City",event
event::Laughter and Resilience: Indigenous Comedy Panel,Laughter and Resilience: Indigenous Comedy Panel,event
event::Red Erotic: Indigenous Erotica Panel,Red Erotic: Indigenous Erotica Panel,event
"event::Watching, Listening & Learning: Feeding the Marketing Algorithms","Watching, Listening & Learning: Feeding the Marketing Algorithms",event
"event::Edward Rutherfurd: China, The Novel","Edward Rutherfurd: China, The Novel",event
event::AudiAnnotate Workshop,AudiAnnotate Workshop,event
event::AudiAnnotate Workshop with Tanya E. Clement,AudiAnnotate Workshop with Tanya E. Clement,event
event::Virtual Book Launch for CanLit Across Media: Unarchiving the Literary Event,Virtual Book Launch for CanLit Across Media: Unarchiving the Literary Event,event
"event::SpokenWebPod Listening Party - ""Cylinder Talks"" feat. Jason Camlot and Stacy Copeland","SpokenWebPod Listening Party - ""Cylinder Talks"" feat. Jason Camlot and Stacy Copeland",event
event::Decolonizing “Mayakovsky”: radiofreerainforest and the Digital Archive,Decolonizing “Mayakovsky”: radiofreerainforest and the Digital Archive,event
event::Poetic Forms - A Poetry Workshop with Juliette Blake Jacob,Poetic Forms - A Poetry Workshop with Juliette Blake Jacob,event
event::RWU Pride Stage featuring MelVee X,RWU Pride Stage featuring MelVee X,event
event::Regina Word Up Open Mic featuring RC Weslowski,Regina Word Up Open Mic featuring RC Weslowski,event
event::Regina Word Up Open Mic featuring Charlie Petch,Regina Word Up Open Mic featuring Charlie Petch,event
event::RWU Open Mic: Compilation Celebration,RWU Open Mic: Compilation Celebration,event
event::The Weslowski Method: Using Nonsense Language to Write Through Trauma,The Weslowski Method: Using Nonsense Language to Write Through Trauma,event
event::Loop Pedal Lessons for Performance Poets with Charlie Petch,Loop Pedal Lessons for Performance Poets with Charlie Petch,event
event::Frost Bites: Regina Word Up Open Mic + Just Write featuring Liberty Skye,Frost Bites: Regina Word Up Open Mic + Just Write featuring Liberty Skye,event
event::Regina Word Up + RPL Youth Poetry Slam with prizes + triple feature,Regina Word Up + RPL Youth Poetry Slam with prizes + triple feature,event
event::Cancelled - Sara Graefe - Swelling with pride,Cancelled - Sara Graefe - Swelling with pride,event
event::Cancelled - Climate Change Panel,Cancelled - Climate Change Panel,event
event::Cancelled - David Bezmozgis - Immigrant City Stories,Cancelled - David Bezmozgis - Immigrant City Stories,event
event::Cancelled - Jill Heinerth - My Life as a Cave Diver,Cancelled - Jill Heinerth - My Life as a Cave Diver,event
event::Cancelled - Lynn Coady - Watching You Without Me,Cancelled - Lynn Coady - Watching You Without Me,event
event::Cancelled - Books and brunch with Terry Fallis,Cancelled - Books and brunch with Terry Fallis,event
event::Cancelled - Melissa Yi - Death Flights and Killer Hospitals,Cancelled - Melissa Yi - Death Flights and Killer Hospitals,event
event::SpokenWebPod Listening Party – Listening Ethically to the Spoken Word,SpokenWebPod Listening Party – Listening Ethically to the Spoken Word,event
event::Podcasting as a Field of Critical Study,Podcasting as a Field of Critical Study,event
"event::Re-opening Doors Into Vancouver’s Strathcona Neighbourhood, a Conversation With Daphne Marlatt and Carole Itter","Re-opening Doors Into Vancouver’s Strathcona Neighbourhood, a Conversation With Daphne Marlatt and Carole Itter",event
event::Oral Literary History Workshop: Provenance and Informational Interviews,Oral Literary History Workshop: Provenance and Informational Interviews,event
event::Cancelled - Moe Clark - Fire and Sage,Cancelled - Moe Clark - Fire and Sage,event
"event::SpokenWebPod Listening Party – Mavis Gallant, Part 2: the ‘Paratexts’ of “Grippes and Poche” at SFU","SpokenWebPod Listening Party – Mavis Gallant, Part 2: the ‘Paratexts’ of “Grippes and Poche” at SFU",event
event::SpokenWebPod Listening Party- Robert Hogg and the Widening Circle of Return,SpokenWebPod Listening Party- Robert Hogg and the Widening Circle of Return,event
"event::An Introduction to the Library of Historical Audio Recordings at I78s, Talk by David Giovannoni, 22 July 2021","An Introduction to the Library of Historical Audio Recordings at I78s, Talk by David Giovannoni, 22 July 2021",event
event::SpokenWebPod Listening Party – Revisiting ‘the Agony And The Ecstasy Of Elizabeth Smart’,SpokenWebPod Listening Party – Revisiting ‘the Agony And The Ecstasy Of Elizabeth Smart’,event
event::SpokenwWeb Podcast Listening Party – Lisa Robertson and the Feminist Archive,SpokenwWeb Podcast Listening Party – Lisa Robertson and the Feminist Archive,event
event::A Belly Full Of Vlarf: A Poetry Book Launch By Jason Camlot And John Emil Vincent,A Belly Full Of Vlarf: A Poetry Book Launch By Jason Camlot And John Emil Vincent,event
"event::SpokenWeb Podcast Listening Party: Forced Migration – Bison Stories and What They Can Tell Settlers About a Past, Present, and Future on Stolen Land","SpokenWeb Podcast Listening Party: Forced Migration – Bison Stories and What They Can Tell Settlers About a Past, Present, and Future on Stolen Land",event
event::Imagination 2021: Stories Behind Stories – Youth Activity with Jonathan Auxier,Imagination 2021: Stories Behind Stories – Youth Activity with Jonathan Auxier,event
event::Imagination 2021: Writing Children’s Literature – Writing Workshop with Sara O’Leary,Imagination 2021: Writing Children’s Literature – Writing Workshop with Sara O’Leary,event
event::POSTPONED - Imagination 2021: Books & Wine,POSTPONED - Imagination 2021: Books & Wine,event
event::Imagination 2021: Brian Goldman,Imagination 2021: Brian Goldman,event
event::Imagination 2021: Eden Robinson,Imagination 2021: Eden Robinson,event
event::Imagination 2021: Storytime with Sara O’Leary,Imagination 2021: Storytime with Sara O’Leary,event
event::Imagination 2021: Kaie Kellough,Imagination 2021: Kaie Kellough,event
event::Imagination 2021: Poke the Soufflé - Comedic Writing Workshop with Susan Juby,Imagination 2021: Poke the Soufflé - Comedic Writing Workshop with Susan Juby,event
event::Imagination 2021: André Alexis,Imagination 2021: André Alexis,event
event::Imagination 2021: Morgan Murray,Imagination 2021: Morgan Murray,event
event::Imagination 2021: Stories of Secrets and Resistance - History Panel,Imagination 2021: Stories of Secrets and Resistance - History Panel,event
event::Imagination 2021: Mark Kingwell,Imagination 2021: Mark Kingwell,event
event::Imagination 2021: Annabel Lyon,Imagination 2021: Annabel Lyon,event
event::Imagination 2021: Rosalind Pepall,Imagination 2021: Rosalind Pepall,event
event::Imagination 2021: Literary Notes,Imagination 2021: Literary Notes,event
event::Imagination 2021: Joe Thottungal,Imagination 2021: Joe Thottungal,event
event::Book Launch: Virginia Woolf and Poetry by Emily Kopley,Book Launch: Virginia Woolf and Poetry by Emily Kopley,event
"event::Pandemic Scholarship, A Panel Hosted By SpokenWeb And Canadian Literature","Pandemic Scholarship, A Panel Hosted By SpokenWeb And Canadian Literature",event
"event::SpokenWeb Podcast Listening Party: Season 3 Episode 6 – Listening, Sound, Agency: A Retrospective Listening to the 2021 Spokenweb Symposium","SpokenWeb Podcast Listening Party: Season 3 Episode 6 – Listening, Sound, Agency: A Retrospective Listening to the 2021 Spokenweb Symposium",event
"event::From Trash to Treasure – Collection Thinking: Using, Moving, Holding. A Talk at SFU by Jason Camlot and Linda Morra","From Trash to Treasure – Collection Thinking: Using, Moving, Holding. A Talk at SFU by Jason Camlot and Linda Morra",event
event::Canceled - Poetic Brunch,Canceled - Poetic Brunch,event
"event::Canceled - Norman Lebrecht: ""Do Jews Think Differently?""","Canceled - Norman Lebrecht: ""Do Jews Think Differently?""",event
event::Montreal Author Reads LIVE: 1,Montreal Author Reads LIVE: 1,event
event::Montreal Author Reads LIVE: 2,Montreal Author Reads LIVE: 2,event
event::Montreal Author Reads LIVE: 3,Montreal Author Reads LIVE: 3,event
event::Montreal Author Reads LIVE: 4,Montreal Author Reads LIVE: 4,event
event::Postponed - Ian McEwan: AI and Human Connection,Postponed - Ian McEwan: AI and Human Connection,event
event::Afternoon Book Review Series - Where the Crawdads Sing,Afternoon Book Review Series - Where the Crawdads Sing,event
event::Mark Frutkin reading from The Rising Tide,Mark Frutkin reading from The Rising Tide,event
event::Marianne Ackerman reads from Triplex Nervosa,Marianne Ackerman reads from Triplex Nervosa,event
"event::Endre Farkas reading from Never, Again","Endre Farkas reading from Never, Again",event
event::Série de Conférences en ligne : Pierre Anctil,Série de Conférences en ligne : Pierre Anctil,event
event::Bake the Book Bookclub: Save Me the Plums by Ruth Reichl,Bake the Book Bookclub: Save Me the Plums by Ruth Reichl,event
event::Sherry Simon reading from Translation Sites: A Field Guide,Sherry Simon reading from Translation Sites: A Field Guide,event
"event::Russian Literary Club ""Until We Meet Again"" with Arnold Rojinski","Russian Literary Club ""Until We Meet Again"" with Arnold Rojinski",event
event::Norman Ravvin reading from The Girl Who Stole Everything ,Norman Ravvin reading from The Girl Who Stole Everything ,event
event::Yolande Cohen nous parle des Sépharades de Québec (en ligne),Yolande Cohen nous parle des Sépharades de Québec (en ligne),event
event::Taras Grescoe reading from Possess the Air,Taras Grescoe reading from Possess the Air,event
event::Mary Soderstrom reading from Frenemy Nations,Mary Soderstrom reading from Frenemy Nations,event
"event::Sonia Sarah Lipsyc autour de sa nouvelle ""Consonnes""","Sonia Sarah Lipsyc autour de sa nouvelle ""Consonnes""",event
event::Goldie Morgentaler reading from Confessions of a Yiddish Writer,Goldie Morgentaler reading from Confessions of a Yiddish Writer,event
event::Virtual Bookclub: The Giver of Stars by Jojo Moyes,Virtual Bookclub: The Giver of Stars by Jojo Moyes,event
event::Spring Keynote Live from London with Norman Lebrecht,Spring Keynote Live from London with Norman Lebrecht,event
event::Virtual Bookclub Brian M. Peters reviews Where the Crawdads Sing,Virtual Bookclub Brian M. Peters reviews Where the Crawdads Sing,event
event::Sean Michaels reads and discusses his book The Wagers,Sean Michaels reads and discusses his book The Wagers,event
event::Richard King reads and discusses his book A Stab at Life,Richard King reads and discusses his book A Stab at Life,event
event::Virtual Bookclub Claire Holden Rothman reviews Normal People,Virtual Bookclub Claire Holden Rothman reviews Normal People,event
event::Virtual Bookclub: Alice Lehrer reviews Maybe You Should Talk to Someone image,Virtual Bookclub: Alice Lehrer reviews Maybe You Should Talk to Someone image,event
event::Clandestine Letters into a Nazi Prison,Clandestine Letters into a Nazi Prison,event
"event::Daniel Levitin: ""Successful Aging and lessons from Jewish teachings""","Daniel Levitin: ""Successful Aging and lessons from Jewish teachings""",event
event::Karine Tuil : Les choses humaines,Karine Tuil : Les choses humaines,event
"event::Relations, Resilience, Resistance ","Relations, Resilience, Resistance ",event
"event::Isabel Allende: ""Write what should not be forgotten - a journey into memory and soul","Isabel Allende: ""Write what should not be forgotten - a journey into memory and soul",event
event::Rare Books Workshop in collaboration with the Jewish Public Library ,Rare Books Workshop in collaboration with the Jewish Public Library ,event
event::Rare Books Workshop,Rare Books Workshop,event
"event::""In League With the Future; Yiddish Stories for Children and their 'Grown-ups'"" with Miriam Udel","""In League With the Future; Yiddish Stories for Children and their 'Grown-ups'"" with Miriam Udel",event
event::Rare Books and the Stories They Tell,Rare Books and the Stories They Tell,event
"event::""Writing with Many Pens"": The first printed Hebrew Books","""Writing with Many Pens"": The first printed Hebrew Books",event
event::Atelier des livres anciens,Atelier des livres anciens,event
"event::""The Light of Days"" with Judy Batalion ","""The Light of Days"" with Judy Batalion ",event
event::Gad Saad in conversation with Barbara Kay,Gad Saad in conversation with Barbara Kay,event
event::An evening with Scotiabank Giller-Prize winner Souvankham Thammavongsa,An evening with Scotiabank Giller-Prize winner Souvankham Thammavongsa,event
"event::Picture Book Virtual Event: Dr. Lena Allen Shore's ""Sleep, My Baby""","Picture Book Virtual Event: Dr. Lena Allen Shore's ""Sleep, My Baby""",event
event::Alberto Ruy Sánchez and Literature Beyond the Genre,Alberto Ruy Sánchez and Literature Beyond the Genre,event
"event::Jordi Nopca: Come on Up, Tales of Barcelona
","Jordi Nopca: Come on Up, Tales of Barcelona
",event
"event::Patrick Radden Keefe: Empire of Pain
","Patrick Radden Keefe: Empire of Pain
",event
event::Sleepy Storytime to Celebrate Mommy,Sleepy Storytime to Celebrate Mommy,event
event::Ayad Akhtar: Homeland Elegies,Ayad Akhtar: Homeland Elegies,event
event::Jake Tapper: The Devil May Dance,Jake Tapper: The Devil May Dance,event
event::Gabriela Garcia: Of Women and Salt,Gabriela Garcia: Of Women and Salt,event
event::Jeffrey Brown in conversation with Erik Larson: The Splendid and the Vile,Jeffrey Brown in conversation with Erik Larson: The Splendid and the Vile,event
event::Part1: A Kabbalist in Montreal: The life and times of Rabbi Yudel Rosenberg,Part1: A Kabbalist in Montreal: The life and times of Rabbi Yudel Rosenberg,event
event::Unscrolling the kabbalistic tree: The Rosenberg Rotulus at the JPL Archives,Unscrolling the kabbalistic tree: The Rosenberg Rotulus at the JPL Archives,event
event::Part 2: The Ilanot Project: The mapping of kabbalistic schemas in history,Part 2: The Ilanot Project: The mapping of kabbalistic schemas in history,event
"event::Part 3: The Rosenberg Rotulus, composition, conservation, preservation","Part 3: The Rosenberg Rotulus, composition, conservation, preservation",event
event::Estellina's progeny and the development of Jewish printing,Estellina's progeny and the development of Jewish printing,event
event::How many Kabbalists does it take to Redeem sparks broken by the Light Bulb,How many Kabbalists does it take to Redeem sparks broken by the Light Bulb,event
event::The Boss Maidel Conversations with Nadia Hashimi,The Boss Maidel Conversations with Nadia Hashimi,event
event::Book launch: Yasodhara and the Buddha with Vanessa Sasson,Book launch: Yasodhara and the Buddha with Vanessa Sasson,event
"event::""American Jewbu: Jews, Buddhists, and Religious Change"" – a discussion with Emily Sigalow.","""American Jewbu: Jews, Buddhists, and Religious Change"" – a discussion with Emily Sigalow.",event
"event::Ruth Wisse: ""Free as a Jew"" - A Personal Memoir of Self Liberation","Ruth Wisse: ""Free as a Jew"" - A Personal Memoir of Self Liberation",event
"event::Pullitzer Prize-winning novelist, essayist, and screenwriter Michael Chabon","Pullitzer Prize-winning novelist, essayist, and screenwriter Michael Chabon",event
"event::Colum McCann in conversation with Anne Legacé Dowson ""Apeirogon"" ","Colum McCann in conversation with Anne Legacé Dowson ""Apeirogon"" ",event
"event::JMB Keynote: An Evening with David Grossman  - ""More Than I Love My Life""","JMB Keynote: An Evening with David Grossman  - ""More Than I Love My Life""",event
"event::Jeffrey Shandler: ""Yiddish: Biography of a Language""","Jeffrey Shandler: ""Yiddish: Biography of a Language""",event
event::The Jargon of Hegemony. a book talk and rare book workshop,The Jargon of Hegemony. a book talk and rare book workshop,event
"event::Valérie Zenatti, romancière et traductrice","Valérie Zenatti, romancière et traductrice",event
"event::Steven Pinker: Rationality: What It Is, Why It Seems Scarce, Why It Matters","Steven Pinker: Rationality: What It Is, Why It Seems Scarce, Why It Matters",event
event::Missing Inks: Jewish Texts in Controversial Contexts,Missing Inks: Jewish Texts in Controversial Contexts,event
event::The Boss Maidel Conversations with Female Writers Series,The Boss Maidel Conversations with Female Writers Series,event
event::The JPL's Travelling Rare and Antiquarian Books Workshop,The JPL's Travelling Rare and Antiquarian Books Workshop,event
"event::From San Paternian to St. Urbain Street: Jewish Texts, Canadian Contexts","From San Paternian to St. Urbain Street: Jewish Texts, Canadian Contexts",event
event::Zoom Writers' Open Mic Night,Zoom Writers' Open Mic Night,event
event::A Virtual Farewell to our Writer in Residence,A Virtual Farewell to our Writer in Residence,event
event::Wes Funk Memorial Pride Latté & Pride Festival Opening,Wes Funk Memorial Pride Latté & Pride Festival Opening,event
event::Writers' Open Mic Night via Zoom: Sept 2020,Writers' Open Mic Night via Zoom: Sept 2020,event
event::Writers' Open Mic Night via Zoom: Oct 2020,Writers' Open Mic Night via Zoom: Oct 2020,event
event::Writers' Open Mic Night via Zoom: Nov 2020,Writers' Open Mic Night via Zoom: Nov 2020,event
event::Storytime Live: Sept 2020,Storytime Live: Sept 2020,event
event::Healing in Creative Writing with Bevann Fox,Healing in Creative Writing with Bevann Fox,event
event::Writers' Open Mic Night via Zoom,Writers' Open Mic Night via Zoom,event
event::MFA in Writing: Student Workshops: Reading Like a Writer with Delane Just,MFA in Writing: Student Workshops: Reading Like a Writer with Delane Just,event
event::MFA in Writing: Student Workshops: The Writing Practice with Ian Canon,MFA in Writing: Student Workshops: The Writing Practice with Ian Canon,event
event::MFA in Writing: Student Workshops: Flash Fiction with Aliza Prodaniuk,MFA in Writing: Student Workshops: Flash Fiction with Aliza Prodaniuk,event
event::MFA in Writing: Student Workshops: The Long Poem: Writing in the Long Form,MFA in Writing: Student Workshops: The Long Poem: Writing in the Long Form,event
event::2020 Cheryl and Henry Kloppenburg Award for Literary Excellence,2020 Cheryl and Henry Kloppenburg Award for Literary Excellence,event
event::Ink: Young Writer's Club,Ink: Young Writer's Club,event
event::Baby Storytime Outside @ Rusty Macdonald,Baby Storytime Outside @ Rusty Macdonald,event
event::Wes Funk Memorial Pride Latté,Wes Funk Memorial Pride Latté,event
event::Baby Storytime Outside @ Cliff Wright,Baby Storytime Outside @ Cliff Wright,event
event::Writer in Residence Welcome,Writer in Residence Welcome,event
event::Storytime Live: Sept 2021,Storytime Live: Sept 2021,event
event::Storytime Live: Oct 2021,Storytime Live: Oct 2021,event
event::Halloween Howl,Halloween Howl,event
event::Publishing Symposium PART ONE: BIPOC Writers on Publishing ,Publishing Symposium PART ONE: BIPOC Writers on Publishing ,event
event::Publishing Symposium PART TWO: Publishing 101 with Jillian Bell,Publishing Symposium PART TWO: Publishing 101 with Jillian Bell,event
event::2021 Kloppenburg Literary Award Recipient: Author Reading with Bill Waiser,2021 Kloppenburg Literary Award Recipient: Author Reading with Bill Waiser,event
"event::One Book, One Province: Arab Cooking on a Prairie Homestead","One Book, One Province: Arab Cooking on a Prairie Homestead",event
event::Workshop 1: Introduction to the Project - Indigenous Storyteller in Residence,Workshop 1: Introduction to the Project - Indigenous Storyteller in Residence,event
event::Workshop 2: Bring an Object to Class-Indigenous Storyteller in Residence,Workshop 2: Bring an Object to Class-Indigenous Storyteller in Residence,event
event::Workshop 3: Making Dreams Come to Life-Indigenous Storyteller in Residence,Workshop 3: Making Dreams Come to Life-Indigenous Storyteller in Residence,event
event::Workshop 4: Idle No More - Indigenous Storyteller in Residence,Workshop 4: Idle No More - Indigenous Storyteller in Residence,event
"event::Workshop 5: The Quieter You Are, The More You Can HEar - Indigenous Storyteller in Residence","Workshop 5: The Quieter You Are, The More You Can HEar - Indigenous Storyteller in Residence",event
event::Workshop 6: From the Page to the Stage - Indigneous Storyteller in Residence,Workshop 6: From the Page to the Stage - Indigneous Storyteller in Residence,event
event::Workshop 7: Virtually in the Round - Indigneuous Storyteller in Residence,Workshop 7: Virtually in the Round - Indigneuous Storyteller in Residence,event
event::Workshop 8: Performance Rehearsal - Indigenous Storyteller in Residence,Workshop 8: Performance Rehearsal - Indigenous Storyteller in Residence,event
event::Reconciliation Book Club,Reconciliation Book Club,event
event::Final Performance Indigenous Storyteller in Residence,Final Performance Indigenous Storyteller in Residence,event
event::Indie Comics Panel at the Millennium Library,Indie Comics Panel at the Millennium Library,event
event::Read by Queens,Read by Queens,event
event::Tales at Night - Halloween Edition,Tales at Night - Halloween Edition,event
event::Tales at Night - Winter edition,Tales at Night - Winter edition,event
"event::Big Tech, Monopolies and Imagining Alternatives","Big Tech, Monopolies and Imagining Alternatives",event
event::Dr. Jen Gunter: The Menopause Manifesto,Dr. Jen Gunter: The Menopause Manifesto,event
event::Dawnie Walton: The Final Revival of Opal & Nev,Dawnie Walton: The Final Revival of Opal & Nev,event
event::Jeremy Atherton Lin: Gay Bar - Why We Went Out,Jeremy Atherton Lin: Gay Bar - Why We Went Out,event
event::Rob Kenner: The Marathon Don't Stop - The Life & Times of Nipsey Hussle,Rob Kenner: The Marathon Don't Stop - The Life & Times of Nipsey Hussle,event
event::Jonathan Manthorpe: Restoring Democracy,Jonathan Manthorpe: Restoring Democracy,event
event::Fulfillment and the Future of Work,Fulfillment and the Future of Work,event
event::Lisa Taddeo: Animal,Lisa Taddeo: Animal,event
event::Joe Ide: Smoke,Joe Ide: Smoke,event
event::Megan Nolan: Acts of Desperation,Megan Nolan: Acts of Desperation,event
event::Steve Patterson: Dad Up! Long-Time Comedian. First-Time Father,Steve Patterson: Dad Up! Long-Time Comedian. First-Time Father,event
event::Domestic Revolutions: Gay Family Life in Three Novels,Domestic Revolutions: Gay Family Life in Three Novels,event
event::Ross King: The Bookseller of Florence,Ross King: The Bookseller of Florence,event
event::Anuk Arudpragasam: A Passage North,Anuk Arudpragasam: A Passage North,event
event::Jesse McCarthy: Who Will Pay Reparations on My Soul?,Jesse McCarthy: Who Will Pay Reparations on My Soul?,event
event::Michael LaPointe: The Creep,Michael LaPointe: The Creep,event
event::Revolutionizing the Rural,Revolutionizing the Rural,event
event::Tahmima Anam: The Startup Wife,Tahmima Anam: The Startup Wife,event
event::Tom Nichols: Our Own Worst Enemy,Tom Nichols: Our Own Worst Enemy,event
event::Kathleen Winter: Undersong,Kathleen Winter: Undersong,event
event::Linda Colley: How War Shaped Constitution-Making and Spread (and Limited) Rights,Linda Colley: How War Shaped Constitution-Making and Spread (and Limited) Rights,event
"event::Predict + Surveil: Data, Discretion, and the Future of Policing","Predict + Surveil: Data, Discretion, and the Future of Policing",event
event::Kamal Al-Solaylee: Why We Go Back to Where We Came From,Kamal Al-Solaylee: Why We Go Back to Where We Came From,event
event::Erin Dej: A Complex Exile - Homelessness and Social Exclusion in Canada,Erin Dej: A Complex Exile - Homelessness and Social Exclusion in Canada,event
event::Dean Jobb: Hunting a Victorian Era Serial Killer,Dean Jobb: Hunting a Victorian Era Serial Killer,event
event::Natasha Brown: Assembly,Natasha Brown: Assembly,event
event::Sarah Schulman: Let The Record Show,Sarah Schulman: Let The Record Show,event
event::Simone de Beauvoir: Inseparable,Simone de Beauvoir: Inseparable,event
event::The Case For Basic Income,The Case For Basic Income,event
event::Joanna Chiu: China Unbound,Joanna Chiu: China Unbound,event
event::Joshua Ferris: A Calling,Joshua Ferris: A Calling,event
event::Charles Taylor: How Democracies Degenerate,Charles Taylor: How Democracies Degenerate,event
"event::Silicon Values: Free Speech, Democracy and Big Tech","Silicon Values: Free Speech, Democracy and Big Tech",event
event::Luc Lang : Le remake dans tous ses états,Luc Lang : Le remake dans tous ses états,event
event::Nicholas Sparks: The Wish,Nicholas Sparks: The Wish,event
event::Omar Mouallem: Praying to the West,Omar Mouallem: Praying to the West,event
event::Climate - Alexandra Morton: Not On My Watch,Climate - Alexandra Morton: Not On My Watch,event
event::Kim Thúy: Em,Kim Thúy: Em,event
"event::Climate - Frauke Bagusche: Blue, Blue Wonder","Climate - Frauke Bagusche: Blue, Blue Wonder",event
event::Climate - Jill Heinerth: What I Saw in the Deep,Climate - Jill Heinerth: What I Saw in the Deep,event
"event::Jody Wilson-Raybould: ""Indian"" in the Cabinet","Jody Wilson-Raybould: ""Indian"" in the Cabinet",event
"event::Virtual Author AMA - Martha Vowles' ""Senior Management: parenting my parents""","Virtual Author AMA - Martha Vowles' ""Senior Management: parenting my parents""",event
event::School Aged Activity | Atelier pour enfants d'âge scolaire,School Aged Activity | Atelier pour enfants d'âge scolaire,event
event::Babies in the Library | Bébés à la bibliothèque,Babies in the Library | Bébés à la bibliothèque,event
event::Preschool Storytime | Heure du conte,Preschool Storytime | Heure du conte,event
event::Family Literacy Day | Journée de l'alphabétisation familiale ,Family Literacy Day | Journée de l'alphabétisation familiale ,event
event::Word Splash 2020,Word Splash 2020,event
event::Fire Poem Workshop,Fire Poem Workshop,event
event::Teachings By Harold Johnson – Episode 1: Be a Writer,Teachings By Harold Johnson – Episode 1: Be a Writer,event
event::Teachings By Harold Johnson – Episode 2: The Power of Story,Teachings By Harold Johnson – Episode 2: The Power of Story,event
event::Teachings By Harold Johnson – Episode 3: A Story about Stories,Teachings By Harold Johnson – Episode 3: A Story about Stories,event
event::Virtual Chapbook Launch - i am what becomes of broken branch,Virtual Chapbook Launch - i am what becomes of broken branch,event
event::Words for a Freezing Moon 2020,Words for a Freezing Moon 2020,event
event::“Lisa Bird-Wilson in Conversation with Jessica Johns”,“Lisa Bird-Wilson in Conversation with Jessica Johns”,event
event::SAWCI 2021 PD SERIES: Peer Editing – Writing Circle,SAWCI 2021 PD SERIES: Peer Editing – Writing Circle,event
event::SAWCI 2021 PD SERIES: Virtual Writer-in-Residence,SAWCI 2021 PD SERIES: Virtual Writer-in-Residence,event
event::Free Programming Monday Nights ,Free Programming Monday Nights ,event
event::Word Splash 2021,Word Splash 2021,event
event::Virtual Storytime: Apr 2020,Virtual Storytime: Apr 2020,event
event::Teen eBook Club: Apr 2020,Teen eBook Club: Apr 2020,event
event::SKFOW and MJPL Virtual Book Club,SKFOW and MJPL Virtual Book Club,event
event::Miss Wendy Virtual Story Time: May 2020,Miss Wendy Virtual Story Time: May 2020,event
event::Teen EBook Club May: 2020,Teen EBook Club May: 2020,event
event::MJPL Virtual Book Club: May 2020,MJPL Virtual Book Club: May 2020,event
event::Miss Wendy Virtual Story Time: June 2020,Miss Wendy Virtual Story Time: June 2020,event
event::Virtual Story Time with Miss Wendy: June 2020 (2),Virtual Story Time with Miss Wendy: June 2020 (2),event
event::MJPL Virtual Book Club: June 2020,MJPL Virtual Book Club: June 2020,event
event::Virtual Story Time with Miss Wendy: June 2020,Virtual Story Time with Miss Wendy: June 2020,event
event::June Teen eBook Club: 2020,June Teen eBook Club: 2020,event
event::Childrens Storytime with Miss Wendy: July 2020,Childrens Storytime with Miss Wendy: July 2020,event
event::Virtual Storytime FT. Della Bartzen: July 2020,Virtual Storytime FT. Della Bartzen: July 2020,event
event::MJPL Virtual Book Club: July 2020,MJPL Virtual Book Club: July 2020,event
event::MJPL Virtual Book Club: Sept 2020,MJPL Virtual Book Club: Sept 2020,event
event::MJPL Virtual Book Club: Oct 2020,MJPL Virtual Book Club: Oct 2020,event
event::Festival of Words/MJPL Book Club: Oct 2020,Festival of Words/MJPL Book Club: Oct 2020,event
event::MJPL Virtual Book Club: Nov 2020,MJPL Virtual Book Club: Nov 2020,event
"event::Festival of Words/Library Book Club: ""Home Ice"" by Angie Abdou","Festival of Words/Library Book Club: ""Home Ice"" by Angie Abdou",event
event::Bedtime Stories with Miss Tina: Jan 2021,Bedtime Stories with Miss Tina: Jan 2021,event
event::Virtual Book Club: Jan 2021,Virtual Book Club: Jan 2021,event
event::I Read Canadian Stories,I Read Canadian Stories,event
event::Teen eBook Club: Feb 2021,Teen eBook Club: Feb 2021,event
event::Festival of Words Virtual Book Club: Feb 2021,Festival of Words Virtual Book Club: Feb 2021,event
event::Bedtime Stories with Miss Tina: Mar 2021,Bedtime Stories with Miss Tina: Mar 2021,event
event::Virtual Book Club: Mar 2021,Virtual Book Club: Mar 2021,event
event::Teen eBook Club on Discord: Mar 2021,Teen eBook Club on Discord: Mar 2021,event
event::MJPL Book Club on Zoom: Apr 2021,MJPL Book Club on Zoom: Apr 2021,event
event::Festival of Words Virtual Book Club: Mar 2021 ,Festival of Words Virtual Book Club: Mar 2021 ,event
event::Teen eBook Club on Discord: Apr 2021,Teen eBook Club on Discord: Apr 2021,event
event::Festival of Words Book Club on Zoom: Apr 2021,Festival of Words Book Club on Zoom: Apr 2021,event
event::Bedtime Stories with Miss Tina: May 2021,Bedtime Stories with Miss Tina: May 2021,event
event::MJPL Book Club on Zoom: May 2021,MJPL Book Club on Zoom: May 2021,event
event::Teen eBook Club on Discord,Teen eBook Club on Discord,event
event::Festival of Words Book Club on Zoom: May 2021,Festival of Words Book Club on Zoom: May 2021,event
event::MJPL Book Club on Zoom: June 2021,MJPL Book Club on Zoom: June 2021,event
event::Festival of Words Book Club on Zoom: June 2021,Festival of Words Book Club on Zoom: June 2021,event
event::Teen eBook Club on Discord: June 2021,Teen eBook Club on Discord: June 2021,event
event::Bedtime Stories with Miss Tina: July 2021,Bedtime Stories with Miss Tina: July 2021,event
event::Outdoor Adventures with Books and Games,Outdoor Adventures with Books and Games,event
event::Teen eBook Club on Discord: July 2021,Teen eBook Club on Discord: July 2021,event
event::What are You Reading? Hot Summer Reads on Zoom,What are You Reading? Hot Summer Reads on Zoom,event
event::Teen eBook Club on Discord: Aug 2021,Teen eBook Club on Discord: Aug 2021,event
event::MJPL Book Club: Sept 2021,MJPL Book Club: Sept 2021,event
event::Preschool Storytime: Sept 2021-Oct 2021,Preschool Storytime: Sept 2021-Oct 2021,event
event::Teen eBook Club on Discord: Oct 2021,Teen eBook Club on Discord: Oct 2021,event
event::Saskatchewan Reads Book Club: Oct 2021,Saskatchewan Reads Book Club: Oct 2021,event
event::Saskatchewan Reads Book Club: Sept 2021,Saskatchewan Reads Book Club: Sept 2021,event
event::MJPL Book Club: Dec 2021,MJPL Book Club: Dec 2021,event
event::Preschool Storytime - In Person: Jan 2021 - Feb 2021,Preschool Storytime - In Person: Jan 2021 - Feb 2021,event
event::Purely Canadian Book Club: Medicine Walk by Richard Wagamese,Purely Canadian Book Club: Medicine Walk by Richard Wagamese,event
event::Teen eBook Club on Discord: Jan 2022,Teen eBook Club on Discord: Jan 2022,event
event::MJPL Book Club: Feb 2022,MJPL Book Club: Feb 2022,event
event::Saskatchewan Aboriginal Storytelling Month ,Saskatchewan Aboriginal Storytelling Month ,event
event::Indigenous Star Stories,Indigenous Star Stories,event
event::Purely Canadian Book Club: Laughing all the Way to the Mosque by Zarqa Nawaz,Purely Canadian Book Club: Laughing all the Way to the Mosque by Zarqa Nawaz,event
event::Teen eBook Club on Discord: Feb 2022,Teen eBook Club on Discord: Feb 2022,event
event::MJPL Book Club: Mar 2022,MJPL Book Club: Mar 2022,event
event::Preschool Storytime: Mar 2022 - Apr 2022,Preschool Storytime: Mar 2022 - Apr 2022,event
"event::Purely Canadian Book Club: ""Son of a Trickster"" by Eden Robinson","Purely Canadian Book Club: ""Son of a Trickster"" by Eden Robinson",event
event::Balados du Salon: « Balados littéraires du Salon » Épisode 5 Feminism,Balados du Salon: « Balados littéraires du Salon » Épisode 5 Feminism,event
event::Balados du Salon: « Balados littéraires du Salon » Épisode 1 Le corps,Balados du Salon: « Balados littéraires du Salon » Épisode 1 Le corps,event
event::Balados du Salon: « Balados littéraires du Salon » Épisode 2 L'imaginaire,Balados du Salon: « Balados littéraires du Salon » Épisode 2 L'imaginaire,event
event::Balados du Salon: « Balados littéraires du Salon » Épisode 3 La transmission,Balados du Salon: « Balados littéraires du Salon » Épisode 3 La transmission,event
event::Balados du Salon: « Balados littéraires du Salon » Épisode 4 La bispiritualité,Balados du Salon: « Balados littéraires du Salon » Épisode 4 La bispiritualité,event
event::Balados du Salon: « Lire en relation » Épisode 1 Enseigner les littératures autochtones en contexte colonial,Balados du Salon: « Lire en relation » Épisode 1 Enseigner les littératures autochtones en contexte colonial,event
event::Balados du Salon: « Lire en relation » Épisode 2 Littératures autochtones et traduction,Balados du Salon: « Lire en relation » Épisode 2 Littératures autochtones et traduction,event
event::Balados du Salon: « Lire en relation » Épisode 3 Promets-moi de m’écouter,Balados du Salon: « Lire en relation » Épisode 3 Promets-moi de m’écouter,event
"event::Balados du Salon: « Lire en relation » Épisode 4 Collaborations, positions et relations","Balados du Salon: « Lire en relation » Épisode 4 Collaborations, positions et relations",event
event::Entrevues et échanges en direct / live interviews and discussions: 1 Pierrot Ross Tremblay animée par Julie Burelle,Entrevues et échanges en direct / live interviews and discussions: 1 Pierrot Ross Tremblay animée par Julie Burelle,event
event::Entrevues et échanges en direct / live interviews and discussions: 2 Joshua Whitehead hosted by Rachelle Solomon,Entrevues et échanges en direct / live interviews and discussions: 2 Joshua Whitehead hosted by Rachelle Solomon,event
"event::Entrevues et échanges en direct / live interviews and discussions: 3 Yves Sioui Durand, animée par Jean-François Côté","Entrevues et échanges en direct / live interviews and discussions: 3 Yves Sioui Durand, animée par Jean-François Côté",event
"event::Entrevues et échanges en direct / live interviews and discussions: 4 Daniel Paul et son traducteur Jean-François Cyr, animée par Sylvie Nicolas","Entrevues et échanges en direct / live interviews and discussions: 4 Daniel Paul et son traducteur Jean-François Cyr, animée par Sylvie Nicolas",event
event::Entrevues et échanges en direct / live interviews and discussions: 5 Échanges entre Joséphine Sioui et Jean SiouI,Entrevues et échanges en direct / live interviews and discussions: 5 Échanges entre Joséphine Sioui et Jean SiouI,event
event::Entrevues et échanges en direct / live interviews and discussions: 6 Discussion between David Groulx and Eric Charlebois,Entrevues et échanges en direct / live interviews and discussions: 6 Discussion between David Groulx and Eric Charlebois,event
event::Entrevues et échanges en direct / live interviews and discussions: 7 Échanges entre Sabryna Godbout et Emanuelle Dufour ,Entrevues et échanges en direct / live interviews and discussions: 7 Échanges entre Sabryna Godbout et Emanuelle Dufour ,event
"event::Entrevues et échanges en direct / live interviews and discussions: 8 Rencontre avec Émilie Monnet, animée par Sylvie Nicolas","Entrevues et échanges en direct / live interviews and discussions: 8 Rencontre avec Émilie Monnet, animée par Sylvie Nicolas",event
"event::Déjeuners-poésie / Poetry Breakfasts 1 Jeanne D'Arc Vollant, Joséphine Bacon, Reneltta Arluk et Maya Cousineau Mollen","Déjeuners-poésie / Poetry Breakfasts 1 Jeanne D'Arc Vollant, Joséphine Bacon, Reneltta Arluk et Maya Cousineau Mollen",event
"event::Déjeuners-poésie / Poetry Breakfasts 2 Marie-Andrée Gill, Lee Maracle, Andrée Levesque Sioui and Christine Sioui Wawanoloath","Déjeuners-poésie / Poetry Breakfasts 2 Marie-Andrée Gill, Lee Maracle, Andrée Levesque Sioui and Christine Sioui Wawanoloath",event
"event::Déjeuners-poésie / Poetry Breakfasts 3 Shayne Michael, Virginia Pésémapéo Bordeleau, Duncan Mercredi et Félix Perkins","Déjeuners-poésie / Poetry Breakfasts 3 Shayne Michael, Virginia Pésémapéo Bordeleau, Duncan Mercredi et Félix Perkins",event
"event::Déjeuners-poésie / Poetry Breakfasts 4 Katherena Vermette, Odile Purue, Ra'i Chaze et Louis-Karl Picard-Sioui","Déjeuners-poésie / Poetry Breakfasts 4 Katherena Vermette, Odile Purue, Ra'i Chaze et Louis-Karl Picard-Sioui",event
event::Lectures / Readings « Le Salon sur votre divan »,Lectures / Readings « Le Salon sur votre divan »,event
event::Lectures / Readings « A Reading Just for You »,Lectures / Readings « A Reading Just for You »,event
event::Lectures / Readings « Ça parle aux images »,Lectures / Readings « Ça parle aux images »,event
event::Lectures / Readings « Tracer un chemin »,Lectures / Readings « Tracer un chemin »,event
event::Lectures / Readings « Verticalités / Verticalities » ,Lectures / Readings « Verticalités / Verticalities » ,event
event::SLPN x SLM | Soirée intime dèimprovisation poétique avec Andrée Levesque Sioui,SLPN x SLM | Soirée intime dèimprovisation poétique avec Andrée Levesque Sioui,event
event::Ouverture officielle + spectacle Les oranges sont rouges,Ouverture officielle + spectacle Les oranges sont rouges,event
event::Rencontres et tables rondes | Vendredi 19 nov: La magie de la création abénakise,Rencontres et tables rondes | Vendredi 19 nov: La magie de la création abénakise,event
event::Rencontres et tables rondes | Vendredi 19 nov: Théâtralités autochtones,Rencontres et tables rondes | Vendredi 19 nov: Théâtralités autochtones,event
event::Rencontres et tables rondes | Vendredi 19 nov: Rencontre avec Jean Sioui,Rencontres et tables rondes | Vendredi 19 nov: Rencontre avec Jean Sioui,event
event::Rencontres et tables rondes | Vendredi 19 nov: Rencontre avec Darrel J. McLeod,Rencontres et tables rondes | Vendredi 19 nov: Rencontre avec Darrel J. McLeod,event
event::Onweh avec Joséphine Bacon et Andrée Lévesque Sioui,Onweh avec Joséphine Bacon et Andrée Lévesque Sioui,event
event::Rencontres et tables rondes | Samedi 20 nov: Rencontre avec Joséphine Bacon,Rencontres et tables rondes | Samedi 20 nov: Rencontre avec Joséphine Bacon,event
event::Rencontres et tables rondes | Samedi 20 nov: Rencontre avec Jocelyn Sioui,Rencontres et tables rondes | Samedi 20 nov: Rencontre avec Jocelyn Sioui,event
event::Rencontres et tables rondes | Samedi 20 nov: Wapke : auteurs de demain,Rencontres et tables rondes | Samedi 20 nov: Wapke : auteurs de demain,event
event::Rencontres et tables rondes | Samedi 20 nov: An Encounter with Janet Rogers,Rencontres et tables rondes | Samedi 20 nov: An Encounter with Janet Rogers,event
event::Je suis une maudite Sauvagesse par Natasha Kanapé Fontaine,Je suis une maudite Sauvagesse par Natasha Kanapé Fontaine,event
event::Déjeuner-poésie 2021,Déjeuner-poésie 2021,event
"event::Rencontres et tables rondes | Dimanche 21 nov: 1 Literature, Healing and Reconciliation","Rencontres et tables rondes | Dimanche 21 nov: 1 Literature, Healing and Reconciliation",event
event::Rencontres et tables rondes | Dimanche 21 nov: 2 Nouvelles voix de la poésie autochtone,Rencontres et tables rondes | Dimanche 21 nov: 2 Nouvelles voix de la poésie autochtone,event
event::Rencontres et tables rondes | Dimanche 21 nov: 3 Le legs et l’anticipation en littérature autochtone,Rencontres et tables rondes | Dimanche 21 nov: 3 Le legs et l’anticipation en littérature autochtone,event
"event::SLPN x SLM | À la rencontre du Mononk Jules, de Jocelyn Sioui","SLPN x SLM | À la rencontre du Mononk Jules, de Jocelyn Sioui",event
event::SLPN x SLM | Nin Auass: Lecture et création avec Joséphine Bacon et Laure Morali,SLPN x SLM | Nin Auass: Lecture et création avec Joséphine Bacon et Laure Morali,event
event::Writers Circle Critique Group: Mar 2020,Writers Circle Critique Group: Mar 2020,event
event::Writing Circle (critique group): Apr 2020,Writing Circle (critique group): Apr 2020,event
event::Virtual Writers Circle Critique Group: May 2020,Virtual Writers Circle Critique Group: May 2020,event
event::Virtual Writers Circle critique group: June 2020,Virtual Writers Circle critique group: June 2020,event
event::Virtual Writers Circle critique group: July 2020,Virtual Writers Circle critique group: July 2020,event
event::Virtual Writers Circle critique group: Aug 2020,Virtual Writers Circle critique group: Aug 2020,event
event::Virtual Writers Circle critique group: Sept 2020,Virtual Writers Circle critique group: Sept 2020,event
event::Virtual Writers Circle critique group: Oct 2020,Virtual Writers Circle critique group: Oct 2020,event
event::Virtual Writers Circle critique group: Nov 2020,Virtual Writers Circle critique group: Nov 2020,event
event::Virtual Writers Circle critique group: Dec 2020,Virtual Writers Circle critique group: Dec 2020,event
event::Virtual Writers Circle critique group with Daria Patrie and David Cramer: Feb 23 2021,Virtual Writers Circle critique group with Daria Patrie and David Cramer: Feb 23 2021,event
event::Virtual Writers Circle critique group with Danie Botha ***FULL***: Mar 9 2021,Virtual Writers Circle critique group with Danie Botha ***FULL***: Mar 9 2021,event
event::**FULL** Virtual Writers Circle critique group with Daria Patrie and David Cramer: Mar 30 2021,**FULL** Virtual Writers Circle critique group with Daria Patrie and David Cramer: Mar 30 2021,event
event::Virtual Writers Circle critique group with Danie Botha: Apr 13 2021,Virtual Writers Circle critique group with Danie Botha: Apr 13 2021,event
event::Virtual Writers Circle critique group with Daria Patrie and David Cramer: Apr 27 2021,Virtual Writers Circle critique group with Daria Patrie and David Cramer: Apr 27 2021,event
event::Virtual Writers Circle critique group with Danie Botha: May 11 2021,Virtual Writers Circle critique group with Danie Botha: May 11 2021,event
event::Virtual Writers Circle critique group with Daria Patrie and David Cramer: May 25 2021,Virtual Writers Circle critique group with Daria Patrie and David Cramer: May 25 2021,event
event::Virtual Writers Circle critique group with Danie Botha: June 8 2021,Virtual Writers Circle critique group with Danie Botha: June 8 2021,event
event::Virtual Writers Circle critique group with Daria Patrie and David Cramer: June 29 2021,Virtual Writers Circle critique group with Daria Patrie and David Cramer: June 29 2021,event
event::Virtual Writers Circle critique group with Danie Botha: July 13 2021,Virtual Writers Circle critique group with Danie Botha: July 13 2021,event
event::Virtual Writers Circle critique group with Daria Patrie and David Cramer: July 27 2021,Virtual Writers Circle critique group with Daria Patrie and David Cramer: July 27 2021,event
event::Virtual Writers Circle critique group with Danie Botha: Aug 10 2021,Virtual Writers Circle critique group with Danie Botha: Aug 10 2021,event
event::Virtual Writers Circle critique group with Daria Patrie and David Cramer: Aug 31 2021,Virtual Writers Circle critique group with Daria Patrie and David Cramer: Aug 31 2021,event
event::Virtual Writers Circle critique group with Danie Botha: Sept 14 2021,Virtual Writers Circle critique group with Danie Botha: Sept 14 2021,event
event::Virtual Writers Circle critique group with David Cramer and Andy Dutfield: Sept 28 2021,Virtual Writers Circle critique group with David Cramer and Andy Dutfield: Sept 28 2021,event
event::Virtual Writers Circle critique group with Danie Botha: Oct 12 2021,Virtual Writers Circle critique group with Danie Botha: Oct 12 2021,event
event::Virtual Writers Circle critique group with David Cramer and Andy Dutfield: Oct 26 2021,Virtual Writers Circle critique group with David Cramer and Andy Dutfield: Oct 26 2021,event
event::Virtual Writers Circle critique group with Danie Botha: Nov 9 2021,Virtual Writers Circle critique group with Danie Botha: Nov 9 2021,event
event::Virtual Writers Circle critique group with David Cramer and Andy Dutfield: Nov 30 2021,Virtual Writers Circle critique group with David Cramer and Andy Dutfield: Nov 30 2021,event
event::Virtual Writers Circle critique group with Danie Botha: Dec 14 2021,Virtual Writers Circle critique group with Danie Botha: Dec 14 2021,event
event::Virtual Writers Circle critique group with Danie Botha: Jan 11 2022,Virtual Writers Circle critique group with Danie Botha: Jan 11 2022,event
event::Virtual Writers Circle critique group with David Cramer and Andy Dutfield: Jan 25 2022,Virtual Writers Circle critique group with David Cramer and Andy Dutfield: Jan 25 2022,event
event::Virtual Writers Circle critique group with Danie Botha: Feb 8 2022,Virtual Writers Circle critique group with Danie Botha: Feb 8 2022,event
event::Virtual Writers Circle critique group with David Cramer and Andy Dutfield: Feb 23 2022,Virtual Writers Circle critique group with David Cramer and Andy Dutfield: Feb 23 2022,event
event::Virtual Writers Circle critique group with Danie Botha: Mar 08 2022,Virtual Writers Circle critique group with Danie Botha: Mar 08 2022,event
event::Book Chats,Book Chats,event
event::Book Chat #2,Book Chat #2,event
event::Book Chat #3,Book Chat #3,event
event::Book Chat #4,Book Chat #4,event
event::Book Chat #5 with Lauren Carter,Book Chat #5 with Lauren Carter,event
event::Virtual Book Chat # 6,Virtual Book Chat # 6,event
event::Virtual Book Chat #7,Virtual Book Chat #7,event
event::Book Chat #7,Book Chat #7,event
event::Book Chat with Joanne Epp,Book Chat with Joanne Epp,event
event::Book Chat with Gaylene Dutchyshen,Book Chat with Gaylene Dutchyshen,event
event::Book Chat with Louella Lester,Book Chat with Louella Lester,event
event::Seasonal Book Chat,Seasonal Book Chat,event
event::Book Chat with Ron Hore,Book Chat with Ron Hore,event
event::Book Chat #13,Book Chat #13,event
"event::Book Chat # 14 with Manitoba Book Awards winner, David A Robertson","Book Chat # 14 with Manitoba Book Awards winner, David A Robertson",event
event::Book Chat # 15 with Jonathan Ball,Book Chat # 15 with Jonathan Ball,event
event::Book Chat with Magdalene Redekop,Book Chat with Magdalene Redekop,event
event::Book Chat with Duncan Mecredi and Lenard Monkman,Book Chat with Duncan Mecredi and Lenard Monkman,event
event::Book Chat #18 - Andrew Unger,Book Chat #18 - Andrew Unger,event
event::Book Chat with Lara Rae,Book Chat with Lara Rae,event
event::RESCHEDULED: Book Chat with Lara Rae,RESCHEDULED: Book Chat with Lara Rae,event
event::Book Chat with Amber O'Reilly,Book Chat with Amber O'Reilly,event
event::Virtual Writing Rants and Ramblings: June 2020,Virtual Writing Rants and Ramblings: June 2020,event
event::Virtual Writing Rants and Ramblings: Aug 2020,Virtual Writing Rants and Ramblings: Aug 2020,event
event::Virtual Writing Rants and Ramblings: Sept 2020,Virtual Writing Rants and Ramblings: Sept 2020,event
event::Virtual Writing Rants and Ramblings: Oct 2020,Virtual Writing Rants and Ramblings: Oct 2020,event
event::Virtual Writing Rants and Ramblings: Nov 2020,Virtual Writing Rants and Ramblings: Nov 2020,event
event::Virtual Writing Rants and Ramblings: Dec 2020,Virtual Writing Rants and Ramblings: Dec 2020,event
event::Virtual Writing Rants and Ramblings: Jan 2021,Virtual Writing Rants and Ramblings: Jan 2021,event
event::Virtual Writing Rants and Ramblings: Feb 2021,Virtual Writing Rants and Ramblings: Feb 2021,event
event::Virtual Writing Rants and Ramblings: Mar 2021,Virtual Writing Rants and Ramblings: Mar 2021,event
event::Virtual Writing Rants and Ramblings: Apr 2021,Virtual Writing Rants and Ramblings: Apr 2021,event
event::Virtual Writing Rants and Ramblings: May 2021,Virtual Writing Rants and Ramblings: May 2021,event
event::Virtual Writing Rants and Ramblings: May 2021,Virtual Writing Rants and Ramblings: May 2021,event
event::Virtual Writing Rants and Ramblings: June 2021,Virtual Writing Rants and Ramblings: June 2021,event
event::Virtual Writing Rants and Ramblings: July 2021,Virtual Writing Rants and Ramblings: July 2021,event
event::Virtual Writing Rants and Ramblings: Aug 2021,Virtual Writing Rants and Ramblings: Aug 2021,event
event::Virtual Writing Rants and Ramblings: Sept 2021,Virtual Writing Rants and Ramblings: Sept 2021,event
event::Virtual Writing Rants and Ramblings: Nov 2021,Virtual Writing Rants and Ramblings: Nov 2021,event
event::Cancelled - Virtual Writing Rants and Ramblings: Dec 2021,Cancelled - Virtual Writing Rants and Ramblings: Dec 2021,event
event::Virtual Writing Rants and Ramblings: Jan 2022,Virtual Writing Rants and Ramblings: Jan 2022,event
event::Virtual Writing Rants and Ramblings: Feb 2022,Virtual Writing Rants and Ramblings: Feb 2022,event
event::Virtual Writing Rants and Ramblings: Mar 2022,Virtual Writing Rants and Ramblings: Mar 2022,event
event::Kids Book Chat #1,Kids Book Chat #1,event
event::Kids Book Chat #2,Kids Book Chat #2,event
event::Kids Book Chat #3,Kids Book Chat #3,event
event::Halloween Special Book Chat,Halloween Special Book Chat,event
event::Kids Book Chat #4,Kids Book Chat #4,event
event::Kids Book #4 revisited,Kids Book #4 revisited,event
event::Kids Book Chat with author L 'il Irish,Kids Book Chat with author L 'il Irish,event
event::Kids Book Chat with Judy Cook,Kids Book Chat with Judy Cook,event
event::Kids Book Chat: May 2021,Kids Book Chat: May 2021,event
event::Kids Book Chat with Rae Bridgman,Kids Book Chat with Rae Bridgman,event
event::Kids Book Chat with Manitoba Book Award Winner,Kids Book Chat with Manitoba Book Award Winner,event
event::Kids Book Chat with Colleen Nelson,Kids Book Chat with Colleen Nelson,event
event::Kids Book Chat with Colleen Nelson #2,Kids Book Chat with Colleen Nelson #2,event
event::World Building Workshop,World Building Workshop,event
event::Creating Compelling Characters,Creating Compelling Characters,event
event::Copyright Law & Publisher Contracts,Copyright Law & Publisher Contracts,event
"event::An Introduction to Self-Publishing with Danie Botha, Sharon Hamilton, and Merrilee Needham","An Introduction to Self-Publishing with Danie Botha, Sharon Hamilton, and Merrilee Needham",event
event::Create a Docudrama - 8-week workshop series,Create a Docudrama - 8-week workshop series,event
event::Creating a Docudrama,Creating a Docudrama,event
event::Isolation Conversation: A Panel Discussion with SK Writers,Isolation Conversation: A Panel Discussion with SK Writers,event
event::Live Poetry Reading with Jane Ledwell,Live Poetry Reading with Jane Ledwell,event
event::Live Poetry Reading with Stephanie Kain,Live Poetry Reading with Stephanie Kain,event
event::Live Poetry Reading with Julie Bull,Live Poetry Reading with Julie Bull,event
event::Camp Awesome Double Book Launch,Camp Awesome Double Book Launch,event
event::Book Launch - Broken Crayons by Patsy Dingwell,Book Launch - Broken Crayons by Patsy Dingwell,event
event::Promenade littéraire- Reading Street,Promenade littéraire- Reading Street,event
event::Reading Street Presents: MCPEI Writing workshop with Patti Larsen!,Reading Street Presents: MCPEI Writing workshop with Patti Larsen!,event
event::Drop the Mic: Intro to Spoken Word,Drop the Mic: Intro to Spoken Word,event
event::Comedic Storytelling,Comedic Storytelling,event
event::Open Mic Night: A Celebration of Poetry Month,Open Mic Night: A Celebration of Poetry Month,event
event::Comedic Storytelling 2,Comedic Storytelling 2,event
event::Self-Publishing 101: A PEIWG Webinar,Self-Publishing 101: A PEIWG Webinar,event
event::The Art of Blogging: A Virtual Panel,The Art of Blogging: A Virtual Panel,event
event::#OwnVoices: An Open Mic for Diverse Storytellers,#OwnVoices: An Open Mic for Diverse Storytellers,event
event::Book Marketing: An Introduction,Book Marketing: An Introduction,event
event::Ask a Publisher,Ask a Publisher,event
event::Regional Publishing Panel,Regional Publishing Panel,event
event::First Page Challenge,First Page Challenge,event
event::Holiday Open Mic & Social,Holiday Open Mic & Social,event
event::Grant Writing Webinar for Creatives,Grant Writing Webinar for Creatives,event
event::Group Write-In event,Group Write-In event,event
event::A virtual evening with Guy Vanderhaeghe in-convo with Bill Robinson,A virtual evening with Guy Vanderhaeghe in-convo with Bill Robinson,event
event::Diana Hope Tegenkamp 'Girl running' launch with Tea Gerbeza,Diana Hope Tegenkamp 'Girl running' launch with Tea Gerbeza,event
event::Theressa Slind Book Launch with Leona Theis,Theressa Slind Book Launch with Leona Theis,event
"event::Barbara Nickel Dear Peter, Dear Ulla launch with host Pat Cooley","Barbara Nickel Dear Peter, Dear Ulla launch with host Pat Cooley",event
event::An Evening with Renée Kohlman in-convo with Jenn Sharp,An Evening with Renée Kohlman in-convo with Jenn Sharp,event
event::An afternoon with Sharon Butala in-convo with Elizabeth Philips,An afternoon with Sharon Butala in-convo with Elizabeth Philips,event
event::An afternoon with Sharon Butala in-convo with Elizabeth Philips,An afternoon with Sharon Butala in-convo with Elizabeth Philips,event
event::An afternoon with Sharon Butala in-convo with Elizabeth Philips,An afternoon with Sharon Butala in-convo with Elizabeth Philips,event
event::Deana J. Driver Virtual Launch: Flight & Fun On The Farm 3,Deana J. Driver Virtual Launch: Flight & Fun On The Farm 3,event
event::Sylvia Legris & Sheri Benning Dual Book Launch,Sylvia Legris & Sheri Benning Dual Book Launch,event
event::Jerry Haigh Book Launch w/ host Danica Lorer,Jerry Haigh Book Launch w/ host Danica Lorer,event
event::Dr. Stacy Irvine 'Your Better Instincts' book launch with Tim Irvine,Dr. Stacy Irvine 'Your Better Instincts' book launch with Tim Irvine,event
event::Khodi Dill 'Welcome to the Cypher' book launch with special guests,Khodi Dill 'Welcome to the Cypher' book launch with special guests,event
event::BOOK LAUNCH: Cecil King's 'The Boy From Buzwah',BOOK LAUNCH: Cecil King's 'The Boy From Buzwah',event
event::An Evening with Nathan Page & Drew Shannon (Creators of The Montague Twins),An Evening with Nathan Page & Drew Shannon (Creators of The Montague Twins),event
event::Dr. Debbie Boyd speaking about the collection of stories found in Pawprints on the Heart,Dr. Debbie Boyd speaking about the collection of stories found in Pawprints on the Heart,event
event::Brad Wilcox author of 'Too Far Back in the Bush',Brad Wilcox author of 'Too Far Back in the Bush',event
event::Joan Beecroft | 20/20 Hindsight: Being Gay* in Bruce and Grey,Joan Beecroft | 20/20 Hindsight: Being Gay* in Bruce and Grey,event
event::Al McGregor author of An Angry Sky,Al McGregor author of An Angry Sky,event
event::Praying to the West & The Last Baron,Praying to the West & The Last Baron,event
event::Seeing Beyond the Gallery,Seeing Beyond the Gallery,event
event::Masterclass: Memory Palace with Carla Funk,Masterclass: Memory Palace with Carla Funk,event
event::The Memoir Hour - Body of Words,The Memoir Hour - Body of Words,event
event::Nedί Nezų (Good Medicine),Nedί Nezų (Good Medicine),event
event::disorientation: Ian Williams,disorientation: Ian Williams,event
event::Masterclass: Drawing From Life: Using Images to Translate Memories into Memoir,Masterclass: Drawing From Life: Using Images to Translate Memories into Memoir,event
"event::Masterclass: Truth-Telling, Vulnerability and Sitting in the Discomfort of your Writing","Masterclass: Truth-Telling, Vulnerability and Sitting in the Discomfort of your Writing",event
event::Driven: The Secret Lives of Taxi Drivers,Driven: The Secret Lives of Taxi Drivers,event
event::Masterclass: Getting to Know You,Masterclass: Getting to Know You,event
event::Two Women Who Went First: Indira Samarasekera and Martha Piper,Two Women Who Went First: Indira Samarasekera and Martha Piper,event
event::CLC Brown Bag Lunch with Omar Mouallem,CLC Brown Bag Lunch with Omar Mouallem,event
"event::""Indian"" in the Cabinet: Jody Wilson-Raybould","""Indian"" in the Cabinet: Jody Wilson-Raybould",event
event::Avenue of Champions: Conor Kerr,Avenue of Champions: Conor Kerr,event
event::Special Topics in Being a Human,Special Topics in Being a Human,event
"event::Float Like a Butterfly, Drink Mint Tea","Float Like a Butterfly, Drink Mint Tea",event
event::Words from the Wise: Poetry from Community Leaders,Words from the Wise: Poetry from Community Leaders,event
event::Masterclass: Storytelling with Richard Van Camp,Masterclass: Storytelling with Richard Van Camp,event
event::COVID Collections,COVID Collections,event
event::Lyrical Femmes,Lyrical Femmes,event
event::Brunch of Writers: Celebrity Dish,Brunch of Writers: Celebrity Dish,event
event::You Are the Dream: Writers in Conversation,You Are the Dream: Writers in Conversation,event
event::Anthony Doerr: Cloud Cuckoo Land,Anthony Doerr: Cloud Cuckoo Land,event
event::Alaa Al Aswany: The Republic of False Truths,Alaa Al Aswany: The Republic of False Truths,event
event::Climate - Giulio Boccaletti: Water: A Biography,Climate - Giulio Boccaletti: Water: A Biography,event
event::Steven Johnson: Extra Life,Steven Johnson: Extra Life,event
"event::Shin, Homa & Craig: Exiled Off the Page","Shin, Homa & Craig: Exiled Off the Page",event
event::Kate Aronoff: Can Democracy Prevent Climate Catastrophe?,Kate Aronoff: Can Democracy Prevent Climate Catastrophe?,event
event::Brandon Hobson: The Removed,Brandon Hobson: The Removed,event
event::Elaine Dewar: On the Origins of the Deadliest Pandemic in 100 Years,Elaine Dewar: On the Origins of the Deadliest Pandemic in 100 Years,event
"event::A Journey into Becoming: Diaspora, Return and Identity","A Journey into Becoming: Diaspora, Return and Identity",event
event::Amanda Montell: Cultish,Amanda Montell: Cultish,event
event::Randy Boyagoda: Dante's Indiana,Randy Boyagoda: Dante's Indiana,event
event::Leigh Cowart: Hurts So Good,Leigh Cowart: Hurts So Good,event
event::Andrew Potter: On Decline,Andrew Potter: On Decline,event
event::Maylis de Kerangal: Embarquons dans le canoë d'écriture!,Maylis de Kerangal: Embarquons dans le canoë d'écriture!,event
event::Elaine Dewar: On the Origins of the Deadliest Pandemic in 100 Years (rescheduled),Elaine Dewar: On the Origins of the Deadliest Pandemic in 100 Years (rescheduled),event
event::Max Besora: The Adventures and Misadventures of Joan Orpi,Max Besora: The Adventures and Misadventures of Joan Orpi,event
event::POSTPONED: Chief Clarence Louie: Rez Rules,POSTPONED: Chief Clarence Louie: Rez Rules,event
event::Modi’s India: How Hindu Nationalism has Eroded the World’s Largest Democracy,Modi’s India: How Hindu Nationalism has Eroded the World’s Largest Democracy,event
event::Amitav Ghosh: The Nutmeg's Curse,Amitav Ghosh: The Nutmeg's Curse,event
event::Stephen Graham Jones: My Heart is a Chainsaw,Stephen Graham Jones: My Heart is a Chainsaw,event
event::Corey Mintz: The Next Supper,Corey Mintz: The Next Supper,event
event::Jordan Tannahill: The Listeners,Jordan Tannahill: The Listeners,event
event::Stephen Marche: The Next Civil War,Stephen Marche: The Next Civil War,event
event::Michael Ignatieff: On Consolation,Michael Ignatieff: On Consolation,event
event::Harley Rustad: Lost in the Valley of Death,Harley Rustad: Lost in the Valley of Death,event
event::Nita Prose: The Maid,Nita Prose: The Maid,event
event::Nathan Law: Freedom: How We Lose It and How We Fight Back,Nathan Law: Freedom: How We Lose It and How We Fight Back,event
"event::Lydia Davis: Proust, Arles and Madame Bovary","Lydia Davis: Proust, Arles and Madame Bovary",event
event::Eva Jurczyk: The Department of Rare Books and Special Collections,Eva Jurczyk: The Department of Rare Books and Special Collections,event
event::Damon Galgut: The Promise,Damon Galgut: The Promise,event
event::The Life and Legacy of C.S. Lewis,The Life and Legacy of C.S. Lewis,event
"event::Andrew Neiderman: V.C. Andrews, The Woman Beyond the Attic","Andrew Neiderman: V.C. Andrews, The Woman Beyond the Attic",event
"event::Anjana Ahuja: Spike, The Virus vs The People","Anjana Ahuja: Spike, The Virus vs The People",event
event::The Art of Storytelling with Roy Henry Vickers,The Art of Storytelling with Roy Henry Vickers,event
event::Mark L. Clifford: Today Hong Kong,Mark L. Clifford: Today Hong Kong,event
event::Chidiogo Akunyili-Parr: I Am Because We Are,Chidiogo Akunyili-Parr: I Am Because We Are,event
event::Dan Charnas: Dilla Time,Dan Charnas: Dilla Time,event
"event::Marlon James: Moon Witch, Spider King","Marlon James: Moon Witch, Spider King",event
event::Habiba Cooper Diallo: #BlackInSchool,Habiba Cooper Diallo: #BlackInSchool,event
event::Amy Webb & Andrew Hessel: The Genesis Machine,Amy Webb & Andrew Hessel: The Genesis Machine,event
event::Dimitri Nasrallah: Hotline,Dimitri Nasrallah: Hotline,event
event::Eliza Reid: Secrets of the Sprakkar,Eliza Reid: Secrets of the Sprakkar,event
event::Jayati Ghosh: How To Confront Global Inequalities,Jayati Ghosh: How To Confront Global Inequalities,event
event::Angela Davis: In Conversation,Angela Davis: In Conversation,event
event::Dan Savage: Savage Love from A to Z,Dan Savage: Savage Love from A to Z,event
event::Stephanie Foo: What My Bones Know,Stephanie Foo: What My Bones Know,event
event::Richard Van Camp - May We Have Enough to Share,Richard Van Camp - May We Have Enough to Share,event
event::Jeremy Tankard and Hermione Tankard - Yorick and Bones,Jeremy Tankard and Hermione Tankard - Yorick and Bones,event
event::#IReadCanadian with Eric Walters,#IReadCanadian with Eric Walters,event
event::Tom Ryan - I Hope You're Listening,Tom Ryan - I Hope You're Listening,event
event::Bethany C. Morrow - A Song Below Water,Bethany C. Morrow - A Song Below Water,event
event::Nafiza Azad - The Candle and the Flame,Nafiza Azad - The Candle and the Flame,event
event::Courtney Summers - Sadie & The Project,Courtney Summers - Sadie & The Project,event
event::Virginia Bordeleau in conversation with Susan Ouriou - Blue Bear Woman,Virginia Bordeleau in conversation with Susan Ouriou - Blue Bear Woman,event
event::Gil Adamson - Ridgerunner,Gil Adamson - Ridgerunner,event
event::Shane Chartrand and Jennifer Cockrall-King - tawâw,Shane Chartrand and Jennifer Cockrall-King - tawâw,event
event::Cheryl Foggo - Pourin' Down Rain: A Black Woman Claims Her Place,Cheryl Foggo - Pourin' Down Rain: A Black Woman Claims Her Place,event
event::Robert J Sawyer - The Oppenheimer Alternative,Robert J Sawyer - The Oppenheimer Alternative,event
event::Danika Stone - Fall of Night,Danika Stone - Fall of Night,event
event::Hali Heavy Shield and Faye Heavy Shield: Two Generations of Art,Hali Heavy Shield and Faye Heavy Shield: Two Generations of Art,event
event::Amber Weasel Head and Jamie John Kehewin: Art and Entrepreneurial program,Amber Weasel Head and Jamie John Kehewin: Art and Entrepreneurial program,event
event::Aakomimmihtanii (Love) and the Treaty 7 language book project,Aakomimmihtanii (Love) and the Treaty 7 language book project,event
event::Conflict and Characterization: a writing workshop with Richard Van Camp,Conflict and Characterization: a writing workshop with Richard Van Camp,event
event::Word on the Street - Fall Reading Series with Richard Van Camp,Word on the Street - Fall Reading Series with Richard Van Camp,event
event::Word on the Street - Fall Reading Series with Janie Chang,Word on the Street - Fall Reading Series with Janie Chang,event
event::Word on the Street - Fall Reading Series with Jeff Rubin,Word on the Street - Fall Reading Series with Jeff Rubin,event
event::Word on the Street - Fall Reading Series with Desmond Cole,Word on the Street - Fall Reading Series with Desmond Cole,event
event::Queer Book Hurrah,Queer Book Hurrah,event
event::Word on the Street - Fall Reading Series with Shari Lapena,Word on the Street - Fall Reading Series with Shari Lapena,event
event::This Golden Flame - book launch,This Golden Flame - book launch,event
event::A Conversation With Hannah Thiessen,A Conversation With Hannah Thiessen,event
event::An Evening with C.L. Polk,An Evening with C.L. Polk,event
event::Queer Book Hurrah 2021,Queer Book Hurrah 2021,event
event::Spring Author Series - Dr. Jen Gunter,Spring Author Series - Dr. Jen Gunter,event
event::Comics for the Young At Heart: Graphic Novels for Kids and Teens,Comics for the Young At Heart: Graphic Novels for Kids and Teens,event
event::Cyclopedia Exotica with Aminder Dhaliwal,Cyclopedia Exotica with Aminder Dhaliwal,event
event::Wild About Nature with Jill Heinerth and Kathy Stinson,Wild About Nature with Jill Heinerth and Kathy Stinson,event
event::Picture Book Showcase with Eric and Terry Fan,Picture Book Showcase with Eric and Terry Fan,event
event::Middle Grade Mystery,Middle Grade Mystery,event
event::Powwow: A Celebration Through Song and Dance by Karen Pheasant-Neganigwane,Powwow: A Celebration Through Song and Dance by Karen Pheasant-Neganigwane,event
event::It's Kind of a Funny Story with Ben Phillipe and Heather Smith,It's Kind of a Funny Story with Ben Phillipe and Heather Smith,event
event::Belonging with Sabina Khan and Louisa Onomé,Belonging with Sabina Khan and Louisa Onomé,event
event::Other Worlds with Tanaz Bhathena and Adan Jerreat-Poole,Other Worlds with Tanaz Bhathena and Adan Jerreat-Poole,event
event::Mystery and Murder with June Hur and Tash McAdam,Mystery and Murder with June Hur and Tash McAdam,event
event::Factory Summers and other works with Guy Delisle,Factory Summers and other works with Guy Delisle,event
event::The Double Happiness Cookbook: 88 Feel Good Recipes and Stories,The Double Happiness Cookbook: 88 Feel Good Recipes and Stories,event
event::A Town Called Solace by Mary Lawson,A Town Called Solace by Mary Lawson,event
event::Drag Story Time For Everyone,Drag Story Time For Everyone,event
event::Chapter and Verse: A Trio of Alberta Poets,Chapter and Verse: A Trio of Alberta Poets,event
event::Super Storytime Spectacular,Super Storytime Spectacular,event
"event::Black Water: Family, Legacy, and Blood Memory by David A. Robertson","Black Water: Family, Legacy, and Blood Memory by David A. Robertson",event
event::Dead to Writes: Mystery and Suspense,Dead to Writes: Mystery and Suspense,event
event::Blackfoot Language Syllabics with Sheldon First Rider,Blackfoot Language Syllabics with Sheldon First Rider,event
event::Blackfoot Language in Sport with Mary Ellen Little Mustache,Blackfoot Language in Sport with Mary Ellen Little Mustache,event
event::Siha Tooskin Knows... children's series,Siha Tooskin Knows... children's series,event
event::The Word on the Street Fall Reading Series: Lyndon Penner,The Word on the Street Fall Reading Series: Lyndon Penner,event
event::Word on the Street Fall Reading Series: Guy Delisle,Word on the Street Fall Reading Series: Guy Delisle,event
event::Word on the Street Fall Reading Series: Kevin Van Tighem,Word on the Street Fall Reading Series: Kevin Van Tighem,event
event::Word on the Street Fall Reading Series: Kirsteen MacLeod,Word on the Street Fall Reading Series: Kirsteen MacLeod,event
event::Word on the Street Fall Reading Series. Terry Fallis,Word on the Street Fall Reading Series. Terry Fallis,event
event::Word on the Street Fall Reading Series: Genevieve Graham,Word on the Street Fall Reading Series: Genevieve Graham,event
event::Word on the Street Fall Reading Series: Casey Plett,Word on the Street Fall Reading Series: Casey Plett,event
event::Word on the Street Fall Reading Series: Dawn Dumont,Word on the Street Fall Reading Series: Dawn Dumont,event
event::Feb 11: Regional Spotlight: Sunshine Coast,Feb 11: Regional Spotlight: Sunshine Coast,event
event::Feb 13: In/Verse Monthly Poetry Reading ,Feb 13: In/Verse Monthly Poetry Reading ,event
event::Character Motivation,Character Motivation,event
event::Feb 27: Telling the Truth: Conversations about Creative Nonfiction with Megan Cole,Feb 27: Telling the Truth: Conversations about Creative Nonfiction with Megan Cole,event
event::March 13: In/Verse Monthly Poetry Reading,March 13: In/Verse Monthly Poetry Reading,event
event::Mar 27: Telling the Truth: Conversations about Creative Nonfiction with Megan Cole,Mar 27: Telling the Truth: Conversations about Creative Nonfiction with Megan Cole,event
event::Writing Short Fiction,Writing Short Fiction,event
event::April 10: In/Verse Monthly Poetry Reading,April 10: In/Verse Monthly Poetry Reading,event
event::May 1st: Summit Book Club - Save the Cat Writes a Novel,May 1st: Summit Book Club - Save the Cat Writes a Novel,event
event::May 4th: Regional Spotlight+ SOOKE,May 4th: Regional Spotlight+ SOOKE,event
event::BC Writers' Summit (Online),BC Writers' Summit (Online),event
event::May 20th: Summit Celebration Red Carpet Gala,May 20th: Summit Celebration Red Carpet Gala,event
event::May 27th: WordWorks Release Party (online),May 27th: WordWorks Release Party (online),event
event::June 17: Regional Spotlight - Kelowna,June 17: Regional Spotlight - Kelowna,event
event::June 26: Telling the Truth: Conversations about Creative Nonfiction with Megan Cole,June 26: Telling the Truth: Conversations about Creative Nonfiction with Megan Cole,event
event::July 10: In/Verse Monthly Poetry Reading,July 10: In/Verse Monthly Poetry Reading,event
event::August 4th: Wise Words - Why We Write - Seniors Panel and Discussion,August 4th: Wise Words - Why We Write - Seniors Panel and Discussion,event
event::August 14: In/Verse Monthly Poetry Reading,August 14: In/Verse Monthly Poetry Reading,event
event::August 25th: Wise Words - Overcoming Isolation & Loneliness Through Writing Our Life Stories,August 25th: Wise Words - Overcoming Isolation & Loneliness Through Writing Our Life Stories,event
event::3-Day Novel Writing Contest Info Session with Anvil Press,3-Day Novel Writing Contest Info Session with Anvil Press,event
event::September 9th: Writers Circles info Session and Program Launch,September 9th: Writers Circles info Session and Program Launch,event
event::September 11: In/Verse Monthly Poetry Reading,September 11: In/Verse Monthly Poetry Reading,event
"event::Wise Words - Senior's Week: Writing Prompt Serenade, with Andrew Sims","Wise Words - Senior's Week: Writing Prompt Serenade, with Andrew Sims",event
"event::Wise Words - Senior's Week: Writing from the Heart, with Ruth Kozak","Wise Words - Senior's Week: Writing from the Heart, with Ruth Kozak",event
event::Wise Words - Senior's Week: Open Mic with Cristy Watson - Time to Share YOUR Stories,Wise Words - Senior's Week: Open Mic with Cristy Watson - Time to Share YOUR Stories,event
event::October 7th: Trauma-informed Reporting and Culturally Sensitive Practices for Writers,October 7th: Trauma-informed Reporting and Culturally Sensitive Practices for Writers,event
event::October 9: In/Verse Monthly Poetry Reading,October 9: In/Verse Monthly Poetry Reading,event
event::October 13th: When You Fell Your Life is Burning Up - Poetry as Firefighter - Richard Osler,October 13th: When You Fell Your Life is Burning Up - Poetry as Firefighter - Richard Osler,event
event::October 23: Telling the Truth: Conversations about Creative Nonfiction with Megan Cole,October 23: Telling the Truth: Conversations about Creative Nonfiction with Megan Cole,event
"event::October 24th: Pantser or Planner? Approaches to plotting your novel, with Gail Anderson-Dargatz","October 24th: Pantser or Planner? Approaches to plotting your novel, with Gail Anderson-Dargatz",event
"event::Nov. 2, 9, 16, 23 & 30th: Nanowrimo Tuesday Lunch & Sprint","Nov. 2, 9, 16, 23 & 30th: Nanowrimo Tuesday Lunch & Sprint",event
"event::Nov. 4, 11, 18, 25: Nanowrimo Thursday Check-ins & Writing Sprints","Nov. 4, 11, 18, 25: Nanowrimo Thursday Check-ins & Writing Sprints",event
event::November 10th: Wise Words - Creativity in Later Years,November 10th: Wise Words - Creativity in Later Years,event
event::November 13: In/Verse Monthly Poetry Reading,November 13: In/Verse Monthly Poetry Reading,event
event::November 24th: Wise Words - Climate Writing Workshop,November 24th: Wise Words - Climate Writing Workshop,event
event::Nov 25: Fireside Chat with Betsy Warland,Nov 25: Fireside Chat with Betsy Warland,event
event::Dec. 2: Nanowrimo Wrap-Up Open Mic,Dec. 2: Nanowrimo Wrap-Up Open Mic,event
event::New Member Orientation,New Member Orientation,event
event::December 8th: Wise Words - Dream Delving: Prospecting in your Sleep for New Writing Ideas,December 8th: Wise Words - Dream Delving: Prospecting in your Sleep for New Writing Ideas,event
event::December 11: In/Verse Monthly Poetry Reading,December 11: In/Verse Monthly Poetry Reading,event
event::January 8: In/Verse Monthly Poetry Reading,January 8: In/Verse Monthly Poetry Reading,event
event::January 10: Writing Sprint Serenade: Live Musical Inspiration,January 10: Writing Sprint Serenade: Live Musical Inspiration,event
event::January 12th: Wise Words - Relationships in Aging,January 12th: Wise Words - Relationships in Aging,event
event::January 22: Telling the Truth: Conversations about Creative Nonfiction with Megan Cole,January 22: Telling the Truth: Conversations about Creative Nonfiction with Megan Cole,event
event::Jan 23: Sunday Webinar: Beyond Good Enough: Revising Scene by Scene,Jan 23: Sunday Webinar: Beyond Good Enough: Revising Scene by Scene,event
event::January 26th: Wise Words - The Writing Path to Wellbeing,January 26th: Wise Words - The Writing Path to Wellbeing,event
event::Jan 29: Interior Dialogues Poetry Workshop,Jan 29: Interior Dialogues Poetry Workshop,event
event::February 9th: Wise Words - Introduction to Writing the Bereavement Phase,February 9th: Wise Words - Introduction to Writing the Bereavement Phase,event
event::February 12: In/Verse Monthly Poetry Reading,February 12: In/Verse Monthly Poetry Reading,event
event::February 14: Writing Sprint Serenade: Live Musical Inspiration,February 14: Writing Sprint Serenade: Live Musical Inspiration,event
event::February 22: Regional Spotlight: Comox Valley Writers Society,February 22: Regional Spotlight: Comox Valley Writers Society,event
event::February 26: Telling the Truth: Conversations about Creative Nonfiction with Megan Cole,February 26: Telling the Truth: Conversations about Creative Nonfiction with Megan Cole,event
event::Feb 27: Sunday Webinar: Coping with Perfectionism and Imposter Syndrome - Tips from a Therapist,Feb 27: Sunday Webinar: Coping with Perfectionism and Imposter Syndrome - Tips from a Therapist,event
"event::March 2: Censorship, Changing Language, and Precision: Writing the Tightrope","March 2: Censorship, Changing Language, and Precision: Writing the Tightrope",event
"event::March 9th: Wise Words - Elder Abuse: What is it? How do we deal with it?, with Justin Lee of Seniors","March 9th: Wise Words - Elder Abuse: What is it? How do we deal with it?, with Justin Lee of Seniors",event
event::March 10: The Five Principles of Creating Clarity with Hayley Milliman of ProWritingAid,March 10: The Five Principles of Creating Clarity with Hayley Milliman of ProWritingAid,event
event::March 12: In/Verse Monthly Poetry Reading,March 12: In/Verse Monthly Poetry Reading,event
event::March 14: Writing Sprint Serenade: Live Musical Inspiration,March 14: Writing Sprint Serenade: Live Musical Inspiration,event
event::The One Minute Poem: May 29 2020 Daniela Elza,The One Minute Poem: May 29 2020 Daniela Elza,event
event::The One Minute Poem: May 1 2020 Betsy Warland,The One Minute Poem: May 1 2020 Betsy Warland,event
event::Virtual Poetry Reading: May 2020 Frances Boyle,Virtual Poetry Reading: May 2020 Frances Boyle,event
event::The One Minute Poem: May 8 2020 Francine Cunningham,The One Minute Poem: May 8 2020 Francine Cunningham,event
event::The One Minute Poem: May 15 2020 Kim Goldberg,The One Minute Poem: May 15 2020 Kim Goldberg,event
event::The One Minute Poem: May 22 2020 M.W. Jaeggle,The One Minute Poem: May 22 2020 M.W. Jaeggle,event
event::Virtual Poetry Reading: June 2020 Joseph A Dandurand and Sonnet L'Abbé,Virtual Poetry Reading: June 2020 Joseph A Dandurand and Sonnet L'Abbé,event
event::The One Minute Poem: June 5 2020 Joanna Lilley,The One Minute Poem: June 5 2020 Joanna Lilley,event
event::The One Minute Poem: June 12 2020 M.C. Warrior,The One Minute Poem: June 12 2020 M.C. Warrior,event
event::The One Minute Poem: June 19 2020 Shirley Camia,The One Minute Poem: June 19 2020 Shirley Camia,event
"event::Virtual Poetry Reading: July 15 2020 Francine Cunningham, Joanna Lilley and Kevin Spenst","Virtual Poetry Reading: July 15 2020 Francine Cunningham, Joanna Lilley and Kevin Spenst",event
event::The One Minute Poem: June 26 2020 Lauren Elle DeGaine,The One Minute Poem: June 26 2020 Lauren Elle DeGaine,event
event::The One Minute Poem: July 3 2020 Lauren Carter,The One Minute Poem: July 3 2020 Lauren Carter,event
event::The One Minute Poem: July 9 2020 Kevin Spenst,The One Minute Poem: July 9 2020 Kevin Spenst,event
event::Virtual Poetry Reading: August 19 2020 Yvonne Blomer and Sarah de Leeuw,Virtual Poetry Reading: August 19 2020 Yvonne Blomer and Sarah de Leeuw,event
event::The One Minute Poem: July 17 2020 Sarah Ens,The One Minute Poem: July 17 2020 Sarah Ens,event
event::The One Minute Poem: July 23 2020 Al Rempel,The One Minute Poem: July 23 2020 Al Rempel,event
event::The One Minute Poem: July 31 2020 Emily Olsen,The One Minute Poem: July 31 2020 Emily Olsen,event
event::The One Minute Poem: August 7 2020 Murray Mann,The One Minute Poem: August 7 2020 Murray Mann,event
event::The One Minute Poem: August 14 2020 Sarah de Leeuw,The One Minute Poem: August 14 2020 Sarah de Leeuw,event
event::The One Minute Poem: August 21 2020 Yvonne Blomer,The One Minute Poem: August 21 2020 Yvonne Blomer,event
event::Virtual Poetry Reading: September 16 2020 M.C. Warrior and Tom Wayman,Virtual Poetry Reading: September 16 2020 M.C. Warrior and Tom Wayman,event
event::The One Minute Poem: September 4 2020 Henry Doyle,The One Minute Poem: September 4 2020 Henry Doyle,event
"event::Virtual Poetry Reading: October 21 2020 Fiona Tinwei Lam, Allan Briesmaster, and Maureen Hynes","Virtual Poetry Reading: October 21 2020 Fiona Tinwei Lam, Allan Briesmaster, and Maureen Hynes",event
event::Virtual Poetry Reading: November 18 2020 Michael Prior and Kate Marshal Flaherty,Virtual Poetry Reading: November 18 2020 Michael Prior and Kate Marshal Flaherty,event
event::Virtual Poetry Reading: January 20 2021 Voicing Suicide Book Launch,Virtual Poetry Reading: January 20 2021 Voicing Suicide Book Launch,event
event::Virtual Poetry Reading: February 17 2021 Evelyn Lau and Adrienne Drobnies,Virtual Poetry Reading: February 17 2021 Evelyn Lau and Adrienne Drobnies,event
event::Virtual Poetry Reading: March 17 2021 Medrie Purdham and Stuart Ross,Virtual Poetry Reading: March 17 2021 Medrie Purdham and Stuart Ross,event
"event::Virtual Poetry Reading: April 21 2021 Jillian Christmas, Tawahum Bige, Sheri-D Wilson","Virtual Poetry Reading: April 21 2021 Jillian Christmas, Tawahum Bige, Sheri-D Wilson",event
"event::Virtual Poetry Reading: May 19 2021 Adam Dickinson, Kim Trainor, and Hazel Fairbairn","Virtual Poetry Reading: May 19 2021 Adam Dickinson, Kim Trainor, and Hazel Fairbairn",event
event::Virtual Poetry Reading: June 16 2021 Billeh Nickerson and Scott Ramsay,Virtual Poetry Reading: June 16 2021 Billeh Nickerson and Scott Ramsay,event
event::Virtual Poetry Reading: August 6 2021 Jane Munro and Ian Williams,Virtual Poetry Reading: August 6 2021 Jane Munro and Ian Williams,event
event::Virtual Poetry Reading: October 2021 Fred Wah and Rita Wong,Virtual Poetry Reading: October 2021 Fred Wah and Rita Wong,event
event::Virtual Poetry Reading: November 17 2021 Isabella Wang and R.C. Weslowski,Virtual Poetry Reading: November 17 2021 Isabella Wang and R.C. Weslowski,event
event::Virtual Poetry Reading: December 15 2021 Wendy Donawa and Chantal Gibson,Virtual Poetry Reading: December 15 2021 Wendy Donawa and Chantal Gibson,event
event::Virtual Poetry Reading: January 19 2022 Ellie Sawatsky and shauna paull,Virtual Poetry Reading: January 19 2022 Ellie Sawatsky and shauna paull,event
event::Virtual Poetry Reading: February 16 2022 Randy Lundy and Selina Boan,Virtual Poetry Reading: February 16 2022 Randy Lundy and Selina Boan,event
event::Online Poetry Slam Featuring Donny Jackson!,Online Poetry Slam Featuring Donny Jackson!,event
event::Toronto Poetry Slam Online ft. Jayda Marley,Toronto Poetry Slam Online ft. Jayda Marley,event
event::Toronto Poetry Slam Online Season Opener! Feat. laurel c.,Toronto Poetry Slam Online Season Opener! Feat. laurel c.,event
event::Toronto Poetry Slam (Online) featuring Ifrah Hussein!,Toronto Poetry Slam (Online) featuring Ifrah Hussein!,event
event::Toronto Poetry Slam Online ft. Ashlee Haze,Toronto Poetry Slam Online ft. Ashlee Haze,event
event::Event change! Open Mic for Black and Indigenous poets,Event change! Open Mic for Black and Indigenous poets,event
event::TPS Workshop: 5-7-5 Haiku & Short Form,TPS Workshop: 5-7-5 Haiku & Short Form,event
event::Toronto Poetry Slam Online ft. Tyler Pennock!,Toronto Poetry Slam Online ft. Tyler Pennock!,event
event::Toronto Poetry Slam online ft. Tracey Kayy,Toronto Poetry Slam online ft. Tracey Kayy,event
event::Toronto Poetry Slam online ft. Sofia Fly!,Toronto Poetry Slam online ft. Sofia Fly!,event
event::Toronto Poetry Slam online ft. Arielle Twist!,Toronto Poetry Slam online ft. Arielle Twist!,event
event::Toronto Poetry Slam's Open Mic feat. LaMoi,Toronto Poetry Slam's Open Mic feat. LaMoi,event
event::Toronto Poetry Slam online ft. Timaj Garad!,Toronto Poetry Slam online ft. Timaj Garad!,event
event::Toronto Poetry Slam 16th anniversary ft. Em Dial!,Toronto Poetry Slam 16th anniversary ft. Em Dial!,event
event::Hekayah | The Story,Hekayah | The Story,event
event::Toronto Poetry Slam ft. Kahsenniyo!,Toronto Poetry Slam ft. Kahsenniyo!,event
event::Toronto Poetry Slam ft. 2020 TPS team,Toronto Poetry Slam ft. 2020 TPS team,event
event::Intro to Character Development with Shelly Grace,Intro to Character Development with Shelly Grace,event
event::Toronto Poetry Slam's GRAND SLAM,Toronto Poetry Slam's GRAND SLAM,event
event::Taking It Global Poetry Slam and Open Mic hosted by Zoey Pricelys Roy (FREE),Taking It Global Poetry Slam and Open Mic hosted by Zoey Pricelys Roy (FREE),event
event::Toronto Poetry Slam ft. Robyn Kaur Sidhu,Toronto Poetry Slam ft. Robyn Kaur Sidhu,event
event::Toronto Poetry Slam ft. Nisha Patel,Toronto Poetry Slam ft. Nisha Patel,event
event::Toronto Poetry Slam. PRIDE edition featuring Jillian Christmas ,Toronto Poetry Slam. PRIDE edition featuring Jillian Christmas ,event
event::Toronto Poetry Slam's Open Mic feat. ecoaborijanelle,Toronto Poetry Slam's Open Mic feat. ecoaborijanelle,event
event::Toronto Poetry Slam's CIPS Qualifier featuring Amoya Reé,Toronto Poetry Slam's CIPS Qualifier featuring Amoya Reé,event
event::Accent Open Mic Vol.27 (En Ligne/Online),Accent Open Mic Vol.27 (En Ligne/Online),event
event::Cactus Press Chapbook Launch,Cactus Press Chapbook Launch,event
event::Cactus Press Online Book Launch 2020,Cactus Press Online Book Launch 2020,event
"event::Lantern Magazine Issue 20 ""Dream"" Special Edition","Lantern Magazine Issue 20 ""Dream"" Special Edition",event
"event::""Black Rain"" by Ilona Martonfi - Cactus Press Chapbook Launch (+ Open Mic)","""Black Rain"" by Ilona Martonfi - Cactus Press Chapbook Launch (+ Open Mic)",event
"event::""As on a Holiday"" by Bryan Sentes, Cactus Press Chapbook Launch (+ Open Mic)","""As on a Holiday"" by Bryan Sentes, Cactus Press Chapbook Launch (+ Open Mic)",event
event::Lantern Magazine launch: Issue 21,Lantern Magazine launch: Issue 21,event
"event::""Xenia"" by Willow Loveday Little - Cactus Press Chapbook Launch (+Open Mic)","""Xenia"" by Willow Loveday Little - Cactus Press Chapbook Launch (+Open Mic)",event
event::Accent Open Mic Vol. 35,Accent Open Mic Vol. 35,event
event::Accent Open Mic Vol. 36,Accent Open Mic Vol. 36,event
event::Vol. 37 - Jacalyn den Haan & Patrick Connors,Vol. 37 - Jacalyn den Haan & Patrick Connors,event
event::Accent Open Mic Vol. 38 - with Jerome Ramcharitar,Accent Open Mic Vol. 38 - with Jerome Ramcharitar,event
event::Accent Open Mic Vol. 39,Accent Open Mic Vol. 39,event
event::Accent Open Mic Vol. 40 avec Shawn Cotton,Accent Open Mic Vol. 40 avec Shawn Cotton,event
event::Accent Vol. 41,Accent Vol. 41,event
event::Accent Open Mic Vol. 42 avec David Fiore Laroche,Accent Open Mic Vol. 42 avec David Fiore Laroche,event
event::Accent Open Mic Vol. 43 with Derek Godin,Accent Open Mic Vol. 43 with Derek Godin,event
event::SpeakUp: March 26 2020,SpeakUp: March 26 2020,event
event::SpeakUp: September 24 2020,SpeakUp: September 24 2020,event
event::SpeakUp: October 29 2020,SpeakUp: October 29 2020,event
event::SpeakUp: November 26 2020,SpeakUp: November 26 2020,event
event::SpeakUp: An Evening of Arabic Poetry,SpeakUp: An Evening of Arabic Poetry,event
event::SpeakUp: Gifted and Black,SpeakUp: Gifted and Black,event
event::SpeakUp: The Indomitable Irishry,SpeakUp: The Indomitable Irishry,event
event::SpeakUp: Fight the Power,SpeakUp: Fight the Power,event
event::SpeakUp: Recto-Verso,SpeakUp: Recto-Verso,event
event::SpeakUp: Tout en francais,SpeakUp: Tout en francais,event
event::SpeakUp: An evening with Three Jewish Poets,SpeakUp: An evening with Three Jewish Poets,event
event::SpeakUp: The Environment,SpeakUp: The Environment,event
event::SpeakUp: Love,SpeakUp: Love,event
event::SpeakUp: Womanhood,SpeakUp: Womanhood,event
event::SpeakUp: (Night & Day) Dreams,SpeakUp: (Night & Day) Dreams,event
"event::One: Conyer Clayton, Emily Kellogg, David Ly & Linsey Wellman","One: Conyer Clayton, Emily Kellogg, David Ly & Linsey Wellman",event
event::Riverbed : iteration two : Live Writing & Music!,Riverbed : iteration two : Live Writing & Music!,event
event::iteration three: literary performance & music,iteration three: literary performance & music,event
event::Riverbed Reading Series: iteration four,Riverbed Reading Series: iteration four,event
event::s2 iteration one,s2 iteration one,event
event::s2 iteration two: the bilingual edition,s2 iteration two: the bilingual edition,event
event::Riverbed x Library of Infinities,Riverbed x Library of Infinities,event
event::S2: iteration three,S2: iteration three,event
event::s2: iteration four - Right Relations during a Climate Crisis,s2: iteration four - Right Relations during a Climate Crisis,event
event::Join the First Virtual Gathering of Surrey Muse - Friday March 27,Join the First Virtual Gathering of Surrey Muse - Friday March 27,event
event::Second Virtual Gathering of Surrey Muse - Friday April 24 / 2020,Second Virtual Gathering of Surrey Muse - Friday April 24 / 2020,event
event::The Third Virtual Gathering of Surrey Muse - Friday May 22 / 2020,The Third Virtual Gathering of Surrey Muse - Friday May 22 / 2020,event
event::The 4th Virtual Gathering of Surrey Muse - Friday June 26 / 2020,The 4th Virtual Gathering of Surrey Muse - Friday June 26 / 2020,event
event::The 5th Virtual Gathering of Surrey Muse - Friday July 24 / 2020,The 5th Virtual Gathering of Surrey Muse - Friday July 24 / 2020,event
event::The 6th Virtual Gathering of Surrey Muse - Friday August 28 / 2020,The 6th Virtual Gathering of Surrey Muse - Friday August 28 / 2020,event
event::The 7th Virtual Gathering of Surrey Muse - Friday September 25 / 2020,The 7th Virtual Gathering of Surrey Muse - Friday September 25 / 2020,event
event::The 8th Virtual Gathering of Surrey Muse - Friday October 23 / 2020,The 8th Virtual Gathering of Surrey Muse - Friday October 23 / 2020,event
event::The 9th Virtual Gathering of Surrey Muse - Friday November 27 / 2020,The 9th Virtual Gathering of Surrey Muse - Friday November 27 / 2020,event
event::The 10th Virtual Gathering of Surrey Muse - Friday January 22 / 2021,The 10th Virtual Gathering of Surrey Muse - Friday January 22 / 2021,event
event::The 11th Virtual Gathering of Surrey Muse - Friday February 26 / 2021,The 11th Virtual Gathering of Surrey Muse - Friday February 26 / 2021,event
event::The 12th Virtual Gathering of Surrey Muse - Friday March 26 / 2021,The 12th Virtual Gathering of Surrey Muse - Friday March 26 / 2021,event
event::The 13th Virtual Gathering of Surrey Muse - Friday April 23 / 2021,The 13th Virtual Gathering of Surrey Muse - Friday April 23 / 2021,event
event::The 14th Virtual Gathering of Surrey Muse - Friday May 28 / 2021,The 14th Virtual Gathering of Surrey Muse - Friday May 28 / 2021,event
event::The 15th Virtual Gathering of Surrey Muse - Friday June 25 / 2021,The 15th Virtual Gathering of Surrey Muse - Friday June 25 / 2021,event
event::The 16th Virtual Gathering of Surrey Muse - Friday July 23 / 2021,The 16th Virtual Gathering of Surrey Muse - Friday July 23 / 2021,event
event::The 17th Virtual Gathering of Surrey Muse - Friday August 27 / 2021,The 17th Virtual Gathering of Surrey Muse - Friday August 27 / 2021,event
event::The 18th Virtual Gathering of Surrey Muse - Friday September 24 / 2021,The 18th Virtual Gathering of Surrey Muse - Friday September 24 / 2021,event
event::The 19th Virtual Gathering of Surrey Muse - Friday October 22 / 2021,The 19th Virtual Gathering of Surrey Muse - Friday October 22 / 2021,event
event::The 20th Virtual Gathering of Surrey Muse - Friday November 26 / 2021,The 20th Virtual Gathering of Surrey Muse - Friday November 26 / 2021,event
event::The 21st Virtual Gathering of Surrey Muse - Friday January 28 / 2022,The 21st Virtual Gathering of Surrey Muse - Friday January 28 / 2022,event
event::The 22nd Virtual Gathering of Surrey Muse - Friday February 25 / 2022,The 22nd Virtual Gathering of Surrey Muse - Friday February 25 / 2022,event
event::The Tartan Turban Secret Secret Readings #25,The Tartan Turban Secret Secret Readings #25,event
event::The Tartan Turban Secret Readings 26,The Tartan Turban Secret Readings 26,event
event::The Tartan Turban Secret Readings #27: A Political Poetry Reading,The Tartan Turban Secret Readings #27: A Political Poetry Reading,event
event::A Tartan Turban Chota Peg: Keith Garebian reads from Against Forgetting,A Tartan Turban Chota Peg: Keith Garebian reads from Against Forgetting,event
event::The Tartan Turban Secret Readings #28,The Tartan Turban Secret Readings #28,event
event::The Tartan Turban Secret Readings #29,The Tartan Turban Secret Readings #29,event
event::Tartan Turban Secret Readings #30,Tartan Turban Secret Readings #30,event
event::The Tartan Turban Secret Readings #31,The Tartan Turban Secret Readings #31,event
event::Tartan Turban Secret Readings #32,Tartan Turban Secret Readings #32,event
event::Tartan Turban Secret Readings #33,Tartan Turban Secret Readings #33,event
"event::A lit, a live a line not a lone: LIT LIVE ON LINE for SEPTEMBER!!!!!!!!","A lit, a live a line not a lone: LIT LIVE ON LINE for SEPTEMBER!!!!!!!!",event
event::OCTOBER'S READING!!!!,OCTOBER'S READING!!!!,event
"event::Recording of NOVEMBER's reading. Derek Beaulieu, Sachiko Murakami, Deborah Ostovsky, Angela Rawlings, Rasiqra Revulva and Stuart Ross.","Recording of NOVEMBER's reading. Derek Beaulieu, Sachiko Murakami, Deborah Ostovsky, Angela Rawlings, Rasiqra Revulva and Stuart Ross.",event
event::December's Lit Live OnLine!!!!!,December's Lit Live OnLine!!!!!,event
"event::Featuring: Dani Spinosa, Shane Neilson, Lauren Carter, Rob Colman, Alex Pugsley, Kate Barss and John Kameel Farah and hosted by Ben Robinson.","Featuring: Dani Spinosa, Shane Neilson, Lauren Carter, Rob Colman, Alex Pugsley, Kate Barss and John Kameel Farah and hosted by Ben Robinson.",event
"event::ç6 great readers for March LitLive Rebecca Fisseha, Madeline Bassnett, Tanis MacDonald Ali Blythe, Janet Rogers, Mark Kempf","ç6 great readers for March LitLive Rebecca Fisseha, Madeline Bassnett, Tanis MacDonald Ali Blythe, Janet Rogers, Mark Kempf",event
"event::April's reading!! Matthew Walsh, Bonnie Sitter, Ross Belot, Beth Follett, Jessica Moore, and Martha Baillie w/music by SOUND OF SEPARATION","April's reading!! Matthew Walsh, Bonnie Sitter, Ross Belot, Beth Follett, Jessica Moore, and Martha Baillie w/music by SOUND OF SEPARATION",event
event::June reading!!,June reading!!,event
"event::LITLIVE OCTOBER!!!!!!!!!!!!! (Also September's poster because I, like, forgot to post it.)","LITLIVE OCTOBER!!!!!!!!!!!!! (Also September's poster because I, like, forgot to post it.)",event
event::Lit Live Reading Series 2021-09-05,Lit Live Reading Series 2021-09-05,event
event::AMAZING NOVEMBER READING!!!,AMAZING NOVEMBER READING!!!,event
event::LitLive DECEMBER!!!!!!!!!!!!!!!!!!!!!!,LitLive DECEMBER!!!!!!!!!!!!!!!!!!!!!!,event
event::LILIVE JANUARY 2022!!!!!!!!!!!!!,LILIVE JANUARY 2022!!!!!!!!!!!!!,event
"event::Fantastic reading for February, hosted online by Ben Robinson: Amy Jones, Catherine Hunter, Bernadette Rule, Matt Robinson, Elisabeth de Mariaffi, Lori Sebastianutti","Fantastic reading for February, hosted online by Ben Robinson: Amy Jones, Catherine Hunter, Bernadette Rule, Matt Robinson, Elisabeth de Mariaffi, Lori Sebastianutti",event
event::Thursday March 3rd we are at the Art Gallery of Hamilton @ 7:00 p.m.,Thursday March 3rd we are at the Art Gallery of Hamilton @ 7:00 p.m.,event
event::Inaugural Reading with Sonnet L'Abbé,Inaugural Reading with Sonnet L'Abbé,event
event::October Reading with Kateri Lanthier,October Reading with Kateri Lanthier,event
event::The Rhizomatic presents Weyman Chan,The Rhizomatic presents Weyman Chan,event
event::The Rhizomatic presents Cecily Nicholson,The Rhizomatic presents Cecily Nicholson,event
event::The Rhizomatic presents Jacqueline Turner,The Rhizomatic presents Jacqueline Turner,event
event::The Rhizomatic presents Larissa Lai,The Rhizomatic presents Larissa Lai,event
event::The Rhizomatic presents Wayde Compton,The Rhizomatic presents Wayde Compton,event
event::The Rhizomatic presents Mercedes Eng,The Rhizomatic presents Mercedes Eng,event
event::Poetry Share in the Park,Poetry Share in the Park,event
event::Poetry Share in the Park - August Edition,Poetry Share in the Park - August Edition,event
event::Community Stage - Amigos Reunion!,Community Stage - Amigos Reunion!,event
event::Community Stage 2020-09-13,Community Stage 2020-09-13,event
event::Community Stage 2020-09-20,Community Stage 2020-09-20,event
event::SLAM Ft Wordcraft Jon Hedderwick and Saleem Ansari,SLAM Ft Wordcraft Jon Hedderwick and Saleem Ansari,event
event::Community Stage 2020-11-01,Community Stage 2020-11-01,event
event::Community Stage 2020-11-15,Community Stage 2020-11-15,event
event::Community Stage 2020-11-22,Community Stage 2020-11-22,event
event::Community Stage 2020-12-06,Community Stage 2020-12-06,event
event::November Slam Ft. Juliette Blake Jacob,November Slam Ft. Juliette Blake Jacob,event
event::December Slam Ft. The Noble Savage,December Slam Ft. The Noble Savage,event
event::Poetry Workshop Ft. Nisha Patel,Poetry Workshop Ft. Nisha Patel,event
event::What do you LOVE? Zoom Poetry Show!,What do you LOVE? Zoom Poetry Show!,event
event::Community Stage Ft. Peace Akintade,Community Stage Ft. Peace Akintade,event
event::First Sentences Workshop Ft. Danny Ramadan,First Sentences Workshop Ft. Danny Ramadan,event
event::Obsessed with words With Christine Johnston,Obsessed with words With Christine Johnston,event
event::TiP Birthday Ft. Taylor Leedahl,TiP Birthday Ft. Taylor Leedahl,event
event::Community Stage ft. Robyn Kaur Sidhu,Community Stage ft. Robyn Kaur Sidhu,event
event::Tonight it's Poetry at The Fringe 2021-07-31,Tonight it's Poetry at The Fringe 2021-07-31,event
event::Tonight it's Poetry at The Fringe 2021-08-04,Tonight it's Poetry at The Fringe 2021-08-04,event
event::Tonight it's Poetry at The Fringe 2021-08-05,Tonight it's Poetry at The Fringe 2021-08-05,event
event::Word On the Street Community Stage ft. Peace and Micah Jane,Word On the Street Community Stage ft. Peace and Micah Jane,event
event::Outdoor Poetry and Cypher,Outdoor Poetry and Cypher,event
"event::""Why I Was Late"" Book Release + Open Mic ft. Charlie Petch","""Why I Was Late"" Book Release + Open Mic ft. Charlie Petch",event
event::TiP Live Open Mic ft. Javelin,TiP Live Open Mic ft. Javelin,event
event::Poetry Open Mic Ft. RC Weslowski,Poetry Open Mic Ft. RC Weslowski,event
event::TiP Presents Dandelion Roots Ft Ecoaborijanelle And Dash Reimer,TiP Presents Dandelion Roots Ft Ecoaborijanelle And Dash Reimer,event
event::New Year New Shit Open Mic Ft. Apollo the Child,New Year New Shit Open Mic Ft. Apollo the Child,event
event::Storyteller's Open Mic Ft. Danica Lorer,Storyteller's Open Mic Ft. Danica Lorer,event
event::Poets Open Mic ft. Tola Adedipe,Poets Open Mic ft. Tola Adedipe,event
event::Poets' Open Mic. Ft. Khodi Dill,Poets' Open Mic. Ft. Khodi Dill,event
event::CIPS 2022 Qualifier SLAM,CIPS 2022 Qualifier SLAM,event
event::October SLAM Ft. Bicurious George,October SLAM Ft. Bicurious George,event
event::Online Poetry Slam ft. Harar,Online Poetry Slam ft. Harar,event
event::ULPC Slam #1 ft. Billie the Kid,ULPC Slam #1 ft. Billie the Kid,event
event::ULPC Open Mic #1 ft. Anjalica Solomon and Dog Days Are Over,ULPC Open Mic #1 ft. Anjalica Solomon and Dog Days Are Over,event
event::ULPC Slam #2 ft. Zee,ULPC Slam #2 ft. Zee,event
event::ULPC Slam #2 ft. Luke Reece,ULPC Slam #2 ft. Luke Reece,event
event::ULPC Slam #4 ft. Sulva,ULPC Slam #4 ft. Sulva,event
event::ULPC Slam #5 ft. Tasha Receno,ULPC Slam #5 ft. Tasha Receno,event
event::ULPC Slam #6 ft. Lady Vanessa,ULPC Slam #6 ft. Lady Vanessa,event
event::ULPC CIPS Qualifier Slam ft. Apollo the Child,ULPC CIPS Qualifier Slam ft. Apollo the Child,event
event::ULPC Slam #7 ft. Nisha Patel,ULPC Slam #7 ft. Nisha Patel,event
event::ULPC Slam #8 ft. Co-Directors ,ULPC Slam #8 ft. Co-Directors ,event
event::ULPC Slam #1 ft. Apollo the Child,ULPC Slam #1 ft. Apollo the Child,event
event::ULPC Slam #2: CIPS Qualified,ULPC Slam #2: CIPS Qualified,event
event::ULPC Broken Mic #1 ft Mystery & Saabology,ULPC Broken Mic #1 ft Mystery & Saabology,event
event::Hullabaloo 2020,Hullabaloo 2020,event
"event::2020 Hullabaloo All Star Slam featuring Chris Tse, Patrick de Belen and Ruthless. Hosted by Johnny D. Trinh","2020 Hullabaloo All Star Slam featuring Chris Tse, Patrick de Belen and Ruthless. Hosted by Johnny D. Trinh",event
event::Spokenword Jamboree featuring Chris Tse,Spokenword Jamboree featuring Chris Tse,event
event::Hullabaloo Team Bout Competitions 1 and 2,Hullabaloo Team Bout Competitions 1 and 2,event
event::Hullabaloo Team Bout Competitions 3 and 4,Hullabaloo Team Bout Competitions 3 and 4,event
"event::Adventures in Poetryland Workshops with Janice Jo Lee, Chris Tse, Patrick de Belen and Johnny D. Trinh","Adventures in Poetryland Workshops with Janice Jo Lee, Chris Tse, Patrick de Belen and Johnny D. Trinh",event
event::Hullabaloo Team Bout Competitions 5 and 6,Hullabaloo Team Bout Competitions 5 and 6,event
event::Hullabaloo Team Bout Competitions 7 and 8,Hullabaloo Team Bout Competitions 7 and 8,event
event::Mashed Poetics: April 21 2020,Mashed Poetics: April 21 2020,event
"event::Video Release | Jules Koostachin reads Nanan from her book Unearthing Secrets, Gathering Truths","Video Release | Jules Koostachin reads Nanan from her book Unearthing Secrets, Gathering Truths",event
event::ApocaCIPS | 2020 Canadian Individual Poetry Slam Championship,ApocaCIPS | 2020 Canadian Individual Poetry Slam Championship,event
event::A Master Class with Lillian Allen,A Master Class with Lillian Allen,event
event::CIPS Regional Qualifiers,CIPS Regional Qualifiers,event
event::Tips and Tools for Online Shows with Charlie Petch ,Tips and Tools for Online Shows with Charlie Petch ,event
event::Hullabaloo Spoken Word Jamboree and Alumni Showcase,Hullabaloo Spoken Word Jamboree and Alumni Showcase,event
event::Cotyledon Book Launch,Cotyledon Book Launch,event
event::Hullabaloo All Star Slam 2021 and Individual Videopoem Festival,Hullabaloo All Star Slam 2021 and Individual Videopoem Festival,event
event::Adventures in Poetryland,Adventures in Poetryland,event
event::Stage to Page,Stage to Page,event
event::Talk the Talk | What is your ritual?,Talk the Talk | What is your ritual?,event
event::Finals Night Feature with Nisha Patel and our Inaugural Team Piece Showcase,Finals Night Feature with Nisha Patel and our Inaugural Team Piece Showcase,event
event::Write Bloody North | Life After the Slam Q and A,Write Bloody North | Life After the Slam Q and A,event
event::Write Bloody North | Showcase,Write Bloody North | Showcase,event
event::Poets Forward: Isabella Wang Feature Performance and Workshop,Poets Forward: Isabella Wang Feature Performance and Workshop,event
event::Iron Poet Gauntlet,Iron Poet Gauntlet,event
event::Translating Poetry into Song: The Northwest Kid Feature Performance and Workshop,Translating Poetry into Song: The Northwest Kid Feature Performance and Workshop,event
event::Mashed Sabbath 50,Mashed Sabbath 50,event
event::El Jones Feature Performance and Workshop,El Jones Feature Performance and Workshop,event
event::Collective and Individual Poetry Creation with Lee Maracle,Collective and Individual Poetry Creation with Lee Maracle,event
event::CIPS Preliminaries Day 1,CIPS Preliminaries Day 1,event
event::CIPS Preliminaries Day 2,CIPS Preliminaries Day 2,event
event::Pre and Post Show CIPS Finals,Pre and Post Show CIPS Finals,event
event::CIPS Finals,CIPS Finals,event
event::Legends Slam,Legends Slam,event
event::Van Slam – OMG it’s the Holidays (whatever the heck that means) open mic Feat Angelic Goldsky,Van Slam – OMG it’s the Holidays (whatever the heck that means) open mic Feat Angelic Goldsky,event
event::VanSlam featuring Icy Gaze,VanSlam featuring Icy Gaze,event
event::Love Slam,Love Slam,event
event::ToF ft. Juliette Blake Jacob,ToF ft. Juliette Blake Jacob,event
event::Victorious Voices / Night 1 / Featuring Angelica Poversky,Victorious Voices / Night 1 / Featuring Angelica Poversky,event
event::Tonight! Storyteller Workshop with Janice Jo Lee,Tonight! Storyteller Workshop with Janice Jo Lee,event
event::Tonight! Victorious Voices / Night 2 / Alumni Showcase!,Tonight! Victorious Voices / Night 2 / Alumni Showcase!,event
event::Tonight! New Futures! - Online workshop w/ Angelica Poversky,Tonight! New Futures! - Online workshop w/ Angelica Poversky,event
event::Tonight! Victorious Voices / Night 3 / featuring Janice Jo Lee,Tonight! Victorious Voices / Night 3 / featuring Janice Jo Lee,event
event::ToF ft. Dana De Samedi,ToF ft. Dana De Samedi,event
"event::Tell the truth, but don't be literal: with Dana De Samedi","Tell the truth, but don't be literal: with Dana De Samedi",event
event::Tongues of Fire ft. Chimwemwe Undi,Tongues of Fire ft. Chimwemwe Undi,event
event::Tongues of Fire ft. Kevin Spenst,Tongues of Fire ft. Kevin Spenst,event
event::Tongues of Fire ft Sonya Littlejohn,Tongues of Fire ft Sonya Littlejohn,event
event::A Workshop with Sonya Littlejohn - online - free,A Workshop with Sonya Littlejohn - online - free,event
event::Tongues of Fire ft. The Audience!,Tongues of Fire ft. The Audience!,event
event::ToF Poet's Slumber Party ft. Dana Neily,ToF Poet's Slumber Party ft. Dana Neily,event
event::TOF - Pride Open Mic ft Juliette Blake Jacob,TOF - Pride Open Mic ft Juliette Blake Jacob,event
event::Tongues of Fire ft Sonnet L'Abbé,Tongues of Fire ft Sonnet L'Abbé,event
event::A Workshop with K.P Dennis,A Workshop with K.P Dennis,event
event::The art of listening- A spoken word workshop with Marie Metaphor,The art of listening- A spoken word workshop with Marie Metaphor,event
event::Vibrant Images - with Juliette Blake Jacob,Vibrant Images - with Juliette Blake Jacob,event
event::An Art Practices Workshop with Dana Neily and Hannah Berry,An Art Practices Workshop with Dana Neily and Hannah Berry,event
event::Tongues of Fire Ft Audrey Lane,Tongues of Fire Ft Audrey Lane,event
event::Tongues of Fire Open Mic Ft Jeremy Loveday,Tongues of Fire Open Mic Ft Jeremy Loveday,event
event::Tongues of Fire Open Mic Ft Billie the Kid,Tongues of Fire Open Mic Ft Billie the Kid,event
event::Tongues of Fire Open Mic Ft Saleem Ansari and John Hedderwick,Tongues of Fire Open Mic Ft Saleem Ansari and John Hedderwick,event
event::Tongues of Fire Open Mic Ft Torsten,Tongues of Fire Open Mic Ft Torsten,event
event::Tongues of Fire Open Mic Ft Peace Akintade,Tongues of Fire Open Mic Ft Peace Akintade,event
event::HALLOWEIRD: ToF Open Mic Ft Charlie Petch,HALLOWEIRD: ToF Open Mic Ft Charlie Petch,event
event::Tongues of Fire Open Mic Ft. Tawahum Bige,Tongues of Fire Open Mic Ft. Tawahum Bige,event
event::Tongues of Fire Open Mic Ft MothePoet,Tongues of Fire Open Mic Ft MothePoet,event
event::Tongues of Fire Open Mic Ft. Julia Albano-Crockford ,Tongues of Fire Open Mic Ft. Julia Albano-Crockford ,event
event::Tongues of Fire Open Mic Ft D'Scribe,Tongues of Fire Open Mic Ft D'Scribe,event
event::Tongues of Fire Open Mic Ft Lorelei,Tongues of Fire Open Mic Ft Lorelei,event
event::Tongues of Fire Open Mic Ft Héctor Castañeda,Tongues of Fire Open Mic Ft Héctor Castañeda,event
event::Tongues of Fire Ft Neko Smart,Tongues of Fire Ft Neko Smart,event
event::Tongues of Fire Open Mic Ft Sulva,Tongues of Fire Open Mic Ft Sulva,event
event::Tongues of Fire Open Mic Ft Kay Kassirer,Tongues of Fire Open Mic Ft Kay Kassirer,event
event::Tongues of Fire Open Mic Ft AltogetherLisa,Tongues of Fire Open Mic Ft AltogetherLisa,event
event::Tongues of Fire Open Mic ft SJ Valiquette,Tongues of Fire Open Mic ft SJ Valiquette,event
event::VPP CIPS Qualifier Poetry Slam ft Tasha Receno,VPP CIPS Qualifier Poetry Slam ft Tasha Receno,event
event::Tongues of Fire Open Mic Ft Catherine Garrett,Tongues of Fire Open Mic Ft Catherine Garrett,event
event::Tongues of Fire Open Mic ft Jennifer Alicia,Tongues of Fire Open Mic ft Jennifer Alicia,event
event::Tongues of Fire Open Mic Ft Marie Metaphor Specht,Tongues of Fire Open Mic Ft Marie Metaphor Specht,event
event::Tongues of Fire Open Mic and Fireworks Mentorship Ensemble Showcase,Tongues of Fire Open Mic and Fireworks Mentorship Ensemble Showcase,event
event::Tongues of Fire Open Mic ft Pam Stewart,Tongues of Fire Open Mic ft Pam Stewart,event
event::Tongues of Fire Ft Qurat Dar,Tongues of Fire Ft Qurat Dar,event
event::Tongues of Fire Open Mic ft Victoria Karoline,Tongues of Fire Open Mic ft Victoria Karoline,event
event::Tongues of Fire Open Mic Ft RC Weslowski,Tongues of Fire Open Mic Ft RC Weslowski,event
event::Tongues of Fire Open Mic ft ecoaborijanelle,Tongues of Fire Open Mic ft ecoaborijanelle,event
event::Tongues of Fire Open Mic ft Winnipeg Wallace,Tongues of Fire Open Mic ft Winnipeg Wallace,event
event::Tongues of Fire ft Paul Edward Costa,Tongues of Fire ft Paul Edward Costa,event
event::Tongues of Fire Open Mic ft ICY GAZE,Tongues of Fire Open Mic ft ICY GAZE,event
event::Tongues of Fire Open Mic ft Inali Barger,Tongues of Fire Open Mic ft Inali Barger,event
event::Tongues of Fire Open Mic Ft Dana Neily IN PERSON,Tongues of Fire Open Mic Ft Dana Neily IN PERSON,event
event::Tongues of Fire: Indigenous Showcase with Open Mic,Tongues of Fire: Indigenous Showcase with Open Mic,event
event::Tongues of Fire Open Mic ft Hartley Reed Schulyer,Tongues of Fire Open Mic ft Hartley Reed Schulyer,event
event::Tongues of Fire Open Mic Ft Charlie Petch,Tongues of Fire Open Mic Ft Charlie Petch,event
event::TOF online open mic ft Zach Polis,TOF online open mic ft Zach Polis,event
event::ToF Open Mic IN PERSON ft Simon Massey,ToF Open Mic IN PERSON ft Simon Massey,event
event::Tongues of Fire Onlin ft Devin Devine,Tongues of Fire Onlin ft Devin Devine,event
event::Tongues of fire FT Johnny MacRae,Tongues of fire FT Johnny MacRae,event
event::Tongues of Fire Online ft Titilope Sonuga,Tongues of Fire Online ft Titilope Sonuga,event
event::Tongues of Fire featuring :Sheri D Wilson,Tongues of Fire featuring :Sheri D Wilson,event
event::Tongues Of Fire ALL open mic,Tongues Of Fire ALL open mic,event
event::Tongues of Fire spoken word open mic ft Angelic Goldsky,Tongues of Fire spoken word open mic ft Angelic Goldsky,event
event::Tongues of Fire ft Veronica Wilde,Tongues of Fire ft Veronica Wilde,event
event::Healing Through Clowning - a poetry workshop,Healing Through Clowning - a poetry workshop,event
event::Wordstorm On-line Open Mic: Echo Aleck and Sirreal,Wordstorm On-line Open Mic: Echo Aleck and Sirreal,event
"event::Metaphorically Speaking - featuring poet, Rob Lewis","Metaphorically Speaking - featuring poet, Rob Lewis",event
event::Metaphorically Speaking - On-line Open Mic: Ian Cognito,Metaphorically Speaking - On-line Open Mic: Ian Cognito,event
event::Metaphorically Speaking: Kamal Parmar,Metaphorically Speaking: Kamal Parmar,event
event::An Evening with Robert Priest,An Evening with Robert Priest,event
event::Metaphorically Speaking Open Mic: Delani Valin,Metaphorically Speaking Open Mic: Delani Valin,event
event::Metaphorically Speaking On-line Open Mic: Erin Moonsister,Metaphorically Speaking On-line Open Mic: Erin Moonsister,event
event::Metaphorically Speaking On-line Open Mic: Charlie Petch,Metaphorically Speaking On-line Open Mic: Charlie Petch,event
event::Metaphorically Speaking On-line Open Mic: Feb 18 2021,Metaphorically Speaking On-line Open Mic: Feb 18 2021,event
event::Metaphorically Speaking on-line Open Mic: Richard Stevenson,Metaphorically Speaking on-line Open Mic: Richard Stevenson,event
event::The Omniform Lounge,The Omniform Lounge,event
event::Metaphorically Speaking online Open Mic: April 15 2021,Metaphorically Speaking online Open Mic: April 15 2021,event
event::An Evening with Sonnet L'Abbe & Stephen Collis,An Evening with Sonnet L'Abbe & Stephen Collis,event
event::Metaphorically Speaking online Open Mic: Linda K. Thompson,Metaphorically Speaking online Open Mic: Linda K. Thompson,event
event::Wordstorm's 'Metaphorically Speaking' On-line Open Mic: Sept 12 2021,Wordstorm's 'Metaphorically Speaking' On-line Open Mic: Sept 12 2021,event
event::Metaphorically Speaking on-line Open Mic featuring Christine Lowther,Metaphorically Speaking on-line Open Mic featuring Christine Lowther,event
event::Wordstorm's Omniform Lounge,Wordstorm's Omniform Lounge,event
event::An evening with Wendy Donawa,An evening with Wendy Donawa,event
event::Metaphorically Speaking online Open Mic - Sci-fi/fantasy edition!,Metaphorically Speaking online Open Mic - Sci-fi/fantasy edition!,event
event::Metaphorically Speaking online Open Mic featuring Kamal Parmar,Metaphorically Speaking online Open Mic featuring Kamal Parmar,event
event::Metaphorically Speaking online open mic: Pamela Medland,Metaphorically Speaking online open mic: Pamela Medland,event
event::Metaphorically Speaking with Geoff Inverarity,Metaphorically Speaking with Geoff Inverarity,event
event::Metaphorically Speaking with Cornelia Hoogland,Metaphorically Speaking with Cornelia Hoogland,event
event::FreeFlow Showcase & Open Mic,FreeFlow Showcase & Open Mic,event
event::FreeFlow Showcase - The Anto Chan Birthday Special,FreeFlow Showcase - The Anto Chan Birthday Special,event
event::FreeFlow Showcase & Open Mic: May 23 2020,FreeFlow Showcase & Open Mic: May 23 2020,event
event::FreeFlow Showcase & Open Mic: May 30 2020,FreeFlow Showcase & Open Mic: May 30 2020,event
event::FreeFlow Showcase & Open Mic: June 6 2020,FreeFlow Showcase & Open Mic: June 6 2020,event
event::FreeFlow Showcase & Open Mic: June 13 2020,FreeFlow Showcase & Open Mic: June 13 2020,event
event::FreeFlow Showcase & Open Mic: June 20 2020,FreeFlow Showcase & Open Mic: June 20 2020,event
event::FreeFlow Showcase & Open Mic: June 27 2020,FreeFlow Showcase & Open Mic: June 27 2020,event
event::FreeFlow Showcase & Open Mic: July 4 2020,FreeFlow Showcase & Open Mic: July 4 2020,event
event::FreeFlow Showcase & Open Mic: July 11 2020,FreeFlow Showcase & Open Mic: July 11 2020,event
event::FreeFlow Showcase & Open Mic: July 18 2020,FreeFlow Showcase & Open Mic: July 18 2020,event
event::FreeFlow Showcase & Open Mic: July 25 2020,FreeFlow Showcase & Open Mic: July 25 2020,event
event::FreeFlow Showcase & Open Mic: Aug 1 2020,FreeFlow Showcase & Open Mic: Aug 1 2020,event
event::FreeFlow Boxing Day Bonanza!,FreeFlow Boxing Day Bonanza!,event
event::FreeFlow One Year Anniversary Show!,FreeFlow One Year Anniversary Show!,event
event::Community Healing & Open Mic,Community Healing & Open Mic,event
event::FreeFlow Showcase ft. SoulSis Aiesha,FreeFlow Showcase ft. SoulSis Aiesha,event
event::FreeFlow Showcase - National Poetry Month,FreeFlow Showcase - National Poetry Month,event
event::FreeFlow Showcase - Asian Heritage Month!,FreeFlow Showcase - Asian Heritage Month!,event
event::FreeFlow Showcase - Revolutions,FreeFlow Showcase - Revolutions,event
event::FreeFlow Showcase - Summer Sweetness,FreeFlow Showcase - Summer Sweetness,event
event::Annie's Birthday Celebration! - LIVE LIVE LIVE V1,Annie's Birthday Celebration! - LIVE LIVE LIVE V1,event
event::Annie's Birthday Celebration! - LIVE LIVE LIVE V2,Annie's Birthday Celebration! - LIVE LIVE LIVE V2,event
event::FreeFlow Showcase - Anto's Birthday Bonanza,FreeFlow Showcase - Anto's Birthday Bonanza,event
event::Spoken INK Online,Spoken INK Online,event
event::Spoken INK w/Susan McCaslin&Richard Toews,Spoken INK w/Susan McCaslin&Richard Toews,event
event::Spoken INK w/RC Weslowski & Alyda Faber,Spoken INK w/RC Weslowski & Alyda Faber,event
event::Spoken INK w/Celeste Snowber & Jude Neale,Spoken INK w/Celeste Snowber & Jude Neale,event
event::Spoken INK w/Cristy Watson & Kamal Parmar,Spoken INK w/Cristy Watson & Kamal Parmar,event
event::Spoken INK Reading Series w/Heather Conn & Open Mic,Spoken INK Reading Series w/Heather Conn & Open Mic,event
"event::Spoken INK's Launch of Kamal Parmar's ""What Does The Wind Say?""","Spoken INK's Launch of Kamal Parmar's ""What Does The Wind Say?""",event
event::Spoken INK w/Cynthia Sharp & Guests,Spoken INK w/Cynthia Sharp & Guests,event
event::Spoken INK w/Bonnie Nish & Jude Neale,Spoken INK w/Bonnie Nish & Jude Neale,event
event::Postponed: Extra Draft Reading 15.7,Postponed: Extra Draft Reading 15.7,event
event::Draft 15.7,Draft 15.7,event
event::Draft 16.1,Draft 16.1,event
event::Draft 16.2,Draft 16.2,event
event::Draft 16.3,Draft 16.3,event
event::Draft 16.4,Draft 16.4,event
event::Draft 16.5,Draft 16.5,event
event::Draft 16.6,Draft 16.6,event
event::DRAFT Reading 17.1,DRAFT Reading 17.1,event
event::Spotlight on Translation/Pleins feux sur la traduction littéraire,Spotlight on Translation/Pleins feux sur la traduction littéraire,event
event::Spotlight on Translation: Saint Jerome Day Edition / Pleins feu sur la traduction : Spécial Sant-Jérôme,Spotlight on Translation: Saint Jerome Day Edition / Pleins feu sur la traduction : Spécial Sant-Jérôme,event
event::Le rôle des essais traduits dans nos vies,Le rôle des essais traduits dans nos vies,event
event::Soirée John-Glassco / John Glassco Prize Gala,Soirée John-Glassco / John Glassco Prize Gala,event
event::Provocations: A Mise en Translation,Provocations: A Mise en Translation,event
event::Translation Cabaret de traduction: Dislocutions,Translation Cabaret de traduction: Dislocutions,event
event::Translation Cabaret de traduction: maZques? ,Translation Cabaret de traduction: maZques? ,event
event::Here is Elsewhere,Here is Elsewhere,event
event::Here is Elsewhere: Ray Ellenwood on Translating The Montreal Automatists,Here is Elsewhere: Ray Ellenwood on Translating The Montreal Automatists,event
event::Femmes au temps des carnassiers : entretien autour d'une traduction | Série À carnets ouverts ,Femmes au temps des carnassiers : entretien autour d'une traduction | Série À carnets ouverts ,event
event::Transe hivernale/Winter Trad 2021,Transe hivernale/Winter Trad 2021,event
event::Gala du prix de la traduction John Glassco Translation Prize Gala,Gala du prix de la traduction John Glassco Translation Prize Gala,event
event::A Conversation with NourbeSe Philip on the unauthorized Italian translation of Zong!,A Conversation with NourbeSe Philip on the unauthorized Italian translation of Zong!,event
event::Soirée virtuelle de poésie et de traduction,Soirée virtuelle de poésie et de traduction,event
event::BLACK FUTURE,BLACK FUTURE,event
event::TILTING OF THE EARTH: A METONYMY SOLSTICE SHOWCASE,TILTING OF THE EARTH: A METONYMY SOLSTICE SHOWCASE,event
event::METATRON PRESENTS: BRIDGING OUR DIVIDE,METATRON PRESENTS: BRIDGING OUR DIVIDE,event
event::HOMMAGE À GENDER B(L)ENDER,HOMMAGE À GENDER B(L)ENDER,event
event::BLUE METROPOLIS FIRST PEOPLES LITERARY PRIZE: RICHARD VAN CAMP,BLUE METROPOLIS FIRST PEOPLES LITERARY PRIZE: RICHARD VAN CAMP,event
event::PRIX DES MOTS POUR CHANGER METROPOLIS BLEU: NATHACHA APPANAH,PRIX DES MOTS POUR CHANGER METROPOLIS BLEU: NATHACHA APPANAH,event
event::PREMIO METROPOLIS AZUL PATROCINADO POR GINNY STIKEMAN 2020: GIOCONDA BELLI,PREMIO METROPOLIS AZUL PATROCINADO POR GINNY STIKEMAN 2020: GIOCONDA BELLI,event
event::PRIX SCIENCES ET LITTÉRATURE METROPOLIS BLEU: THOMAS PIKETTY,PRIX SCIENCES ET LITTÉRATURE METROPOLIS BLEU: THOMAS PIKETTY,event
"event::PRIX LITTÉRAIRE VIOLET METROPOLIS BLEU
ANDRÉ ROY","PRIX LITTÉRAIRE VIOLET METROPOLIS BLEU
ANDRÉ ROY",event
"event::PRIX DE LA DIVERSITÉ METROPOLIS BLEU/CONSEIL DES ARTS DE MONTRÉAL
NICHOLAS DAWSON","PRIX DE LA DIVERSITÉ METROPOLIS BLEU/CONSEIL DES ARTS DE MONTRÉAL
NICHOLAS DAWSON",event
event::PREMIO METROPOLIS AZUL PATROCINADO POR GINNY STIKEMAN 2021: JAVIER CERCAS,PREMIO METROPOLIS AZUL PATROCINADO POR GINNY STIKEMAN 2021: JAVIER CERCAS,event
event::TROIS TEMPS NOUVEAUX DE LA LENTEUR AVEC CARL HONORÉ / THREE NEW PACES OF SLOWNESS WITH CARL HONORÉ,TROIS TEMPS NOUVEAUX DE LA LENTEUR AVEC CARL HONORÉ / THREE NEW PACES OF SLOWNESS WITH CARL HONORÉ,event
event::DAVID GROSSMAN: “TRENCHANT WITNESS”,DAVID GROSSMAN: “TRENCHANT WITNESS”,event
event::LES ÉCRIVAINS MEURENT-ILS? VARIATIONS SUR HERVÉ GUIBERT AVEC MATHIEU LINDON,LES ÉCRIVAINS MEURENT-ILS? VARIATIONS SUR HERVÉ GUIBERT AVEC MATHIEU LINDON,event
event::QUEER DREAMING: MATTILDA BERNSTEIN SYCAMORE & RANDA JARRAR,QUEER DREAMING: MATTILDA BERNSTEIN SYCAMORE & RANDA JARRAR,event
"event::SCOTT, SCOFIELD AND MIHESUAH ON ART AND ACTIVISM","SCOTT, SCOFIELD AND MIHESUAH ON ART AND ACTIVISM",event
event::AFRIQUE ET OCCIDENT : MÉMOIRES PACIFIÉES ?,AFRIQUE ET OCCIDENT : MÉMOIRES PACIFIÉES ?,event
event::LE LIBAN BLESSÉ DES ÉCRIVAINS / WRITERS OF A WOUNDED LEBANON,LE LIBAN BLESSÉ DES ÉCRIVAINS / WRITERS OF A WOUNDED LEBANON,event
event::EM OUTRAS PALAVRAS: UMA CONVERSA COM CAETANO VELOSO,EM OUTRAS PALAVRAS: UMA CONVERSA COM CAETANO VELOSO,event
event::COU-RAGE : ÉCRITURE ET DIFFICULTÉS,COU-RAGE : ÉCRITURE ET DIFFICULTÉS,event
event::FEMMES ET SEXUALITÉ : QUAND LES VERROUS SAUTENT,FEMMES ET SEXUALITÉ : QUAND LES VERROUS SAUTENT,event
event::LE VOYAGE AU CONGO,LE VOYAGE AU CONGO,event
event::QUELS FILS VOULONS-NOUS ÉDUQUER DEMAIN ?,QUELS FILS VOULONS-NOUS ÉDUQUER DEMAIN ?,event
"event::ENFOUIS DANS LE TEMPS : DEUIL, AMOUR, HISTOIRE ET POÉSIE / BURIED IN TIME: MOURNING, LOVE, HISTORY, AND POETRY, WITH TWO POETS FROM QUEBEC AND CANADA","ENFOUIS DANS LE TEMPS : DEUIL, AMOUR, HISTOIRE ET POÉSIE / BURIED IN TIME: MOURNING, LOVE, HISTORY, AND POETRY, WITH TWO POETS FROM QUEBEC AND CANADA",event
"event::REST AND RECUPERATE: FROM TAIWAN TO NORWAY TO BANCROFT, ONT.","REST AND RECUPERATE: FROM TAIWAN TO NORWAY TO BANCROFT, ONT.",event
event::THEATER AFTER COVID: MONTREAL,THEATER AFTER COVID: MONTREAL,event
event::THE GABRIEL SAFDIE EVENT – JERUSALEM OF THE MIND: NARRATIVES OF ISRAEL- PALESTINE,THE GABRIEL SAFDIE EVENT – JERUSALEM OF THE MIND: NARRATIVES OF ISRAEL- PALESTINE,event
event::THE VIOLET HOUR,THE VIOLET HOUR,event
"event::KHALIL GIBRAN, LA TERRE, LA MER","KHALIL GIBRAN, LA TERRE, LA MER",event
event::ALL PEOPLE SHARE THE SAME RIGHTS,ALL PEOPLE SHARE THE SAME RIGHTS,event
event::RE-OPENING DOORS INTO VANCOUVER’S STRATHCONA NEIGHBOURHOOD: A CONVERSATION WITH DAPHNE MARLATT AND CAROLE ITTER,RE-OPENING DOORS INTO VANCOUVER’S STRATHCONA NEIGHBOURHOOD: A CONVERSATION WITH DAPHNE MARLATT AND CAROLE ITTER,event
event::LATIN AMERICAN LITERATURE AT THE MILLENNIUM,LATIN AMERICAN LITERATURE AT THE MILLENNIUM,event
event::LANCEMENT LLP LAUNCH!,LANCEMENT LLP LAUNCH!,event
event::AN ARTISTIC PERSPECTIVE ON THE EVOLUTION OF JUSTICE?,AN ARTISTIC PERSPECTIVE ON THE EVOLUTION OF JUSTICE?,event
event::THE 2021 HUGH MACLENNAN LECTURE SERIES: Navigating Identity Through Storytelling,THE 2021 HUGH MACLENNAN LECTURE SERIES: Navigating Identity Through Storytelling,event
event::BIEN COCIDO,BIEN COCIDO,event
"event::VIRTUAL LAUNCH: THE GIRL FROM DREAM CITY BY LINDA LEITH, FEATURING STEVEN W. BEATTIE","VIRTUAL LAUNCH: THE GIRL FROM DREAM CITY BY LINDA LEITH, FEATURING STEVEN W. BEATTIE",event
event::A WORLD OF INFORMATION PLENTY,A WORLD OF INFORMATION PLENTY,event
event::LITTÉRATURES HISPANIQUES : HISPANIC IN THE PANDEMIC,LITTÉRATURES HISPANIQUES : HISPANIC IN THE PANDEMIC,event
event::FINDING QUEER READERS,FINDING QUEER READERS,event
event::SOCIAL MEDIA: FRIEND OR FOE,SOCIAL MEDIA: FRIEND OR FOE,event
event::COMMENT FAIRE CONNAÎTRE ET PROMOUVOIR LES AUTEURS AUTOCHTONES D’OCÉANIE ?,COMMENT FAIRE CONNAÎTRE ET PROMOUVOIR LES AUTEURS AUTOCHTONES D’OCÉANIE ?,event
"event::QUINZE MINUTES DANS LE BUREAU DE LAYLA CHAOUNI, FONDATRICE ET DIRECTRICE DES ÉDITIONS LE FENNEC À CASABLANCA (MAROC)","QUINZE MINUTES DANS LE BUREAU DE LAYLA CHAOUNI, FONDATRICE ET DIRECTRICE DES ÉDITIONS LE FENNEC À CASABLANCA (MAROC)",event
"event::REMISE DU PRIX DE LA DIVERSITÉ METROPOLIS BLEU / CONSEIL DES ARTS DE MONTRÉAL 2020
JEUDI 12 NOVEMBRE, 19H
CEREMONY AWARD OF THE BLUE METROPOLIS / CONSEIL DES ARTS DE MONTRÉAL LITERARY DIVERSITY PRIZE 2020
THURSDAY NOVEMBER 12, 7 PM","REMISE DU PRIX DE LA DIVERSITÉ METROPOLIS BLEU / CONSEIL DES ARTS DE MONTRÉAL 2020
JEUDI 12 NOVEMBRE, 19H
CEREMONY AWARD OF THE BLUE METROPOLIS / CONSEIL DES ARTS DE MONTRÉAL LITERARY DIVERSITY PRIZE 2020
THURSDAY NOVEMBER 12, 7 PM",event
event::DEVELOPING DIALOGUE,DEVELOPING DIALOGUE,event
"event::PARC-EXTENSION, FRONTIÈRES VISIBLES ET INVISIBLES : VULNÉRABILITÉS À MONTRÉAL","PARC-EXTENSION, FRONTIÈRES VISIBLES ET INVISIBLES : VULNÉRABILITÉS À MONTRÉAL",event
event::POUR MÉMOIRE – ÉCRIVAINES POUR LA LIBERTÉ,POUR MÉMOIRE – ÉCRIVAINES POUR LA LIBERTÉ,event
event::BEYOND THE MIGHTY PEN : WOMEN WRITERS / ACTIVISTS OF THE AMERICA,BEYOND THE MIGHTY PEN : WOMEN WRITERS / ACTIVISTS OF THE AMERICA,event
event::MANDELA : JE ME SOUVIENS,MANDELA : JE ME SOUVIENS,event
event::JOUJOU TURENNE RACONTE MANDELA,JOUJOU TURENNE RACONTE MANDELA,event
event::LISTEN TO MY STORY,LISTEN TO MY STORY,event
event::LES CHOSES HUMAINES : ENTRETIEN AVEC KARINE TUIL,LES CHOSES HUMAINES : ENTRETIEN AVEC KARINE TUIL,event
event::POÈMES POUR CHANGER LA FACE DU MONDE,POÈMES POUR CHANGER LA FACE DU MONDE,event
event::ÉVÉNEMENT DE CLÔTURE,ÉVÉNEMENT DE CLÔTURE,event
event::POETIC FIBRES,POETIC FIBRES,event
"event::SUJETS PERMIS, SUJETS INTERDITS. LES ÉCRIVAINS PEUVENT-ILS PARLER DE TOUT ?","SUJETS PERMIS, SUJETS INTERDITS. LES ÉCRIVAINS PEUVENT-ILS PARLER DE TOUT ?",event
"event::DANTE, LA LANGUE ET MOI","DANTE, LA LANGUE ET MOI",event
event::POLARS CROISÉS – LA COLOMBIE ET LE QUÉBEC,POLARS CROISÉS – LA COLOMBIE ET LE QUÉBEC,event
event::Launching a Book -- with Thomas Umstattd Jr. ,Launching a Book -- with Thomas Umstattd Jr. ,event
event::How to Leverage the Power of Podcasts - with Thomas Umstattd Jr.,How to Leverage the Power of Podcasts - with Thomas Umstattd Jr.,event
event::Let's Talk Dialogue (part 1) -- with Tara K. Ross,Let's Talk Dialogue (part 1) -- with Tara K. Ross,event
event::The Nuts and Bolts of Indie Publishing -- with Valerie Comer,The Nuts and Bolts of Indie Publishing -- with Valerie Comer,event
event::Indie Publishing Discussion Panel,Indie Publishing Discussion Panel,event
event::Exploring Multiple Sources Of Income For Writers and Multi-Career Creatives -- with Sally Meadows,Exploring Multiple Sources Of Income For Writers and Multi-Career Creatives -- with Sally Meadows,event
"event::Editing: Where to Stary, and When to Stop! -- with Olivia Smit","Editing: Where to Stary, and When to Stop! -- with Olivia Smit",event
event::Finding Your Story -- with Zena Dell Lowe,Finding Your Story -- with Zena Dell Lowe,event
event::Mastering Visual Images: The 7 Levels of Meaning in Story -- with Zena Dell Lowe,Mastering Visual Images: The 7 Levels of Meaning in Story -- with Zena Dell Lowe,event
event::Spiritual Memoir Part 1 -- with Karen Stiller,Spiritual Memoir Part 1 -- with Karen Stiller,event
event::Telling a True Story Using Creative Nonfiction -- Carolyn Wilker,Telling a True Story Using Creative Nonfiction -- Carolyn Wilker,event
event::Querying for Success -- with Aimee Reid,Querying for Success -- with Aimee Reid,event
event::The Creative Process: Idea and Incarnation -- with Carolyn Arends,The Creative Process: Idea and Incarnation -- with Carolyn Arends,event
event::Editing for Writers Part 1 -- with Robin Larin,Editing for Writers Part 1 -- with Robin Larin,event
event::Elements of a 'Christian' Story -- with Zena Dell Lowe,Elements of a 'Christian' Story -- with Zena Dell Lowe,event
event::Unpacking Historical Fiction Writing -- with Terrie Todd,Unpacking Historical Fiction Writing -- with Terrie Todd,event
event::Editing for Writers Part 2 -- with Robin Larin,Editing for Writers Part 2 -- with Robin Larin,event
event::The Long and Short of Medium -- with Kimberly Payne,The Long and Short of Medium -- with Kimberly Payne,event
event::The Words and Music Show - 22 August 2021 ,The Words and Music Show - 22 August 2021 ,event
