SwallowID,address,latitude,longitude
7886,"1915 rue Sainte-Catherine ouest Montreal, QC, H3H 1M3, Canada",45.49253,-73.58068
7913,"Ottawa, Ontario, Canada",45.4211060,-75.6903080
7914,"Ottawa, Ontario, Canada",45.4211060,-75.6903080
7918,"80 bpNichol Lane, Toronto, Ontario, M5S 3J4, Canada",43.666170,-79.400360
7923,"80 bpNichol Lane, Toronto, Ontario, M5S 3J4, Canada",43.666170,-79.400360
7931,"80 bpNichol Lane, Toronto, Ontario, M5S 3J4, Canada",43.666170,-79.400360
7937,"80 bpNichol Lane, Toronto, Ontario, M5S 3J4, Canada",43.666170,-79.400360
7955,"1915 rue Sainte-Catherine ouest Montreal, QC, H3H 1M3, Canada",45.49524405,-73.57849928292674
7956,"1915 rue Sainte-Catherine ouest Montreal, QC, H3H 1M3, Canada",45.49253,-73.58068
7961,"1915 rue Sainte-Catherine ouest Montreal, QC, H3H 1M3, Canada",45.49253,-73.58068
7963,"1915 rue Sainte-Catherine ouest Montreal, QC, H3H 1M3, Canada",45.49253,-73.58068
7964,"1915 rue Sainte-Catherine ouest Montreal, QC, H3H 1M3, Canada",45.49253,-73.58068
7965,"1915 rue Sainte-Catherine ouest Montreal, QC, H3H 1M3, Canada",45.49253,-73.58068
7966,"1915 rue Sainte-Catherine ouest Montreal, QC, H3H 1M3, Canada",45.49253,-73.58068
8151,"Ottawa, Ontario, Canada",45.4211060,-75.6903080
8152,"Ottawa, Ontario, Canada",45.4211060,-75.6903080
8154,"Ottawa, Ontario, Canada",45.4211060,-75.6903080
8155,"Ottawa, Ontario, Canada",45.4211060,-75.6903080
8156,"Ottawa, Ontario, Canada",45.4211060,-75.6903080
8157,"Ottawa, Ontario, Canada",45.4211060,-75.6903080
8158,"Ottawa, Ontario, Canada",45.4211060,-75.6903080
8159,"Ottawa, Ontario, Canada",45.4211060,-75.6903080
8160,"Ottawa, Ontario, Canada",45.4211060,-75.6903080
8161,"Ottawa, Ontario, Canada",45.4211060,-75.6903080
8162,"Ottawa, Ontario, Canada",45.4211060,-75.6903080
8163,"Ottawa, Ontario, Canada",45.4211060,-75.6903080
8164,"Ottawa, Ontario, Canada",45.4211060,-75.6903080
8165,"1915 rue Sainte-Catherine ouest Montreal, QC, H3H 1M3, Canada",45.49253,-73.58068
8166,"1915 rue Sainte-Catherine ouest Montreal, QC, H3H 1M3, Canada",45.49253,-73.58068
8167,"1915 rue Sainte-Catherine ouest Montreal, QC, H3H 1M3, Canada",45.49253,-73.58068
8168,"1915 rue Sainte-Catherine ouest Montreal, QC, H3H 1M3, Canada",45.49253,-73.58068
8169,"1915 rue Sainte-Catherine ouest Montreal, QC, H3H 1M3, Canada",45.49253,-73.58068
8170,"1915 rue Sainte-Catherine ouest Montreal, QC, H3H 1M3, Canada",45.49253,-73.58068
8172,"4873 St Laurent Blvd, Montreal, QC H2T 1R6",45.520519,-73.587341
8175,"4873 St Laurent Blvd, Montreal, QC H2T 1R6",45.520519,-73.587341
8176,"4873 St Laurent Blvd, Montreal, QC H2T 1R6",45.520519,-73.587341
8177,"4873 St Laurent Blvd, Montreal, QC H2T 1R6",45.520519,-73.587341
8178,"873 St Laurent Blvd, Montreal, QC H2T 1R6",45.520519,-73.587341
8179,"4873 St Laurent Blvd, Montreal, QC H2T 1R6",45.520519,-73.587341
8180,"4873 St Laurent Blvd, Montreal, QC H2T 1R6",45.520519,-73.587341
8181,"1915 rue Sainte-Catherine ouest Montreal, QC, H3H 1M3, Canada",45.49253,-73.58068
8183,"4873 St Laurent Blvd, Montreal, QC H2T 1R6",45.520519,-73.587341
8184,"4873 St Laurent Blvd, Montreal, QC H2T 1R6",45.520519,-73.587341
8185,"1915 rue Sainte-Catherine ouest Montreal, QC, H3H 1M3, Canada",45.49253,-73.58068
8186,"4873 St Laurent Blvd, Montreal, QC H2T 1R6",45.520519,-73.587341
8187,"1915 rue Sainte-Catherine ouest Montreal, QC, H3H 1M3, Canada",45.49253,-73.58068
8188,"4873 St Laurent Blvd, Montreal, QC H2T 1R6",45.520519,-73.587341
8189,"4873 St Laurent Blvd, Montreal, QC H2T 1R6",45.520519,-73.587341
8190,"4873 St Laurent Blvd, Montreal, QC H2T 1R6",45.520519,-73.587341
8192,"1398 Cartwright St, Vancouver, BC V6H 3R8",49.269860,-123.134220
8193,"1398 Cartwright St, Vancouver, BC V6H 3R8",49.269860,-123.134220
8194,"1398 Cartwright St, Vancouver, BC V6H 3R8",49.269860,-123.134220
8197,"1200 Atwater Ave, Westmount, QC H3Z 1T4",45.488682,-73.584259
8199,"1200 Atwater Ave, Westmount, QC H3Z 1T4",45.488682,-73.584259
8200,"1200 Atwater Ave, Westmount, QC H3Z 1T4",45.488682,-73.584259
8203,"1200 Atwater Ave, Westmount, QC H3Z 1T4",45.488682,-73.584259
8204,"1200 Atwater Ave, Westmount, QC H3Z 1T4",45.488682,-73.584259
8206,"1200 Atwater Ave, Westmount, QC H3Z 1T4",45.488682,-73.584259
8207,"1200 Atwater Ave, Westmount, QC H3Z 1T4",45.488682,-73.584259
8209,"1200 Atwater Ave, Westmount, QC H3Z 1T4",45.488682,-73.584259
8210,"1200 Atwater Ave, Westmount, QC H3Z 1T4",45.488682,-73.584259
8211,"1200 Atwater Ave, Westmount, QC H3Z 1T4",45.488682,-73.584259
8212,"1200 Atwater Ave, Westmount, QC H3Z 1T4",45.488682,-73.584259
8213,"1171 Eastlawn Ave. Windsor, ON. N8S 3J1",42.325140,-82.943060
8215,"1171 Eastlawn Ave. Windsor, ON. N8S 3J1",42.325140,-82.943060
8216,"1171 Eastlawn Ave. Windsor, ON. N8S 3J1",42.325140,-82.943060
8217,"1171 Eastlawn Ave. Windsor, ON. N8S 3J1",42.325140,-82.943060
8219,"1171 Eastlawn Ave. Windsor, ON. N8S 3J1",42.325140,-82.943060
8220,"1171 Eastlawn Ave. Windsor, ON. N8S 3J1",42.325140,-82.943060
8221,"1171 Eastlawn Ave. Windsor, ON. N8S 3J1",42.325140,-82.943060
8224,"315 8 Ave SW, Calgary, AB T2P 4K1",51.04457,-114.069241
8229,"315 8 Ave SW, Calgary, AB T2P 4K1",51.04457,-114.069241
8230,"315 8 Ave SW, Calgary, AB T2P 4K1",51.04457,-114.069241
8231,"16 Elvina St. Ottawa, Ontario K1J 7L1 Canada",45.443830,-75.611557
8232,"16 Elvina St. Ottawa, Ontario K1J 7L1 Canada",45.443830,-75.611557
8233,"16 Elvina St. Ottawa, Ontario K1J 7L1 Canada",45.443830,-75.611557
8234,"16 Elvina St. Ottawa, Ontario K1J 7L1 Canada",45.443830,-75.611557
8235,"16 Elvina St. Ottawa, Ontario K1J 7L1 Canada",45.443830,-75.611557
8236,"16 Elvina St. Ottawa, Ontario K1J 7L1 Canada",45.443830,-75.611557
8237,"16 Elvina St. Ottawa, Ontario K1J 7L1 Canada",45.443830,-75.611557
8238,"16 Elvina St. Ottawa, Ontario K1J 7L1 Canada",45.443830,-75.611557
8239,"16 Elvina St. Ottawa, Ontario K1J 7L1 Canada",45.443830,-75.611557
8241,"16 Elvina St. Ottawa, Ontario K1J 7L1 Canada",45.443830,-75.611557
8242,"16 Elvina St. Ottawa, Ontario K1J 7L1 Canada",45.443830,-75.611557
8243,"16 Elvina St. Ottawa, Ontario K1J 7L1 Canada",45.443830,-75.611557
8244,"16 Elvina St. Ottawa, Ontario K1J 7L1 Canada",45.443830,-75.611557
8245,"16 Elvina St. Ottawa, Ontario K1J 7L1 Canada",45.443830,-75.611557
8246,"16 Elvina St. Ottawa, Ontario K1J 7L1 Canada",45.443830,-75.611557
8247,"16 Elvina St. Ottawa, Ontario K1J 7L1 Canada",45.443830,-75.611557
8248,"16 Elvina St. Ottawa, Ontario K1J 7L1 Canada",45.443830,-75.611557
8250,"1915 rue Sainte-Catherine ouest Montreal, QC, H3H 1M3, Canada",45.49253,-73.58068
8252,"1915 rue Sainte-Catherine ouest Montreal, QC, H3H 1M3, Canada",45.49253,-73.58068
8253,"1915 rue Sainte-Catherine ouest Montreal, QC, H3H 1M3, Canada",45.49253,-73.58068
8254,"1915 rue Sainte-Catherine ouest Montreal, QC, H3H 1M3, Canada",45.49253,-73.58068
8255,"1915 rue Sainte-Catherine ouest Montreal, QC, H3H 1M3, Canada",45.49253,-73.58068
8256,"1915 rue Sainte-Catherine ouest Montreal, QC, H3H 1M3, Canada",45.49253,-73.58068
8257,"1915 rue Sainte-Catherine ouest Montreal, QC, H3H 1M3, Canada",45.49253,-73.58068
8258,"16 Elvina St. Ottawa, Ontario K1J 7L1 Canada",45.443830,-75.611557
8259,"16 Elvina St. Ottawa, Ontario K1J 7L1 Canada",45.443830,-75.611557
8260,"16 Elvina St. Ottawa, Ontario K1J 7L1 Canada",45.443830,-75.611557
8261,"16 Elvina St. Ottawa, Ontario K1J 7L1 Canada",45.443830,-75.611557
8262,"16 Elvina St. Ottawa, Ontario K1J 7L1 Canada",45.443830,-75.611557
8274,"7030 Saint Denis Montreal, Quebec H2S 2S4",45.537430,-73.613340
8275,"7030 Saint Denis Montreal, Quebec H2S 2S4",45.537430,-73.613340
8277,"030 Saint Denis Montreal, Quebec H2S 2S4",45.537430,-73.613340
8278,"7030 Saint Denis Montreal, Quebec H2S 2S4",45.537430,-73.613340
8286,"1915 rue Sainte-Catherine ouest Montreal, QC, H3H 1M3, Canada",45.49253,-73.58068
8287,"1915 rue Sainte-Catherine ouest Montreal, QC, H3H 1M3, Canada",45.49253,-73.58068
8288,"1915 rue Sainte-Catherine ouest Montreal, QC, H3H 1M3, Canada",45.49253,-73.58068
8289,"1915 rue Sainte-Catherine ouest Montreal, QC, H3H 1M3, Canada",45.49253,-73.58068
8290,"1915 rue Sainte-Catherine ouest Montreal, QC, H3H 1M3, Canada",45.49253,-73.58068
8291,"1915 rue Sainte-Catherine ouest Montreal, QC, H3H 1M3, Canada",45.49253,-73.58068
8292,"1915 rue Sainte-Catherine ouest Montreal, QC, H3H 1M3, Canada",45.49253,-73.58068
8293,"1915 rue Sainte-Catherine ouest Montreal, QC, H3H 1M3, Canada",45.49253,-73.58068
8294,"1915 rue Sainte-Catherine ouest Montreal, QC, H3H 1M3, Canada",45.49253,-73.58068
8295,"1915 rue Sainte-Catherine ouest Montreal, QC, H3H 1M3, Canada",45.49253,-73.58068
8296,"1915 rue Sainte-Catherine ouest Montreal, QC, H3H 1M3, Canada",45.49253,-73.58068
8297,"1915 rue Sainte-Catherine ouest Montreal, QC, H3H 1M3, Canada",45.49253,-73.58068
8309,"251 Dundas St, London, ON N6A 6H9",42.98429,-81.24606
8310,"251 Dundas St, London, ON N6A 6H9,",42.98429,-81.24606
8311,"251 Dundas St, London, ON N6A 6H9",42.98429,-81.24606
8312,"251 Dundas St, London, ON N6A 6H9",42.98429,-81.24606
8316,"251 Dundas St, London, ON N6A 6H9",42.98429,-81.24606
8317,"251 Dundas St, London, ON N6A 6H9",42.98429,-81.24606
8319,"251 Dundas St, London, ON N6A 6H9",42.98429,-81.24606
8321,"251 Dundas St, London, ON N6A 6H9",42.98429,-81.24606
8322,"251 Dundas St, London, ON N6A 6H9",42.98429,-81.24606
8323,"251 Dundas St, London, ON N6A 6H9",42.98429,-81.24606
8324,"251 Dundas St, London, ON N6A 6H9",42.98429,-81.24606
8325,"251 Dundas St, London, ON N6A 6H9",42.98429,-81.24606
8326,"251 Dundas St, London, ON N6A 6H9",42.98429,-81.24606
8327,"251 Dundas St, London, ON N6A 6H9",42.98429,-81.24606
8328,"251 Dundas St, London, ON N6A 6H9",42.98429,-81.24606
8329,"251 Dundas St, London, ON N6A 6H9",42.98429,-81.24606
8330,"251 Dundas St, London, ON N6A 6H9",42.98429,-81.24606
8331,"251 Dundas St, London, ON N6A 6H9",42.98429,-81.24606
8332,"251 Dundas St, London, ON N6A 6H9",42.98429,-81.24606
8333,"251 Dundas St, London, ON N6A 6H9",42.98429,-81.24606
8334,"251 Dundas St, London, ON N6A 6H9",42.98429,-81.24606
8335,"251 Dundas St, London, ON N6A 6H9",42.98429,-81.24606
8336,"251 Dundas St, London, ON N6A 6H9",42.98429,-81.24606
8337,"251 Dundas St, London, ON N6A 6H9",42.98429,-81.24606
8338,"251 Dundas St, London, ON N6A 6H9",42.98429,-81.24606
8339,"251 Dundas St, London, ON N6A 6H9",42.98429,-81.24606
8345,"1200 Atwater Ave, Westmount, QC H3Z 1T4",45.48871,-73.58429
8346,"1200 Atwater Ave, Westmount, QC H3Z 1T4",45.48871,-73.58429
8347,"1200 Atwater Ave, Westmount, QC H3Z 1T4",45.48871,-73.58429
8348,"1200 Atwater Ave, Westmount, QC H3Z 1T4",45.48871,-73.58429
8349,"1200 Atwater Ave, Westmount, QC H3Z 1T4",45.48871,-73.58429
8350,"1200 Atwater Ave, Westmount, QC H3Z 1T4",45.48871,-73.58429
8351,"1200 Atwater Ave, Westmount, QC H3Z 1T4",45.48871,-73.58429
8352,"1200 Atwater Ave, Westmount, QC H3Z 1T4",45.48871,-73.58429
8353,"1200 Atwater Ave, Westmount, QC H3Z 1T4",45.48871,-73.58429
8354,"1200 Atwater Ave, Westmount, QC H3Z 1T4",45.48871,-73.58429
8355,"1200 Atwater Ave, Westmount, QC H3Z 1T4",45.48871,-73.58429
8356,"1200 Atwater Ave, Westmount, QC H3Z 1T4",45.48871,-73.58429
8357,"1200 Atwater Ave, Westmount, QC H3Z 1T4",45.48871,-73.58429
8358,"1200 Atwater Ave, Westmount, QC H3Z 1T4",45.48871,-73.58429
8359,"1200 Atwater Ave, Westmount, QC H3Z 1T4",45.48871,-73.58429
8360,"1200 Atwater Ave, Westmount, QC H3Z 1T4",45.48871,-73.58429
8361,"1200 Atwater Ave, Westmount, QC H3Z 1T4",45.48871,-73.58429
8362,"1200 Atwater Ave, Westmount, QC H3Z 1T4",45.48871,-73.58429
8367,"709 Yates St, Victoria, BC V8W 1L0",48.425930,-123.364320
8368,"709 Yates St, Victoria, BC V8W 1L0",48.425930,-123.364320
8369,"709 Yates St, Victoria, BC V8W 1L0",48.425930,-123.364320
8370,"709 Yates St, Victoria, BC V8W 1L0",48.425930,-123.364320
8371,"709 Yates St, Victoria, BC V8W 1L0",48.425930,-123.364320
8372,"709 Yates St, Victoria, BC V8W 1L0",48.425930,-123.364320
8374,"709 Yates St, Victoria, BC V8W 1L0",48.425930,-123.364320
8375,"709 Yates St, Victoria, BC V8W 1L0",48.425930,-123.364320
8376,"709 Yates St, Victoria, BC V8W 1L0",48.425930,-123.364320
8377,"709 Yates St, Victoria, BC V8W 1L0",48.425930,-123.364320
8380,"709 Yates St, Victoria, BC V8W 1L0",48.425930,-123.364320
8381,"709 Yates St, Victoria, BC V8W 1L0",48.425930,-123.364320
8382,"709 Yates St, Victoria, BC V8W 1L0",48.425930,-123.364320
8383,"709 Yates St, Victoria, BC V8W 1L0",48.425930,-123.364320
8384,"709 Yates St, Victoria, BC V8W 1L0",48.425930,-123.364320
8385,"709 Yates St, Victoria, BC V8W 1L0",48.425930,-123.364320
8386,"709 Yates St, Victoria, BC V8W 1L0",48.425930,-123.364320
8387,"709 Yates St, Victoria, BC V8W 1L0",48.425930,-123.364320
8388,"709 Yates St, Victoria, BC V8W 1L0",48.425930,-123.364320
8389,"709 Yates St, Victoria, BC V8W 1L0",48.425930,-123.364320
8390,"709 Yates St, Victoria, BC V8W 1L0",48.425930,-123.364320
8391,"709 Yates St, Victoria, BC V8W 1L0",48.425930,-123.364320
8392,"709 Yates St, Victoria, BC V8W 1L0",48.425930,https://www.openstreetmap.org/?mlat=48.42595&mlon=-123.36437#map=19/48.42595/-123.36437&layers=N
8393,"709 Yates St, Victoria, BC V8W 1L0",48.425930,-123.364320
8394,"709 Yates St, Victoria, BC V8W 1L0",48.425930,-123.364320
8395,"709 Yates St, Victoria, BC V8W 1L0",48.425930,-123.364320
8397,"709 Yates St, Victoria, BC V8W 1L0",48.425930,-123.364320
8398,"709 Yates St, Victoria, BC V8W 1L0",48.425930,-123.364320
8399,"709 Yates St, Victoria, BC V8W 1L0",48.425930,-123.364320
8400,"709 Yates St, Victoria, BC V8W 1L0",48.425930,-123.364320
8401,"709 Yates St, Victoria, BC V8W 1L0",48.425930,-123.364320
8402,"709 Yates St, Victoria, BC V8W 1L0",48.425930,-123.364320
8404,"709 Yates St, Victoria, BC V8W 1L0",48.425930,-123.364320
8405,"709 Yates St, Victoria, BC V8W 1L0",48.425930,-123.364320
8406,"709 Yates St, Victoria, BC V8W 1L0",48.425930,-123.364320
8407,"709 Yates St, Victoria, BC V8W 1L0",48.425930,-123.364320
8409,"709 Yates St, Victoria, BC V8W 1L0",48.425930,-123.364320
8410,"709 Yates St, Victoria, BC V8W 1L0",48.425930,-123.364320
8411,"709 Yates St, Victoria, BC V8W 1L0",48.425930,-123.364320
8412,"709 Yates St, Victoria, BC V8W 1L0",48.425930,-123.364320
8414,"709 Yates St, Victoria, BC V8W 1L0",48.425930,-123.364320
8415,"709 Yates St, Victoria, BC V8W 1L0",48.425930,-123.364320
8416,"709 Yates St, Victoria, BC V8W 1L0",48.425930,-123.364320
8417,"709 Yates St, Victoria, BC V8W 1L0",48.425930,-123.364320
8418,"709 Yates St, Victoria, BC V8W 1L0",48.425930,-123.364320
8419,"709 Yates St, Victoria, BC V8W 1L0",48.425930,-123.364320
8420,"709 Yates St, Victoria, BC V8W 1L0",48.425930,-123.364320
8421,"709 Yates St, Victoria, BC V8W 1L0",48.425930,-123.364320
8422,"499 Church Street, Toronto, ON, Canada",43.6652187,-79.3805890
8423,"499 Church Street, Toronto, ON, Canada",43.6652187,-79.3805890
8424,"499 Church Street, Toronto, ON, Canada",43.6652187,-79.3805890
8425,"499 Church Street, Toronto, ON, Canada",43.6652187,-79.3805890
8426,"499 Church Street, Toronto, ON, Canada",43.6652187,-79.3805890
8427,"499 Church Street, Toronto, ON, Canada",43.6652187,-79.3805890
8428,"499 Church Street, Toronto, ON, Canada",43.6652187,-79.3805890
8429,"499 Church Street, Toronto, ON, Canada",43.6652187,-79.3805890
8430,"499 Church Street, Toronto, ON, Canada",43.6652187,-79.3805890
8431,"499 Church Street, Toronto, ON, Canada",43.6652187,-79.3805890
8432,"499 Church Street, Toronto, ON, Canada",43.6652187,-79.3805890
8433,"499 Church Street, Toronto, ON, Canada",43.6652187,-79.3805890
8434,"99 Church Street, Toronto, ON, Canada",43.6652187,-79.3805890
8435,"499 Church Street, Toronto, ON, Canada",43.6652187,-79.3805890
8436,"499 Church Street, Toronto, ON, Canada",43.6652187,-79.3805890
8437,"499 Church Street, Toronto, ON, Canada",43.6652187,-79.3805890
8438,"499 Church Street, Toronto, ON, Canada",43.6652187,-79.3805890
8439,"499 Church Street, Toronto, ON, Canada",43.6652187,-79.3805890
8440,"499 Church Street, Toronto, ON, Canada",43.6652187,-79.3805890
8441,"499 Church Street, Toronto, ON, Canada",43.6652187,-79.3805890
8442,"499 Church Street, Toronto, ON, Canada",43.6652187,-79.3805890
8443,"499 Church Street, Toronto, ON, Canada",43.6652187,-79.3805890
8444,"499 Church Street, Toronto, ON, Canada",43.6652187,-79.3805890
8445,"499 Church Street, Toronto, ON, Canada",43.6652187,-79.3805890
8446,"499 Church Street, Toronto, ON, Canada",43.6652187,-79.3805890
8447,"499 Church Street, Toronto, ON, Canada",43.6652187,-79.3805890
8448,"499 Church Street, Toronto, ON, Canada",43.6652187,-79.3805890
8449,"499 Church Street, Toronto, ON, Canada",43.6652187,-79.3805890
8450,"499 Church Street, Toronto, ON, Canada",43.6652187,-79.3805890
8451,"499 Church Street, Toronto, ON, Canada",43.6652187,-79.3805890
8452,"499 Church Street, Toronto, ON, Canada",43.6652187,-79.3805890
8453,"499 Church Street, Toronto, ON, Canada",43.6652187,-79.3805890
8454,"499 Church Street, Toronto, ON, Canada",43.6652187,-79.3805890
8455,"499 Church Street, Toronto, ON, Canada",43.6652187,-79.3805890
8456,"499 Church Street, Toronto, ON, Canada",43.6652187,-79.3805890
8457,"499 Church Street, Toronto, ON, Canada",43.6652187,-79.3805890
8458,"499 Church Street, Toronto, ON, Canada",43.6652187,-79.3805890
8459,"499 Church Street, Toronto, ON, Canada",43.6652187,-79.3805890
8460,"499 Church Street, Toronto, ON, Canada",43.6652187,-79.3805890
8461,"499 Church Street, Toronto, ON, Canada",43.6652187,-79.3805890
8462,"499 Church Street, Toronto, ON, Canada",43.6652187,-79.3805890
8463,"499 Church Street, Toronto, ON, Canada",43.6652187,-79.3805890
8464,"499 Church Street, Toronto, ON, Canada",43.6652187,-79.3805890
8465,"499 Church Street, Toronto, ON, Canada",43.6652187,-79.3805890
8466,"499 Church Street, Toronto, ON, Canada",43.6652187,-79.380589
8467,"499 Church Street, Toronto, ON, Canada",43.6652187,-79.3805890
8479,"6847 rue St-Hubert Montreal, QC H2S 2M7",45.538750,-73.608530
8483,"6847 rue St-Hubert Montreal, QC H2S 2M7",45.538750,-73.608530
8486,"6847 rue St-Hubert Montreal, QC H2S 2M7",45.538750,-73.608530
8488,"1598 Barrington Street Halifax, Nova Scotia, B3J 1Z6",44.646020,-63.573690
8491,"6847 rue St-Hubert Montreal, QC H2S 2M7",45.538750,-73.608530
8493,"6847 rue St-Hubert Montreal, QC H2S 2M7",45.538750,-73.608530
8494,"6847 rue St-Hubert Montreal, QC H2S 2M7",45.538750,-73.608530
8495,"6847 rue St-Hubert Montreal, QC H2S 2M7",45.538750,-73.608530
8496,"6847 rue St-Hubert Montreal, QC H2S 2M7",45.538750,-73.608530
8606,"1915 rue Sainte-Catherine ouest Montreal, QC, H3H 1M3, Canada",45.49253,-73.58068
8607,"1915 rue Sainte-Catherine ouest Montreal, QC, H3H 1M3, Canada",45.49253,-73.58068
8614,"385 Menzies St, Victoria, BC V8V 0C2",48.4178271,-123.3723004
8615,"385 Menzies St, Victoria, BC V8V 0C2",48.4178271,-123.3723004
8616,"385 Menzies St, Victoria, BC V8V 0C2",48.4178271,-123.3723004
8619,"385 Menzies St, Victoria, BC V8V 0C2",48.4178271,-123.3723004
8620,"385 Menzies St, Victoria, BC V8V 0C2",48.4178271,-123.3723004
8621,"385 Menzies St, Victoria, BC V8V 0C2",48.4178271,-123.3723004
8622,"385 Menzies St, Victoria, BC V8V 0C2",48.4178271,-123.3723004
8623,"385 Menzies St, Victoria, BC V8V 0C2",48.4178271,-123.3723004
8624,"385 Menzies St, Victoria, BC V8V 0C2",48.4178271,-123.3723004
8719,"487 King St. W., Kingston, Ontario, K7L 2X7, Canada",44.22146,-76.51031
8720,"487 King St. W., Kingston, Ontario, K7L 2X7, Canada",44.22146,-76.51031
8721,"487 King St. W., Kingston, Ontario, K7L 2X7, Canada",44.22146,-76.51031
8722,"487 King St. W., Kingston, Ontario, K7L 2X7, Canada",44.22146,-76.51031
8723,"487 King St. W., Kingston, Ontario, K7L 2X7, Canada",44.22146,-76.51031
8724,"487 King St. W., Kingston, Ontario, K7L 2X7, Canada",44.22146,-76.51031
8725,"487 King St. W., Kingston, Ontario, K7L 2X7, Canada",44.22146,-76.51031
8829,"Windsor, ON",42.3170990,-83.0353434
8830,"Windsor, ON",42.3170990,-83.0353434
8833,"499 Church Street, Toronto, ON, Canada",43.6652187,-79.3805890
8834,"499 Church Street, Toronto, ON, Canada",43.6652187,-79.3805890
8835,"499 Church Street, Toronto, ON, Canada",43.6652187,-79.3805890
8837,"499 Church Street, Toronto, ON, Canada",43.6652187,-79.3805890
8850,"499 Church Street, Toronto, ON, Canada",43.6652187,-79.3805890
8851,"499 Church Street, Toronto, ON, Canada",43.6652187,-79.3805890
8852,"499 Church Street, Toronto, ON, Canada",43.6652187,-79.3805890
8853,"499 Church Street, Toronto, ON, Canada",43.6652187,-79.3805890
8854,"4700 Keele Street Toronto, ON, Canada",43.77409,-79.49302
8857,"901 Edward St S, Thunder Bay, ON, Canada",48.37159,-89.27975
8858,"901 Edward St S, Thunder Bay, ON, Canada",48.37159,-89.27975
8859,"901 Edward St S, Thunder Bay, ON, Canada",48.37159,-89.27975
8860,"901 Edward St S, Thunder Bay, ON, Canada",48.37159,-89.27975
8861,"901 Edward St S, Thunder Bay, ON, Canada",48.37188,-89.27975
8862,"901 Edward St S, Thunder Bay, ON, Canada",48.37159,-89.27975
8863,"901 Edward St S, Thunder Bay, ON, Canada",48.37159,-89.27975
8864,"901 Edward St S, Thunder Bay, ON, Canada",48.37159,-89.27975
8866,"901 Edward St S, Thunder Bay, ON, Canada",48.37159,-89.27975
8867,"901 Edward St S, Thunder Bay, ON, Canada",48.37159,-89.27975
8868,"901 Edward St S, Thunder Bay, ON, Canada",48.37159,-89.27975
8869,"901 Edward St S, Thunder Bay, ON, Canada",48.37159,-89.27975
8870,"901 Edward St S, Thunder Bay, ON, Canada",48.37159,-89.27975
8871,"901 Edward St S, Thunder Bay, ON, Canada",48.37159,-89.27975
8872,"901 Edward St S, Thunder Bay, ON, Canada",48.37159,-89.27975
8873,"901 Edward St S, Thunder Bay, ON, Canada",48.37159,-89.27975
8874,"901 Edward St S, Thunder Bay, ON, Canada",48.37159,-89.27975
8875,"901 Edward St S, Thunder Bay, ON, Canada",48.37159,-89.27975
8877,"901 Edward St S, Thunder Bay, ON, Canada",48.37159,-89.27975
8878,"901 Edward St S, Thunder Bay, ON, Canada",48.37159,-89.27975
8879,"901 Edward St S, Thunder Bay, ON, Canada",48.37159,-89.27975
8880,"901 Edward St S, Thunder Bay, ON, Canada",48.37159,-89.27975
8882,"901 Edward St S, Thunder Bay, ON, Canada",48.37159,-89.27975
8883,"901 Edward St S, Thunder Bay, ON, Canada",48.37159,-89.27975
8884,"901 Edward St S, Thunder Bay, ON, Canada",48.37159,-89.27975
8891,"901 Edward St S, Thunder Bay, ON, Canada",48.37159,-89.27975
8892,"901 Edward St S, Thunder Bay, ON, Canada",48.37159,-89.27975
8911,"Montreal, QC",45.5089,-73.8954
8917,"Montreal, QC",45.5089,-73.5617
8918,"Montreal, QC",45.5089,-73.5617
8919,"Montreal, QC",45.5089,-73.5617
8921,"Montreal, QC",45.5089,-73.5617
8923,"Montreal, QC",45.5089,-73.5617
8951,"Montreal, QC",45.5089,-73.5617
8952,"Montreal, QC",45.5089,-73.5617
8953,"Montreal, QC",45.5089,-73.5617
8954,"Montreal, QC",45.5089,-73.5617
8962,"Regina, SK",50.4558491,-104.6244141
8973,"Regina, SK",50.4558491,-104.6244141
8974,"Regina, SK",50.4558491,-104.6244141
8992,"Regina, SK",50.4558491,-104.6244141
8994,"Regina, SK",50.4558491,-104.6244141
8995,"Regina, SK",50.4558491,-104.6244141
8996,"Regina, SK",50.4558491,-104.6244141
8997,"Regina, SK",50.4558491,-104.6244141
9000,"Regina, SK",50.4558491,-104.6244141
9003,"1302, 4 St SW, Calgary, AB, T2R 0X8",51.04049,-114.07151
9004,"1302, 4 St SW, Calgary, AB, T2R 0X8",51.04049,-114.07151
9005,"1302, 4 St SW, Calgary, AB, T2R 0X8",51.04049,-114.07151
9006,"1302, 4 St SW, Calgary, AB, T2R 0X8",51.04049,-114.07151
9007,"1302, 4 St SW, Calgary, AB, T2R 0X8",51.04049,-114.07151
9008,"1302, 4 St SW, Calgary, AB, T2R 0X8",51.04049,-114.07151
9009,"1302, 4 St SW, Calgary, AB, T2R 0X8",51.04049,-114.07151
9010,"1302, 4 St SW, Calgary, AB, T2R 0X8",51.04049,-114.07151
9021,"1302, 4 St SW, Calgary, AB, T2R 0X8",51.04049,-114.07151
9022,"1302, 4 St SW, Calgary, AB, T2R 0X8",51.04049,-114.07151
9023,"1302, 4 St SW, Calgary, AB, T2R 0X8",51.04049,-114.07151
9024,"1302, 4 St SW, Calgary, AB, T2R 0X8",51.04049,-114.07151
9031,"1302, 4 St SW, Calgary, AB, T2R 0X8",51.04049,-114.07151
9032,"1302, 4 St SW, Calgary, AB, T2R 0X8",51.04049,-114.07151
9033,"1302, 4 St SW, Calgary, AB, T2R 0X8",51.04049,-114.07151
9034,"1302, 4 St SW, Calgary, AB, T2R 0X8",51.04049,-114.07151
9035,"1302, 4 St SW, Calgary, AB, T2R 0X8",51.04049,-114.07151
9036,"1302, 4 St SW, Calgary, AB, T2R 0X8",51.04049,-114.07151
9037,"1302, 4 St SW, Calgary, AB, T2R 0X8",51.04049,-114.07151
9039,"1302, 4 St SW, Calgary, AB, T2R 0X8",51.04049,-114.07151
9040,"1302, 4 St SW, Calgary, AB, T2R 0X8",51.04049,-114.07151
9041,"1302, 4 St SW, Calgary, AB, T2R 0X8",51.04049,-114.07151
9042,"1302, 4 St SW, Calgary, AB, T2R 0X8",51.04049,-114.07151
9060,"1302, 4 St SW, Calgary, AB, T2R 0X8",51.04049,-114.07151
9062,"1302, 4 St SW, Calgary, AB, T2R 0X8",51.04049,-114.07151
9063,"1302, 4 St SW, Calgary, AB, T2R 0X8",51.04049,-114.07151
9065,"1302, 4 St SW, Calgary, AB, T2R 0X8",51.04049,-114.07151
9066,"1302, 4 St SW, Calgary, AB, T2R 0X8",51.04049,-114.07151
9067,"1302, 4 St SW, Calgary, AB, T2R 0X8",51.04049,-114.07151
9068,"1302, 4 St SW, Calgary, AB, T2R 0X8",51.04049,-114.07151
9069,"1302, 4 St SW, Calgary, AB, T2R 0X8",51.04049,-114.07151
9070,"1302, 4 St SW, Calgary, AB, T2R 0X8",51.04049,-114.07151
9071,"1302, 4 St SW, Calgary, AB, T2R 0X8",51.04049,-114.07151
9073,"1302, 4 St SW, Calgary, AB, T2R 0X8",51.04049,-114.07151
9074,"1302, 4 St SW, Calgary, AB, T2R 0X8",51.04049,-114.07151
9075,"1302, 4 St SW, Calgary, AB, T2R 0X8",51.04049,-114.07151
9080,"1302, 4 St SW, Calgary, AB, T2R 0X8",51.04049,-114.07151
9081,"1302, 4 St SW, Calgary, AB, T2R 0X8",51.04049,-114.07151
9084,"1302, 4 St SW, Calgary, AB, T2R 0X8",51.04049,-114.07151
9085,"1302, 4 St SW, Calgary, AB, T2R 0X8",51.04049,-114.07151
9086,"1302, 4 St SW, Calgary, AB, T2R 0X8",51.04049,-114.07151
9087,"1302, 4 St SW, Calgary, AB, T2R 0X8",51.04049,-114.07151
9090,"211 East Georgia Street, Vancouver, BC, V6A 1Z6",49.27881,-123.09930
9091,"211 East Georgia Street, Vancouver, BC, V6A 1Z6",49.27881,-123.09930
9092,"211 East Georgia Street, Vancouver, BC, V6A 1Z6",49.27881,-123.09930
9094,"211 East Georgia Street, Vancouver, BC, V6A 1Z6",49.27881,-123.09930
9095,"211 East Georgia Street, Vancouver, BC, V6A 1Z6",49.27881,-123.09930
9096,"211 East Georgia Street, Vancouver, BC, V6A 1Z6",49.27881,-123.09930
9097,"211 East Georgia Street, Vancouver, BC, V6A 1Z6",49.27881,-123.09930
9098,"211 East Georgia Street, Vancouver, BC, V6A 1Z6",49.27881,-123.09930
9099,"211 East Georgia Street, Vancouver, BC, V6A 1Z6",49.27881,-123.09930
9100,"211 East Georgia Street, Vancouver, BC, V6A 1Z6",49.27881,-123.09930
9101,"1302, 4 St SW, Calgary, AB, T2R 0X8",51.04049,-114.07151
9102,"1302, 4 St SW, Calgary, AB, T2R 0X8",51.04049,-114.07151
9103,"1302, 4 St SW, Calgary, AB, T2R 0X8",51.04049,-114.07151
9104,"1302, 4 St SW, Calgary, AB, T2R 0X8",51.04049,-114.07151
9105,"211 East Georgia Street, Vancouver, BC, V6A 1Z6",49.27881,-123.09930
9106,"211 East Georgia Street, Vancouver, BC, V6A 1Z6",49.27881,-123.09930
9109,"1302, 4 St SW, Calgary, AB, T2R 0X8",51.04049,-114.07151
9110,"1302, 4 St SW, Calgary, AB, T2R 0X8",51.04049,-114.07151
9111,"1302, 4 St SW, Calgary, AB, T2R 0X8",51.04049,-114.07151
9112,"1302, 4 St SW, Calgary, AB, T2R 0X8",51.04049,-114.07151
9113,"1302, 4 St SW, Calgary, AB, T2R 0X8",51.04049,-114.07151
9114,"1302, 4 St SW, Calgary, AB, T2R 0X8",51.04049,-114.07151
9115,"1302, 4 St SW, Calgary, AB, T2R 0X8",51.04049,-114.07151
9117,"1302, 4 St SW, Calgary, AB, T2R 0X8",51.04049,-114.07151
9118,"1302, 4 St SW, Calgary, AB, T2R 0X8",51.04049,-114.07151
9119,"1302, 4 St SW, Calgary, AB, T2R 0X8",51.04049,-114.07151
9120,"1302, 4 St SW, Calgary, AB, T2R 0X8",51.04049,-114.07151
9121,"1302, 4 St SW, Calgary, AB, T2R 0X8",51.04049,-114.07151
9122,"1302, 4 St SW, Calgary, AB, T2R 0X8",51.04049,-114.07151
9124,"1302, 4 St SW, Calgary, AB, T2R 0X8",51.04049,-114.07151
9125,"1302, 4 St SW, Calgary, AB, T2R 0X8",51.04049,-114.07151
9126,"1302, 4 St SW, Calgary, AB, T2R 0X8",51.04049,-114.07151
9127,"1302, 4 St SW, Calgary, AB, T2R 0X8",51.04049,-114.07151
9129,"1302, 4 St SW, Calgary, AB, T2R 0X8",51.04049,-114.07151
9249,"319, Queenston St, Winnipeg, MB, R3N 0W9",49.8686,-97.1869
9251,"319, Queenston St, Winnipeg, MB, R3N 0W9",49.8686,-97.1869
9252,"319, Queenston St, Winnipeg, MB, R3N 0W9",49.8686,-97.1869
9253,"319, Queenston St, Winnipeg, MB, R3N 0W9",49.8686,-97.1869
9254,"319, Queenston St, Winnipeg, MB, R3N 0W9",49.8686,-97.1869
9255,"319, Queenston St, Winnipeg, MB, R3N 0W9",49.8686,-97.1869
9256,"319, Queenston St, Winnipeg, MB, R3N 0W9",49.8686,-97.1869
9259,"Victoria, BC",48.4267,-123.3817
9260,"Victoria, BC",48.4267,-123.3817
9261,"Victoria, BC",48.4267,-123.3817
9262,"Victoria, BC",48.4267,-123.3817
9263,"Victoria, BC",48.4267,-123.3817
9264,"Victoria, BC",48.4267,-123.3817
9268,"Victoria, BC",48.4267,-123.3817
9270,"109, Elm St, Sudbury, ON, P3C 1T3",46.49267,-80.99895
9271,"109, Elm St, Sudbury, ON, P3C 1T3",46.49267,-80.99895
9272,"109, Elm St, Sudbury, ON, P3C 1T3",46.49267,-80.99895
9273,"109, Elm St, Sudbury, ON, P3C 1T3",46.49267,-80.99895
9276,"109, Elm St, Sudbury, ON, P3C 1T3",46.49267,-80.99895
9277,"109, Elm St, Sudbury, ON, P3C 1T3",46.49267,-80.99895
9278,"234, Eglinton Avenue East, Toronto, ON, M4P 1K5",43.70849,-79.39166
9279,"234, Eglinton Avenue East, Toronto, ON, M4P 1K5",43.70849,-79.39166
9280,"234, Eglinton Avenue East, Toronto, ON, M4P 1K5",43.70849,-79.39166
9285,"234, Eglinton Avenue East, Toronto, ON, M4P 1K5",43.70849,-79.39166
9286,"234, Eglinton Avenue East, Toronto, ON, M4P 1K5",43.70849,-79.39166
9287,"234, Eglinton Avenue East, Toronto, ON, M4P 1K5",43.70849,-79.39166
9288,"234, Eglinton Avenue East, Toronto, ON, M4P 1K5",43.70849,-79.39166
9289,"234, Eglinton Avenue East, Toronto, ON, M4P 1K5",43.70849,-79.39166
9301,"234, Eglinton Avenue East, Toronto, ON, M4P 1K5",43.70849,-79.39166
9302,"234, Eglinton Avenue East, Toronto, ON, M4P 1K5",43.70849,-79.39166
9303,"234, Eglinton Avenue East, Toronto, ON, M4P 1K5",43.70849,-79.39166
9304,"234, Eglinton Avenue East, Toronto, ON, M4P 1K5",43.70849,-79.39166
9307,"234, Eglinton Avenue East, Toronto, ON, M4P 1K5",43.70849,-79.39166
9308,"234, Eglinton Avenue East, Toronto, ON, M4P 1K5",43.70849,-79.39166
9331,"234, Eglinton Avenue East, Toronto, ON, M4P 1K5",43.70849,-79.39166
9332,"234, Eglinton Avenue East, Toronto, ON, M4P 1K5",43.70849,-79.39166
9339,"19, Cedar Street, Eden Mills, ON, N0B 1P0",43.57734,-80.14599
9340,"19, Cedar Street, Eden Mills, ON, N0B 1P0",43.57734,-80.99895
9341,"19, Cedar Street, Eden Mills, ON, N0B 1P0",43.57734,-80.99895
9342,"19, Cedar Street, Eden Mills, ON, N0B 1P0",43.57734,-80.14599
9343,"19, Cedar Street, Eden Mills, ON, N0B 1P0",https://www.openstreetmap.org/?mlat=43.57734&mlon=-80.14599#map=19/43.57734/-80.14599,43.57734
9344,"19, Cedar Street, Eden Mills, ON, N0B 1P0",43.57734,-80.14599
9371,"19, Cedar Street, Eden Mills, ON, N0B 1P0",43.57734,-80.14599
9372,"19, Cedar Street, Eden Mills, ON, N0B 1P0",43.57734,-80.14599
9373,"19, Cedar Street, Eden Mills, ON, N0B 1P0",43.57734,-80.14599
9374,"19, Cedar Street, Eden Mills, ON, N0B 1P0",43.57734,-80.14599
9375,"19, Cedar Street, Eden Mills, ON, N0B 1P0",43.57734,-80.14599
9376,"19, Cedar Street, Eden Mills, ON, N0B 1P0",43.57734,-80.14599
9377,"19, Cedar Street, Eden Mills, ON, N0B 1P0",43.57734,-80.14599
9378,"19, Cedar Street, Eden Mills, ON, N0B 1P0",43.57734,-80.14599
9379,"19, Cedar Street, Eden Mills, ON, N0B 1P0",43.57734,-80.14599
9386,"702 Somerset Street W., Ottawa, Ontario, Canada",45.41074,-75.70706
9391,"1221 2 St SW, Calgary, AB T2R 0W5",51.0412,-114.0691
9392,"1221 2 St SW, Calgary, AB T2R 0W5",51.0412,-114.0691
9393,"1221 2 St SW, Calgary, AB T2R 0W5",51.0412,-114.0691
9394,"1221 2 St SW, Calgary, AB T2R 0W5",51.0412,-114.0691
9395,"1221 2 St SW, Calgary, AB T2R 0W5",51.0412,-114.0691
9396,"1221 2 St SW, Calgary, AB T2R 0W5",51.0412,-114.0691
9397,"1221 2 St SW, Calgary, AB T2R 0W5",51.0412,-114.0691
9398,"1221 2 St SW, Calgary, AB T2R 0W5",51.0412,-114.0691
9399,"1221 2 St SW, Calgary, AB T2R 0W5",51.0412,-114.0691
9406,"19, Cedar Street, Eden Mills, ON, N0B 1P0",43.57734,-80.14599
9407,"19, Cedar Street, Eden Mills, ON, N0B 1P0",43.57734,-80.14599
9412,"19, Cedar Street, Eden Mills, ON, N0B 1P0",43.57734,-80.14599
9413,"19, Cedar Street, Eden Mills, ON, N0B 1P0",43.57734,-80.14599
9414,"19, Cedar Street, Eden Mills, ON, N0B 1P0",43.57734,-80.14599
9416,"19, Cedar Street, Eden Mills, ON, N0B 1P0",43.57734,-80.14599
9417,"19, Cedar Street, Eden Mills, ON, N0B 1P0",43.57734,-80.14599
9418,"19, Cedar Street, Eden Mills, ON, N0B 1P0",43.57734,-80.14599
9419,"19, Cedar Street, Eden Mills, ON, N0B 1P0",43.57734,-80.14599
9420,"19, Cedar Street, Eden Mills, ON, N0B 1P0",43.57734,-80.14599
9421,"19, Cedar Street, Eden Mills, ON, N0B 1P0",43.57734,-80.14599
9422,"1221 2 St SW, Calgary, AB T2R 0W5",51.0412,-114.0691
9423,"1221 2 St SW, Calgary, AB T2R 0W5",51.0412,-114.0691
9424,"1221 2 St SW, Calgary, AB T2R 0W5",51.0412,-114.0691
9425,"1221 2 St SW, Calgary, AB T2R 0W5",51.0412,-114.0691
9426,"1221 2 St SW, Calgary, AB T2R 0W5",51.0412,-114.0691
9427,"1221 2 St SW, Calgary, AB T2R 0W5",51.0412,-114.0691
9428,"1221 2 St SW, Calgary, AB T2R 0W5",51.0412,-114.0691
9429,"1221 2 St SW, Calgary, AB T2R 0W5",51.0412,-114.0691
9430,"1221 2 St SW, Calgary, AB T2R 0W5",51.0412,-114.0691
9431,"1221 2 St SW, Calgary, AB T2R 0W5",51.0412,-114.0691
9432,"1221 2 St SW, Calgary, AB T2R 0W5",51.0412,-114.0691
9433,"1221 2 St SW, Calgary, AB T2R 0W5",51.0412,-114.0691
9434,"1221 2 St SW, Calgary, AB T2R 0W5",51.0412,-114.0691
9435,"1221 2 St SW, Calgary, AB T2R 0W5",51.0412,-114.0691
9436,"19, Cedar Street, Eden Mills, ON, N0B 1P0",43.57734,-80.14599
9438,"19, Cedar Street, Eden Mills, ON, N0B 1P0",43.57734,-80.14599
9439,"211 Wellington St, Kingston, ON K7K 2Y6",44.2326094,-76.4820240
9446,"19, Cedar Street, Eden Mills, ON, N0B 1P0",43.57734,-80.14599
9447,"19, Cedar Street, Eden Mills, ON, N0B 1P0",43.57734,-80.14599
9448,"19, Cedar Street, Eden Mills, ON, N0B 1P0",43.57734,-80.14599
9449,"19, Cedar Street, Eden Mills, ON, N0B 1P0",43.57734,-80.14599
9451,"19, Cedar Street, Eden Mills, ON, N0B 1P0",43.57734,-80.14599
9455,"1221 2 St SW, Calgary, AB T2R 0W5",51.0412,-114.0691
9456,"211 Wellington St, Kingston, ON K7K 2Y6",44.2326094,-76.4820240
9457,"211 Wellington St, Kingston, ON K7K 2Y6",44.2326094,-76.4820240
9458,"211 Wellington St, Kingston, ON K7K 2Y6",44.2326094,-76.4820240
9459,"211 Wellington St, Kingston, ON K7K 2Y6",44.2326094,-76.4820240
9466,"286 James St N, Hamilton, ON L8R 2L3",43.26372,-79.86583
9467,"286 James St N, Hamilton, ON L8R 2L3",43.26372,-79.86583
9471,"280, James Street North, Hamilton, ON, L8R 2L3",43.2634455,-79.8659310
9472,"280, James Street North, Hamilton, ON, L8R 2L3",43.2634455,-79.8659310
9473,"280, James Street North, Hamilton, ON, L8R 2L3",43.2634455,-79.8659310
9474,"286 James St N, Hamilton, ON L8R 2L3",43.26372,-79.86583
9475,"286 James St N, Hamilton, ON L8R 2L3",43.26372,-79.86583
9476,"286 James St N, Hamilton, ON L8R 2L3",43.26372,-79.86583
9477,"280, James Street North, Hamilton, ON, L8R 2L3",43.2634455,-79.8659310
9478,"280, James Street North, Hamilton, ON, L8R 2L3",43.2634455,-79.8659310
9480,"280, James Street North, Hamilton, ON, L8R 2L3",43.2634455,-79.8659310
9481,"280, James Street North, Hamilton, ON, L8R 2L3",43.2634455,-79.8659310
9482,"#100-435 Beaubien Ouest Outremont (Montréal), QC  H2V 1C9",45.52601,-73.61384
9484,"286 James St N, Hamilton, ON L8R 2L3",43.26372,-79.86583
9485,"286 James St N, Hamilton, ON L8R 2L3",43.26372,-79.86583
9486,"286 James St N, Hamilton, ON L8R 2L3",43.26372,-79.86583
9487,"286 James St N, Hamilton, ON L8R 2L3",43.26372,-79.86583
9488,"286 James St N, Hamilton, ON L8R 2L3",43.26372,-79.86583
9489,"286 James St N, Hamilton, ON L8R 2L3",43.26372,-79.86583
9490,"286 James St N, Hamilton, ON L8R 2L3",43.26372,-79.86583
9492,"Halifax, NS",44.64860,-63.58595
9502,"217, Main St. N, Moose Jaw, SK",50.39227,-105.53472
9510,"211 Wellington St, Kingston, ON K7K 2Y6",44.2326094,-76.4820240
9511,"211 Wellington St, Kingston, ON K7K 2Y6",44.2326094,-76.4820240
9512,"211 Wellington St, Kingston, ON K7K 2Y6",44.2326094,-76.4820240
9513,"211 Wellington St, Kingston, ON K7K 2Y6",44.2326094,-76.4820240
9514,"211 Wellington St, Kingston, ON K7K 2Y6",44.2326094,-76.4820240
9515,"211 Wellington St, Kingston, ON K7K 2Y6",44.2326094,-76.4820240
9516,"211 Wellington St, Kingston, ON K7K 2Y6",44.2326094,-76.4820240
9517,"211 Wellington St, Kingston, ON K7K 2Y6",44.2326094,-76.4820240
9518,"211 Wellington St, Kingston, ON K7K 2Y6",44.2326094,-76.4820240
9519,"211 Wellington St, Kingston, ON K7K 2Y6",44.2326094,-76.4820240
9520,"211 Wellington St, Kingston, ON K7K 2Y6",44.2326094,-76.4820240
9521,"211 Wellington St, Kingston, ON K7K 2Y6",44.2326094,-76.4820240
9522,"211 Wellington St, Kingston, ON K7K 2Y6",44.2326094,-76.4820240
9523,"211 Wellington St, Kingston, ON K7K 2Y6",44.2326094,-76.4820240
9524,"211 Wellington St, Kingston, ON K7K 2Y6",44.2326094,-76.4820240
9525,"211 Wellington St, Kingston, ON K7K 2Y6",44.2326094,-76.4820240
9526,"211 Wellington St, Kingston, ON K7K 2Y6",44.2326094,-76.4820240
9527,"211 Wellington St, Kingston, ON K7K 2Y6",44.2326094,-76.4820240
9528,"211 Wellington St, Kingston, ON K7K 2Y6",44.2326094,-76.4820240
9530,"211 Wellington St, Kingston, ON K7K 2Y6",44.2326094,-76.4820240
9531,"211 Wellington St, Kingston, ON K7K 2Y6",44.2326094,-76.4820240
9532,"211 Wellington St, Kingston, ON K7K 2Y6",44.2326094,-76.4820240
9533,"211 Wellington St, Kingston, ON K7K 2Y6",44.2326094,-76.4820240
9534,"211 Wellington St, Kingston, ON K7K 2Y6",44.2326094,-76.4820240
9535,"211 Wellington St, Kingston, ON K7K 2Y6",44.2326094,-76.4820240
9536,"211 Wellington St, Kingston, ON K7K 2Y6",44.2326094,-76.4820240
9537,"211 Wellington St, Kingston, ON K7K 2Y6",44.2326094,-76.4820240
9538,"211 Wellington St, Kingston, ON K7K 2Y6",44.2326094,-76.4820240
9539,"22 Adelaide Street W, Toronto, ON M5H 4E3",43.65056,-79.37950
9540,"22 Adelaide Street W, Toronto, ON M5H 4E3",43.65056,-79.37950
9541,"22 Adelaide Street W, Toronto, ON M5H 4E3",43.65056,-79.37950
9542,"22 Adelaide Street W, Toronto, ON M5H 4E3",43.65056,-79.37950
9543,"22 Adelaide Street W, Toronto, ON M5H 4E3",43.65056,-79.37950
9544,"280, James Street North, Hamilton, ON, L8R 2L3",43.2634455,-79.8659310
9545,"22 Adelaide Street W, Toronto, ON M5H 4E3",43.65056,-79.37950
9546,"22 Adelaide Street W, Toronto, ON M5H 4E3",43.65056,-79.37950
9547,"Halifax, NS",44.64860,-63.58595
9548,"280, James Street North, Hamilton, ON, L8R 2L3",43.2634455,-79.8659310
9549,"280, James Street North, Hamilton, ON, L8R 2L3",43.2634455,-79.8659310
9550,"280, James Street North, Hamilton, ON, L8R 2L3",43.2634455,-79.8659310
9551,"280, James Street North, Hamilton, ON, L8R 2L3",43.2634455,-79.8659310
9552,"Halifax, NS",44.64860,-63.58595
9553,"Halifax, NS",44.64860,-63.58595
9555,"Halifax, NS",44.64860,-63.58595
9556,"280, James Street North, Hamilton, ON, L8R 2L3",43.2634455,-79.8659310
9557,"280, James Street North, Hamilton, ON, L8R 2L3",43.2634455,-79.8659310
9558,"280, James Street North, Hamilton, ON, L8R 2L3",43.2634455,-79.8659310
9559,"280, James Street North, Hamilton, ON, L8R 2L3",43.2634455,-79.8659310
9563,"280, James Street North, Hamilton, ON, L8R 2L3",43.2634455,-79.8659310
9564,"280, James Street North, Hamilton, ON, L8R 2L3",43.2634455,-79.8659310
9579,"Toronto, Ontario, Canada",43.7180,-79.3762
9581,"Toronto, Ontario, Canada",43.7180,-79.3762
9582,"Toronto, Ontario, Canada",43.7180,-79.3762
9583,"Toronto, Ontario, Canada",43.7180,-79.3762
9584,"Toronto, Ontario, Canada",43.7180,-79.3762
9585,"Toronto, Ontario, Canada",43.7180,-79.3762
9586,"Toronto, Ontario, Canada",43.7180,-79.3762
9587,"211 Wellington St, Kingston, ON K7K 2Y6",44.2326094,-76.4820240
9588,"211 Wellington St, Kingston, ON K7K 2Y6",44.2326094,-76.4820240
9590,"211 Wellington St, Kingston, ON K7K 2Y6",44.2326094,-76.4820240
9591,"211 Wellington St, Kingston, ON K7K 2Y6",44.2326094,-76.4820240
9592,"211 Wellington St, Kingston, ON K7K 2Y6",44.2326094,-76.4820240
9593,"211 Wellington St, Kingston, ON K7K 2Y6",44.2326094,-76.4820240
9594,"Halifax, NS",44.64860,-63.58595
9599,"211 Wellington St, Kingston, ON K7K 2Y6",44.2326094,-76.4820240
9600,"211 Wellington St, Kingston, ON K7K 2Y6",44.2326094,-76.4820240
9601,"211 Wellington St, Kingston, ON K7K 2Y6",44.2326094,-76.4820240
9602,"211 Wellington St, Kingston, ON K7K 2Y6",44.2326094,-76.4820240
9603,"211 Wellington St, Kingston, ON K7K 2Y6",44.2326094,-76.4820240
9604,"211 Wellington St, Kingston, ON K7K 2Y6",44.2326094,-76.4820240
9605,"Toronto, Ontario, Canada",43.7180,-79.3762
9606,"Toronto, Ontario, Canada",43.7180,-79.3762
9607,"Toronto, Ontario, Canada",43.7180,-79.3762
9608,"Toronto, Ontario, Canada",43.7180,-79.3762
9611,"22 Adelaide Street W, Toronto, ON M5H 4E3",43.65056,-79.37950
9612,"22 Adelaide Street W, Toronto, ON M5H 4E3",43.65056,-79.37950
9614,"Toronto, Ontario, Canada",43.7180,-79.3762
9615,"Toronto, Ontario, Canada",43.7180,-79.3762
9616,"Toronto, Ontario, Canada",43.7180,-79.3762
9617,"Toronto, Ontario, Canada",43.7180,-79.3762
9618,"Toronto, Ontario, Canada",43.7180,-79.3762
9619,"Toronto, Ontario, Canada",43.7180,-79.3762
9620,"Toronto, Ontario, Canada",43.7180,-79.3762
9621,"Toronto, Ontario, Canada",43.7180,-79.3762
9623,"22 Adelaide Street W, Toronto, ON M5H 4E3",43.65056,-79.37950
9624,"22 Adelaide Street W, Toronto, ON M5H 4E3",43.65056,-79.37950
9626,"22 Adelaide Street W, Toronto, ON M5H 4E3",43.65056,-79.37950
9627,"22 Adelaide Street W, Toronto, ON M5H 4E3",43.65056,-79.37950
9628,"22 Adelaide Street W, Toronto, ON M5H 4E3",43.65056,-79.37950
9629,"22 Adelaide Street W, Toronto, ON M5H 4E3",43.65056,-79.37950
9630,"22 Adelaide Street W, Toronto, ON M5H 4E3",43.65056,-79.37950
9631,"22 Adelaide Street W, Toronto, ON M5H 4E3",43.65056,-79.37950
9632,"22 Adelaide Street W, Toronto, ON M5H 4E3",43.65056,-79.37950
9637,"211 Wellington St, Kingston, ON K7K 2Y6",44.2326094,-76.4820240
9638,"211 Wellington St, Kingston, ON K7K 2Y6",44.2326094,-76.4820240
9639,"211 Wellington St, Kingston, ON K7K 2Y6",44.2326094,-76.4820240
9641,"211 Wellington St, Kingston, ON K7K 2Y6",44.2326094,-76.4820240
9647,"175 Perry Street, Port Perry, On",44.10506,-78.94449
9651,"22 Adelaide Street W, Toronto, ON M5H 4E3",43.65056,-79.37950
9652,"22 Adelaide Street W, Toronto, ON M5H 4E3",43.65056,-79.37950
9653,"22 Adelaide Street W, Toronto, ON M5H 4E3",43.65056,-79.37950
9654,"22 Adelaide Street W, Toronto, ON M5H 4E3",43.65056,-79.37950
9655,"22 Adelaide Street W, Toronto, ON M5H 4E3",43.65056,-79.37950
9656,"22 Adelaide Street W, Toronto, ON M5H 4E3",43.65056,-79.37950
9657,"22 Adelaide Street W, Toronto, ON M5H 4E3",43.65056,-79.37950
9658,"22 Adelaide Street W, Toronto, ON M5H 4E3",43.65056,-79.37950
9659,"22 Adelaide Street W, Toronto, ON M5H 4E3",43.65056,-79.37950
9660,"22 Adelaide Street W, Toronto, ON M5H 4E3",43.65056,-79.37950
9661,"22 Adelaide Street W, Toronto, ON M5H 4E3",43.65056,-79.37950
9662,"22 Adelaide Street W, Toronto, ON M5H 4E3",43.65056,-79.37950
9663,"22 Adelaide Street W, Toronto, ON M5H 4E3",43.65056,-79.37950
9664,"22 Adelaide Street W, Toronto, ON M5H 4E3",43.65056,-79.37950
9665,"22 Adelaide Street W, Toronto, ON M5H 4E3",43.65056,-79.37950
9666,"22 Adelaide Street W, Toronto, ON M5H 4E3",43.65056,-79.37950
9667,"22 Adelaide Street W, Toronto, ON M5H 4E3",43.65056,-79.37950
9668,"916 Queen St E, Toronto, ON M4M 1J5",43.66075,-79.34206
9669,"5440, Spring Garden Road, Downtown Halifax, Nova Scotia, B3J 1E9, Canada",44.64283,-63.57529
9671,"1 Market Square, Saint John, NB E2L 4Z6",45.27321,-66.06472
9672,"333A Adelaide St E, Toronto, ON M5A 1N2",43.65178,-79.36925
9683,"Toronto, Ontario, Canada",43.7177,-79.3762
9684,"Toronto, Ontario, Canada",43.7180,-79.3762
9685,"Toronto, Ontario, Canada",43.7180,-79.3762
9686,"Toronto, Ontario, Canada",43.7180,-79.3762
9697,"56 Front St, Gagetown, NB E5M 1A1",45.78352,-66.14370
9703,"Toronto, Ontario, Canada",43.7180,-79.3762
9704,"Toronto, Ontario, Canada",43.7180,-79.3762
9705,"Toronto, Ontario, Canada",43.7180,-79.3762
9706,"Toronto, Ontario, Canada",43.7180,-79.3762
9708,"Toronto, Ontario, Canada",43.7180,-79.3762
9710,"Toronto, Ontario, Canada",43.7180,-79.3762
9711,"Toronto, Ontario, Canada",43.7180,-79.3762
9712,"Toronto, Ontario, Canada",43.7180,-79.3762
9714,"Toronto, Ontario, Canada",43.7180,-79.3762
9715,"Toronto, Ontario, Canada",43.7180,-79.3762
9716,"Toronto, Ontario, Canada",43.7180,-79.3762
9721,"Toronto, Ontario, Canada",43.7180,-79.3762
9722,"Toronto, Ontario, Canada",43.7180,-79.3762
9723,"Toronto, Ontario, Canada",43.7180,-79.3762
9724,"280, James Street North, Hamilton, ON, L8R 2L3",43.2634455,-79.8659310
9725,"Toronto, Ontario, Canada",43.7180,-79.3762
9728,"Toronto, Ontario, Canada",43.7180,-79.3762
9729,"Toronto, Ontario, Canada",43.7180,-79.3762
9730,"Toronto, Ontario, Canada",43.7180,-79.3762
9732,"Toronto, Ontario, Canada",43.7180,-79.3762
9733,"Toronto, Ontario, Canada",43.7180,-79.3762
9734,"Toronto, Ontario, Canada",43.7180,-79.3762
9735,"Toronto, Ontario, Canada",43.7180,-79.3762
9736,"Toronto, Ontario, Canada",43.7180,-79.3762
9747,"280, James Street North, Hamilton, ON, L8R 2L3",43.2634455,-79.8659310
9771,"Toronto, Ontario, Canada",43.7180,-79.3762
9772,"Toronto, Ontario, Canada",43.7180,-79.3762
9773,"Toronto, Ontario, Canada",43.7180,-79.3762
9806,"Provincial Archives, 23 Dineen Dr, Fredericton, NB E3B 3X9",45.94874,-66.64300
9818,"229 E Georgia St, Vancouver, BC V6A 1Z6",49.282829,-123.120458
9822,"229 E Georgia St, Vancouver, BC V6A 1Z6",49.282829,-123.120458
9824,"229 E Georgia St, Vancouver, BC V6A 1Z6",49.282829,-123.120458
9825,"229 E Georgia St, Vancouver, BC V6A 1Z6",49.282829,-123.120458
9826,"229 E Georgia St, Vancouver, BC V6A 1Z6",49.282829,-123.120458
9827,"229 E Georgia St, Vancouver, BC V6A 1Z6",49.282829,-123.120458
9829,"229 E Georgia St, Vancouver, BC V6A 1Z6",49.282829,-123.120458
9830,"229 E Georgia St, Vancouver, BC V6A 1Z6",49.282829,-123.120458
9831,"229 E Georgia St, Vancouver, BC V6A 1Z6",49.282829,-123.120458
9835,"1060 King St W, Hamilton, ON L8S 1L7, Canada",43.26125,-79.90765
9836,"350 King St W, Toronto, ON M5V 3X2, Canada",43.64672,-79.39053
9838,"5440 Spring Garden Rd, Halifax, NS B3J 1E9",44.64283,-63.57529
9842,"229 E Georgia St, Vancouver, BC V6A 1Z6",49.282829,-123.120458
9844,"229 E Georgia St, Vancouver, BC V6A 1Z6",49.282829,-123.120458
9846,"229 E Georgia St, Vancouver, BC V6A 1Z6",49.282829,-123.120458
9847,"229 E Georgia St, Vancouver, BC V6A 1Z6",49.282829,-123.120458
9848,"229 E Georgia St, Vancouver, BC V6A 1Z6",49.282829,-123.120458
9850,"229 E Georgia St, Vancouver, BC V6A 1Z6",49.282829,-123.120458
9851,"229 E Georgia St, Vancouver, BC V6A 1Z6",49.282829,-123.120458
9853,"229 E Georgia St, Vancouver, BC V6A 1Z6",49.282829,-123.120458
9854,"229 E Georgia St, Vancouver, BC V6A 1Z6",49.282829,-123.120458
9856,"229 E Georgia St, Vancouver, BC V6A 1Z6",49.282829,-123.120458
9860,"229 E Georgia St, Vancouver, BC V6A 1Z6",49.282829,-123.120458
9861,"229 E Georgia St, Vancouver, BC V6A 1Z6",49.282829,-123.120458
9862,"229 E Georgia St, Vancouver, BC V6A 1Z6",49.282829,-123.120458
9864,"229 E Georgia St, Vancouver, BC V6A 1Z6",49.282829,-123.120458
9865,"229 E Georgia St, Vancouver, BC V6A 1Z6",49.282829,-123.120458
9867,"229 E Georgia St, Vancouver, BC V6A 1Z6",49.282829,-123.120458
9868,"229 E Georgia St, Vancouver, BC V6A 1Z6",49.282829,-123.120458
9870,"229 E Georgia St, Vancouver, BC V6A 1Z6",49.282829,-123.120458
9871,"229 E Georgia St, Vancouver, BC V6A 1Z6",49.282829,-123.120458
9872,"229 E Georgia St, Vancouver, BC V6A 1Z6",49.282829,-123.120458
9873,"229 E Georgia St, Vancouver, BC V6A 1Z6",49.282829,-123.120458
9874,"229 E Georgia St, Vancouver, BC V6A 1Z6",49.282829,-123.120458
9875,"229 E Georgia St, Vancouver, BC V6A 1Z6",49.282829,-123.120458
9876,"229 E Georgia St, Vancouver, BC V6A 1Z6",49.282829,-123.120458
9877,"229 E Georgia St, Vancouver, BC V6A 1Z6",49.282829,-123.120458
9878,"229 E Georgia St, Vancouver, BC V6A 1Z6",49.282829,-123.120458
9879,"Toronto, Ontario, Canada",43.7180,-79.3762
9880,"Toronto, Ontario, Canada",43.7180,-79.3762
9881,"Toronto, Ontario, Canada",43.7180,-79.3762
9882,"229 E Georgia St, Vancouver, BC V6A 1Z6",49.282829,-123.120458
9883,"229 E Georgia St, Vancouver, BC V6A 1Z6",49.282829,-123.120458
9884,"229 E Georgia St, Vancouver, BC V6A 1Z6",49.282829,-123.120458
9885,"229 E Georgia St, Vancouver, BC V6A 1Z6",49.282829,-123.120458
9886,"229 E Georgia St, Vancouver, BC V6A 1Z6",49.282829,-123.120458
9887,"229 E Georgia St, Vancouver, BC V6A 1Z6",49.282829,-123.120458
9888,"229 E Georgia St, Vancouver, BC V6A 1Z6",49.282829,-123.120458
9889,"229 E Georgia St, Vancouver, BC V6A 1Z6",49.282829,-123.120458
9895,"11208 89 Ave NW, Edmonton, AB T6G 2J8",53.52551,-113.52156
9896,"Toronto, Ontario, Canada",43.7180,-79.3762
9897,"Toronto, Ontario, Canada",43.7180,-79.3762
9898,"Toronto, Ontario, Canada",43.7180,-79.3762
9899,"Toronto, Ontario, Canada",43.7180,-79.3762
9900,"Toronto, Ontario, Canada",43.7180,-79.3762
9901,"Toronto, Ontario, Canada",43.7180,-79.3762
9902,"Toronto, Ontario, Canada",43.7180,-79.3762
9903,"Toronto, Ontario, Canada",43.7180,-79.3762
9904,"Toronto, Ontario, Canada",43.7180,-79.3762
9905,"Toronto, Ontario, Canada",43.7180,-79.3762
9906,"Toronto, Ontario, Canada",43.7180,-79.3762
9907,"Toronto, Ontario, Canada",43.7180,-79.3762
9908,"Toronto, Ontario, Canada",43.7180,-79.3762
9909,"Toronto, Ontario, Canada",43.7180,-79.3762
9910,"Toronto, Ontario, Canada",43.7180,-79.3762
9911,"Toronto, Ontario, Canada",43.7180,-79.3762
9912,"Toronto, Ontario, Canada",43.7180,-79.3762
9913,"Toronto, Ontario, Canada",43.7180,-79.3762
9922,"11208 89 Ave NW, Edmonton, AB T6G 2J8",53.52551,-113.52156
9924,"11208 89 Ave NW, Edmonton, AB T6G 2J8",53.52551,-113.52156
9925,"11208 89 Ave NW, Edmonton, AB T6G 2J8",53.52551,-113.52156
9926,"11208 89 Ave NW, Edmonton, AB T6G 2J8",53.52551,-113.52156
9927,"11208 89 Ave NW, Edmonton, AB T6G 2J8",53.52551,-113.52156
9928,"11208 89 Ave NW, Edmonton, AB T6G 2J8",53.52551,-113.52156
9930,"11208 89 Ave NW, Edmonton, AB T6G 2J8",53.52551,-113.52156
9931,"11208 89 Ave NW, Edmonton, AB T6G 2J8",53.52551,-113.52156
9932,"11208 89 Ave NW, Edmonton, AB T6G 2J8",53.52551,-113.52156
9933,"37 Westridge Crescent Okotoks, AB. T1S 0G7",50.71229,-113.98496
9935,"37 Westridge Crescent Okotoks, AB. T1S 0G7",50.71229,-113.98496
9936,"37 Westridge Crescent Okotoks, AB. T1S 0G7",50.71229,-113.98496
9937,"37 Westridge Crescent Okotoks, AB. T1S 0G7",50.71229,-113.98496
9938,"37 Westridge Crescent Okotoks, AB. T1S 0G7",50.71229,-113.98496
9939,"37 Westridge Crescent Okotoks, AB. T1S 0G7",50.71229,-113.98496
9940,"Ottawa, ON, CANADA",45.41673,-75.69982
9941,"Ottawa, ON, Canada",45.41673,-75.69982
9942,"Ottawa, ON, Canada",45.41673,-75.69982
9943,"120 Lisgar St, Ottawa, ON K2P 2L7",45.41918,-75.69092
9945,"Montreal, Quebec, Canada",45.5059,-73.5715
9949,"Toronto, Ontario, Canada",43.7180,-79.3762
9950,"Toronto, Ontario, Canada",43.7180,-79.3762
9951,"Toronto, Ontario, Canada",43.7180,-79.3762
9952,"Toronto, Ontario, Canada",43.7180,-79.3762
9953,"Toronto, Ontario, Canada",43.7180,-79.3762
9954,"Halifax, NS",44.64860,-63.58595
9955,"1200 Atwater Ave, Westmount, QC H3Z 1T4",45.48867,-73.58428
9956,"Montreal, Quebec, Canada",45.5059,-73.5715
9957,"Halifax, NS",44.64860,-63.58595
9958,"Halifax, NS",44.64860,-63.58595
9961,"Halifax, NS",44.64860,-63.58595
9963,"Halifax, NS",44.64860,-63.58595
9965,"280, James Street North, Hamilton, ON, L8R 2L3",43.2634455,-79.8659310
9977,"Halifax, NS",44.64860,-63.58595
9978,"Toronto, Ontario, Canada",43.7180,-79.3762
9979,"Halifax, NS",44.64860,-63.58595
9980,"280, James Street North, Hamilton, ON, L8R 2L3",43.2634455,-79.8659310
9981,"280, James Street North, Hamilton, ON, L8R 2L3",43.2634455,-79.8659310
9982,"Halifax, NS",44.64860,-63.58595
9983,"Halifax, NS",44.64860,-63.58595
9984,"Halifax, NS",44.64860,-63.58595
9985,"Toronto, Ontario, Canada",43.7180,-79.3762
9986,"Toronto, Ontario, Canada",43.7180,-79.3762
9987,"Toronto, Ontario, Canada",43.7180,-79.3762
9988,"693 Bloor St W, Toronto, ON M6G 1L5, Canada",43.66389,-79.41865
9989,"280, James Street North, Hamilton, ON, L8R 2L3",43.2634455,-79.8659310
9990,"280, James Street North, Hamilton, ON, L8R 2L3",43.2634455,-79.8659310
9991,"Toronto, Ontario, Canada",43.7180,-79.3762
9992,"Toronto, Ontario, Canada",43.7180,-79.3762
9993,"Toronto, Ontario, Canada",43.7180,-79.3762
9994,"280, James Street North, Hamilton, ON, L8R 2L3",43.2634455,-79.8659310
9995,"280, James Street North, Hamilton, ON, L8R 2L3",43.2634455,-79.8659310
9996,"280, James Street North, Hamilton, ON, L8R 2L3",43.2634455,-79.8659310
9997,"280, James Street North, Hamilton, ON, L8R 2L3",43.2634455,-79.8659310
9998,"280, James Street North, Hamilton, ON, L8R 2L3",43.2634455,-79.8659310
9999,"Toronto, Ontario, Canada",43.7180,-79.3762
10001,"280, James Street North, Hamilton, ON, L8R 2L3",43.2634455,-79.8659310
10002,"280, James Street North, Hamilton, ON, L8R 2L3",43.2634455,-79.8659310
10003,"280, James Street North, Hamilton, ON, L8R 2L3",43.2634455,-79.8659310
10004,"280, James Street North, Hamilton, ON, L8R 2L3",43.2634455,-79.8659310
10005,"280, James Street North, Hamilton, ON, L8R 2L3",43.2634455,-79.8659310
10006,"280, James Street North, Hamilton, ON, L8R 2L3",43.2634455,-79.8659310
10009,"280, James Street North, Hamilton, ON, L8R 2L3",43.2634455,-79.8659310
10034,"2115 Sollans Road, Hornby Island, BC V0R 1Z0",49.53321,-124.66571
10061,"280, James Street North, Hamilton, ON, L8R 2L3",43.2634455,-79.8659310
10062,"280, James Street North, Hamilton, ON, L8R 2L3",43.2634455,-79.8659310
10063,"280, James Street North, Hamilton, ON, L8R 2L3",43.2634455,-79.8659310
10064,"280, James Street North, Hamilton, ON, L8R 2L3",43.2634455,-79.8659310
10085,"House of Anansi Press, 128 Sterling Rd, Toronto, ON M6R 2B7",43.65378,-79.44484
10090,"Book Shop Queen Books, 914, Queen Street East, Leslieville, Toronto—Danforth, Toronto, Ontario, M4M 1J4, Canada",43.66071,-79.34221
10094,"280, James Street North, Hamilton, ON, L8R 2L3",43.2634455,-79.8659310
10095,"280, James Street North, Hamilton, ON, L8R 2L3",43.2634455,-79.8659310
10100,"Halifax, NS",44.64860,-63.58595
10101,"Halifax, NS",44.64860,-63.58595
10102,"Halifax, NS",44.64860,-63.58595
10103,"Halifax, NS",44.64860,-63.58595
10104,"Halifax, NS",44.64860,-63.58595
10105,"Halifax, NS",44.64860,-63.58595
10106,"Halifax, NS",44.64860,-63.58595
10115,"Halifax, NS",44.64860,-63.58595
10116,"Halifax, NS",44.64860,-63.58595
10119,"Halifax, NS",44.64860,-63.58595
10120,"Halifax, NS",44.64860,-63.58595
10121,"Halifax, NS",44.64860,-63.58595
10122,"Halifax, NS",44.64860,-63.58595
10123,"Halifax, NS",44.64860,-63.58595
10125,"Halifax, NS",44.64860,-63.58595
10126,"Halifax, NS",44.64860,-63.58595
10127,"280, James Street North, Hamilton, ON, L8R 2L3",43.2634455,-79.8659310
10128,"280, James Street North, Hamilton, ON, L8R 2L3",43.2634455,-79.8659310
10130,"280, James Street North, Hamilton, ON, L8R 2L3",43.2634455,-79.8659310
10132,Ottawa Granite Curling Club,45.39528,-75.75308
10138,"5 St Anne St, St. Albert, AB T8N 3Z9",53.63291,-113.62745
10139,"1349 Queen St W, Toronto, ON M6K 1M1",43.64088,-79.43460
10140,Toronto,,
10151,Montreal,,
10152,Montreal,,
10153,Montreal,,
10154,"280, James Street North, Hamilton, ON, L8R 2L3",43.2634455,-79.8659310
10155,"280, James Street North, Hamilton, ON, L8R 2L3",43.2634455,-79.8659310
10156,"280, James Street North, Hamilton, ON, L8R 2L3",43.2634455,-79.8659310
10157,"280, James Street North, Hamilton, ON, L8R 2L3",43.2634455,-79.8659310
10163,"280, James Street North, Hamilton, ON, L8R 2L3",43.2634455,-79.8659310
10164,"40, Bay St S, Hamilton, ON, L8P 0B3",43.25714,-79.87507
10167,"5 St Anne St, St. Albert, AB T8N 3Z9",53.63291,-113.62745
10168,"5 St Anne St, St. Albert, AB T8N 3Z9",53.63291,-113.62745
10169,"5 St Anne St, St. Albert, AB T8N 3Z9",53.63291,-113.62745
10170,"5 St Anne St, St. Albert, AB T8N 3Z9",53.63291,-113.62745
10172,"40, Bay St S, Hamilton, ON, L8P 0B3",43.25714,-79.87507
10173,"40, Bay St S, Hamilton, ON, L8P 0B3",43.25714,-79.87507
10174,"40, Bay St S, Hamilton, ON, L8P 0B3",43.25714,-79.87507
10175,"40, Bay St S, Hamilton, ON, L8P 0B3",43.25714,-79.87507
10177,"280, James Street North, Hamilton, ON, L8R 2L3",43.2634455,-79.8659310
10178,"280, James Street North, Hamilton, ON, L8R 2L3",43.2634455,-79.8659310
10179,"280, James Street North, Hamilton, ON, L8R 2L3",43.2634455,-79.8659310
10183,"280, James Street North, Hamilton, ON, L8R 2L3",43.2634455,-79.8659310
10184,"280, James Street North, Hamilton, ON, L8R 2L3",43.2634455,-79.8659310
10185,"280, James Street North, Hamilton, ON, L8R 2L3",43.2634455,-79.8659310
10190,"5 St Anne St, St. Albert, AB T8N 3Z9",53.63291,-113.62745
10191,"5 St Anne St, St. Albert, AB T8N 3Z9",53.63291,-113.62745
10193,"5 St Anne St, St. Albert, AB T8N 3Z9",53.63291,-113.62745
10194,"5 St Anne St, St. Albert, AB T8N 3Z9",53.63291,-113.62745
10195,"5 St Anne St, St. Albert, AB T8N 3Z9",53.63291,-113.62745
10196,"5 St Anne St, St. Albert, AB T8N 3Z9",53.63291,-113.62745
10197,"5 St Anne St, St. Albert, AB T8N 3Z9",53.63291,-113.62745
10198,"5 St Anne St, St. Albert, AB T8N 3Z9",53.63291,-113.62745
10199,"5 St Anne St, St. Albert, AB T8N 3Z9",53.63291,-113.62745
10200,"5 St Anne St, St. Albert, AB T8N 3Z9",53.63291,-113.62745
10201,"5 St Anne St, St. Albert, AB T8N 3Z9",53.63291,-113.62745
10202,"5 St Anne St, St. Albert, AB T8N 3Z9",53.63291,-113.62745
10203,"5 St Anne St, St. Albert, AB T8N 3Z9",53.63291,-113.62745
10204,"5 St Anne St, St. Albert, AB T8N 3Z9",53.63291,-113.62745
10205,"5 St Anne St, St. Albert, AB T8N 3Z9",53.63291,-113.62745
10206,"5 St Anne St, St. Albert, AB T8N 3Z9",53.63291,-113.62745
10207,"5 St Anne St, St. Albert, AB T8N 3Z9",53.63291,-113.62745
10208,"5 St Anne St, St. Albert, AB T8N 3Z9",53.63291,-113.62745
10209,"5 St Anne St, St. Albert, AB T8N 3Z9",53.63291,-113.62745
10228,"Toronto, Ontario, Canada",43.7177,-79.3762
10232,"Vancouver, BC, Canada",,
10233,"Vancouver, BC, Canada",,
10234,"Vancouver, BC, Canada",,
10236,"Vancouver, BC, Canada",,
10238,"Wolfville, Nova Scotia, Canada",45.0958,-64.3473
10239,"Vancouver, BC, Canada",,
10240,"Vancouver, BC, Canada",,
10241,"Vancouver, BC, Canada",,
10242,"Ottawa, ON, Canada",,
10252,"Wolfville, Nova Scotia, Canada",45.0958,-64.3473
10254,"Wolfville, Nova Scotia, Canada",45.0958,-64.3473
10259,"Wolfville, Nova Scotia, Canada",45.0958,-64.3473
10287,"412 W Hastings St, Vancouver, BC V6B 1L1",49.28353,-123.11144
10294,Toronto,,
10295,Toronto,,
10296,Toronto,,
10298,"128 Sterling Rd, Toronto, ON M6R 2B7",43.65378,-79.44484
10299,Toronto,,
10300,"The Junction, Toronto, Ontario, Canada",43.6665,-79.4725
10301,"The Junction, Toronto, Ontario, Canada",43.6665,-79.4725
10302,"The Junction, Toronto, Ontario, Canada",43.6665,-79.4725
10303,"The Junction, Toronto, Ontario, Canada",43.6665,-79.4725
10305,"The Junction, Toronto, Ontario, Canada",43.6665,-79.4725
10306,"The Junction, Toronto, Ontario, Canada",43.6665,-79.4725
10307,"The Junction, Toronto, Ontario, Canada",43.6665,-79.4725
10308,"The Junction, Toronto, Ontario, Canada",43.6665,-79.4725
10309,"The Junction, Toronto, Ontario, Canada",43.6665,-79.4725
10311,"The Junction, Toronto, Ontario, Canada",43.6665,-79.4725
10312,"The Junction, Toronto, Ontario, Canada",43.6665,-79.4725
10313,"The Junction, Toronto, Ontario, Canada",43.6665,-79.4725
10314,"The Junction, Toronto, Ontario, Canada",43.6665,-79.4725
10315,"Munro's Books, 1108 Government St, Victoria, BC V8W 1Y2",48.42522,-123.36824
10326,"76 Wychwood Ave, Toronto, ON M6G 2X7",43.68004,-79.42359
10332,"883 Queen St W, Toronto ON, M6J 1G5",43.64555,-79.41155
10333,"883 Queen St W, Toronto ON, M6J 1G5",43.64555,-79.41155
10337,"883 Queen St W, Toronto ON, M6J 1G5",43.64555,-79.41155
10397,"Toronto, Ontario, Canada",43.7177,-79.3762
10398,"Queen Books, 914, Queen Street East, Toronto, Ontario, M4M 1J4, Canada",43.66072,-79.34221
10401,"1450 W 64th Ave, Vancouver, BC V6P 2N4",49.21292,-123.13849
10402,"1450 W 64th Ave, Vancouver, BC V6P 2N4",49.21292,-123.13849
10403,"1450 W 64th Ave, Vancouver, BC V6P 2N4",49.21292,-123.13849
10404,"1450 W 64th Ave, Vancouver, BC V6P 2N4",49.21292,-123.13849
10405,"1450 W 64th Ave, Vancouver, BC V6P 2N4",49.21292,-123.13849
10406,"1450 W 64th Ave, Vancouver, BC V6P 2N4",49.21292,-123.13849
10407,"1450 W 64th Ave, Vancouver, BC V6P 2N4",49.21292,-123.13849
10408,"1450 W 64th Ave, Vancouver, BC V6P 2N4",49.21292,-123.13849
10409,"1450 W 64th Ave, Vancouver, BC V6P 2N4",49.21292,-123.13849
10410,"1450 W 64th Ave, Vancouver, BC V6P 2N4",49.21292,-123.13849
10411,"1450 W 64th Ave, Vancouver, BC V6P 2N4",49.21292,-123.13849
10416,"Queen Books, 914, Queen Street East, Toronto, Ontario, M4M 1J4, Canada",43.66071,-79.34221
10446,"907 Millwood Rd, Toronto, M4G 1X2",43.70321,-79.36387
10449,"Calgary, Alberta, Canada",51.0279,-114.0879
10450,"Calgary, Alberta, Canada",51.0279,-114.0879
10461,"massy books, 229 E Georgia St, Vancouver, BC V6A 1Z6",49.27867,-123.09989
10482,"103 Street, 86 Avenue",53.5233733,-113.4952642
10483,"103 Street, 86 Avenue",53.5233733,-113.4952642
10484,"83 Avenue, 105 Street, Edmonton, AB, Canada",53.51913,-113.50230
10485,"103 Street, 86 Avenue",53.5233733,-113.4952642
10486,10426 82 Ave NW,53.51816,-113.49894
10487,"Calgary, Alberta, Canada",51.0279,-114.0879
10488,"Calgary, Alberta, Canada",51.0279,-114.0879
10590,"1450 W 64th Ave, Vancouver, BC V6P 2N4",49.21292,-123.13849
10591,"1108 Government Street, Victoria, British Columbia, V8W 1Y2, Canada",48.42522,-123.36824
10592,"1108 Government Street, Victoria, British Columbia, V8W 1Y2, Canada",48.42522,-123.36824
10593,"1108 Government Street, Victoria, British Columbia, V8W 1Y2, Canada",48.42522,-123.36824
10594,"1108 Government Street, Victoria, British Columbia, V8W 1Y2, Canada",48.42522,-123.36824
10610,"3421 Highway 331, LaHave, NS B0R 1C0",44.29446,-64.35805
10611,"3421 Highway 331, LaHave, NS B0R 1C0",44.29446,-64.35805
10612,"3421 Highway 331, LaHave, NS B0R 1C0",44.29446,-64.35805
10613,"3421 Highway 331, LaHave, NS B0R 1C0",44.29446,-64.35805
10614,"3421 Highway 331, LaHave, NS B0R 1C0",44.29446,-64.35805
10615,"3421 Highway 331, LaHave, NS B0R 1C0",44.29446,-64.35805
10619,"3421 Highway 331, LaHave, NS B0R 1C0",44.29446,-64.35805
10620,"3421 Highway 331, LaHave, NS B0R 1C0",44.29446,-64.35805
10621,"3421 Highway 331, LaHave, NS B0R 1C0",44.29446,-64.35805
10622,"3421 Highway 331, LaHave, NS B0R 1C0",44.29446,-64.35805
10623,"3421 Highway 331, LaHave, NS B0R 1C0",44.29446,-64.35805
10624,"3421 Highway 331, LaHave, NS B0R 1C0",44.29446,-64.35805
10625,"3421 Highway 331, LaHave, NS B0R 1C0",44.29446,-64.35805
10626,"3421 Highway 331, LaHave, NS B0R 1C0",44.29446,-64.35805
10627,"3421 Highway 331, LaHave, NS B0R 1C0",44.29446,-64.35805
10628,"3421 Highway 331, LaHave, NS B0R 1C0",44.29446,-64.35805
10629,"3421 Highway 331, LaHave, NS B0R 1C0",44.29446,-64.35805
10630,"3421 Highway 331, LaHave, NS B0R 1C0",44.29446,-64.35805
10658,"2102 11th Ave, Regina, SK S4P 3Y6",50.45123,-104.61100
10688,Toronto,,
10689,Toronto,,
10690,Toronto,,
10691,Toronto,,
10692,Toronto,,
10693,Toronto,,
10694,Toronto,,
10695,Toronto,,
10696,Toronto,,
10697,Saskatoon,,
10728,"1113 Marginal Rd, Halifax, NS, B3H 4P7",44.63932,-63.56649
10748,"1113 Marginal Rd, Halifax, NS, B3H 4P7",44.63932,-63.56649
10749,"1113 Marginal Rd, Halifax, NS, B3H 4P7",44.63932,-63.56649
10750,"1113 Marginal Rd, Halifax, NS, B3H 4P7",44.63932,-63.56649
10751,"1113 Marginal Rd, Halifax, NS, B3H 4P7",44.63932,-63.56649
10764,"1113 Marginal Rd, Halifax, NS, B3H 4P7",44.63932,-63.56649
10765,"1113, Marginal Rd, Halifax, NS, B3H 4P7",44.63932,-63.56649
10766,"1113, Marginal Rd, Halifax, NS, B3H 4P7",44.63932,-63.56649
10768,"1113, Marginal Rd, Halifax, NS, B3H 4P7",44.63932,-63.56649
10769,"1113, Marginal Rd, Halifax, NS, B3H 4P7",44.63932,-63.56649
10770,"1113, Marginal Rd, Halifax, NS, B3H 4P7",44.63932,-63.56649
10771,"1113, Marginal Rd, Halifax, NS, B3H 4P7",44.63932,-63.56649
10775,"1113, Marginal Rd, Halifax, NS, B3H 4P7",44.63932,-63.56649
10777,"1113, Marginal Rd, Halifax, NS, B3H 4P7",44.63932,-63.56649
10778,"1113, Marginal Rd, Halifax, NS, B3H 4P7",44.63932,-63.56649
10779,"1113, Marginal Rd, Halifax, NS, B3H 4P7",44.63932,-63.56649
10791,"1113, Marginal Rd, Halifax, NS, B3H 4P7",44.63932,-63.56649
10792,"1113, Marginal Rd, Halifax, NS, B3H 4P7",44.63932,-63.56649
10793,"1113, Marginal Rd, Halifax, NS, B3H 4P7",44.63932,-63.56649
10794,"1113, Marginal Rd, Halifax, NS, B3H 4P7",44.63932,-63.56649
10796,"1113, Marginal Rd, Halifax, NS, B3H 4P7",44.63932,-63.56649
10800,"1113, Marginal Rd, Halifax, NS, B3H 4P7",44.63932,-63.56649
10801,"1113, Marginal Rd, Halifax, NS, B3H 4P7",44.63932,-63.56649
10802,"Saskatoon, SK",52.154,-107.309
10804,"1120, 20th St W, Saskatoon, SK, S7M 0Y8",52.12655,-106.68684
10806,"Saskatoon, SK",52.154,-107.309
10807,"Saskatoon, SK",52.154,-107.309
10808,"Saskatoon, SK",52.154,-107.309
10809,"Regina, SK",50.4588,-104.7210
10810,"3104, 13th Ave, Regina, SK S4T 1P2",50.44558,-104.62584
10811,"Regina, SK",50.4588,-104.7210
10812,"411, Herbert St E, Swift Current, SK S9H 1M5",50.28696,-107.79366
10813,"Regina, SK",50.4588,-104.7210
10814,"Regina, SK",50.4588,-104.7210
10815,"Regina, SK",50.4588,-104.7210
10816,"Regina, SK",50.4588,-104.7210
10817,"Regina, SK",50.4588,-104.7210
10818,"Regina, SK",50.4588,-104.7210
10819,"Regina, SK",50.4588,-104.7210
10829,"Indian Head, SK",50.5337,-103.6702
10831,"853, Sherbrooke Street West Montreal, QC, H3A 0G5",45.50448,-73.57332
10835,Lac-Brome QC J0E 1V0,45.2207,-72.5120
10836,Lac-Brome QC J0E 1V0,45.2207,-72.5120
10837,Lac-Brome QC J0E 1V0,45.2207,-72.5120
10838,Lac-Brome QC J0E 1V0,45.2207,-72.5120
10839,Lac-Brome QC J0E 1V0,45.2207,-72.5120
10840,Lac-Brome QC J0E 1V0,45.2207,-72.5120
10841,Lac-Brome QC J0E 1V0,45.2207,-72.5120
10846,"279 Evangeline Trail, Bridgetown, NS B0S 1C0",44.84168,-65.29065
10847,"279 Evangeline Trail, Bridgetown, NS B0S 1C0",44.84168,-65.29065
10868,"3130 8 St E, Saskatoon, SK S7H 0W2",52.11394,-106.50530
10895,"853, Sherbrooke Street West Montreal, QC, H3A 0G5",45.50448,-73.57332
10896,"853, Sherbrooke Street West Montreal, QC, H3A 0G5",45.50448,-73.57332
10897,"853, Sherbrooke Street West Montreal, QC, H3A 0G5",45.50448,-73.57332
10898,"853, Sherbrooke Street West Montreal, QC, H3A 0G5",45.50448,-73.57332
10899,"University Avenue East, Guelph, ON, N1G 1Y1",43.52948,-80.23988
10900,"University Avenue East, Guelph, ON, N1G 1Y1",43.52948,-80.23988
10902,"University Avenue East, Guelph, ON, N1G 1Y1",43.52948,-80.23988
10903,"University Avenue East, Guelph, ON, N1G 1Y1",43.52948,-80.23988
10904,"University Avenue East, Guelph, ON, N1G 1Y1",43.52948,-80.23988
10930,"480 2 Ave S, Saskatoon, SK S7K 5R4",52.12315,-106.66606
10977,"Calgary, AB, Canada",,
10980,"402 33rd St W, Saskatoon, SK S7L 0V6",52.14402,-106.67494
11033,"340 Provencher, Winnipeg, Manitoba",49.89349,-97.11436
11035,"251 Donald St, Winnipeg, MB R3C 3P5",49.89170,-97.14185
11102,"853, Sherbrooke Street West Montreal, QC, H3A 0G5",45.50448,-73.57332
11105,"853, Sherbrooke Street West Montreal, QC, H3A 0G5",45.50448,-73.57332
11106,"853, Sherbrooke Street West Montreal, QC, H3A 0G5",45.50448,-73.57332
11107,"853, Sherbrooke Street West Montreal, QC, H3A 0G5",45.50448,-73.57332
11108,"853, Sherbrooke Street West Montreal, QC, H3A 0G5",45.50448,-73.57332
11109,"853, Sherbrooke Street West Montreal, QC, H3A 0G5",45.50448,-73.57332
11113,"853, Sherbrooke Street West Montreal, QC, H3A 0G5",45.50448,-73.57332
11114,"3640, Rue University, Montreal, QC, H3A 0C7",45.50748,-73.58017
11119,"397A, Saint-Catherine St W, Montreal, Quebec, H3B 1A4",45.50564,-73.56766
11131,"397A, Saint-Catherine St W, Montreal, Quebec, H3B 1A4",45.50564,-73.56766
11137,"2600, College St, Sherbrooke, Quebec, J1M 1Z7",45.3609,-71.8515
11138,"2600, College St, Sherbrooke, Quebec, J1M 1Z7",45.3609,-71.8515
11139,"2600, College St, Sherbrooke, Quebec, J1M 1Z7",45.3609,-71.8515
11149,"2600, College St, Sherbrooke, Quebec, J1M 1Z7",45.3609,-71.8515
11150,"2600, College St, Sherbrooke, Quebec, J1M 1Z7",45.3609,-71.8515
11151,"2600, College St, Sherbrooke, Quebec, J1M 1Z7",45.3609,-71.8515
11152,"2600, College St, Sherbrooke, Quebec, J1M 1Z7",45.3609,-71.8515
11153,"2600, College St, Sherbrooke, Quebec, J1M 1Z7",45.3609,-71.8515
11156,"2600, College St, Sherbrooke, Quebec, J1M 1Z7",45.3609,-71.8515
11158,"2600, College St, Sherbrooke, Quebec, J1M 1Z7",45.3609,-71.8515
11160,"2600, College St, Sherbrooke, Quebec, J1M 1Z7",45.3609,-71.8515
11162,"2600, College St, Sherbrooke, Quebec, J1M 1Z7",45.3609,-71.8515
11164,"2600, College St, Sherbrooke, Quebec, J1M 1Z7",45.3609,-71.8515
11167,"2600, College St, Sherbrooke, Quebec, J1M 1Z7",45.3609,-71.8515
11170,"2600, College St, Sherbrooke, Quebec, J1M 1Z7",45.3609,-71.8515
11171,"2600, College St, Sherbrooke, Quebec, J1M 1Z7",45.3609,-71.8515
11180,"2600, College St, Sherbrooke, Quebec, J1M 1Z7",45.3609,-71.8515
11181,"45, Chemin Lakeside, Knowlton, QC, J0E 1V0",45.21687,-72.51042
11182,"2600, College St, Sherbrooke, Quebec, J1M 1Z7",45.3609,-71.8515
11183,"2600, College St, Sherbrooke, Quebec, J1M 1Z7",45.3609,-71.8515
11187,"231 Provincial Trunk Hwy 12, Steinbach, MB R5G 1T8",49.55169,-96.68692
11189,"231 Provincial Trunk Hwy 12, Steinbach, MB R5G 1T8",49.55169,-96.68692
11228,"2600, College St, Sherbrooke, Quebec, J1M 1Z7",45.3609,-71.8515
11230,"2600, College St, Sherbrooke, Quebec, J1M 1Z7",45.3609,-71.8515
11235,"2600, College St, Sherbrooke, Quebec, J1M 1Z7",45.3609,-71.8515
11236,"2600, College St, Sherbrooke, Quebec, J1M 1Z7",45.3609,-71.8515
11238,"2600, College St, Sherbrooke, Quebec, J1M 1Z7",45.3609,-71.8515
11242,"2600, College St, Sherbrooke, Quebec, J1M 1Z7",45.3609,-71.8515
11243,"2600, College St, Sherbrooke, Quebec, J1M 1Z7",45.3609,-71.8515
11244,"2600, College St, Sherbrooke, Quebec, J1M 1Z7",45.3609,-71.8515
11245,"2600, College St, Sherbrooke, Quebec, J1M 1Z7",45.3609,-71.8515
11248,"200, University Ave W, Waterloo, ON, N2L 3G1",43.4695,-80.5442
11258,"4584 Blackcomb Way, Whistler, BC V8E 0Y3",50.11878,-122.94770
11275,"200, University Ave W, Waterloo, ON, N2L 3G1",43.4695,-80.5442
11276,"200, University Ave W, Waterloo, ON, N2L 3G1",43.4695,-80.5442
11277,"200, University Ave W, Waterloo, ON, N2L 3G1",43.4695,-80.5442
11278,"200, University Ave W, Waterloo, ON, N2L 3G1",43.4695,-80.5442
11279,"200, University Ave W, Waterloo, ON, N2L 3G1",43.4695,-80.5442
11305,"200, University Ave W, Waterloo, ON, N2L 3G1",43.4695,-80.5442
11306,"200, University Ave W, Waterloo, ON, N2L 3G1",43.4695,-80.5442
11307,"200, University Ave W, Waterloo, ON, N2L 3G1",43.4695,-80.5442
11308,"200, University Ave W, Waterloo, ON, N2L 3G1",43.4695,-80.5442
11309,"200, University Ave W, Waterloo, ON, N2L 3G1",43.4695,-80.5442
11310,"200, University Ave W, Waterloo, ON, N2L 3G1",43.4695,-80.5442
11311,"200, University Ave W, Waterloo, ON, N2L 3G1",43.4695,-80.5442
11327,"200, University Ave W, Waterloo, ON, N2L 3G1",43.4695,-80.5442
11328,"200, University Ave W, Waterloo, ON, N2L 3G1",43.4695,-80.5442
11332,"950, W 41st Ave, Vancouver, BC, V5Z 2N7",49.23343,-123.12633
11443,"Gatineau, Quebec, Canada",45.4839,-75.6816
11444,"Gatineau, Quebec, Canada",45.4839,-75.6816
11445,"Gatineau, Quebec, Canada",45.4839,-75.6816
11446,"Gatineau, Quebec, Canada",45.4839,-75.6816
11447,"Gatineau, Quebec, Canada",45.4839,-75.6816
11448,"Gatineau, Quebec, Canada",45.4839,-75.6816
11449,"Gatineau, Quebec, Canada",45.4839,-75.6816
11450,"Gatineau, Quebec, Canada",45.4839,-75.6816
11452,"Gatineau, Quebec, Canada",45.4839,-75.6816
11454,"Gatineau, Quebec, Canada",45.4839,-75.6816
11485,"Gatineau, Quebec, Canada",45.4839,-75.6816
11486,"Gatineau, Quebec, Canada",45.4839,-75.6816
11488,"Gatineau, Quebec, Canada",45.4839,-75.6816
11489,"Gatineau, Quebec, Canada",45.4839,-75.6816
11490,"Gatineau, Quebec, Canada",45.4839,-75.6816
11491,"Gatineau, Quebec, Canada",45.4839,-75.6816
11492,"Gatineau, Quebec, Canada",45.4839,-75.6816
11493,"Gatineau, Quebec, Canada",45.4839,-75.6816
11494,"Gatineau, Quebec, Canada",45.4839,-75.6816
11502,"1200 Atwater Ave, Westmount, QC H3Z 1T4",45.488682,-73.584259
11503,"1200 Atwater Ave, Westmount, QC H3Z 1T4",45.488682,-73.584259
11504,"1200 Atwater Ave, Westmount, QC H3Z 1T4",45.488682,-73.584259
11505,"1200 Atwater Ave, Westmount, QC H3Z 1T4",45.488682,-73.584259
11506,"1200 Atwater Ave, Westmount, QC H3Z 1T4",45.488682,-73.584259
11507,"1200 Atwater Ave, Westmount, QC H3Z 1T4",45.488682,-73.584259
11508,"315 8 Ave SW, Calgary, AB T2P 4K1",51.04457,-114.069241
11523,"1200 Atwater Ave, Westmount, QC H3Z 1T4",45.48871,-73.58429
11524,"4060 Park Ave, Montreal, Quebec H2W 1S8",45.513358,-73.582469
11526,"1171 Eastlawn Ave. Windsor, ON. N8S 3J1",42.325140,-82.943060
11535,"487 King St. W., Kingston, Ontario, K7L 2X7, Canada",44.22146,-76.51031
11536,"487 King St. W., Kingston, Ontario, K7L 2X7, Canada",44.22146,-76.51031
11537,"487 King St. W., Kingston, Ontario, K7L 2X7, Canada",44.22146,-76.51031
11538,"487 King St. W., Kingston, Ontario, K7L 2X7, Canada",44.22146,-76.51031
11539,"Ottawa, Ontario, Canada",45.4211060,-75.6903080
11540,"Ottawa, Ontario, Canada",45.4211060,-75.6903080
11541,"Ottawa, Ontario, Canada",45.4211060,-75.6903080
11542,"Ottawa, Ontario, Canada",45.4211060,-75.6903080
11543,"Ottawa, Ontario, Canada",45.4211060,-75.6903080
11545,"1221 2 St SW, Calgary, AB T2R 0W5",51.0412,-114.0691
11569,"251 Dundas St, London, ON N6A 6H9",42.98429,-81.24606
11570,"251 Dundas St, London, ON N6A 6H9",42.98429,-81.24606
11571,"251 Dundas St, London, ON N6A 6H9",42.98429,-81.24606
11573,"251 Dundas St, London, ON N6A 6H9",42.98429,-81.24606
11574,"251 Dundas St, London, ON N6A 6H9",42.98429,-81.24606
11576,"251 Dundas St, London, ON N6A 6H9",42.98429,-81.24606
11577,"251 Dundas St, London, ON N6A 6H9",42.98429,-81.24606
11578,"251 Dundas St, London, ON N6A 6H9",42.98429,-81.24606
11579,"251 Dundas St, London, ON N6A 6H9",42.98429,-81.24606
11580,"251 Dundas St, London, ON N6A 6H9",42.98429,-81.24606
11581,"251 Dundas St, London, ON N6A 6H9",42.98429,-81.24606
11582,"251 Dundas St, London, ON N6A 6H9",42.98429,-81.24606
11583,"251 Dundas St, London, ON N6A 6H9",42.98429,-81.24606
11584,"251 Dundas St, London, ON N6A 6H9",42.98429,-81.24606
11587,"251 Dundas St, London, ON N6A 6H9",42.98429,-81.24606
11588,"251 Dundas St, London, ON N6A 6H9",42.98429,-81.24606
11589,"251 Dundas St, London, ON N6A 6H9",42.98429,-81.24606
11590,"251 Dundas St, London, ON N6A 6H9",42.98429,-81.24606
11591,"251 Dundas St, London, ON N6A 6H9",42.98429,-81.24606
11592,"251 Dundas St, London, ON N6A 6H9",42.98429,-81.24606
11593,"251 Dundas St, London, ON N6A 6H9",42.98429,-81.24606
11594,"251 Dundas St, London, ON N6A 6H9",42.98429,-81.24606
11595,"251 Dundas St, London, ON N6A 6H9",42.98429,-81.24606
11596,"1398 Cartwright St, Vancouver, BC V6H 3R8",49.269860,-123.134220
11597,"1181 Seymour St, Vancouver, BC V6B 3M7",49.27702,-123.12490
11598,"1398 Cartwright St, Vancouver, BC V6H 3R8",49.269860,-123.134220
11599,"918 Granville St, Vancouver, BC V6Z 1L2",49.27979,-123.12165
11616,"709 Yates St, Victoria, BC V8W 1L0",48.425930,-123.364320
11617,"709 Yates St, Victoria, BC V8W 1L0",48.425930,-123.364320
11618,"709 Yates St, Victoria, BC V8W 1L0",48.425930,-123.364320
11619,"709 Yates St, Victoria, BC V8W 1L0",48.425930,-123.364320
11620,"709 Yates St, Victoria, BC V8W 1L0",48.425930,-123.364320
11621,"709 Yates St, Victoria, BC V8W 1L0",48.425930,-123.364320
11622,"709 Yates St, Victoria, BC V8W 1L0",48.425930,-123.364320
11623,"709 Yates St, Victoria, BC V8W 1L0",48.425930,-123.364320
11624,"709 Yates St, Victoria, BC V8W 1L0",48.425930,-123.364320
11625,"709 Yates St, Victoria, BC V8W 1L0",48.425930,-123.364320
11631,"Waterloo, Ontario",43.4695,-80.5442
11633,"200, University Ave W, Waterloo, ON, N2L 3G1",43.4695,-80.5442
11639,"200, University Ave W, Waterloo, ON, N2L 3G1",43.4695,-80.5442
11640,"200, University Ave W, Waterloo, ON, N2L 3G1",43.4695,-80.5442
11655,"207 Queens Quay W, Toronto, ON M5J 1A7",43.63838,-79.38044
11666,"16 Elvina St. Ottawa, Ontario K1J 7L1 Canada",45.443830,-75.611557
11670,"16 Elvina St. Ottawa, Ontario K1J 7L1 Canada",45.443830,-75.611557
11672,"16 Elvina St. Ottawa, Ontario K1J 7L1 Canada",45.443830,-75.611557
11673,"16 Elvina St. Ottawa, Ontario K1J 7L1 Canada",45.443830,-75.611557
11674,"16 Elvina St. Ottawa, Ontario K1J 7L1 Canada",45.443830,-75.611557
11676,"16 Elvina St. Ottawa, Ontario K1J 7L1 Canada",45.443830,-75.611557
11677,"16 Elvina St. Ottawa, Ontario K1J 7L1 Canada",45.443830,-75.611557
11678,"16 Elvina St. Ottawa, Ontario K1J 7L1 Canada",45.443830,-75.611557
11679,"16 Elvina St. Ottawa, Ontario K1J 7L1 Canada",45.443830,-75.611557
11680,"16 Elvina St. Ottawa, Ontario K1J 7L1 Canada",45.443830,-75.611557
11681,"200, University Ave W, Waterloo, ON, N2L 3G1",43.4695,-80.5442
11694,"1915, rue Sainte-Catherine Ouest, Montreal, QC, H3H 1M3, Canada",45.49253,-73.58068
11695,"1915, rue Sainte-Catherine Ouest, Montreal, QC, H3H 1M3, Canada",45.49253,-73.58068
11696,"1915, rue Sainte-Catherine Ouest, Montreal, QC, H3H 1M3, Canada",45.49253,-73.58068
11697,"1915, rue Sainte-Catherine Ouest, Montreal, QC, H3H 1M3, Canada",45.49253,-73.58068
11698,"1915, rue Sainte-Catherine Ouest, Montreal, QC, H3H 1M3, Canada",45.49253,-73.58068
11699,"1915, rue Sainte-Catherine Ouest, Montreal, QC, H3H 1M3, Canada",45.49253,-73.58068
11701,"1915, rue Sainte-Catherine Ouest, Montreal, QC, H3H 1M3, Canada",45.49253,-73.58068
11703,"1915, rue Sainte-Catherine Ouest, Montreal, QC, H3H 1M3, Canada",45.49253,-73.58068
11704,"1915, rue Sainte-Catherine Ouest, Montreal, QC, H3H 1M3, Canada",45.49253,-73.58068
11705,"1915, rue Sainte-Catherine Ouest, Montreal, QC, H3H 1M3, Canada",45.49253,-73.58068
11706,"1915, rue Sainte-Catherine Ouest, Montreal, QC, H3H 1M3, Canada",45.49253,-73.58068
11707,"1915, rue Sainte-Catherine Ouest, Montreal, QC, H3H 1M3, Canada",45.49253,-73.58068
11708,"1915, rue Sainte-Catherine Ouest, Montreal, QC, H3H 1M3, Canada",45.49253,-73.58068
11755,"499 Church Street, Toronto, ON, Canada",43.6652187,-79.3805890
11756,"499 Church Street, Toronto, ON, Canada",43.6652187,-79.3805890
11757,"499 Church Street, Toronto, ON, Canada",43.6652187,-79.3805890
11758,"499 Church Street, Toronto, ON, Canada",43.6652187,-79.3805890
11759,"499 Church Street, Toronto, ON, Canada",43.6652187,-79.3805890
11760,"499 Church Street, Toronto, ON, Canada",43.6652187,-79.3805890
11761,"499 Church Street, Toronto, ON, Canada",43.6652187,-79.3805890
11762,"499 Church Street, Toronto, ON, Canada",43.6652187,-79.3805890
11763,"499 Church Street, Toronto, ON, Canada",43.6652187,-79.3805890
11764,"499 Church Street, Toronto, ON, Canada",43.6652187,-79.3805890
11765,"499 Church Street, Toronto, ON, Canada",43.6652187,-79.3805890
11766,"4873 St Laurent Blvd, Montreal, QC H2T 1R6",45.520519,-73.587341
11767,"4873 St Laurent Blvd, Montreal, QC H2T 1R6",45.520519,-73.587341
11768,"4873 St Laurent Blvd, Montreal, QC H2T 1R6",45.520519,-73.587341
11769,"5185 Park Ave, Montreal, QC H2V 4G4",45.52045,-73.59728
11770,"5185 Park Ave, Montreal, QC H2V 4G4",45.52045,-73.59728
11771,"5185 Park Ave, Montreal, QC H2V 4G4",45.52045,-73.59728
11772,"5185 Park Ave, Montreal, QC H2V 4G4",45.52045,-73.59728
11780,"Montreal, QC, Canada",45.5011,-73.5706
11781,"Montreal, QC, Canada",45.5011,-73.5706
11782,"Montreal, QC, Canada",45.5011,-73.5706
11783,"Montreal West, QC, Canada",45.4527,-73.6443
11784,"Montreal West, QC, Canada",45.4527,-73.6443
11785,"Saint John, New Brunswick",45.2778,-66.0594
11811,"320 Rosedale Ave Winnipeg, Manitoba R3L 1L8",49.85979,-97.13263
11812,"320 Rosedale Ave Winnipeg, Manitoba R3L 1L8",49.85979,-97.13263
11814,"665 Gerrard St E Toronto, ON M4M 1Y2",43.66601,-79.34952
11815,"Gibsons, British Columbia",49.4004,-123.5084
11816,"Courtenay, BC, V9N 6Z8",49.6892,-124.9963?z=12
11817,"Courtenay, BC, V9N 6Z8",49.6892,-124.9963
11818,"Courtenay, BC, V9N 6Z8",49.6892,-124.9963
11819,"Courtenay, BC, V9N 6Z8",49.6892,-124.9963
11820,"Courtenay, BC, V9N 6Z8",49.6892,-124.9963
11821,"Courtenay, BC, V9N 6Z8",49.6892,-124.9963
11822,"Courtenay, BC, V9N 6Z8",49.6892,-124.9963
11823,"Courtenay, BC, V9N 6Z8",49.6892,-124.9963
11824,"Courtenay, BC, V9N 6Z8",49.6892,-124.9963
11826,"Courtenay, BC, V9N 6Z8",49.6892,-124.9963
11827,"Courtenay, BC, V9N 6Z8",49.6892,-124.9963
11828,"Courtenay, BC, V9N 6Z8",49.6892,-124.9963
11829,"Courtenay, BC, V9N 6Z8",49.6892,-124.9963
11831,"Courtenay, BC, V9N 6Z8",49.6892,-124.9963
11833,"5605, Avenue De Gaspé, Mile-End, Mile End, Plateau Mont-Royal, Montreal, Urban agglomeration of Montreal, Montreal, Quebec, H2T 0A2, Canada",45.5282573,-73.59797609714133
11834,"Courtenay, BC, V9N 6Z8",49.6892,-124.9963
11835,"Courtenay, BC, V9N 6Z8",49.6892,-124.9963
11836,"Courtenay, BC, V9N 6Z8",49.6892,-124.9963
11837,"Courtenay, BC, V9N 6Z8",49.6892,-124.9963
11838,"Courtenay, BC, V9N 6Z8",49.6892,-124.9963
11839,"Courtenay, BC, V9N 6Z8",49.6892,-124.9963
11840,"Courtenay, BC, V9N 6Z8",49.6892,-124.9963
11870,"6596 St Laurent Blvd, Montreal, Quebec H2S 3C6",45.5337504,-73.60847523512666
11880,"Courtenay, BC, V9N 6Z8",49.6892,-124.9963
11881,"Courtenay, BC, V9N 6Z8",49.6892,-124.9963
11882,"Courtenay, BC, V9N 6Z8",49.6892,-124.9963
11883,"Courtenay, BC, V9N 6Z8",49.6892,-124.9963
11884,"Courtenay, BC, V9N 6Z8",49.6892,-124.9963
11885,"Courtenay, BC, V9N 6Z8",49.6892,-124.9963
11886,"Courtenay, BC, V9N 6Z8",49.6892,-124.9963
11887,"Courtenay, BC, V9N 6Z8",49.6892,-124.9963
11888,"Courtenay, BC, V9N 6Z8",49.6892,-124.9963
11889,"Courtenay, BC, V9N 6Z8",49.6892,-124.9963
11891,"Courtenay, BC, V9N 6Z8",49.6892,-124.9963
11892,"Courtenay, BC, V9N 6Z8",49.6892,-124.9963
11893,"Courtenay, BC, V9N 6Z8",49.6892,-124.9963
11894,"Courtenay, BC, V9N 6Z8",49.6892,-124.9963
11898,"Courtenay, BC, V9N 6Z8",49.6892,-124.9963
11899,"Courtenay, BC, V9N 6Z8",49.6892,-124.9963
11900,"Courtenay, BC, V9N 6Z8",49.6892,-124.9963
11901,"Courtenay, BC, V9N 6Z8",49.6892,-124.9963
11902,"Courtenay, BC, V9N 6Z8",49.6892,-124.9963
11903,"Courtenay, BC, V9N 6Z8",49.6892,-124.9963
11904,"Courtenay, BC, V9N 6Z8",49.6892,-124.9963
11905,"Courtenay, BC, V9N 6Z8",49.6892,-124.9963
11906,"Courtenay, BC, V9N 6Z8",49.6892,-124.9963
11907,"Courtenay, BC, V9N 6Z8",49.6892,-124.9963
11908,"Courtenay, BC, V9N 6Z8",49.6892,-124.9963
11918,"80, bpNichol Lane, Toronto, Ontario, M5S 3J4, Canada",43.666170,-79.400360
11930,"4825 49th Ave, Yellowknife, NT X1A 2R3",62.45766,-114.37314
11952,"200, University Ave W, Waterloo, ON, N2L 3G1",43.4695,-80.5442
11953,"200, University Ave W, Waterloo, ON, N2L 3G1",43.4695,-80.5442
11954,"200, University Ave W, Waterloo, ON, N2L 3G1",43.4695,-80.5442
11955,"200, University Ave W, Waterloo, ON, N2L 3G1",43.4695,-80.5442
11956,"200, University Ave W, Waterloo, ON, N2L 3G1",43.4695,-80.5442
11957,"200, University Ave W, Waterloo, ON, N2L 3G1",43.4695,-80.5442
11958,"200, University Ave W, Waterloo, ON, N2L 3G1",43.4695,-80.5442
11962,"200, University Ave W, Waterloo, ON, N2L 3G1",43.4695,-80.5442
11963,"200, University Ave W, Waterloo, ON, N2L 3G1",43.4695,-80.5442
11964,"200, University Ave W, Waterloo, ON, N2L 3G1",43.4695,-80.5442
11965,"200, University Ave W, Waterloo, ON, N2L 3G1",43.4695,-80.5442
11966,"200, University Ave W, Waterloo, ON, N2L 3G1",43.4695,-80.5442
11967,"200, University Ave W, Waterloo, ON, N2L 3G1",43.4695,-80.5442
11981,"200, University Ave W, Waterloo, ON, N2L 3G1",43.4695,-80.5442
11991,"901 Edward St S, Thunder Bay, ON, P7E 6R2",48.37188,-89.27975
11992,"901 Edward St S, Thunder Bay, ON, P7E 6R2",48.37188,-89.27975
11993,"559, Chebucto Street, Baddeck, Municipality of Victoria County, Victoria County, Nova Scotia, B0E 1B0, Canada",46.10350,-60.74562
12030,"1, Jones St, Baddeck, NS, B0E 1B0",46.10066,-60.74832
12031,"Skye River, Inverness County, NS, B0E 3M0",45.972042,-61.132343
12032,"1, Jones St, Baddeck, NS, B0E 1B0",46.10066,-60.74832
12033,"559, Chebucto Street, Baddeck, Municipality of Victoria County, Victoria County, Nova Scotia, B0E 1B0, Canada",46.10350,-60.74562
12034,"559, Chebucto Street, Baddeck, Municipality of Victoria County, Victoria County, Nova Scotia, B0E 1B0, Canada",46.10350,-60.74562
12035,"1, Jones St, Baddeck, NS, B0E 1B0",46.10066,-60.74832
12036,"7972, Cabot Trail, Margaree Forks, NS, B0E 2A0",46.3288,-61.1202
12038,"15226, Cabot Trail, Chéticamp, NS, B0E 1H0",46.6307,-61.0051
12048,"Montreal, QC",45.5089,-73.8954
12049,"Montreal, QC",45.5089,-73.5617
12059,"1302, 4 St SW, Calgary, AB, T2R 0X8",51.04049,-114.07151
12060,"1302, 4 St SW, Calgary, AB, T2R 0X8",51.04049,-114.07151
12061,"1302, 4 St SW, Calgary, AB, T2R 0X8",51.04049,-114.07151
12063,"1302, 4 St SW, Calgary, AB, T2R 0X8",51.04049,-114.07151
12064,"1302, 4 St SW, Calgary, AB, T2R 0X8",51.04049,-114.07151
12094,"4700, Keele Street Toronto, ON, Canada",43.77409,-79.49302
12235,"38 ch de la Vallée de Wakefield, Wakefield, J0X 3G0, CA",45.6325955,-75.9315661
12253,"Prairie Ink, 1120, Grant Ave, Winnipeg, MB, R3M 2A6",49.85761,-97.16597
12310,"38 ch de la Vallée de Wakefield, Wakefield, J0X 3G0, CA",45.6325955,-75.9315661
12316,"38 ch de la Vallée de Wakefield, Wakefield, J0X 3G0, CA",45.6325955,-75.9315661
12317,"38 ch de la Vallée de Wakefield, Wakefield, J0X 3G0, CA",45.6325955,-75.9315661
12351,"320 Front St W, Toronto, ON M5V 3B6",43.64428,-79.39089
12373,"1300 Zoo Rd NE, Calgary, AB T2E 7V6",51.048487,-114.046627
12432,"North Vancouver, BC, Canada",49.3165,-123.0802
12433,"North Vancouver, BC, Canada",49.3165,-123.0802
12434,"North Vancouver, BC, Canada",49.3165,-123.0802
12435,"North Vancouver, BC, Canada",49.3165,-123.0802
12436,"North Vancouver, BC, Canada",49.3165,-123.0802
12437,"800 3 Street SE Calgary, AB T2G 2E7",51.047240,-114.055510
12438,"800 3 Street SE Calgary, AB T2G 2E7",51.047240,-114.055510
12439,"800 3 Street SE Calgary, AB T2G 2E7",51.047240,-114.055510
12440,"800 3 Street SE Calgary, AB T2G 2E7",51.047240,-114.055510
12442,"800 3 Street SE Calgary, AB T2G 2E7",51.047240,-114.055510
12445,"800 3 Street SE Calgary, AB T2G 2E7",51.047240,-114.055510
12446,"800 3 Street SE Calgary, AB T2G 2E7",51.047240,-114.055510
12448,"800 3 Street SE Calgary, AB T2G 2E7",51.047240,-114.055510
12450,"800 3 Street SE Calgary, AB T2G 2E7",51.047240,-114.055510
12452,"800 3 Street SE Calgary, AB T2G 2E7",51.047240,-114.055510
12453,"800 3 Street SE Calgary, AB T2G 2E7",51.047240,-114.055510
12454,"Vancouver, BC, Canada",49.2576,-123.1241
12455,"Vancouver, BC, Canada",49.2576,-123.1241
12493,"800 3 Street SE Calgary, AB T2G 2E7",51.047240,-114.055510
12499,"Vancouver, BC, Canada",49.2576,-123.1241
12500,"Vancouver, BC, Canada",49.2576,-123.1241
12525,"Vancouver, BC, Canada",49.2576,-123.1241
12533,"800 3 Street SE Calgary, AB T2G 2E7",51.047240,-114.055510
12534,"Bridgeland-Riverside, Calgary, AB T2E 7V6",51.0442,-114.0274
12536,"800 3 Street SE Calgary, AB T2G 2E7",51.047240,-114.055510
12537,"800 3 Street SE Calgary, AB T2G 2E7",51.047240,-114.055510
12540,"Bridgeland-Riverside, Calgary, AB T2E 7V6",51.0442,-114.0274
12541,"Calgary Public Library - Louise Riley Branch, 1904, 14 Avenue NW, Hounsfield Heights/Briar Hill, Calgary, Alberta, T2N 1M5, Canada",51.06546,-114.10432
12542,"Bridgeland-Riverside, Calgary, AB T2E 7V6",51.0442,-114.0274
12543,"Bridgeland-Riverside, Calgary, AB T2E 7V6",51.12885,-114.19374
12544,"Calgary Public Library - Nose Hill, 1530, Northmount Drive NW, Brentwood, Calgary, Alberta, T2L 0G6, Canada",51.09660,-114.13919
12545,"1221 2 St SW, Calgary, AB T2R 0W5",51.04114,-114.06919
12547,"800 3 Street SE Calgary, AB T2G 2E7",51.047240,-114.055510
12548,"800 3 Street SE Calgary, AB T2G 2E7",51.047240,-114.055510
12549,"800 3 Street SE Calgary, AB T2G 2E7",51.047240,-114.055510
12550,"800 3 Street SE Calgary, AB T2G 2E7",51.047240,-114.055510
12551,"800 3 Street SE Calgary, AB T2G 2E7",51.047240,-114.055510
12552,"800 3 Street SE Calgary, AB T2G 2E7",51.047240,-114.055510
12553,"800 3 Street SE Calgary, AB T2G 2E7",51.047240,-114.055510
12555,"800 3 Street SE Calgary, AB T2G 2E7",51.047240,-114.055510
12558,"Vancouver, BC, Canada",49.2576,-123.1241
12580,"Salmon Arm, BC, Canada V1E 4P3",50.70217,-119.28131
12583,"1300 Zoo Rd NE, Calgary, AB T2E 7V6",51.048487,-114.046627
12585,"800 3 Street SE Calgary, AB T2G 2E7",51.047240,-114.055510
12586,"800 3 Street SE Calgary, AB T2G 2E7",51.047240,-114.055510
12587,"800 3 Street SE Calgary, AB T2G 2E7",51.047240,-114.055510
12588,"800 3 Street SE Calgary, AB T2G 2E7",51.047240,-114.055510
12589,"800 3 Street SE Calgary, AB T2G 2E7",51.047240,-114.055510
12590,"800 3 Street SE Calgary, AB T2G 2E7",51.047240,-114.055510
12591,"800 3 Street SE Calgary, AB T2G 2E7",51.047240,-114.055510
12592,"800 3 Street SE Calgary, AB T2G 2E7",51.047240,-114.055510
12593,"800 3 Street SE Calgary, AB T2G 2E7",51.047240,-114.055510
12594,"800 3 Street SE Calgary, AB T2G 2E7",51.047240,-114.055510
12595,"800 3 Street SE Calgary, AB T2G 2E7",51.047240,-114.055510
12596,"800 3 Street SE Calgary, AB T2G 2E7",51.047240,-114.055510
12597,"800 3 Street SE Calgary, AB T2G 2E7",51.047240,-114.055510
12598,"Bridgeland-Riverside, Calgary, AB T2E 7V6",51.0442,-114.0274
12599,"800 3 Street SE Calgary, AB T2G 2E7",51.047240,-114.055510
12600,"800 3 Street SE Calgary, AB T2G 2E7",51.047240,-114.055510
12601,"Bridgeland-Riverside, Calgary, AB T2E 7V6",51.0442,-114.0274
12602,"Calgary Public Library - Louise Riley Branch, 1904, 14 Avenue NW, Hounsfield Heights/Briar Hill, Calgary, Alberta, T2N 1M5, Canada",51.06546,-114.10432
12603,"Bridgeland-Riverside, Calgary, AB T2E 7V6",51.0442,-114.0274
12604,"Bridgeland-Riverside, Calgary, AB T2E 7V6",51.12885,-114.19374
12605,"Calgary Public Library - Nose Hill, 1530, Northmount Drive NW, Brentwood, Calgary, Alberta, T2L 0G6, Canada",51.09660,-114.13919
12606,"1221 2 St SW, Calgary, AB T2R 0W5",51.04114,-114.06919
12607,"800 3 Street SE Calgary, AB T2G 2E7",51.047240,-114.055510
12608,"800 3 Street SE Calgary, AB T2G 2E7",51.047240,-114.055510
12609,"800 3 Street SE Calgary, AB T2G 2E7",51.047240,-114.055510
12610,"800 3 Street SE Calgary, AB T2G 2E7",51.047240,-114.055510
12611,"800 3 Street SE Calgary, AB T2G 2E7",51.047240,-114.055510
12612,"800 3 Street SE Calgary, AB T2G 2E7",51.047240,-114.055510
12613,"800 3 Street SE Calgary, AB T2G 2E7",51.047240,-114.055510
12614,"800 3 Street SE Calgary, AB T2G 2E7",51.047240,-114.055510
12659,"Fredericton, York County, NB, Canada",45.9373,-66.7337
12664,"Fredericton, York County, NB, Canada",45.9373,-66.7337
12674,"Fredericton, York County, NB, Canada",45.9373,-66.7337
12675,"Fredericton, York County, NB, Canada",45.9373,-66.7337
12676,"695, Prospect Street, Fredericton, NB, E3B 5Y4",45.9519,-66.6823
12678,"Fredericton, York County, NB, Canada",45.9373,-66.7337
12681,"Fredericton, York County, NB, Canada",45.9373,-66.7337
12688,"Fredericton, York County, NB, Canada",45.9373,-66.7337
12689,"Fredericton, York County, NB, Canada",45.9373,-66.7337
12690,"Fredericton, York County, NB, Canada",45.9373,-66.7337
12691,"Fredericton, York County, NB, Canada",45.9373,-66.7337
12692,"Fredericton, York County, NB, Canada",45.9373,-66.7337
12693,"Fredericton, York County, NB, Canada",45.9373,-66.7337
12743,"1843 Hamilton Street, Regina, SK, S4P 2B9",50.44929,-104.60920
12782,"1601 Dewdney Ave E, Regina, SK S4N 4N6",50.45475,-104.56056
12952,"5851, Cavendish Blvd, Côte Saint-Luc, Quebec, H4W 2X8",45.47760,-73.66458
12970,"225, Primrose Dr, Saskatoon, SK, S7K 5E4",52.16824,-106.63433
12972,"1635, McKercher Dr, Saskatoon, SK, S7H 5J9",52.10461,-106.58589
12981,"105, Administration Pl, Saskatoon, SK, S7N 5A2",52.1345,-106.6369
12982,"105, Administration Pl, Saskatoon, SK, S7N 5A2",52.1345,-106.6369
12983,"105, Administration Pl, Saskatoon, SK, S7N 5A2",52.1345,-106.6369
12984,"105, Administration Pl, Saskatoon, SK, S7N 5A2",52.1345,-106.6369
12985,"105, Administration Pl, Saskatoon, SK, S7N 5A2",52.1345,-106.6369
12986,"105, Administration Pl, Saskatoon, SK, S7N 5A2",52.1345,-106.6369
12987,"105, Administration Pl, Saskatoon, SK, S7N 5A2",52.1345,-106.6369
12988,"105, Administration Pl, Saskatoon, SK, S7N 5A2",52.1345,-106.6369
12990,"105, Administration Pl, Saskatoon, SK, S7N 5A2",52.1345,-106.6369
12991,"251, Donald St, Winnipeg, MB, R3C 3P5",49.89177,-97.14184
12992,"646, Logan Ave, Winnipeg, MB, R3A 0S7",49.90793,-97.15267
12993,"625, Portage Ave, Winnipeg, MB, R3B 2G4",49.88875,-97.15856
12994,"625, Portage Ave, Winnipeg, MB, R3B 2G4",49.88875,-97.15856
13040,"1 Market Square, Saint John, NB, E2L 4Z6",45.28948,-66.02906
13041,"1 Market Square, Saint John, NB, E2L 4Z6",45.28948,-66.02906
13042,"1 Market Square, Saint John, NB, E2L 4Z6",45.28948,-66.02906
13043,"1 Market Square, Saint John, NB, E2L 4Z6",45.28948,-66.02906
13044,"1 Market Square, Saint John, NB, E2L 4Z6",45.28948,-66.02906
13049,"105 Administration Pl, Saskatoon, SK S7N 5A2",52.1344,-106.6262
13050,"917 22nd Street West Saskatoon, SK S7M 0R9",52.12910,-106.68494
13051,"917 22nd Street West Saskatoon, SK S7M 0R9",52.12910,-106.68494
13052,"917 22nd Street West Saskatoon, SK S7M 0R9",52.12910,-106.68494
13053,"917 22nd Street West Saskatoon, SK S7M 0R9",52.12910,-106.68494
13054,"917 22nd Street West Saskatoon, SK S7M 0R9",52.12910,-106.68494
13055,"917 22nd Street West Saskatoon, SK S7M 0R9",52.12910,-106.68494
13057,"917 22nd Street West Saskatoon, SK S7M 0R9",52.12910,-106.68494
13058,"917 22nd Street West Saskatoon, SK S7M 0R9",52.12910,-106.68494
13059,"917 22nd Street West Saskatoon, SK S7M 0R9",52.12910,-106.68494
13060,"948 Spadina Crescent E, Saskatoon, SK, S7K 3H6",52.12808,-106.65793
13061,"917 22nd Street West Saskatoon, SK S7M 0R9",52.12910,-106.68494
13062,"461, Langdon Crescent,  Moose Jaw, SK,  S6H 0X6",50.39478,-105.53193
13063,"461, Langdon Crescent, Moose Jaw, SK, S6H 0X6",50.39478,-105.53193
13064,"461, Langdon Crescent, Moose Jaw, SK, S6H 0X6",50.39478,-105.53193
13065,"461, Langdon Crescent, Moose Jaw, SK, S6H 0X6",50.39478,-105.53193
13066,"461, Langdon Crescent, Moose Jaw, SK, S6H 0X6",50.39478,-105.53193
13067,"461, Langdon Crescent, Moose Jaw, SK, S6H 0X6",50.39478,-105.53193
13069,"461, Langdon Crescent, Moose Jaw, SK, S6H 0X6",50.39478,-105.53193
13070,"461, Langdon Crescent, Moose Jaw, SK, S6H 0X6",50.39478,-105.53193
13071,"461, Langdon Crescent, Moose Jaw, SK, S6H 0X6",50.39478,-105.53193
13072,"461, Langdon Crescent, Moose Jaw, SK, S6H 0X6",50.39478,-105.53193
13073,"461, Langdon Crescent, Moose Jaw, SK, S6H 0X6",50.39478,-105.53193
13074,"461, Langdon Crescent, Moose Jaw, SK, S6H 0X6",50.39478,-105.53193
13075,"461, Langdon Crescent, Moose Jaw, SK, S6H 0X6",50.39478,-105.53193
13076,"461, Langdon Crescent, Moose Jaw, SK, S6H 0X6",50.39478,-105.53193
13077,"461, Langdon Crescent, Moose Jaw, SK, S6H 0X6",50.39478,-105.53193
13078,"461, Langdon Crescent, Moose Jaw, SK, S6H 0X6",50.39478,-105.53193
13079,"461, Langdon Crescent, Moose Jaw, SK, S6H 0X6",50.39478,-105.53193
13080,"461, Langdon Crescent, Moose Jaw, SK, S6H 0X6",50.39478,-105.53193
13081,"461, Langdon Crescent, Moose Jaw, SK, S6H 0X6",50.39478,-105.53193
13082,"461, Langdon Crescent, Moose Jaw, SK, S6H 0X6",50.39478,-105.53193
13084,"461, Langdon Crescent, Moose Jaw, SK, S6H 0X6",50.39478,-105.53193
13085,"461, Langdon Crescent, Moose Jaw, SK, S6H 0X6",50.39478,-105.53193
13086,"461, Langdon Crescent, Moose Jaw, SK, S6H 0X6",50.39478,-105.53193
13087,"461, Langdon Crescent, Moose Jaw, SK, S6H 0X6",50.39478,-105.53193
13088,"461, Langdon Crescent, Moose Jaw, SK, S6H 0X6",50.39478,-105.53193
13089,"461, Langdon Crescent, Moose Jaw, SK, S6H 0X6",50.39478,-105.53193
13090,"461, Langdon Crescent, Moose Jaw, SK, S6H 0X6",50.39478,-105.53193
13091,"461, Langdon Crescent, Moose Jaw, SK, S6H 0X6",50.39478,-105.53193
13092,"461, Langdon Crescent, Moose Jaw, SK, S6H 0X6",50.39478,-105.53193
13093,"461, Langdon Crescent, Moose Jaw, SK, S6H 0X6",50.39478,-105.53193
13094,"461, Langdon Crescent, Moose Jaw, SK, S6H 0X6",50.39478,-105.53193
13095,"461, Langdon Crescent, Moose Jaw, SK, S6H 0X6",50.39478,-105.53193
13096,"461, Langdon Crescent, Moose Jaw, SK, S6H 0X6",50.39478,-105.53193
13097,"461, Langdon Crescent, Moose Jaw, SK, S6H 0X6",50.39478,-105.53193
13098,"461, Langdon Crescent, Moose Jaw, SK, S6H 0X6",50.39478,-105.53193
13099,"461, Langdon Crescent, Moose Jaw, SK, S6H 0X6",50.39478,-105.53193
13100,"461, Langdon Crescent, Moose Jaw, SK, S6H 0X6",50.39478,-105.53193
13101,"461, Langdon Crescent, Moose Jaw, SK, S6H 0X6",50.39478,-105.53193
13102,"461, Langdon Crescent, Moose Jaw, SK, S6H 0X6",50.39478,-105.53193
13103,"461, Langdon Crescent, Moose Jaw, SK, S6H 0X6",50.39478,-105.53193
13104,"461, Langdon Crescent, Moose Jaw, SK, S6H 0X6",50.39478,-105.53193
13105,"461, Langdon Crescent, Moose Jaw, SK, S6H 0X6",50.39478,-105.53193
13106,"461, Langdon Crescent, Moose Jaw, SK, S6H 0X6",50.39478,-105.53193
13107,"461, Langdon Crescent, Moose Jaw, SK, S6H 0X6",50.39478,-105.53193
13108,"461, Langdon Crescent, Moose Jaw, SK, S6H 0X6",50.39478,-105.53193
13109,"461, Langdon Crescent, Moose Jaw, SK, S6H 0X6",50.39478,-105.53193
13110,"461, Langdon Crescent, Moose Jaw, SK, S6H 0X6",50.39478,-105.53193
13111,"461, Langdon Crescent, Moose Jaw, SK, S6H 0X6",50.39478,-105.53193
13112,"461, Langdon Crescent, Moose Jaw, SK, S6H 0X6",50.39478,-105.53193
13113,"461, Langdon Crescent, Moose Jaw, SK, S6H 0X6",50.39478,-105.53193
13115,"461, Langdon Crescent, Moose Jaw, SK, S6H 0X6",50.39478,-105.53193
13116,"461, Langdon Crescent, Moose Jaw, SK, S6H 0X6",50.39478,-105.53193
13117,"461, Langdon Crescent, Moose Jaw, SK, S6H 0X6",50.39478,-105.53193
13118,"461, Langdon Crescent, Moose Jaw, SK, S6H 0X6",50.39478,-105.53193
13120,"461, Langdon Crescent, Moose Jaw, SK, S6H 0X6",50.39478,-105.53193
13121,"461, Langdon Crescent, Moose Jaw, SK, S6H 0X6",50.39478,-105.53193
13122,"461, Langdon Crescent, Moose Jaw, SK, S6H 0X6",50.39478,-105.53193
13123,"461, Langdon Crescent, Moose Jaw, SK, S6H 0X6",50.39478,-105.53193
13125,"461, Langdon Crescent, Moose Jaw, SK, S6H 0X6",50.39478,-105.53193
13126,"461, Langdon Crescent, Moose Jaw, SK, S6H 0X6",50.39478,-105.53193
13175,"3731 rue Ontario Est, Montreal, QC, H1W 1S3",45.54659,-73.54408
13176,"100 Arthur St, Winnipeg, MB R3B 1H3, Canada",49.89762,-97.14104
13177,"100 Arthur St, Winnipeg, MB R3B 1H3, Canada",49.89762,-97.14104
13178,"100 Arthur St, Winnipeg, MB R3B 1H3, Canada",49.89762,-97.14104
13179,"100 Arthur St, Winnipeg, MB R3B 1H3, Canada",49.89762,-97.14104
13180,"100 Arthur St, Winnipeg, MB R3B 1H3, Canada",49.89762,-97.14104
13181,"100 Arthur St, Winnipeg, MB R3B 1H3, Canada",49.89762,-97.14104
13182,"100 Arthur St, Winnipeg, MB R3B 1H3, Canada",49.89762,-97.14104
13183,"100 Arthur St, Winnipeg, MB R3B 1H3, Canada",49.89762,-97.14104
13184,"100 Arthur St, Winnipeg, MB R3B 1H3, Canada",49.89762,-97.14104
13185,"100 Arthur St, Winnipeg, MB R3B 1H3, Canada",49.89762,-97.14104
13186,"100 Arthur St, Winnipeg, MB R3B 1H3, Canada",49.89762,-97.14104
13187,"100 Arthur St, Winnipeg, MB R3B 1H3, Canada",49.89762,-97.14104
13188,"100 Arthur St, Winnipeg, MB R3B 1H3, Canada",49.89762,-97.14104
13189,"100 Arthur St, Winnipeg, MB R3B 1H3, Canada",49.89762,-97.14104
13190,"100 Arthur St, Winnipeg, MB R3B 1H3, Canada",49.89762,-97.14104
13191,"100 Arthur St, Winnipeg, MB R3B 1H3, Canada",49.89762,-97.14104
13192,"100 Arthur St, Winnipeg, MB R3B 1H3, Canada",49.89762,-97.14104
13193,"100 Arthur St, Winnipeg, MB R3B 1H3, Canada",49.89762,-97.14104
13194,"100 Arthur St, Winnipeg, MB R3B 1H3, Canada",49.89762,-97.14104
13195,"100 Arthur St, Winnipeg, MB R3B 1H3, Canada",49.89762,-97.14104
13196,"100 Arthur St, Winnipeg, MB R3B 1H3, Canada",49.89762,-97.14104
13197,"100 Arthur St, Winnipeg, MB R3B 1H3, Canada",49.89762,-97.14104
13198,"100 Arthur St, Winnipeg, MB R3B 1H3, Canada",49.89762,-97.14104
13199,"100 Arthur St, Winnipeg, MB R3B 1H3, Canada",49.89762,-97.14104
13200,"100 Arthur St, Winnipeg, MB R3B 1H3, Canada",49.89762,-97.14104
13201,"100 Arthur St, Winnipeg, MB R3B 1H3, Canada",49.89762,-97.14104
13202,"100 Arthur St, Winnipeg, MB R3B 1H3, Canada",49.89762,-97.14104
13203,"100 Arthur St, Winnipeg, MB R3B 1H3, Canada",49.89762,-97.14104
13204,"100 Arthur St, Winnipeg, MB R3B 1H3, Canada",49.89762,-97.14104
13205,"100 Arthur St, Winnipeg, MB R3B 1H3, Canada",49.89762,-97.14104
13207,"100 Arthur St, Winnipeg, MB R3B 1H3, Canada",49.89762,-97.14104
13208,"100 Arthur St, Winnipeg, MB R3B 1H3, Canada",49.89762,-97.14104
13210,"100 Arthur St, Winnipeg, MB R3B 1H3, Canada",49.89762,-97.14104
13211,"100 Arthur St, Winnipeg, MB R3B 1H3, Canada",49.89762,-97.14104
13213,"100 Arthur St, Winnipeg, MB R3B 1H3, Canada",49.89762,-97.14104
13214,"100 Arthur St, Winnipeg, MB R3B 1H3, Canada",49.89762,-97.14104
13215,"100 Arthur St, Winnipeg, MB R3B 1H3, Canada",49.89762,-97.14104
13216,"100 Arthur St, Winnipeg, MB R3B 1H3, Canada",49.89762,-97.14104
13217,"100 Arthur St, Winnipeg, MB R3B 1H3, Canada",49.89762,-97.14104
13218,"100 Arthur St, Winnipeg, MB R3B 1H3, Canada",49.89762,-97.14104
13219,"100 Arthur St, Winnipeg, MB R3B 1H3, Canada",49.89762,-97.14104
13220,"100 Arthur St, Winnipeg, MB R3B 1H3, Canada",49.89762,-97.14104
13221,"100 Arthur St, Winnipeg, MB R3B 1H3, Canada",49.89762,-97.14104
13222,"100 Arthur St, Winnipeg, MB R3B 1H3, Canada",49.89762,-97.14104
13223,"100 Arthur St, Winnipeg, MB R3B 1H3, Canada",49.89762,-97.14104
13224,"100 Arthur St, Winnipeg, MB R3B 1H3, Canada",49.89762,-97.14104
13225,"100 Arthur St, Winnipeg, MB R3B 1H3, Canada",49.89762,-97.14104
13226,"100 Arthur St, Winnipeg, MB R3B 1H3, Canada",49.89762,-97.14104
13227,"100 Arthur St, Winnipeg, MB R3B 1H3, Canada",49.89762,-97.14104
13228,"100 Arthur St, Winnipeg, MB R3B 1H3, Canada",49.89762,-97.14104
13229,"100 Arthur St, Winnipeg, MB R3B 1H3, Canada",49.89762,-97.14104
13230,"100 Arthur St, Winnipeg, MB R3B 1H3, Canada",49.89762,-97.14104
13231,"100 Arthur St, Winnipeg, MB R3B 1H3, Canada",49.89762,-97.14104
13232,"100 Arthur St, Winnipeg, MB R3B 1H3, Canada",49.89762,-97.14104
13233,"100 Arthur St, Winnipeg, MB R3B 1H3, Canada",49.89762,-97.14104
13234,"100 Arthur St, Winnipeg, MB R3B 1H3, Canada",49.89762,-97.14104
13235,"100 Arthur St, Winnipeg, MB R3B 1H3, Canada",49.89762,-97.14104
13236,"100 Arthur St, Winnipeg, MB R3B 1H3, Canada",49.89762,-97.14104
13237,"100 Arthur St, Winnipeg, MB R3B 1H3, Canada",49.89762,-97.14104
13238,"100 Arthur St, Winnipeg, MB R3B 1H3, Canada",49.89762,-97.14104
13239,"100 Arthur St, Winnipeg, MB R3B 1H3, Canada",49.89762,-97.14104
13240,"100 Arthur St, Winnipeg, MB R3B 1H3, Canada",49.89762,-97.14104
13241,"100 Arthur St, Winnipeg, MB R3B 1H3, Canada",49.89762,-97.14104
13242,"100 Arthur St, Winnipeg, MB R3B 1H3, Canada",49.89762,-97.14104
13243,"100 Arthur St, Winnipeg, MB R3B 1H3, Canada",49.89762,-97.14104
13244,"100 Arthur St, Winnipeg, MB R3B 1H3, Canada",49.89762,-97.14104
13245,"100 Arthur St, Winnipeg, MB R3B 1H3, Canada",49.89762,-97.14104
13246,"100 Arthur St, Winnipeg, MB R3B 1H3, Canada",49.89762,-97.14104
13247,"100 Arthur St, Winnipeg, MB R3B 1H3, Canada",49.89762,-97.14104
13248,"100 Arthur St, Winnipeg, MB R3B 1H3, Canada",49.89762,-97.14104
13249,"100 Arthur St, Winnipeg, MB R3B 1H3, Canada",49.89762,-97.14104
13250,"100 Arthur St, Winnipeg, MB R3B 1H3, Canada",49.89762,-97.14104
13251,"100 Arthur St, Winnipeg, MB R3B 1H3, Canada",49.89762,-97.14104
13252,"100 Arthur St, Winnipeg, MB R3B 1H3, Canada",49.89762,-97.14104
13253,"100 Arthur St, Winnipeg, MB R3B 1H3, Canada",49.89762,-97.14104
13254,"100 Arthur St, Winnipeg, MB R3B 1H3, Canada",49.89762,-97.14104
13255,"100 Arthur St, Winnipeg, MB R3B 1H3, Canada",49.89762,-97.14104
13256,"100 Arthur St, Winnipeg, MB R3B 1H3, Canada",49.89762,-97.14104
13257,"100 Arthur St, Winnipeg, MB R3B 1H3, Canada",49.89762,-97.14104
13258,"100 Arthur St, Winnipeg, MB R3B 1H3, Canada",49.89762,-97.14104
13259,"100 Arthur St, Winnipeg, MB R3B 1H3, Canada",49.89762,-97.14104
13260,"100 Arthur St, Winnipeg, MB R3B 1H3, Canada",49.89762,-97.14104
13261,"100 Arthur St, Winnipeg, MB R3B 1H3, Canada",49.89762,-97.14104
13262,"100 Arthur St, Winnipeg, MB R3B 1H3, Canada",49.89762,-97.14104
13263,"100 Arthur St, Winnipeg, MB R3B 1H3, Canada",49.89762,-97.14104
13264,"100 Arthur St, Winnipeg, MB R3B 1H3, Canada",49.89762,-97.14104
13265,"100 Arthur St, Winnipeg, MB R3B 1H3, Canada",49.89762,-97.14104
13266,"100 Arthur St, Winnipeg, MB R3B 1H3, Canada",49.89762,-97.14104
13267,"100 Arthur St, Winnipeg, MB R3B 1H3, Canada",49.89762,-97.14104
13268,"100 Arthur St, Winnipeg, MB R3B 1H3, Canada",49.89762,-97.14104
13269,"100 Arthur St, Winnipeg, MB R3B 1H3, Canada",49.89762,-97.14104
13270,"100 Arthur St, Winnipeg, MB R3B 1H3, Canada",49.89762,-97.14104
13271,"100 Arthur St, Winnipeg, MB R3B 1H3, Canada",49.89762,-97.14104
13272,"100 Arthur St, Winnipeg, MB R3B 1H3, Canada",49.89762,-97.14104
13273,"100 Arthur St, Winnipeg, MB R3B 1H3, Canada",49.89762,-97.14104
13274,"100 Arthur St, Winnipeg, MB R3B 1H3, Canada",49.89762,-97.14104
13275,"100 Arthur St, Winnipeg, MB R3B 1H3, Canada",49.89762,-97.14104
13277,"81 Prince Street, Charlottetown, PEI, C1A 4R3",46.23525,-63.12398
13278,"81 Prince Street, Charlottetown, PEI, C1A 4R3",46.23525,-63.12398
13279,"81 Prince Street, Charlottetown, PEI, C1A 4R3",46.23525,-63.12398
13282,"89, Summer Street, Summerside, PEI, C1N 3J1",46.39385,-63.79056
13284,"81 Prince Street, Charlottetown, PEI, C1A 4R3",46.23525,-63.12398
13285,"81 Prince Street, Charlottetown, PEI, C1A 4R3",46.23525,-63.12398
13286,"81 Prince Street, Charlottetown, PEI, C1A 4R3",46.23525,-63.12398
13287,"81 Prince Street, Charlottetown, PEI, C1A 4R3",46.23525,-63.12398
13288,"81 Prince Street, Charlottetown, PEI, C1A 4R3",46.23525,-63.12398
13289,"81 Prince Street, Charlottetown, PEI, C1A 4R3",46.23525,-63.12398
13290,"81 Prince Street, Charlottetown, PEI, C1A 4R3",46.23525,-63.12398
13291,"81 Prince Street, Charlottetown, PEI, C1A 4R3",46.23525,-63.12398
13292,"81 Prince Street, Charlottetown, PEI, C1A 4R3",46.23525,-63.12398
13293,"101, Prince St, Charlottetown, PEI, C1A 4R5",46.23587,-63.12510
13297,"81 Prince Street, Charlottetown, PEI, C1A 4R3",46.23525,-63.12398
13298,"81 Prince Street, Charlottetown, PEI, C1A 4R3",46.23525,-63.12398
13299,"3130 8 St E, Saskatoon, SK S7H 0W2",52.11394,-106.50530
13301,"3130 8 St E, Saskatoon, SK S7H 0W2",52.11394,-106.50530
13302,"3130 8 St E, Saskatoon, SK S7H 0W2",52.11394,-106.50530
13303,"3130 8 St E, Saskatoon, SK S7H 0W2",52.11394,-106.50530
13304,"3130 8 St E, Saskatoon, SK S7H 0W2",52.11394,-106.50530
13305,"3130 8 St E, Saskatoon, SK S7H 0W2",52.11394,-106.50530
13308,"3130 8 St E, Saskatoon, SK S7H 0W2",52.11394,-106.50530
13309,"3130 8 St E, Saskatoon, SK S7H 0W2",52.11394,-106.50530
13310,"3130 8 St E, Saskatoon, SK S7H 0W2",52.11394,-106.50530
13311,"3130 8 St E, Saskatoon, SK S7H 0W2",52.11394,-106.50530
13312,"3130 8 St E, Saskatoon, SK S7H 0W2",52.11394,-106.50530
13313,"3130 8 St E, Saskatoon, SK S7H 0W2",52.11394,-106.50530
13315,"3130 8 St E, Saskatoon, SK S7H 0W2",52.11394,-106.50530
13321,"8712, 109 Street Edmonton, AB, T6G 1E9",53.52318,-113.51256
13322,"10242, 106 Street, Edmonton, AB, T5J 1H7",53.54378,-113.50307
13323,"10242, 106 Street, Edmonton, AB, T5J 1H7",53.54378,-113.50307
13324,"10242, 106 Street, Edmonton, AB, T5J 1H7",53.54378,-113.50307
13325,"10242, 106 Street, Edmonton, AB, T5J 1H7",53.54378,-113.50307
13327,"10242, 106 Street, Edmonton, AB, T5J 1H7",53.54378,-113.50307
13328,"10242, 106 Street, Edmonton, AB, T5J 1H7",53.54378,-113.50307
13329,"10242, 106 Street, Edmonton, AB, T5J 1H7",53.54378,-113.50307
13330,"10242, 106 Street, Edmonton, AB, T5J 1H7",53.54378,-113.50307
13331,"10242, 106 Street, Edmonton, AB, T5J 1H7",53.54378,-113.50307
13334,"10242, 106 Street, Edmonton, AB, T5J 1H7",53.54378,-113.50307
13337,"10242, 106 Street, Edmonton, AB, T5J 1H7",53.54378,-113.50307
13339,"10242, 106 Street, Edmonton, AB, T5J 1H7",53.54378,-113.50307
13425,"Lethbridge Public Library - Main Branch, Stafford Drive S, Lethbridge, Alberta, T1J 0P2, Canada",49.69240,-112.83419
13434,"Stafford Drive S, Downtown, Lethbridge, Alberta, T1J 0P2, Canada",49.69179,-112.83419
13435,"Stafford Drive S, Downtown, Lethbridge, Alberta, T1J 0P2, Canada",49.69179,-112.83419
13437,"Stafford Drive S, Downtown, Lethbridge, Alberta, T1J 0P2, Canada",49.69179,-112.83419
13439,"Stafford Drive S, Downtown, Lethbridge, Alberta, T1J 0P2, Canada",49.69179,-112.83419
13440,"Stafford Drive S, Downtown, Lethbridge, Alberta, T1J 0P2, Canada",49.69179,-112.83419
13453,"Courtenay, BC, V9N 6Z8",49.6892,-124.9963
13454,"Courtenay, BC, V9N 6Z8",49.6892,-124.9963
13455,"Courtenay, BC, V9N 6Z8",49.6892,-124.9963
13456,"Courtenay, BC, V9N 6Z8",49.6892,-124.9963
13457,"Courtenay, BC, V9N 6Z8",49.6892,-124.9963
13458,"Courtenay, BC, V9N 6Z8",49.6892,-124.9963
13459,"Courtenay, BC, V9N 6Z8",49.6892,-124.9963
13460,"Courtenay, BC, V9N 6Z8",49.6892,-124.9963
13461,"Courtenay, BC, V9N 6Z8",49.6892,-124.9963
13462,"Courtenay, BC, V9N 6Z8",49.6892,-124.9963
13463,"Courtenay, BC, V9N 6Z8",49.6892,-124.9963
13464,"Courtenay, BC, V9N 6Z8",49.6892,-124.9963
13465,"Courtenay, BC, V9N 6Z8",49.6892,-124.9963
13466,"Courtenay, BC, V9N 6Z8",49.6892,-124.9963
13468,"Courtenay, BC, V9N 6Z8",49.6892,-124.9963
13469,"Courtenay, BC, V9N 6Z8",49.6892,-124.9963
13470,"Courtenay, BC, V9N 6Z8",49.6892,-124.9963
13471,"Courtenay, BC, V9N 6Z8",49.6892,-124.9963
13472,"Courtenay, BC, V9N 6Z8",49.6892,-124.9963
13473,"Courtenay, BC, V9N 6Z8",49.6892,-124.9963
13474,"Courtenay, BC, V9N 6Z8",49.6892,-124.9963
13475,"Courtenay, BC, V9N 6Z8",49.6892,-124.9963
13476,"Courtenay, BC, V9N 6Z8",49.6892,-124.9963
13477,"Courtenay, BC, V9N 6Z8",49.6892,-124.9963
13478,"Courtenay, BC, V9N 6Z8",49.6892,-124.9963
13479,"Courtenay, BC, V9N 6Z8",49.6892,-124.9963
13480,"Courtenay, BC, V9N 6Z8",49.6892,-124.9963
13481,"Courtenay, BC, V9N 6Z8",49.6892,-124.9963
13482,"Courtenay, BC, V9N 6Z8",49.6892,-124.9963
13483,"Courtenay, BC, V9N 6Z8",49.6892,-124.9963
13484,"Courtenay, BC, V9N 6Z8",49.6892,-124.9963
13485,"Courtenay, BC, V9N 6Z8",49.6892,-124.9963
13486,"Courtenay, BC, V9N 6Z8",49.6892,-124.9963
13487,"Courtenay, BC, V9N 6Z8",49.6892,-124.9963
13489,"Courtenay, BC, V9N 6Z8",49.6892,-124.9963
13490,"Courtenay, BC, V9N 6Z8",49.6892,-124.9963
13491,"Courtenay, BC, V9N 6Z8",49.6892,-124.9963
13492,"Courtenay, BC, V9N 6Z8",49.6892,-124.9963
13493,"Courtenay, BC, V9N 6Z8",49.6892,-124.9963
13494,"Courtenay, BC, V9N 6Z8",49.6892,-124.9963
13495,"Courtenay, BC, V9N 6Z8",49.6892,-124.9963
13496,"Courtenay, BC, V9N 6Z8",49.6892,-124.9963
13497,"Courtenay, BC, V9N 6Z8",49.6892,-124.9963
13499,"Courtenay, BC, V9N 6Z8",49.6892,-124.9963
13500,"Courtenay, BC, V9N 6Z8",49.6892,-124.9963
13501,"Courtenay, BC, V9N 6Z8",49.6892,-124.9963
13502,"Courtenay, BC, V9N 6Z8",49.6892,-124.9963
13503,"Courtenay, BC, V9N 6Z8",49.6892,-124.9963
13504,"Courtenay, BC, V9N 6Z8",49.6892,-124.9963
13505,"Courtenay, BC, V9N 6Z8",49.6892,-124.9963
13506,"Courtenay, BC, V9N 6Z8",49.6892,-124.9963
13507,"Courtenay, BC, V9N 6Z8",49.6892,-124.9963
13508,"Courtenay, BC, V9N 6Z8",49.6892,-124.9963
13509,"Courtenay, BC, V9N 6Z8",49.6892,-124.9963
13510,"Courtenay, BC, V9N 6Z8",49.6892,-124.9963
13511,"Courtenay, BC, V9N 6Z8",49.6892,-124.9963
13513,"Courtenay, BC, V9N 6Z8",49.6892,-124.9963
13514,"Courtenay, BC, V9N 6Z8",49.6892,-124.9963
13518,"842, Cambie St., Vancouver, BC, V6B 2P6",49.2286,-123.1170
13519,"842, Cambie St., Vancouver, BC, V6B 2P6",49.2286,-123.1170
13520,"842, Cambie St., Vancouver, BC, V6B 2P6",49.2286,-123.1170
13521,"842, Cambie St., Vancouver, BC, V6B 2P6",49.2286,-123.1170
13522,"842, Cambie St., Vancouver, BC, V6B 2P6",49.2286,-123.1170
13523,"842, Cambie St., Vancouver, BC, V6B 2P6",49.2286,-123.1170
13525,"842, Cambie St., Vancouver, BC, V6B 2P6",49.2286,-123.1170
13526,"842, Cambie St., Vancouver, BC, V6B 2P6",49.2286,-123.1170
13527,"842, Cambie St., Vancouver, BC, V6B 2P6",49.2286,-123.1170
13528,"842, Cambie St., Vancouver, BC, V6B 2P6",49.2286,-123.1170
13529,"842, Cambie St., Vancouver, BC, V6B 2P6",49.2286,-123.1170
13530,"842, Cambie St., Vancouver, BC, V6B 2P6",49.2286,-123.1170
13531,"842, Cambie St., Vancouver, BC, V6B 2P6",49.2286,-123.1170
13532,"842, Cambie St., Vancouver, BC, V6B 2P6",49.2286,-123.1170
13533,"842, Cambie St., Vancouver, BC, V6B 2P6",49.2286,-123.1170
13534,"842, Cambie St., Vancouver, BC, V6B 2P6",49.2286,-123.1170
13535,"842, Cambie St., Vancouver, BC, V6B 2P6",49.2286,-123.1170
13536,"842, Cambie St., Vancouver, BC, V6B 2P6",49.2286,-123.1170
13537,"842, Cambie St., Vancouver, BC, V6B 2P6",49.2286,-123.1170
13538,"842, Cambie St., Vancouver, BC, V6B 2P6",49.2286,-123.1170
13539,"842, Cambie St., Vancouver, BC, V6B 2P6",49.2286,-123.1170
13540,"842, Cambie St., Vancouver, BC, V6B 2P6",49.2286,-123.1170
13541,"842, Cambie St., Vancouver, BC, V6B 2P6",49.2286,-123.1170
13542,"842, Cambie St., Vancouver, BC, V6B 2P6",49.2286,-123.1170
13543,"842, Cambie St., Vancouver, BC, V6B 2P6",49.2286,-123.1170
13544,"842, Cambie St., Vancouver, BC, V6B 2P6",49.2286,-123.1170
13545,"842, Cambie St., Vancouver, BC, V6B 2P6",49.2286,-123.1170
13546,"842, Cambie St., Vancouver, BC, V6B 2P6",49.2286,-123.1170
13547,"842, Cambie St., Vancouver, BC, V6B 2P6",49.2286,-123.1170
13549,"842, Cambie St., Vancouver, BC, V6B 2P6",49.2286,-123.1170
13550,"842, Cambie St., Vancouver, BC, V6B 2P6",49.2286,-123.1170
13551,"842, Cambie St., Vancouver, BC, V6B 2P6",49.2286,-123.1170
13552,"842, Cambie St., Vancouver, BC, V6B 2P6",49.2286,-123.1170
13553,"842, Cambie St., Vancouver, BC, V6B 2P6",49.2286,-123.1170
13555,"842, Cambie St., Vancouver, BC, V6B 2P6",49.2286,-123.1170
13556,"842, Cambie St., Vancouver, BC, V6B 2P6",49.2286,-123.1170
13557,"842, Cambie St., Vancouver, BC, V6B 2P6",49.2286,-123.1170
13558,"11, Beaconsfield Ave, Toronto, ON M6J 3J1, Canada",43.64441,-79.42508
13559,"11, Beaconsfield Ave, Toronto, ON M6J 3J1, Canada",43.64441,-79.42508
13560,"11, Beaconsfield Ave, Toronto, ON M6J 3J1, Canada",43.64441,-79.42508
13562,"11, Beaconsfield Ave, Toronto, ON M6J 3J1, Canada",43.64441,-79.42508
13563,"11, Beaconsfield Ave, Toronto, ON M6J 3J1, Canada",43.64441,-79.42508
13564,"11, Beaconsfield Ave, Toronto, ON M6J 3J1, Canada",43.64441,-79.42508
13565,"11, Beaconsfield Ave, Toronto, ON M6J 3J1, Canada",43.64441,-79.42508
13566,"11, Beaconsfield Ave, Toronto, ON M6J 3J1, Canada",43.64441,-79.42508
13567,"11, Beaconsfield Ave, Toronto, ON M6J 3J1, Canada",43.64441,-79.42508
13568,"11, Beaconsfield Ave, Toronto, ON M6J 3J1, Canada",43.64441,-79.42508
13569,"11, Beaconsfield Ave, Toronto, ON M6J 3J1, Canada",43.64441,-79.42508
13570,"11, Beaconsfield Ave, Toronto, ON M6J 3J1, Canada",43.64441,-79.42508
13571,"11, Beaconsfield Ave, Toronto, ON M6J 3J1, Canada",43.64441,-79.42508
13572,"11, Beaconsfield Ave, Toronto, ON M6J 3J1, Canada",43.64441,-79.42508
13573,"11, Beaconsfield Ave, Toronto, ON M6J 3J1, Canada",43.64441,-79.42508
13574,"11, Beaconsfield Ave, Toronto, ON M6J 3J1, Canada",43.64441,-79.42508
13575,"11, Beaconsfield Ave, Toronto, ON M6J 3J1, Canada",43.64441,-79.42508
13576,"11, Beaconsfield Ave, Toronto, ON M6J 3J1, Canada",43.64441,-79.42508
13577,"11, Beaconsfield Ave, Toronto, ON M6J 3J1, Canada",43.64441,-79.42508
13578,"11, Beaconsfield Ave, Toronto, ON M6J 3J1, Canada",43.64441,-79.42508
13579,"11, Beaconsfield Ave, Toronto, ON M6J 3J1, Canada",43.64441,-79.42508
13580,"11, Beaconsfield Ave, Toronto, ON M6J 3J1, Canada",43.64441,-79.42508
13581,"11, Beaconsfield Ave, Toronto, ON M6J 3J1, Canada",43.64441,-79.42508
13582,"11, Beaconsfield Ave, Toronto, ON M6J 3J1, Canada",43.64441,-79.42508
13583,"268, Augusta Avenue, Kensington Market, Toronto",43.65661,-79.40306
13584,"5043, Rue Saint-Denis, Montreal, QC, H2J 2L8",45.52680,-73.58873
13585,"205, Rue Gary-Carter, Montréal, QC H2R 2V7",45.5356,-73.6284
13586,"5043, Rue Saint-Denis, Montreal, QC, H2J 2L8",45.52680,-73.58873
13587,"5043, Rue Saint-Denis, Montreal, QC, H2J 2L8",45.52680,-73.58873
13588,"5043, Rue Saint-Denis, Montreal, QC, H2J 2L8",45.52680,-73.58873
13589,"5043, Rue Saint-Denis, Montreal, QC, H2J 2L8",45.52680,-73.58873
13590,"5043, Rue Saint-Denis, Montreal, QC, H2J 2L8",45.52680,-73.58873
13591,"5043, Rue Saint-Denis, Montreal, QC, H2J 2L8",45.52680,-73.58873
13592,"5043, Rue Saint-Denis, Montreal, QC, H2J 2L8",45.52680,-73.58873
13593,"5043, Rue Saint-Denis, Montreal, QC, H2J 2L8",45.52680,-73.58873
13594,"5043, Rue Saint-Denis, Montreal, QC, H2J 2L8",45.52680,-73.58873
13595,"5043, Rue Saint-Denis, Montreal, QC, H2J 2L8",45.52680,-73.58873
13596,"5043, Rue Saint-Denis, Montreal, QC, H2J 2L8",45.52680,-73.58873
13597,"5043, Rue Saint-Denis, Montreal, QC, H2J 2L8",45.52680,-73.58873
13598,"5043, Rue Saint-Denis, Montreal, QC, H2J 2L8",45.52680,-73.58873
13599,"5043, Rue Saint-Denis, Montreal, QC, H2J 2L8",45.52680,-73.58873
13600,"5043, Rue Saint-Denis, Montreal, QC, H2J 2L8",45.52680,-73.58873
13601,"5928, Sherbrooke St W, Montreal, QC H4A 1X7",45.46871,-73.61910
13602,"5928, Sherbrooke St W, Montreal, QC H4A 1X7",45.46871,-73.61910
13603,"5928, Sherbrooke St W, Montreal, QC H4A 1X7",45.46871,-73.61910
13604,"5928, Sherbrooke St W, Montreal, QC H4A 1X7",45.46871,-73.61910
13605,"5928, Sherbrooke St W, Montreal, QC H4A 1X7",45.46871,-73.61910
13606,"5928, Sherbrooke St W, Montreal, QC H4A 1X7",45.46871,-73.61910
13607,"5928, Sherbrooke St W, Montreal, QC H4A 1X7",45.46871,-73.61910
13608,"5928, Sherbrooke St W, Montreal, QC H4A 1X7",45.46871,-73.61910
13609,"5928, Sherbrooke St W, Montreal, QC H4A 1X7",45.46871,-73.61910
13610,"5928, Sherbrooke St W, Montreal, QC H4A 1X7",45.46871,-73.61910
13611,"5928, Sherbrooke St W, Montreal, QC H4A 1X7",45.46871,-73.61910
13612,"5928, Sherbrooke St W, Montreal, QC H4A 1X7",45.46871,-73.61910
13613,"5928, Sherbrooke St W, Montreal, QC H4A 1X7",45.46871,-73.61910
13614,"5928, Sherbrooke St W, Montreal, QC H4A 1X7",45.46871,-73.61910
13615,"5928, Sherbrooke St W, Montreal, QC H4A 1X7",45.46871,-73.61910
13616,"2, Daly Ave, Ottawa, ON K1N 6E2",45.42543,-75.68865
13617,"2, Daly Ave, Ottawa, ON K1N 6E2",45.42543,-75.68865
13618,"2, Daly Ave, Ottawa, ON K1N 6E2",45.42543,-75.68865
13619,"2, Daly Ave, Ottawa, ON K1N 6E2",45.42543,-75.68865
13620,"2, Daly Ave, Ottawa, ON K1N 6E2",45.42543,-75.68865
13621,"67, Nicholas St, Ottawa, ON K1N 7B9",45.42429,-75.68841
13622,"67, Nicholas St, Ottawa, ON K1N 7B9",45.42429,-75.68841
13623,"67, Nicholas St, Ottawa, ON K1N 7B9",45.42429,-75.68841
13624,"67, Nicholas St, Ottawa, ON K1N 7B9",45.42429,-75.68841
13625,"10350, University Drive, Surrey BC V3T 4B8",49.19064,-122.84939
13627,"10350, University Drive, Surrey BC V3T 4B8",49.19064,-122.84939
13628,"10350, University Drive, Surrey BC V3T 4B8",49.19064,-122.84939
13629,"10350, University Drive, Surrey BC V3T 4B8",49.19064,-122.84939
13630,"10350, University Drive, Surrey BC V3T 4B8",49.19064,-122.84939
13631,"10350, University Drive, Surrey BC V3T 4B8",49.19064,-122.84939
13632,"10350, University Drive, Surrey BC V3T 4B8",49.19064,-122.84939
13633,"10350, University Drive, Surrey BC V3T 4B8",49.19064,-122.84939
13634,"10350, University Drive, Surrey BC V3T 4B8",49.19064,-122.84939
13635,"10350, University Drive, Surrey BC V3T 4B8",49.19064,-122.84939
13636,"10350, University Drive, Surrey BC V3T 4B8",49.19064,-122.84939
13637,"10350, University Drive, Surrey BC V3T 4B8",49.19064,-122.84939
13639,"10350, University Drive, Surrey BC V3T 4B8",49.19064,-122.84939
13640,"10350, University Drive, Surrey BC V3T 4B8",49.19064,-122.84939
13641,"10350, University Drive, Surrey BC V3T 4B8",49.19064,-122.84939
13642,"10350, University Drive, Surrey BC V3T 4B8",49.19064,-122.84939
13643,"10350, University Drive, Surrey BC V3T 4B8",49.19064,-122.84939
13644,"10350, University Drive, Surrey BC V3T 4B8",49.19064,-122.84939
13645,"10350, University Drive, Surrey BC V3T 4B8",49.19064,-122.84939
13646,"10350, University Drive, Surrey BC V3T 4B8",49.19064,-122.84939
13647,"10350, University Drive, Surrey BC V3T 4B8",49.19064,-122.84939
13648,"10350, University Drive, Surrey BC V3T 4B8",49.19064,-122.84939
13659,"27, Dundurn St N, Hamilton, ON L8R 3C9",43.26327,-79.88776
13660,"27, Dundurn St N, Hamilton, ON L8R 3C9",43.26327,-79.88776
13661,"27, Dundurn St N, Hamilton, ON L8R 3C9",43.26327,-79.88776
13662,"27, Dundurn St N, Hamilton, ON L8R 3C9",43.26327,-79.88776
13663,"27, Dundurn St N, Hamilton, ON L8R 3C9",43.26327,-79.88776
13664,"27, Dundurn St N, Hamilton, ON L8R 3C9",43.26327,-79.88776
13665,"27, Dundurn St N, Hamilton, ON L8R 3C9",43.26327,-79.88776
13666,"27, Dundurn St N, Hamilton, ON L8R 3C9",43.26327,-79.88776
13667,"27, Dundurn St N, Hamilton, ON L8R 3C9",43.26327,-79.88776
13668,"27, Dundurn St N, Hamilton, ON L8R 3C9",43.26327,-79.88776
13669,"27, Dundurn St N, Hamilton, ON L8R 3C9",43.26327,-79.88776
13670,"27, Dundurn St N, Hamilton, ON L8R 3C9",43.26327,-79.88776
13671,"27, Dundurn St N, Hamilton, ON L8R 3C9",43.26327,-79.88776
13672,"27, Dundurn St N, Hamilton, ON L8R 3C9",43.26327,-79.88776
13673,"123, King St W, Hamilton, ON L8P 4S8",43.25711,-79.87249
13674,"Vancouver, Metro Vancouver Regional District, British Columbia, Canada",49.2576,-123.1241
13675,"Vancouver, Metro Vancouver Regional District, British Columbia, Canada",49.2576,-123.1241
13676,"Vancouver, Metro Vancouver Regional District, British Columbia, Canada",49.2576,-123.1241
13677,"Vancouver, Metro Vancouver Regional District, British Columbia, Canada",49.2576,-123.1241
13678,"Vancouver, Metro Vancouver Regional District, British Columbia, Canada",49.2576,-123.1241
13679,"Vancouver, Metro Vancouver Regional District, British Columbia, Canada",49.2576,-123.1241
13680,"Vancouver, Metro Vancouver Regional District, British Columbia, Canada",49.2576,-123.1241
13681,"Vancouver, Metro Vancouver Regional District, British Columbia, Canada",49.2576,-123.1241
13685,"806, Dufferin Ave, Saskatoon, SK S7H 0G9",52.11758,-106.65419
13686,"806, Dufferin Ave, Saskatoon, SK S7H 0G9",52.11758,-106.65419
13687,"806, Dufferin Ave, Saskatoon, SK S7H 0G9",52.11758,-106.65419
13688,"Saskatoon, Saskatchewan, Canada",52.1474,-106.6649
13689,"806, Dufferin Ave, Saskatoon, SK S7H 0G9",52.11758,-106.65419
13690,"806, Dufferin Ave, Saskatoon, SK S7H 0G9",52.11758,-106.65419
13691,"806, Dufferin Ave, Saskatoon, SK S7H 0G9",52.11758,-106.65419
13692,"806, Dufferin Ave, Saskatoon, SK S7H 0G9",52.11758,-106.65419
13693,"Saskatoon, Saskatchewan, Canada",52.1474,-106.6649
13694,"806, Dufferin Ave, Saskatoon, SK S7H 0G9",52.11758,-106.65419
13695,"Saskatoon, Saskatchewan, Canada",52.1474,-106.6649
13696,"Saskatoon, Saskatchewan, Canada",52.1474,-106.6649
13697,"Saskatoon, Saskatchewan, Canada",52.1474,-106.6649
13698,"Saskatoon, Saskatchewan, Canada",52.1474,-106.6649
13699,"Saskatoon, Saskatchewan, Canada",52.1474,-106.6649
13700,"Saskatoon, Saskatchewan, Canada",52.1474,-106.6649
13701,"Saskatoon, Saskatchewan, Canada",52.1474,-106.6649
13702,"Saskatoon, Saskatchewan, Canada",52.1474,-106.6649
13703,"Saskatoon, Saskatchewan, Canada",52.1474,-106.6649
13704,"Saskatoon, Saskatchewan, Canada",52.1474,-106.6649
13705,"Saskatoon, Saskatchewan, Canada",52.1474,-106.6649
13706,"Spadina Crescent E, Saskatoon, SK S7M 1M8",52.12278,-106.66620
13707,"Saskatoon, Saskatchewan, Canada",52.1474,-106.6649
13708,"244, 1st Ave N, Saskatoon, SK S7K 1X2",52.1368,-106.6618
13710,"244, 1st Ave N, Saskatoon, SK S7K 1X2",52.1368,-106.6618
13711,"244, 1st Ave N, Saskatoon, SK S7K 1X2",52.1368,-106.6618
13712,"244, 1st Ave N, Saskatoon, SK S7K 1X2",52.1368,-106.6618
13713,"244, 1st Ave N, Saskatoon, SK S7K 1X2",52.1368,-106.6618
13714,"244, 1st Ave N, Saskatoon, SK S7K 1X2",52.1368,-106.6618
13715,"244, 1st Ave N, Saskatoon, SK S7K 1X2",52.1368,-106.6618
13716,"244, 1st Ave N, Saskatoon, SK S7K 1X2",52.1368,-106.6618
13718,"Saskatoon, Saskatchewan, Canada",52.1474,-106.6649
13719,"Ottawa, ON, Canada",45.2430,-75.8002
13720,"Ottawa, ON, Canada",45.2430,-75.8002
13721,"Ottawa, ON, Canada",45.2430,-75.8002
13722,"Ottawa, ON, Canada",45.2430,-75.8002
13723,"Ottawa, ON, Canada",45.2430,-75.8002
13724,"Ottawa, ON, Canada",45.2430,-75.8002
13725,"Ottawa, ON, Canada",45.2430,-75.8002
13726,"Ottawa, ON, Canada",45.2430,-75.8002
13727,"Ottawa, ON, Canada",45.2430,-75.8002
13728,"Ottawa, ON, Canada",45.2430,-75.8002
13729,"Ottawa, ON, Canada",45.2430,-75.8002
13730,"Ottawa, ON, Canada",45.2430,-75.8002
13731,"Ottawa, ON, Canada",45.2430,-75.8002
13732,"57 Lyndale Ave, Ottawa, ON K1Y 2M6",45.40745,-75.73068
13734,"350, W Georgia St, Vancouver, BC V6B 6B1",49.27966,-123.11540
13735,"350, W Georgia St, Vancouver, BC V6B 6B1",49.27966,-123.11540
13736,"350, W Georgia St, Vancouver, BC V6B 6B1",49.27966,-123.11540
13737,"350, W Georgia St, Vancouver, BC V6B 6B1",49.27966,-123.11540
13738,"350, W Georgia St, Vancouver, BC V6B 6B1",49.27966,-123.11540
13739,"350, W Georgia St, Vancouver, BC V6B 6B1",49.27966,-123.11540
13740,"350, W Georgia St, Vancouver, BC V6B 6B1",49.27966,-123.11540
13741,"350, W Georgia St, Vancouver, BC V6B 6B1",49.27966,-123.11540
13742,"350, W Georgia St, Vancouver, BC V6B 6B1",49.27966,-123.11540
13744,"350, W Georgia St, Vancouver, BC V6B 6B1",49.27966,-123.11540
13745,"350, W Georgia St, Vancouver, BC V6B 6B1",49.27966,-123.11540
13746,"350, W Georgia St, Vancouver, BC V6B 6B1",49.27966,-123.11540
13747,"350, W Georgia St, Vancouver, BC V6B 6B1",49.27966,-123.11540
13748,"350, W Georgia St, Vancouver, BC V6B 6B1",49.27966,-123.11540
13749,"350, W Georgia St, Vancouver, BC V6B 6B1",49.27966,-123.11540
13750,"350, W Georgia St, Vancouver, BC V6B 6B1",49.27966,-123.11540
13751,"350, W Georgia St, Vancouver, BC V6B 6B1",49.27966,-123.11540
13753,"350, W Georgia St, Vancouver, BC V6B 6B1",49.27966,-123.11540
13754,"350, W Georgia St, Vancouver, BC V6B 6B1",49.27966,-123.11540
13755,"350, W Georgia St, Vancouver, BC V6B 6B1",49.27966,-123.11540
13756,"350, W Georgia St, Vancouver, BC V6B 6B1",49.27966,-123.11540
13757,"350, W Georgia St, Vancouver, BC V6B 6B1",49.27966,-123.11540
13758,"350, W Georgia St, Vancouver, BC V6B 6B1",49.27966,-123.11540
13759,"350, W Georgia St, Vancouver, BC V6B 6B1",49.27966,-123.11540
13760,"350, W Georgia St, Vancouver, BC V6B 6B1",49.27966,-123.11540
13762,"350, W Georgia St, Vancouver, BC V6B 6B1",49.27966,-123.11540
13763,"350, W Georgia St, Vancouver, BC V6B 6B1",49.27966,-123.11540
13764,"350, W Georgia St, Vancouver, BC V6B 6B1",49.27966,-123.11540
13765,"350, W Georgia St, Vancouver, BC V6B 6B1",49.27966,-123.11540
13766,"350, W Georgia St, Vancouver, BC V6B 6B1",49.27966,-123.11540
13767,"350, W Georgia St, Vancouver, BC V6B 6B1",49.27966,-123.11540
13768,"350, W Georgia St, Vancouver, BC V6B 6B1",49.27966,-123.11540
13769,"350, W Georgia St, Vancouver, BC V6B 6B1",49.27966,-123.11540
13770,"1895, Venables St, Vancouver, BC V5L 2H6",49.27686,-123.06610
13771,"1895, Venables St, Vancouver, BC V5L 2H6",49.27686,-123.06610
13772,"1895, Venables St, Vancouver, BC V5L 2H6",49.27686,-123.06610
13773,"1636, Venables St, Vancouver, BC V5L 2H2",49.27655,-123.07045
13775,"965, Kings Rd, Victoria, BC V8T 1W7",48.43737,-123.35933
13776,"Victoria, BC, Canada",48.4267,-123.3602
13830,"975, Kings Road, Victoria, BC, V8T 1W7",48.43736,-123.35883
13835,"975, Kings Road, Victoria, BC, V8T 1W7",48.43736,-123.35883
13843,"Nanaimo, BC, Canada",49.1709,-123.9326
13844,"Nanaimo, BC, Canada",49.1709,-123.9326
13845,"Nanaimo, BC, Canada",49.1709,-123.9326
13846,"Nanaimo, BC, Canada",49.1709,-123.9326
13847,"Nanaimo, BC, Canada",49.1709,-123.9326
13848,"Nanaimo, BC, Canada",49.1709,-123.9326
13849,"Nanaimo, BC, Canada",49.1709,-123.9326
13850,"Nanaimo, BC, Canada",49.1709,-123.9326
13851,"Nanaimo, BC, Canada",49.1709,-123.9326
13852,"Nanaimo, BC, Canada",49.1709,-123.9326
13854,"Nanaimo, BC, Canada",49.1709,-123.9326
13855,"Nanaimo, BC, Canada",49.1709,-123.9326
13856,"Nanaimo, BC, Canada",49.1709,-123.9326
13857,"Nanaimo, BC, Canada",49.1709,-123.9326
13859,"Nanaimo, BC, Canada",49.1709,-123.9326
13860,"Nanaimo, BC, Canada",49.1709,-123.9326
13861,"Nanaimo, BC, Canada",49.1709,-123.9326
13862,"Nanaimo, BC, Canada",49.1709,-123.9326
13863,"Nanaimo, BC, Canada",49.1709,-123.9326
13864,"Nanaimo, BC, Canada",49.1709,-123.9326
13865,"Nanaimo, BC, Canada",49.1709,-123.9326
13866,"Nanaimo, BC, Canada",49.1709,-123.9326
13867,"Nanaimo, BC, Canada",49.1709,-123.9326
13868,"Nanaimo, BC, Canada",49.1709,-123.9326
13869,"696B, Queen St E, Toronto, ON, Canada",43.65897,-79.35044
13870,"696B, Queen St E, Toronto, ON, Canada",43.65897,-79.35044
13872,"696B, Queen St E, Toronto, ON, Canada",43.65897,-79.35044
13873,"696B, Queen St E, Toronto, ON, Canada",43.65897,-79.35044
13874,"696B, Queen St E, Toronto, ON, Canada",43.65897,-79.35044
13875,"696B, Queen St E, Toronto, ON, Canada",43.65897,-79.35044
13876,"696B, Queen St E, Toronto, ON, Canada",43.65897,-79.35044
13877,"696B, Queen St E, Toronto, ON, Canada",43.65897,-79.35044
13878,"696B, Queen St E, Toronto, ON, Canada",43.65897,-79.35044
13879,"696B, Queen St E, Toronto, ON, Canada",43.65897,-79.35044
13880,"696B, Queen St E, Toronto, ON, Canada",43.65897,-79.35044
13881,"696B, Queen St E, Toronto, ON, Canada",43.65897,-79.35044
13882,"696B, Queen St E, Toronto, ON, Canada",43.65897,-79.35044
13883,"696B, Queen St E, Toronto, ON, Canada",43.65897,-79.35044
13884,"696B, Queen St E, Toronto, ON, Canada",43.65897,-79.35044
13885,"696B, Queen St E, Toronto, ON, Canada",43.65897,-79.35044
13886,"696B, Queen St E, Toronto, ON, Canada",43.65897,-79.35044
13887,"696B, Queen St E, Toronto, ON, Canada",43.65897,-79.35044
13888,"696B, Queen St E, Toronto, ON, Canada",43.65897,-79.35044
13889,"696B, Queen St E, Toronto, ON, Canada",43.65897,-79.35044
13890,"696B, Queen St E, Toronto, ON, Canada",43.65897,-79.35044
13891,"696B, Queen St E, Toronto, ON, Canada",43.65897,-79.35044
13892,"696B, Queen St E, Toronto, ON, Canada",43.65897,-79.35044
13893,"696B, Queen St E, Toronto, ON, Canada",43.65897,-79.35044
13895,"Burnaby, BC, Canada",49.2400,-122.9583
13896,"Burnaby, BC, Canada",49.2400,-122.9583
13897,"Burnaby, BC, Canada",49.2400,-122.9583
13898,"Burnaby, BC, Canada",49.2400,-122.9583
13899,"Burnaby, BC, Canada",49.2400,-122.9583
13900,"Burnaby, BC, Canada",49.2400,-122.9583
13901,"Burnaby, BC, Canada",49.2400,-122.9583
13905,"Burnaby, BC, Canada",49.2400,-122.9583
13906,"Burnaby, BC, Canada",49.2400,-122.9583
13907,"Toronto, ON, Canada",43.7177,-79.3763
13908,"Toronto, ON, Canada",43.7177,-79.3763
13909,"Toronto, ON, Canada",43.7177,-79.3763
13910,"Toronto, ON, Canada",43.7177,-79.3763
13911,"Toronto, ON, Canada",43.7177,-79.3763
13912,"Toronto, ON, Canada",43.7177,-79.3763
13913,"Toronto, ON, Canada",43.7177,-79.3763
13914,"Toronto, ON, Canada",43.7177,-79.3763
13915,"Toronto, ON, Canada",43.7177,-79.3763
13927,"6839, Rue St-Hubert, Montréal, QC H2S 2M7",45.53861,-73.60851
13991,"475, boulevard De Maisonneuve Est, Montréal, QC, H2L 5C4",45.51543,-73.56244
14125,"Markham, Ontario, L3P 0C8",43.8761,-79.2993
14126,"Markham, Ontario, L3P 0C8",43.8761,-79.2993
14127,"Markham, Ontario, L3P 0C8",43.8761,-79.2993
14128,"Markham, Ontario, L3P 0C8",43.8761,-79.2993
14129,"Markham, Ontario, L3P 0C8",43.8761,-79.2993
14130,"Markham, Ontario, L3P 0C8",43.8761,-79.2993
14131,"Markham, Ontario, L3P 0C8",43.8761,-79.2993
14132,"Markham, Ontario, L3P 0C8",43.8761,-79.2993
14133,"Markham, Ontario, L3P 0C8",43.8761,-79.2993
14134,"Markham, Ontario, L3P 0C8",43.8761,-79.2993
14135,"Markham, Ontario, L3P 0C8",43.8761,-79.2993
14136,"Markham, Ontario, L3P 0C8",43.8761,-79.2993
14138,"Markham, Ontario, L3P 0C8",43.8761,-79.2993
14139,"Markham, Ontario, L3P 0C8",43.8761,-79.2993
14140,"Markham, Ontario, L3P 0C8",43.8761,-79.2993
14141,"Markham, Ontario, L3P 0C8",43.8761,-79.2993
14142,"Markham, Ontario, L3P 0C8",43.8761,-79.2993
14143,"Markham, Ontario, L3P 0C8",43.8761,-79.2993
